sku_key,sku,style,category,size,mapping_scope
AN201-RED-M,AN201-RED-M,AN201,Bottom,M,Amazon source-local
AN201-RED-XL,AN201-RED-XL,AN201,Bottom,XL,Amazon source-local
AN201-RED-XXL,AN201-RED-XXL,AN201,Bottom,XXL,Amazon source-local
AN202-ORANGE-M,AN202-ORANGE-M,AN202,Bottom,M,Amazon source-local
AN202-ORANGE-S,AN202-ORANGE-S,AN202,Bottom,S,Amazon source-local
AN202-ORANGE-XXL,AN202-ORANGE-XXL,AN202,Bottom,XXL,Amazon source-local
AN203-MAROON-XXL,AN203-MAROON-XXL,AN203,Bottom,XXL,Amazon source-local
AN204-PURPLE-L,AN204-PURPLE-L,AN204,Bottom,L,Amazon source-local
AN204-PURPLE-M,AN204-PURPLE-M,AN204,Bottom,M,Amazon source-local
AN204-PURPLE-S,AN204-PURPLE-S,AN204,Bottom,S,Amazon source-local
AN204-PURPLE-XL,AN204-PURPLE-XL,AN204,Bottom,XL,Amazon source-local
AN204-PURPLE-XXL,AN204-PURPLE-XXL,AN204,Bottom,XXL,Amazon source-local
AN205-YELLOW-S,AN205-YELLOW-S,AN205,Bottom,S,Amazon source-local
AN205-YELLOW-XL,AN205-YELLOW-XL,AN205,Bottom,XL,Amazon source-local
AN205-YELLOW-XXL,AN205-YELLOW-XXL,AN205,Bottom,XXL,Amazon source-local
AN206-GREEN-M,AN206-GREEN-M,AN206,Bottom,M,Amazon source-local
AN206-GREEN-S,AN206-GREEN-S,AN206,Bottom,S,Amazon source-local
AN206-GREEN-XL,AN206-GREEN-XL,AN206,Bottom,XL,Amazon source-local
AN207-PINK-L,AN207-PINK-L,AN207,Bottom,L,Amazon source-local
AN207-PINK-S,AN207-PINK-S,AN207,Bottom,S,Amazon source-local
AN207-PINK-XXL,AN207-PINK-XXL,AN207,Bottom,XXL,Amazon source-local
AN208-MUSTARD-L,AN208-MUSTARD-L,AN208,Bottom,L,Amazon source-local
AN208-MUSTARD-M,AN208-MUSTARD-M,AN208,Bottom,M,Amazon source-local
AN208-MUSTARD-S,AN208-MUSTARD-S,AN208,Bottom,S,Amazon source-local
AN208-MUSTARD-XL,AN208-MUSTARD-XL,AN208,Bottom,XL,Amazon source-local
AN208-MUSTARD-XXL,AN208-MUSTARD-XXL,AN208,Bottom,XXL,Amazon source-local
AN209-BIEGE-XL,AN209-BIEGE-XL,AN209,Bottom,XL,Amazon source-local
AN209-BIEGE-XXL,AN209-BIEGE-XXL,AN209,Bottom,XXL,Amazon source-local
AN210-NAVY-M,AN210-NAVY-M,AN210,Bottom,M,Amazon source-local
AN210-NAVY-XL,AN210-NAVY-XL,AN210,Bottom,XL,Amazon source-local
AN211-BLACK-L,AN211-BLACK-L,AN211,Bottom,L,Amazon source-local
AN211-BLACK-S,AN211-BLACK-S,AN211,Bottom,S,Amazon source-local
AN211-BLACK-XL,AN211-BLACK-XL,AN211,Bottom,XL,Amazon source-local
AN211-BLACK-XXL,AN211-BLACK-XXL,AN211,Bottom,XXL,Amazon source-local
AN212-WHITE-L,AN212-WHITE-L,AN212,Bottom,L,Amazon source-local
AN212-WHITE-M,AN212-WHITE-M,AN212,Bottom,M,Amazon source-local
AN212-WHITE-S,AN212-WHITE-S,AN212,Bottom,S,Amazon source-local
AN212-WHITE-XL,AN212-WHITE-XL,AN212,Bottom,XL,Amazon source-local
AN212-WHITE-XXL,AN212-WHITE-XXL,AN212,Bottom,XXL,Amazon source-local
AN213-BROWN-L,AN213-BROWN-L,AN213,Bottom,L,Amazon source-local
AN213-BROWN-M,AN213-BROWN-M,AN213,Bottom,M,Amazon source-local
AN213-BROWN-S,AN213-BROWN-S,AN213,Bottom,S,Amazon source-local
AN213-BROWN-XL,AN213-BROWN-XL,AN213,Bottom,XL,Amazon source-local
BL001-50PINK,BL001-50PINK,BL001,Blouse,Free,Amazon source-local
BL003-50BLACK,BL003-50BLACK,BL003,Blouse,Free,Amazon source-local
BL003-50BLACK-B,BL003-50BLACK-B,BL003,Blouse,Free,Amazon source-local
BL004-50CHIKU-B,BL004-50CHIKU-B,BL004,Blouse,Free,Amazon source-local
BL006-54BLACK,BL006-54BLACK,BL006,Blouse,Free,Amazon source-local
BL006-54BLACK-B,BL006-54BLACK-B,BL006,Blouse,Free,Amazon source-local
BL007-61PINK-B,BL007-61PINK-B,BL007,Blouse,Free,Amazon source-local
BL008-61RED-B,BL008-61RED-B,BL008,Blouse,Free,Amazon source-local
BL009-61BLACK,BL009-61BLACK,BL009,Blouse,Free,Amazon source-local
BL009-61BLACK-B,BL009-61BLACK-B,BL009,Blouse,Free,Amazon source-local
BL010-61CHIKU-B,BL010-61CHIKU-B,BL010,Blouse,Free,Amazon source-local
BL011-62PINK-B,BL011-62PINK-B,BL011,Blouse,Free,Amazon source-local
BL013-62BLACK,BL013-62BLACK,BL013,Blouse,Free,Amazon source-local
BL015-63PINK,BL015-63PINK,BL015,Blouse,Free,Amazon source-local
BL016-63RED-B,BL016-63RED-B,BL016,Blouse,Free,Amazon source-local
BL017-63BLACK,BL017-63BLACK,BL017,Blouse,Free,Amazon source-local
BL017-63BLACK-B,BL017-63BLACK-B,BL017,Blouse,Free,Amazon source-local
BL019-71PINK,BL019-71PINK,BL019,Blouse,Free,Amazon source-local
BL019-71PINK-B,BL019-71PINK-B,BL019,Blouse,Free,Amazon source-local
BL020-71RED,BL020-71RED,BL020,Blouse,Free,Amazon source-local
BL020-71RED-B,BL020-71RED-B,BL020,Blouse,Free,Amazon source-local
BL021-71BLACK,BL021-71BLACK,BL021,Blouse,Free,Amazon source-local
BL021-71BLACK-B,BL021-71BLACK-B,BL021,Blouse,Free,Amazon source-local
BL022-71BEIGE,BL022-71BEIGE,BL022,Blouse,Free,Amazon source-local
BL023-74PINK-B,BL023-74PINK-B,BL023,Blouse,Free,Amazon source-local
BL024-74RED,BL024-74RED,BL024,Blouse,Free,Amazon source-local
BL024-74RED-B,BL024-74RED-B,BL024,Blouse,Free,Amazon source-local
BL025-74BLACK,BL025-74BLACK,BL025,Blouse,Free,Amazon source-local
BL025-74BLACK-B,BL025-74BLACK-B,BL025,Blouse,Free,Amazon source-local
BL026-74BEIGE,BL026-74BEIGE,BL026,Blouse,Free,Amazon source-local
BL026-74BEIGE-B,BL026-74BEIGE-B,BL026,Blouse,Free,Amazon source-local
BL029-78BLACK,BL029-78BLACK,BL029,Blouse,Free,Amazon source-local
BL029-78BLACK-B,BL029-78BLACK-B,BL029,Blouse,Free,Amazon source-local
BL035-161GOLD,BL035-161GOLD,BL035,Blouse,Free,Amazon source-local
BL036-176GOLD,BL036-176GOLD,BL036,Blouse,Free,Amazon source-local
BL041-65RED-A,BL041-65RED-A,BL041,Blouse,Free,Amazon source-local
BL050-83RED-A,BL050-83RED-A,BL050,Blouse,Free,Amazon source-local
BL053-153GOLD-A,BL053-153GOLD-A,BL053,Blouse,Free,Amazon source-local
BL055-164GOLD-A,BL055-164GOLD-A,BL055,Blouse,Free,Amazon source-local
BL056-185GOLD,BL056-185GOLD,BL056,Blouse,Free,Amazon source-local
BL057-65BLACK-A,BL057-65BLACK-A,BL057,Blouse,Free,Amazon source-local
BL060-75RED,BL060-75RED,BL060,Blouse,Free,Amazon source-local
BL073-85BLACK,BL073-85BLACK,BL073,Blouse,Free,Amazon source-local
BL074-85RED,BL074-85RED,BL074,Blouse,Free,Amazon source-local
BL075-85CHIKU,BL075-85CHIKU,BL075,Blouse,Free,Amazon source-local
BL079-87RED,BL079-87RED,BL079,Blouse,Free,Amazon source-local
BL085-S,BL085-S,BL085,Blouse,S,Amazon source-local
BL086-XL,BL086-XL,BL086,Blouse,XL,Amazon source-local
BL086-XXL,BL086-XXL,BL086,Blouse,XXL,Amazon source-local
BL087-L,BL087-L,BL087,Blouse,L,Amazon source-local
BL087-M,BL087-M,BL087,Blouse,M,Amazon source-local
BL087-S,BL087-S,BL087,Blouse,S,Amazon source-local
BL087-XS,BL087-XS,BL087,Blouse,XS,Amazon source-local
BL087-XXL,BL087-XXL,BL087,Blouse,XXL,Amazon source-local
BL089-M,BL089-M,BL089,Blouse,M,Amazon source-local
BL089-XS,BL089-XS,BL089,Blouse,XS,Amazon source-local
BL089-XXL,BL089-XXL,BL089,Blouse,XXL,Amazon source-local
BL090-M,BL090-M,BL090,Blouse,M,Amazon source-local
BL090-S,BL090-S,BL090,Blouse,S,Amazon source-local
BL090-XS,BL090-XS,BL090,Blouse,XS,Amazon source-local
BL090-XXL,BL090-XXL,BL090,Blouse,XXL,Amazon source-local
BL091-XL,BL091-XL,BL091,Blouse,XL,Amazon source-local
BL093-M,BL093-M,BL093,Blouse,M,Amazon source-local
BL093-S,BL093-S,BL093,Blouse,S,Amazon source-local
BL095-M,BL095-M,BL095,Blouse,M,Amazon source-local
BL095-XL,BL095-XL,BL095,Blouse,XL,Amazon source-local
BL096-S,BL096-S,BL096,Blouse,S,Amazon source-local
BL096-XL,BL096-XL,BL096,Blouse,XL,Amazon source-local
BL098-M,BL098-M,BL098,Blouse,M,Amazon source-local
BL098-S,BL098-S,BL098,Blouse,S,Amazon source-local
BL098-XL,BL098-XL,BL098,Blouse,XL,Amazon source-local
BL098-XS,BL098-XS,BL098,Blouse,XS,Amazon source-local
BL098-XXL,BL098-XXL,BL098,Blouse,XXL,Amazon source-local
BL099-L,BL099-L,BL099,Blouse,L,Amazon source-local
BL099-S,BL099-S,BL099,Blouse,S,Amazon source-local
BL099-XS,BL099-XS,BL099,Blouse,XS,Amazon source-local
BL100-M,BL100-M,BL100,Blouse,M,Amazon source-local
BL100-S,BL100-S,BL100,Blouse,S,Amazon source-local
BL100-XL,BL100-XL,BL100,Blouse,XL,Amazon source-local
BL100-XXL,BL100-XXL,BL100,Blouse,XXL,Amazon source-local
BL101-M,BL101-M,BL101,Blouse,M,Amazon source-local
BL101-S,BL101-S,BL101,Blouse,S,Amazon source-local
BL101-XS,BL101-XS,BL101,Blouse,XS,Amazon source-local
BL101-XXL,BL101-XXL,BL101,Blouse,XXL,Amazon source-local
BL102-L,BL102-L,BL102,Blouse,L,Amazon source-local
BL102-M,BL102-M,BL102,Blouse,M,Amazon source-local
BL102-S,BL102-S,BL102,Blouse,S,Amazon source-local
BL102-XS,BL102-XS,BL102,Blouse,XS,Amazon source-local
BL103-L,BL103-L,BL103,Blouse,L,Amazon source-local
BL103-M,BL103-M,BL103,Blouse,M,Amazon source-local
BL103-S,BL103-S,BL103,Blouse,S,Amazon source-local
BL103-XL,BL103-XL,BL103,Blouse,XL,Amazon source-local
BL103-XS,BL103-XS,BL103,Blouse,XS,Amazon source-local
BL103-XXL,BL103-XXL,BL103,Blouse,XXL,Amazon source-local
BL104-L,BL104-L,BL104,Blouse,L,Amazon source-local
BL104-M,BL104-M,BL104,Blouse,M,Amazon source-local
BL104-S,BL104-S,BL104,Blouse,S,Amazon source-local
BL104-XL,BL104-XL,BL104,Blouse,XL,Amazon source-local
BL104-XS,BL104-XS,BL104,Blouse,XS,Amazon source-local
BL104-XXL,BL104-XXL,BL104,Blouse,XXL,Amazon source-local
BL107-M,BL107-M,BL107,Blouse,M,Amazon source-local
BL107-S,BL107-S,BL107,Blouse,S,Amazon source-local
BL107-XL,BL107-XL,BL107,Blouse,XL,Amazon source-local
BL107-XS,BL107-XS,BL107,Blouse,XS,Amazon source-local
BL107-XXL,BL107-XXL,BL107,Blouse,XXL,Amazon source-local
BL109-L,BL109-L,BL109,Blouse,L,Amazon source-local
BL109-M,BL109-M,BL109,Blouse,M,Amazon source-local
BL109-S,BL109-S,BL109,Blouse,S,Amazon source-local
BL109-XL,BL109-XL,BL109,Blouse,XL,Amazon source-local
BL109-XS,BL109-XS,BL109,Blouse,XS,Amazon source-local
BL109-XXL,BL109-XXL,BL109,Blouse,XXL,Amazon source-local
BL110-L,BL110-L,BL110,Blouse,L,Amazon source-local
BL110-M,BL110-M,BL110,Blouse,M,Amazon source-local
BL110-S,BL110-S,BL110,Blouse,S,Amazon source-local
BL110-XL,BL110-XL,BL110,Blouse,XL,Amazon source-local
BL110-XS,BL110-XS,BL110,Blouse,XS,Amazon source-local
BL110-XXL,BL110-XXL,BL110,Blouse,XXL,Amazon source-local
BL111-L,BL111-L,BL111,Blouse,L,Amazon source-local
BL111-M,BL111-M,BL111,Blouse,M,Amazon source-local
BL111-S,BL111-S,BL111,Blouse,S,Amazon source-local
BL111-XL,BL111-XL,BL111,Blouse,XL,Amazon source-local
BL111-XS,BL111-XS,BL111,Blouse,XS,Amazon source-local
BL113-L,BL113-L,BL113,Blouse,L,Amazon source-local
BL113-M,BL113-M,BL113,Blouse,M,Amazon source-local
BL113-S,BL113-S,BL113,Blouse,S,Amazon source-local
BL113-XL,BL113-XL,BL113,Blouse,XL,Amazon source-local
BL113-XS,BL113-XS,BL113,Blouse,XS,Amazon source-local
BL113-XXL,BL113-XXL,BL113,Blouse,XXL,Amazon source-local
BTM002-B-L,BTM002-B-L,BTM002,Bottom,L,Amazon source-local
BTM002-B-M,BTM002-B-M,BTM002,Bottom,M,Amazon source-local
BTM002-B-XL,BTM002-B-XL,BTM002,Bottom,XL,Amazon source-local
BTM002-B-XXL,BTM002-B-XXL,BTM002,Bottom,XXL,Amazon source-local
BTM002-B-XXXL,BTM002-B-XXXL,BTM002,Bottom,3XL,Amazon source-local
BTM002-L,BTM002-L,BTM002,Bottom,L,Amazon source-local
BTM002-S,BTM002-S,BTM002,Bottom,S,Amazon source-local
BTM002-XL,BTM002-XL,BTM002,Bottom,XL,Amazon source-local
BTM002-XXXL,BTM002-XXXL,BTM002,Bottom,3XL,Amazon source-local
BTM003-B-L,BTM003-B-L,BTM003,Bottom,L,Amazon source-local
BTM003-B-XXXL,BTM003-B-XXXL,BTM003,Bottom,3XL,Amazon source-local
BTM003-M,BTM003-M,BTM003,Bottom,M,Amazon source-local
BTM003-XXXL,BTM003-XXXL,BTM003,Bottom,3XL,Amazon source-local
BTM004-XXXL,BTM004-XXXL,BTM004,Bottom,3XL,Amazon source-local
BTM005-B-L,BTM005-B-L,BTM005,Bottom,L,Amazon source-local
BTM005-L,BTM005-L,BTM005,Bottom,L,Amazon source-local
BTM005-XXL,BTM005-XXL,BTM005,Bottom,XXL,Amazon source-local
BTM005-XXXL,BTM005-XXXL,BTM005,Bottom,3XL,Amazon source-local
BTM008-B-L,BTM008-B-L,BTM008,Bottom,L,Amazon source-local
BTM008-B-M,BTM008-B-M,BTM008,Bottom,M,Amazon source-local
BTM008-B-XXL,BTM008-B-XXL,BTM008,Bottom,XXL,Amazon source-local
BTM008-L,BTM008-L,BTM008,Bottom,L,Amazon source-local
BTM008-XL,BTM008-XL,BTM008,Bottom,XL,Amazon source-local
BTM008-XXL,BTM008-XXL,BTM008,Bottom,XXL,Amazon source-local
BTM008-XXXL,BTM008-XXXL,BTM008,Bottom,3XL,Amazon source-local
BTM021-B-L,BTM021-B-L,BTM021,Bottom,L,Amazon source-local
BTM021-B-XS,BTM021-B-XS,BTM021,Bottom,XS,Amazon source-local
BTM021-B-XXL,BTM021-B-XXL,BTM021,Bottom,XXL,Amazon source-local
BTM021-B-XXXL,BTM021-B-XXXL,BTM021,Bottom,3XL,Amazon source-local
BTM026-NP-L,BTM026-NP-L,BTM026,Bottom,L,Amazon source-local
BTM026-NP-M,BTM026-NP-M,BTM026,Bottom,M,Amazon source-local
BTM026-NP-S,BTM026-NP-S,BTM026,Bottom,S,Amazon source-local
BTM026-NP-XL,BTM026-NP-XL,BTM026,Bottom,XL,Amazon source-local
BTM026-NP-XS,BTM026-NP-XS,BTM026,Bottom,XS,Amazon source-local
BTM026-NP-XXL,BTM026-NP-XXL,BTM026,Bottom,XXL,Amazon source-local
BTM026-NP-XXXL,BTM026-NP-XXXL,BTM026,Bottom,3XL,Amazon source-local
BTM027-NP-L,BTM027-NP-L,BTM027,Bottom,L,Amazon source-local
BTM027-NP-XXL,BTM027-NP-XXL,BTM027,Bottom,XXL,Amazon source-local
BTM027-NP-XXXL,BTM027-NP-XXXL,BTM027,Bottom,3XL,Amazon source-local
BTM029-NP-L,BTM029-NP-L,BTM029,Bottom,L,Amazon source-local
BTM029-NP-M,BTM029-NP-M,BTM029,Bottom,M,Amazon source-local
BTM029-NP-S,BTM029-NP-S,BTM029,Bottom,S,Amazon source-local
BTM029-NP-XL,BTM029-NP-XL,BTM029,Bottom,XL,Amazon source-local
BTM029-NP-XS,BTM029-NP-XS,BTM029,Bottom,XS,Amazon source-local
BTM029-NP-XXL,BTM029-NP-XXL,BTM029,Bottom,XXL,Amazon source-local
BTM029-NP-XXXL,BTM029-NP-XXXL,BTM029,Bottom,3XL,Amazon source-local
BTM030-NP-M,BTM030-NP-M,BTM030,Bottom,M,Amazon source-local
BTM030-NP-S,BTM030-NP-S,BTM030,Bottom,S,Amazon source-local
BTM030-NP-XL,BTM030-NP-XL,BTM030,Bottom,XL,Amazon source-local
BTM030-NP-XS,BTM030-NP-XS,BTM030,Bottom,XS,Amazon source-local
BTM030-NP-XXL,BTM030-NP-XXL,BTM030,Bottom,XXL,Amazon source-local
BTM030-NP-XXXL,BTM030-NP-XXXL,BTM030,Bottom,3XL,Amazon source-local
BTM031-NP-L,BTM031-NP-L,BTM031,Bottom,L,Amazon source-local
BTM031-NP-M,BTM031-NP-M,BTM031,Bottom,M,Amazon source-local
BTM031-NP-XL,BTM031-NP-XL,BTM031,Bottom,XL,Amazon source-local
BTM031-NP-XS,BTM031-NP-XS,BTM031,Bottom,XS,Amazon source-local
BTM031-NP-XXL,BTM031-NP-XXL,BTM031,Bottom,XXL,Amazon source-local
BTM032-NP-M,BTM032-NP-M,BTM032,Bottom,M,Amazon source-local
BTM032-NP-S,BTM032-NP-S,BTM032,Bottom,S,Amazon source-local
BTM032-NP-XS,BTM032-NP-XS,BTM032,Bottom,XS,Amazon source-local
BTM033-NP-XS,BTM033-NP-XS,BTM033,Bottom,XS,Amazon source-local
BTM033-NP-XXL,BTM033-NP-XXL,BTM033,Bottom,XXL,Amazon source-local
BTM033-NP-XXXL,BTM033-NP-XXXL,BTM033,Bottom,3XL,Amazon source-local
BTM035-NP-XS,BTM035-NP-XS,BTM035,Bottom,XS,Amazon source-local
BTM035-NP-XXXL,BTM035-NP-XXXL,BTM035,Bottom,3XL,Amazon source-local
BTM036-PP-L,BTM036-PP-L,BTM036,Bottom,L,Amazon source-local
BTM036-PP-M,BTM036-PP-M,BTM036,Bottom,M,Amazon source-local
BTM036-PP-S,BTM036-PP-S,BTM036,Bottom,S,Amazon source-local
BTM036-PP-XL,BTM036-PP-XL,BTM036,Bottom,XL,Amazon source-local
BTM036-PP-XXL,BTM036-PP-XXL,BTM036,Bottom,XXL,Amazon source-local
BTM036-PP-XXXL,BTM036-PP-XXXL,BTM036,Bottom,3XL,Amazon source-local
BTM037-PP-M,BTM037-PP-M,BTM037,Bottom,M,Amazon source-local
BTM037-PP-S,BTM037-PP-S,BTM037,Bottom,S,Amazon source-local
BTM037-PP-XL,BTM037-PP-XL,BTM037,Bottom,XL,Amazon source-local
BTM037-PP-XS,BTM037-PP-XS,BTM037,Bottom,XS,Amazon source-local
BTM037-PP-XXL,BTM037-PP-XXL,BTM037,Bottom,XXL,Amazon source-local
BTM037-PP-XXXL,BTM037-PP-XXXL,BTM037,Bottom,3XL,Amazon source-local
BTM038-PP-L,BTM038-PP-L,BTM038,Bottom,L,Amazon source-local
BTM038-PP-S,BTM038-PP-S,BTM038,Bottom,S,Amazon source-local
BTM038-PP-XS,BTM038-PP-XS,BTM038,Bottom,XS,Amazon source-local
BTM038-PP-XXL,BTM038-PP-XXL,BTM038,Bottom,XXL,Amazon source-local
BTM038-PP-XXXL,BTM038-PP-XXXL,BTM038,Bottom,3XL,Amazon source-local
BTM039-PP-L,BTM039-PP-L,BTM039,Bottom,L,Amazon source-local
BTM039-PP-M,BTM039-PP-M,BTM039,Bottom,M,Amazon source-local
BTM039-PP-S,BTM039-PP-S,BTM039,Bottom,S,Amazon source-local
BTM039-PP-XL,BTM039-PP-XL,BTM039,Bottom,XL,Amazon source-local
BTM039-PP-XS,BTM039-PP-XS,BTM039,Bottom,XS,Amazon source-local
BTM039-PP-XXL,BTM039-PP-XXL,BTM039,Bottom,XXL,Amazon source-local
BTM039-PP-XXXL,BTM039-PP-XXXL,BTM039,Bottom,3XL,Amazon source-local
BTM040-PP-M,BTM040-PP-M,BTM040,Bottom,M,Amazon source-local
BTM040-PP-S,BTM040-PP-S,BTM040,Bottom,S,Amazon source-local
BTM040-PP-XL,BTM040-PP-XL,BTM040,Bottom,XL,Amazon source-local
BTM040-PP-XS,BTM040-PP-XS,BTM040,Bottom,XS,Amazon source-local
BTM040-PP-XXL,BTM040-PP-XXL,BTM040,Bottom,XXL,Amazon source-local
BTM040-PP-XXXL,BTM040-PP-XXXL,BTM040,Bottom,3XL,Amazon source-local
BTM041-PP-L,BTM041-PP-L,BTM041,Bottom,L,Amazon source-local
BTM041-PP-S,BTM041-PP-S,BTM041,Bottom,S,Amazon source-local
BTM041-PP-XL,BTM041-PP-XL,BTM041,Bottom,XL,Amazon source-local
BTM041-PP-XS,BTM041-PP-XS,BTM041,Bottom,XS,Amazon source-local
BTM041-PP-XXL,BTM041-PP-XXL,BTM041,Bottom,XXL,Amazon source-local
BTM041-PP-XXXL,BTM041-PP-XXXL,BTM041,Bottom,3XL,Amazon source-local
BTM042-PP-L,BTM042-PP-L,BTM042,Bottom,L,Amazon source-local
BTM042-PP-M,BTM042-PP-M,BTM042,Bottom,M,Amazon source-local
BTM042-PP-S,BTM042-PP-S,BTM042,Bottom,S,Amazon source-local
BTM042-PP-XL,BTM042-PP-XL,BTM042,Bottom,XL,Amazon source-local
BTM042-PP-XS,BTM042-PP-XS,BTM042,Bottom,XS,Amazon source-local
BTM042-PP-XXL,BTM042-PP-XXL,BTM042,Bottom,XXL,Amazon source-local
BTM042-PP-XXXL,BTM042-PP-XXXL,BTM042,Bottom,3XL,Amazon source-local
BTM043-PP-S,BTM043-PP-S,BTM043,Bottom,S,Amazon source-local
BTM043-PP-XL,BTM043-PP-XL,BTM043,Bottom,XL,Amazon source-local
BTM043-PP-XS,BTM043-PP-XS,BTM043,Bottom,XS,Amazon source-local
BTM043-PP-XXL,BTM043-PP-XXL,BTM043,Bottom,XXL,Amazon source-local
BTM043-PP-XXXL,BTM043-PP-XXXL,BTM043,Bottom,3XL,Amazon source-local
BTM044-PP-M,BTM044-PP-M,BTM044,Bottom,M,Amazon source-local
BTM044-PP-XL,BTM044-PP-XL,BTM044,Bottom,XL,Amazon source-local
BTM044-PP-XS,BTM044-PP-XS,BTM044,Bottom,XS,Amazon source-local
BTM044-PP-XXL,BTM044-PP-XXL,BTM044,Bottom,XXL,Amazon source-local
BTM044-PP-XXXL,BTM044-PP-XXXL,BTM044,Bottom,3XL,Amazon source-local
BTM045-PP-M,BTM045-PP-M,BTM045,Bottom,M,Amazon source-local
BTM045-PP-XL,BTM045-PP-XL,BTM045,Bottom,XL,Amazon source-local
BTM045-PP-XXL,BTM045-PP-XXL,BTM045,Bottom,XXL,Amazon source-local
BTM045-PP-XXXL,BTM045-PP-XXXL,BTM045,Bottom,3XL,Amazon source-local
BTM046-PP-M,BTM046-PP-M,BTM046,Bottom,M,Amazon source-local
BTM046-PP-XL,BTM046-PP-XL,BTM046,Bottom,XL,Amazon source-local
BTM047-PP-L,BTM047-PP-L,BTM047,Bottom,L,Amazon source-local
BTM047-PP-M,BTM047-PP-M,BTM047,Bottom,M,Amazon source-local
BTM047-PP-S,BTM047-PP-S,BTM047,Bottom,S,Amazon source-local
BTM047-PP-XS,BTM047-PP-XS,BTM047,Bottom,XS,Amazon source-local
BTM047-PP-XXL,BTM047-PP-XXL,BTM047,Bottom,XXL,Amazon source-local
BTM047-PP-XXXL,BTM047-PP-XXXL,BTM047,Bottom,3XL,Amazon source-local
BTM048-PP-L,BTM048-PP-L,BTM048,Bottom,L,Amazon source-local
BTM048-PP-M,BTM048-PP-M,BTM048,Bottom,M,Amazon source-local
BTM048-PP-XS,BTM048-PP-XS,BTM048,Bottom,XS,Amazon source-local
BTM048-PP-XXL,BTM048-PP-XXL,BTM048,Bottom,XXL,Amazon source-local
BTM048-PP-XXXL,BTM048-PP-XXXL,BTM048,Bottom,3XL,Amazon source-local
CH201-RED-M,CH201-RED-M,CH201,Bottom,M,Amazon source-local
CH202-ORANGE-L,CH202-ORANGE-L,CH202,Bottom,L,Amazon source-local
CH202-ORANGE-XXL,CH202-ORANGE-XXL,CH202,Bottom,XXL,Amazon source-local
CH203-MAROON-L,CH203-MAROON-L,CH203,Bottom,L,Amazon source-local
CH203-MAROON-S,CH203-MAROON-S,CH203,Bottom,S,Amazon source-local
CH204-PURPLE-L,CH204-PURPLE-L,CH204,Bottom,L,Amazon source-local
CH204-PURPLE-M,CH204-PURPLE-M,CH204,Bottom,M,Amazon source-local
CH204-PURPLE-S,CH204-PURPLE-S,CH204,Bottom,S,Amazon source-local
CH205-YELLOW-S,CH205-YELLOW-S,CH205,Bottom,S,Amazon source-local
CH205-YELLOW-XL,CH205-YELLOW-XL,CH205,Bottom,XL,Amazon source-local
CH205-YELLOW-XXL,CH205-YELLOW-XXL,CH205,Bottom,XXL,Amazon source-local
CH206-GREEN-M,CH206-GREEN-M,CH206,Bottom,M,Amazon source-local
CH206-GREEN-XXL,CH206-GREEN-XXL,CH206,Bottom,XXL,Amazon source-local
CH207-PINK-L,CH207-PINK-L,CH207,Bottom,L,Amazon source-local
CH208-MUSTARD-L,CH208-MUSTARD-L,CH208,Bottom,L,Amazon source-local
CH208-MUSTARD-M,CH208-MUSTARD-M,CH208,Bottom,M,Amazon source-local
CH208-MUSTARD-S,CH208-MUSTARD-S,CH208,Bottom,S,Amazon source-local
CH208-MUSTARD-XXL,CH208-MUSTARD-XXL,CH208,Bottom,XXL,Amazon source-local
CH209-BIEGE-L,CH209-BIEGE-L,CH209,Bottom,L,Amazon source-local
CH209-BIEGE-XL,CH209-BIEGE-XL,CH209,Bottom,XL,Amazon source-local
CH213-BROWN-L,CH213-BROWN-L,CH213,Bottom,L,Amazon source-local
CH213-BROWN-M,CH213-BROWN-M,CH213,Bottom,M,Amazon source-local
CH213-BROWN-S,CH213-BROWN-S,CH213,Bottom,S,Amazon source-local
DPT032,DPT032,DPT032,Dupatta,Free,Amazon source-local
DPT041,DPT041,DPT041,Dupatta,Free,Amazon source-local
DPT052,DPT052,DPT052,Dupatta,Free,Amazon source-local
J0001-DR-L,J0001-DR-L,J0001,Ethnic Dress,L,Amazon source-local
J0001-DR-M,J0001-DR-M,J0001,Ethnic Dress,M,Amazon source-local
J0001-DR-S,J0001-DR-S,J0001,Ethnic Dress,S,Amazon source-local
J0001-DR-XL,J0001-DR-XL,J0001,Ethnic Dress,XL,Amazon source-local
J0001-DR-XS,J0001-DR-XS,J0001,Ethnic Dress,XS,Amazon source-local
J0001-DR-XXL,J0001-DR-XXL,J0001,Ethnic Dress,XXL,Amazon source-local
J0001-DR-XXXL,J0001-DR-XXXL,J0001,Ethnic Dress,3XL,Amazon source-local
J0002-SKD-L,J0002-SKD-L,J0002,Set,L,Amazon source-local
J0002-SKD-M,J0002-SKD-M,J0002,Set,M,Amazon source-local
J0002-SKD-S,J0002-SKD-S,J0002,Set,S,Amazon source-local
J0002-SKD-XL,J0002-SKD-XL,J0002,Set,XL,Amazon source-local
J0002-SKD-XS,J0002-SKD-XS,J0002,Set,XS,Amazon source-local
J0002-SKD-XXL,J0002-SKD-XXL,J0002,Set,XXL,Amazon source-local
J0002-SKD-XXXL,J0002-SKD-XXXL,J0002,Set,3XL,Amazon source-local
J0003-SET-L,J0003-SET-L,J0003,Set,L,Amazon source-local
J0003-SET-M,J0003-SET-M,J0003,Set,M,Amazon source-local
J0003-SET-S,J0003-SET-S,J0003,Set,S,Amazon source-local
J0003-SET-XL,J0003-SET-XL,J0003,Set,XL,Amazon source-local
J0003-SET-XS,J0003-SET-XS,J0003,Set,XS,Amazon source-local
J0003-SET-XXL,J0003-SET-XXL,J0003,Set,XXL,Amazon source-local
J0003-SET-XXXL,J0003-SET-XXXL,J0003,Set,3XL,Amazon source-local
J0004-SKD-L,J0004-SKD-L,J0004,Set,L,Amazon source-local
J0004-SKD-M,J0004-SKD-M,J0004,Set,M,Amazon source-local
J0004-SKD-S,J0004-SKD-S,J0004,Set,S,Amazon source-local
J0004-SKD-XL,J0004-SKD-XL,J0004,Set,XL,Amazon source-local
J0004-SKD-XS,J0004-SKD-XS,J0004,Set,XS,Amazon source-local
J0004-SKD-XXL,J0004-SKD-XXL,J0004,Set,XXL,Amazon source-local
J0004-SKD-XXXL,J0004-SKD-XXXL,J0004,Set,3XL,Amazon source-local
J0005-DR-B-M,J0005-DR-B-M,J0005,Western Dress,M,Amazon source-local
J0005-DR-L,J0005-DR-L,J0005,Western Dress,L,Amazon source-local
J0005-DR-M,J0005-DR-M,J0005,Western Dress,M,Amazon source-local
J0005-DR-S,J0005-DR-S,J0005,Western Dress,S,Amazon source-local
J0005-DR-XL,J0005-DR-XL,J0005,Western Dress,XL,Amazon source-local
J0005-DR-XS,J0005-DR-XS,J0005,Western Dress,XS,Amazon source-local
J0005-DR-XXL,J0005-DR-XXL,J0005,Western Dress,XXL,Amazon source-local
J0005-DR-XXXL,J0005-DR-XXXL,J0005,Western Dress,3XL,Amazon source-local
J0006-SET-L,J0006-SET-L,J0006,Ethnic Dress,L,Amazon source-local
J0006-SET-M,J0006-SET-M,J0006,Ethnic Dress,M,Amazon source-local
J0006-SET-S,J0006-SET-S,J0006,Ethnic Dress,S,Amazon source-local
J0006-SET-XL,J0006-SET-XL,J0006,Ethnic Dress,XL,Amazon source-local
J0006-SET-XS,J0006-SET-XS,J0006,Ethnic Dress,XS,Amazon source-local
J0006-SET-XXL,J0006-SET-XXL,J0006,Ethnic Dress,XXL,Amazon source-local
J0006-SET-XXXL,J0006-SET-XXXL,J0006,Ethnic Dress,3XL,Amazon source-local
J0007-SKD-L,J0007-SKD-L,J0007,Set,L,Amazon source-local
J0007-SKD-M,J0007-SKD-M,J0007,Set,M,Amazon source-local
J0007-SKD-S,J0007-SKD-S,J0007,Set,S,Amazon source-local
J0007-SKD-XL,J0007-SKD-XL,J0007,Set,XL,Amazon source-local
J0007-SKD-XS,J0007-SKD-XS,J0007,Set,XS,Amazon source-local
J0007-SKD-XXL,J0007-SKD-XXL,J0007,Set,XXL,Amazon source-local
J0007-SKD-XXXL,J0007-SKD-XXXL,J0007,Set,3XL,Amazon source-local
J0008-SKD-L,J0008-SKD-L,J0008,Set,L,Amazon source-local
J0008-SKD-M,J0008-SKD-M,J0008,Set,M,Amazon source-local
J0008-SKD-S,J0008-SKD-S,J0008,Set,S,Amazon source-local
J0008-SKD-XL,J0008-SKD-XL,J0008,Set,XL,Amazon source-local
J0008-SKD-XS,J0008-SKD-XS,J0008,Set,XS,Amazon source-local
J0008-SKD-XXL,J0008-SKD-XXL,J0008,Set,XXL,Amazon source-local
J0008-SKD-XXXL,J0008-SKD-XXXL,J0008,Set,3XL,Amazon source-local
J0009-SKD-L,J0009-SKD-L,J0009,Set,L,Amazon source-local
J0009-SKD-M,J0009-SKD-M,J0009,Set,M,Amazon source-local
J0009-SKD-S,J0009-SKD-S,J0009,Set,S,Amazon source-local
J0009-SKD-XL,J0009-SKD-XL,J0009,Set,XL,Amazon source-local
J0009-SKD-XS,J0009-SKD-XS,J0009,Set,XS,Amazon source-local
J0009-SKD-XXL,J0009-SKD-XXL,J0009,Set,XXL,Amazon source-local
J0009-SKD-XXXL,J0009-SKD-XXXL,J0009,Set,3XL,Amazon source-local
J0010-LCD-L,J0010-LCD-L,J0010,Set,L,Amazon source-local
J0010-LCD-M,J0010-LCD-M,J0010,Set,M,Amazon source-local
J0010-LCD-S,J0010-LCD-S,J0010,Set,S,Amazon source-local
J0010-LCD-XL,J0010-LCD-XL,J0010,Set,XL,Amazon source-local
J0010-LCD-XS,J0010-LCD-XS,J0010,Set,XS,Amazon source-local
J0010-LCD-XXL,J0010-LCD-XXL,J0010,Set,XXL,Amazon source-local
J0010-LCD-XXXL,J0010-LCD-XXXL,J0010,Set,3XL,Amazon source-local
J0011-LCD-A-L,J0011-LCD-A-L,J0011,Set,L,Amazon source-local
J0011-LCD-M,J0011-LCD-M,J0011,Set,M,Amazon source-local
J0011-LCD-S,J0011-LCD-S,J0011,Set,S,Amazon source-local
J0011-LCD-XL,J0011-LCD-XL,J0011,Set,XL,Amazon source-local
J0011-LCD-XS,J0011-LCD-XS,J0011,Set,XS,Amazon source-local
J0011-LCD-XXL,J0011-LCD-XXL,J0011,Set,XXL,Amazon source-local
J0011-LCD-XXXL,J0011-LCD-XXXL,J0011,Set,3XL,Amazon source-local
J0012-SKD-L,J0012-SKD-L,J0012,Set,L,Amazon source-local
J0012-SKD-M,J0012-SKD-M,J0012,Set,M,Amazon source-local
J0012-SKD-S,J0012-SKD-S,J0012,Set,S,Amazon source-local
J0012-SKD-XL,J0012-SKD-XL,J0012,Set,XL,Amazon source-local
J0012-SKD-XS,J0012-SKD-XS,J0012,Set,XS,Amazon source-local
J0012-SKD-XXL,J0012-SKD-XXL,J0012,Set,XXL,Amazon source-local
J0012-SKD-XXXL,J0012-SKD-XXXL,J0012,Set,3XL,Amazon source-local
J0013-SKD-L,J0013-SKD-L,J0013,Set,L,Amazon source-local
J0013-SKD-M,J0013-SKD-M,J0013,Set,M,Amazon source-local
J0013-SKD-S,J0013-SKD-S,J0013,Set,S,Amazon source-local
J0013-SKD-XS,J0013-SKD-XS,J0013,Set,XS,Amazon source-local
J0013-SKD-XXL,J0013-SKD-XXL,J0013,Set,XXL,Amazon source-local
J0013-SKD-XXXL,J0013-SKD-XXXL,J0013,Set,3XL,Amazon source-local
J0014-LCD-L,J0014-LCD-L,J0014,Set,L,Amazon source-local
J0014-LCD-M,J0014-LCD-M,J0014,Set,M,Amazon source-local
J0014-LCD-S,J0014-LCD-S,J0014,Set,S,Amazon source-local
J0014-LCD-XL,J0014-LCD-XL,J0014,Set,XL,Amazon source-local
J0014-LCD-XS,J0014-LCD-XS,J0014,Set,XS,Amazon source-local
J0014-LCD-XXL,J0014-LCD-XXL,J0014,Set,XXL,Amazon source-local
J0014-LCD-XXXL,J0014-LCD-XXXL,J0014,Set,3XL,Amazon source-local
J0015-DR-S,J0015-DR-S,J0015,Ethnic Dress,S,Amazon source-local
J0015-DR-XS,J0015-DR-XS,J0015,Ethnic Dress,XS,Amazon source-local
J0016-DR-XS,J0016-DR-XS,J0016,Western Dress,XS,Amazon source-local
J0019-SET-M,J0019-SET-M,J0019,Set,M,Amazon source-local
J0019-SET-S,J0019-SET-S,J0019,Set,S,Amazon source-local
J0019-SET-XS,J0019-SET-XS,J0019,Set,XS,Amazon source-local
J0020-SET-XL,J0020-SET-XL,J0020,Set,XL,Amazon source-local
J0020-SET-XS,J0020-SET-XS,J0020,Set,XS,Amazon source-local
J0020-SET-XXL,J0020-SET-XXL,J0020,Set,XXL,Amazon source-local
J0020-SET-XXXL,J0020-SET-XXXL,J0020,Set,3XL,Amazon source-local
J0021-TP-L,J0021-TP-L,J0021,Top,L,Amazon source-local
J0021-TP-XXL,J0021-TP-XXL,J0021,Top,XXL,Amazon source-local
J0022-KR-XS,J0022-KR-XS,J0022,kurta,XS,Amazon source-local
J0023-TP-L,J0023-TP-L,J0023,Top,L,Amazon source-local
J0023-TP-S,J0023-TP-S,J0023,Top,S,Amazon source-local
J0023-TP-XL,J0023-TP-XL,J0023,Top,XL,Amazon source-local
J0023-TP-XS,J0023-TP-XS,J0023,Top,XS,Amazon source-local
J0023-TP-XXL,J0023-TP-XXL,J0023,Top,XXL,Amazon source-local
J0023-TP-XXXL,J0023-TP-XXXL,J0023,Top,3XL,Amazon source-local
J0024-KR-M,J0024-KR-M,J0024,kurta,M,Amazon source-local
J0024-KR-XL,J0024-KR-XL,J0024,kurta,XL,Amazon source-local
J0024-KR-XXL,J0024-KR-XXL,J0024,kurta,XXL,Amazon source-local
J0024-KR-XXXL,J0024-KR-XXXL,J0024,kurta,3XL,Amazon source-local
J0025-DR-M,J0025-DR-M,J0025,Western Dress,M,Amazon source-local
J0025-DR-S,J0025-DR-S,J0025,Western Dress,S,Amazon source-local
J0025-DR-XL,J0025-DR-XL,J0025,Western Dress,XL,Amazon source-local
J0025-DR-XS,J0025-DR-XS,J0025,Western Dress,XS,Amazon source-local
J0025-DR-XXL,J0025-DR-XXL,J0025,Western Dress,XXL,Amazon source-local
J0025-DR-XXXL,J0025-DR-XXXL,J0025,Western Dress,3XL,Amazon source-local
J0026-KR-S,J0026-KR-S,J0026,kurta,S,Amazon source-local
J0026-KR-XS,J0026-KR-XS,J0026,kurta,XS,Amazon source-local
J0027-SET-S,J0027-SET-S,J0027,Set,S,Amazon source-local
J0027-SET-XS,J0027-SET-XS,J0027,Set,XS,Amazon source-local
J0027-SET-XXL,J0027-SET-XXL,J0027,Set,XXL,Amazon source-local
J0028-KR-L,J0028-KR-L,J0028,kurta,L,Amazon source-local
J0028-KR-S,J0028-KR-S,J0028,kurta,S,Amazon source-local
J0028-KR-XS,J0028-KR-XS,J0028,kurta,XS,Amazon source-local
J0029-KR-S,J0029-KR-S,J0029,kurta,S,Amazon source-local
J0029-KR-XS,J0029-KR-XS,J0029,kurta,XS,Amazon source-local
J0033-KR-L,J0033-KR-L,J0033,kurta,L,Amazon source-local
J0033-KR-M,J0033-KR-M,J0033,kurta,M,Amazon source-local
J0033-KR-S,J0033-KR-S,J0033,kurta,S,Amazon source-local
J0033-KR-XL,J0033-KR-XL,J0033,kurta,XL,Amazon source-local
J0033-KR-XS,J0033-KR-XS,J0033,kurta,XS,Amazon source-local
J0033-KR-XXL,J0033-KR-XXL,J0033,kurta,XXL,Amazon source-local
J0033-KR-XXXL,J0033-KR-XXXL,J0033,kurta,3XL,Amazon source-local
J0034-SET-L,J0034-SET-L,J0034,Set,L,Amazon source-local
J0034-SET-M,J0034-SET-M,J0034,Set,M,Amazon source-local
J0034-SET-S,J0034-SET-S,J0034,Set,S,Amazon source-local
J0034-SET-XL,J0034-SET-XL,J0034,Set,XL,Amazon source-local
J0034-SET-XS,J0034-SET-XS,J0034,Set,XS,Amazon source-local
J0034-SET-XXL,J0034-SET-XXL,J0034,Set,XXL,Amazon source-local
J0034-SET-XXXL,J0034-SET-XXXL,J0034,Set,3XL,Amazon source-local
J0036-TP-XS,J0036-TP-XS,J0036,Top,XS,Amazon source-local
J0037-KR-L,J0037-KR-L,J0037,kurta,L,Amazon source-local
J0037-KR-XXL,J0037-KR-XXL,J0037,kurta,XXL,Amazon source-local
J0037-KR-XXXL,J0037-KR-XXXL,J0037,kurta,3XL,Amazon source-local
J0038-DR-S,J0038-DR-S,J0038,Ethnic Dress,S,Amazon source-local
J0038-DR-XS,J0038-DR-XS,J0038,Ethnic Dress,XS,Amazon source-local
J0038-DR-XXXL,J0038-DR-XXXL,J0038,Ethnic Dress,3XL,Amazon source-local
J0039-SET-S,J0039-SET-S,J0039,Set,S,Amazon source-local
J0039-SET-XS,J0039-SET-XS,J0039,Set,XS,Amazon source-local
J0040-SET-XS,J0040-SET-XS,J0040,Set,XS,Amazon source-local
J0040-SET-XXXL,J0040-SET-XXXL,J0040,Set,3XL,Amazon source-local
J0041-SET-L,J0041-SET-L,J0041,Set,L,Amazon source-local
J0041-SET-M,J0041-SET-M,J0041,Set,M,Amazon source-local
J0041-SET-S,J0041-SET-S,J0041,Set,S,Amazon source-local
J0041-SET-XL,J0041-SET-XL,J0041,Set,XL,Amazon source-local
J0041-SET-XS,J0041-SET-XS,J0041,Set,XS,Amazon source-local
J0041-SET-XXL,J0041-SET-XXL,J0041,Set,XXL,Amazon source-local
J0041-SET-XXXL,J0041-SET-XXXL,J0041,Set,3XL,Amazon source-local
J0042-DR-L,J0042-DR-L,J0042,Western Dress,L,Amazon source-local
J0042-DR-S,J0042-DR-S,J0042,Western Dress,S,Amazon source-local
J0042-DR-XL,J0042-DR-XL,J0042,Western Dress,XL,Amazon source-local
J0042-DR-XS,J0042-DR-XS,J0042,Western Dress,XS,Amazon source-local
J0043-SET-S,J0043-SET-S,J0043,Set,S,Amazon source-local
J0043-SET-XL,J0043-SET-XL,J0043,Set,XL,Amazon source-local
J0043-SET-XS,J0043-SET-XS,J0043,Set,XS,Amazon source-local
J0044-TP-S,J0044-TP-S,J0044,Top,S,Amazon source-local
J0044-TP-XS,J0044-TP-XS,J0044,Top,XS,Amazon source-local
J0047-TP-XL,J0047-TP-XL,J0047,Top,XL,Amazon source-local
J0048-TP-S,J0048-TP-S,J0048,Top,S,Amazon source-local
J0048-TP-XL,J0048-TP-XL,J0048,Top,XL,Amazon source-local
J0048-TP-XS,J0048-TP-XS,J0048,Top,XS,Amazon source-local
J0048-TP-XXL,J0048-TP-XXL,J0048,Top,XXL,Amazon source-local
J0049-TP-L,J0049-TP-L,J0049,Top,L,Amazon source-local
J0049-TP-M,J0049-TP-M,J0049,Top,M,Amazon source-local
J0049-TP-S,J0049-TP-S,J0049,Top,S,Amazon source-local
J0049-TP-XL,J0049-TP-XL,J0049,Top,XL,Amazon source-local
J0049-TP-XS,J0049-TP-XS,J0049,Top,XS,Amazon source-local
J0049-TP-XXL,J0049-TP-XXL,J0049,Top,XXL,Amazon source-local
J0049-TP-XXXL,J0049-TP-XXXL,J0049,Top,3XL,Amazon source-local
J0051-KR-S,J0051-KR-S,J0051,kurta,S,Amazon source-local
J0052-KR-XS,J0052-KR-XS,J0052,kurta,XS,Amazon source-local
J0053-KR-XS,J0053-KR-XS,J0053,kurta,XS,Amazon source-local
J0055-SET-XS,J0055-SET-XS,J0055,Set,XS,Amazon source-local
J0057-DR-S,J0057-DR-S,J0057,Ethnic Dress,S,Amazon source-local
J0057-DR-XS,J0057-DR-XS,J0057,Ethnic Dress,XS,Amazon source-local
J0057-DR-XXXL,J0057-DR-XXXL,J0057,Ethnic Dress,3XL,Amazon source-local
J0058-DR-XS,J0058-DR-XS,J0058,Ethnic Dress,XS,Amazon source-local
J0062-DR-L,J0062-DR-L,J0062,Western Dress,L,Amazon source-local
J0062-DR-M,J0062-DR-M,J0062,Western Dress,M,Amazon source-local
J0062-DR-S,J0062-DR-S,J0062,Western Dress,S,Amazon source-local
J0062-DR-XS,J0062-DR-XS,J0062,Western Dress,XS,Amazon source-local
J0062-DR-XXL,J0062-DR-XXL,J0062,Western Dress,XXL,Amazon source-local
J0070-KR-M,J0070-KR-M,J0070,kurta,M,Amazon source-local
J0070-KR-S,J0070-KR-S,J0070,kurta,S,Amazon source-local
J0070-KR-XS,J0070-KR-XS,J0070,kurta,XS,Amazon source-local
J0070-KR-XXL,J0070-KR-XXL,J0070,kurta,XXL,Amazon source-local
J0072-KR-L,J0072-KR-L,J0072,kurta,L,Amazon source-local
J0072-KR-M,J0072-KR-M,J0072,kurta,M,Amazon source-local
J0072-KR-S,J0072-KR-S,J0072,kurta,S,Amazon source-local
J0072-KR-XL,J0072-KR-XL,J0072,kurta,XL,Amazon source-local
J0072-KR-XS,J0072-KR-XS,J0072,kurta,XS,Amazon source-local
J0072-KR-XXL,J0072-KR-XXL,J0072,kurta,XXL,Amazon source-local
J0072-KR-XXXL,J0072-KR-XXXL,J0072,kurta,3XL,Amazon source-local
J0073-KR-L,J0073-KR-L,J0073,kurta,L,Amazon source-local
J0073-KR-M,J0073-KR-M,J0073,kurta,M,Amazon source-local
J0073-KR-S,J0073-KR-S,J0073,kurta,S,Amazon source-local
J0073-KR-XL,J0073-KR-XL,J0073,kurta,XL,Amazon source-local
J0073-KR-XXL,J0073-KR-XXL,J0073,kurta,XXL,Amazon source-local
J0073-KR-XXXL,J0073-KR-XXXL,J0073,kurta,3XL,Amazon source-local
J0074-TP-L,J0074-TP-L,J0074,Top,L,Amazon source-local
J0074-TP-S,J0074-TP-S,J0074,Top,S,Amazon source-local
J0074-TP-XL,J0074-TP-XL,J0074,Top,XL,Amazon source-local
J0074-TP-XS,J0074-TP-XS,J0074,Top,XS,Amazon source-local
J0074-TP-XXL,J0074-TP-XXL,J0074,Top,XXL,Amazon source-local
J0075-KR-M,J0075-KR-M,J0075,kurta,M,Amazon source-local
J0075-KR-S,J0075-KR-S,J0075,kurta,S,Amazon source-local
J0075-KR-XS,J0075-KR-XS,J0075,kurta,XS,Amazon source-local
J0076-SET-S,J0076-SET-S,J0076,Set,S,Amazon source-local
J0077-SKD-L,J0077-SKD-L,J0077,Set,L,Amazon source-local
J0077-SKD-M,J0077-SKD-M,J0077,Set,M,Amazon source-local
J0077-SKD-S,J0077-SKD-S,J0077,Set,S,Amazon source-local
J0077-SKD-XL,J0077-SKD-XL,J0077,Set,XL,Amazon source-local
J0077-SKD-XS,J0077-SKD-XS,J0077,Set,XS,Amazon source-local
J0077-SKD-XXL,J0077-SKD-XXL,J0077,Set,XXL,Amazon source-local
J0077-SKD-XXXL,J0077-SKD-XXXL,J0077,Set,3XL,Amazon source-local
J0078-SET-L,J0078-SET-L,J0078,Set,L,Amazon source-local
J0078-SET-M,J0078-SET-M,J0078,Set,M,Amazon source-local
J0078-SET-S,J0078-SET-S,J0078,Set,S,Amazon source-local
J0078-SET-XL,J0078-SET-XL,J0078,Set,XL,Amazon source-local
J0078-SET-XXL,J0078-SET-XXL,J0078,Set,XXL,Amazon source-local
J0078-SET-XXXL,J0078-SET-XXXL,J0078,Set,3XL,Amazon source-local
J0079-SKD-L,J0079-SKD-L,J0079,Set,L,Amazon source-local
J0079-SKD-S,J0079-SKD-S,J0079,Set,S,Amazon source-local
J0079-SKD-XL,J0079-SKD-XL,J0079,Set,XL,Amazon source-local
J0079-SKD-XXXL,J0079-SKD-XXXL,J0079,Set,3XL,Amazon source-local
J0080-TP-L,J0080-TP-L,J0080,Top,L,Amazon source-local
J0080-TP-S,J0080-TP-S,J0080,Top,S,Amazon source-local
J0080-TP-XS,J0080-TP-XS,J0080,Top,XS,Amazon source-local
J0080-TP-XXL,J0080-TP-XXL,J0080,Top,XXL,Amazon source-local
J0081-DR-L,J0081-DR-L,J0081,Western Dress,L,Amazon source-local
J0081-DR-M,J0081-DR-M,J0081,Western Dress,M,Amazon source-local
J0081-DR-S,J0081-DR-S,J0081,Western Dress,S,Amazon source-local
J0081-DR-XL,J0081-DR-XL,J0081,Western Dress,XL,Amazon source-local
J0081-DR-XS,J0081-DR-XS,J0081,Western Dress,XS,Amazon source-local
J0081-DR-XXL,J0081-DR-XXL,J0081,Western Dress,XXL,Amazon source-local
J0081-DR-XXXL,J0081-DR-XXXL,J0081,Western Dress,3XL,Amazon source-local
J0082-TP-L,J0082-TP-L,J0082,Top,L,Amazon source-local
J0082-TP-S,J0082-TP-S,J0082,Top,S,Amazon source-local
J0082-TP-XL,J0082-TP-XL,J0082,Top,XL,Amazon source-local
J0082-TP-XS,J0082-TP-XS,J0082,Top,XS,Amazon source-local
J0082-TP-XXL,J0082-TP-XXL,J0082,Top,XXL,Amazon source-local
J0083-KR-L,J0083-KR-L,J0083,kurta,L,Amazon source-local
J0083-KR-M,J0083-KR-M,J0083,kurta,M,Amazon source-local
J0083-KR-S,J0083-KR-S,J0083,kurta,S,Amazon source-local
J0083-KR-XL,J0083-KR-XL,J0083,kurta,XL,Amazon source-local
J0083-KR-XS,J0083-KR-XS,J0083,kurta,XS,Amazon source-local
J0083-KR-XXL,J0083-KR-XXL,J0083,kurta,XXL,Amazon source-local
J0083-KR-XXXL,J0083-KR-XXXL,J0083,kurta,3XL,Amazon source-local
J0084-TP-M,J0084-TP-M,J0084,Top,M,Amazon source-local
J0084-TP-S,J0084-TP-S,J0084,Top,S,Amazon source-local
J0084-TP-XS,J0084-TP-XS,J0084,Top,XS,Amazon source-local
J0085-TP-L,J0085-TP-L,J0085,Top,L,Amazon source-local
J0085-TP-M,J0085-TP-M,J0085,Top,M,Amazon source-local
J0085-TP-S,J0085-TP-S,J0085,Top,S,Amazon source-local
J0085-TP-XL,J0085-TP-XL,J0085,Top,XL,Amazon source-local
J0085-TP-XS,J0085-TP-XS,J0085,Top,XS,Amazon source-local
J0085-TP-XXL,J0085-TP-XXL,J0085,Top,XXL,Amazon source-local
J0085-TP-XXXL,J0085-TP-XXXL,J0085,Top,3XL,Amazon source-local
J0086-DR-XL,J0086-DR-XL,J0086,Ethnic Dress,XL,Amazon source-local
J0086-DR-XS,J0086-DR-XS,J0086,Ethnic Dress,XS,Amazon source-local
J0086-DR-XXXL,J0086-DR-XXXL,J0086,Ethnic Dress,3XL,Amazon source-local
J0087-TP-L,J0087-TP-L,J0087,Top,L,Amazon source-local
J0087-TP-M,J0087-TP-M,J0087,Top,M,Amazon source-local
J0087-TP-S,J0087-TP-S,J0087,Top,S,Amazon source-local
J0087-TP-XL,J0087-TP-XL,J0087,Top,XL,Amazon source-local
J0087-TP-XS,J0087-TP-XS,J0087,Top,XS,Amazon source-local
J0087-TP-XXL,J0087-TP-XXL,J0087,Top,XXL,Amazon source-local
J0087-TP-XXXL,J0087-TP-XXXL,J0087,Top,3XL,Amazon source-local
J0088-TP-L,J0088-TP-L,J0088,Top,L,Amazon source-local
J0088-TP-M,J0088-TP-M,J0088,Top,M,Amazon source-local
J0088-TP-S,J0088-TP-S,J0088,Top,S,Amazon source-local
J0088-TP-XL,J0088-TP-XL,J0088,Top,XL,Amazon source-local
J0088-TP-XS,J0088-TP-XS,J0088,Top,XS,Amazon source-local
J0088-TP-XXL,J0088-TP-XXL,J0088,Top,XXL,Amazon source-local
J0088-TP-XXXL,J0088-TP-XXXL,J0088,Top,3XL,Amazon source-local
J0089-TP-L,J0089-TP-L,J0089,Top,L,Amazon source-local
J0089-TP-M,J0089-TP-M,J0089,Top,M,Amazon source-local
J0089-TP-S,J0089-TP-S,J0089,Top,S,Amazon source-local
J0089-TP-XL,J0089-TP-XL,J0089,Top,XL,Amazon source-local
J0089-TP-XS,J0089-TP-XS,J0089,Top,XS,Amazon source-local
J0089-TP-XXL,J0089-TP-XXL,J0089,Top,XXL,Amazon source-local
J0089-TP-XXXL,J0089-TP-XXXL,J0089,Top,3XL,Amazon source-local
J0090-TP-L,J0090-TP-L,J0090,Top,L,Amazon source-local
J0090-TP-M,J0090-TP-M,J0090,Top,M,Amazon source-local
J0090-TP-S,J0090-TP-S,J0090,Top,S,Amazon source-local
J0090-TP-XL,J0090-TP-XL,J0090,Top,XL,Amazon source-local
J0090-TP-XS,J0090-TP-XS,J0090,Top,XS,Amazon source-local
J0090-TP-XXL,J0090-TP-XXL,J0090,Top,XXL,Amazon source-local
J0090-TP-XXXL,J0090-TP-XXXL,J0090,Top,3XL,Amazon source-local
J0091-TP-L,J0091-TP-L,J0091,Top,L,Amazon source-local
J0091-TP-M,J0091-TP-M,J0091,Top,M,Amazon source-local
J0091-TP-S,J0091-TP-S,J0091,Top,S,Amazon source-local
J0091-TP-XL,J0091-TP-XL,J0091,Top,XL,Amazon source-local
J0091-TP-XS,J0091-TP-XS,J0091,Top,XS,Amazon source-local
J0091-TP-XXL,J0091-TP-XXL,J0091,Top,XXL,Amazon source-local
J0091-TP-XXXL,J0091-TP-XXXL,J0091,Top,3XL,Amazon source-local
J0092-SET-L,J0092-SET-L,J0092,Set,L,Amazon source-local
J0092-SET-M,J0092-SET-M,J0092,Set,M,Amazon source-local
J0092-SET-S,J0092-SET-S,J0092,Set,S,Amazon source-local
J0092-SET-XL,J0092-SET-XL,J0092,Set,XL,Amazon source-local
J0092-SET-XS,J0092-SET-XS,J0092,Set,XS,Amazon source-local
J0092-SET-XXL,J0092-SET-XXL,J0092,Set,XXL,Amazon source-local
J0092-SET-XXXL,J0092-SET-XXXL,J0092,Set,3XL,Amazon source-local
J0093-DR-L,J0093-DR-L,J0093,Ethnic Dress,L,Amazon source-local
J0093-DR-M,J0093-DR-M,J0093,Ethnic Dress,M,Amazon source-local
J0093-DR-S,J0093-DR-S,J0093,Ethnic Dress,S,Amazon source-local
J0093-DR-XS,J0093-DR-XS,J0093,Ethnic Dress,XS,Amazon source-local
J0093-DR-XXL,J0093-DR-XXL,J0093,Ethnic Dress,XXL,Amazon source-local
J0094-KR-L,J0094-KR-L,J0094,kurta,L,Amazon source-local
J0094-KR-M,J0094-KR-M,J0094,kurta,M,Amazon source-local
J0094-KR-S,J0094-KR-S,J0094,kurta,S,Amazon source-local
J0094-KR-XL,J0094-KR-XL,J0094,kurta,XL,Amazon source-local
J0094-KR-XS,J0094-KR-XS,J0094,kurta,XS,Amazon source-local
J0094-KR-XXL,J0094-KR-XXL,J0094,kurta,XXL,Amazon source-local
J0094-KR-XXXL,J0094-KR-XXXL,J0094,kurta,3XL,Amazon source-local
J0095-SET-L,J0095-SET-L,J0095,Set,L,Amazon source-local
J0095-SET-M,J0095-SET-M,J0095,Set,M,Amazon source-local
J0095-SET-S,J0095-SET-S,J0095,Set,S,Amazon source-local
J0095-SET-XL,J0095-SET-XL,J0095,Set,XL,Amazon source-local
J0095-SET-XS,J0095-SET-XS,J0095,Set,XS,Amazon source-local
J0095-SET-XXL,J0095-SET-XXL,J0095,Set,XXL,Amazon source-local
J0095-SET-XXXL,J0095-SET-XXXL,J0095,Set,3XL,Amazon source-local
J0096-KR-L,J0096-KR-L,J0096,kurta,L,Amazon source-local
J0096-KR-M,J0096-KR-M,J0096,kurta,M,Amazon source-local
J0096-KR-S,J0096-KR-S,J0096,kurta,S,Amazon source-local
J0096-KR-XL,J0096-KR-XL,J0096,kurta,XL,Amazon source-local
J0096-KR-XS,J0096-KR-XS,J0096,kurta,XS,Amazon source-local
J0096-KR-XXL,J0096-KR-XXL,J0096,kurta,XXL,Amazon source-local
J0096-KR-XXXL,J0096-KR-XXXL,J0096,kurta,3XL,Amazon source-local
J0097-KR-L,J0097-KR-L,J0097,kurta,L,Amazon source-local
J0097-KR-M,J0097-KR-M,J0097,kurta,M,Amazon source-local
J0097-KR-S,J0097-KR-S,J0097,kurta,S,Amazon source-local
J0097-KR-XL,J0097-KR-XL,J0097,kurta,XL,Amazon source-local
J0097-KR-XS,J0097-KR-XS,J0097,kurta,XS,Amazon source-local
J0097-KR-XXL,J0097-KR-XXL,J0097,kurta,XXL,Amazon source-local
J0097-KR-XXXL,J0097-KR-XXXL,J0097,kurta,3XL,Amazon source-local
J0098-TP-L,J0098-TP-L,J0098,Top,L,Amazon source-local
J0098-TP-M,J0098-TP-M,J0098,Top,M,Amazon source-local
J0098-TP-S,J0098-TP-S,J0098,Top,S,Amazon source-local
J0098-TP-XS,J0098-TP-XS,J0098,Top,XS,Amazon source-local
J0098-TP-XXL,J0098-TP-XXL,J0098,Top,XXL,Amazon source-local
J0098-TP-XXXL,J0098-TP-XXXL,J0098,Top,3XL,Amazon source-local
J0100-DR-S,J0100-DR-S,J0100,Western Dress,S,Amazon source-local
J0100-DR-XS,J0100-DR-XS,J0100,Western Dress,XS,Amazon source-local
J0100-DR-XXL,J0100-DR-XXL,J0100,Western Dress,XXL,Amazon source-local
J0100-DR-XXXL,J0100-DR-XXXL,J0100,Western Dress,3XL,Amazon source-local
J0101-DR-A-M,J0101-DR-A-M,J0101,Ethnic Dress,M,Amazon source-local
J0101-DR-A-XL,J0101-DR-A-XL,J0101,Ethnic Dress,XL,Amazon source-local
J0101-DR-A-XXXL,J0101-DR-A-XXXL,J0101,Ethnic Dress,3XL,Amazon source-local
J0101-DR-L,J0101-DR-L,J0101,Ethnic Dress,L,Amazon source-local
J0101-DR-S,J0101-DR-S,J0101,Ethnic Dress,S,Amazon source-local
J0101-DR-XS,J0101-DR-XS,J0101,Ethnic Dress,XS,Amazon source-local
J0101-DR-XXL,J0101-DR-XXL,J0101,Ethnic Dress,XXL,Amazon source-local
J0102-SKD-L,J0102-SKD-L,J0102,Set,L,Amazon source-local
J0102-SKD-M,J0102-SKD-M,J0102,Set,M,Amazon source-local
J0102-SKD-S,J0102-SKD-S,J0102,Set,S,Amazon source-local
J0102-SKD-XL,J0102-SKD-XL,J0102,Set,XL,Amazon source-local
J0102-SKD-XS,J0102-SKD-XS,J0102,Set,XS,Amazon source-local
J0102-SKD-XXL,J0102-SKD-XXL,J0102,Set,XXL,Amazon source-local
J0102-SKD-XXXL,J0102-SKD-XXXL,J0102,Set,3XL,Amazon source-local
J0103-SKD-A-M,J0103-SKD-A-M,J0103,Set,M,Amazon source-local
J0103-SKD-L,J0103-SKD-L,J0103,Set,L,Amazon source-local
J0103-SKD-S,J0103-SKD-S,J0103,Set,S,Amazon source-local
J0103-SKD-XL,J0103-SKD-XL,J0103,Set,XL,Amazon source-local
J0103-SKD-XS,J0103-SKD-XS,J0103,Set,XS,Amazon source-local
J0103-SKD-XXL,J0103-SKD-XXL,J0103,Set,XXL,Amazon source-local
J0103-SKD-XXXL,J0103-SKD-XXXL,J0103,Set,3XL,Amazon source-local
J0104-KR-M,J0104-KR-M,J0104,kurta,M,Amazon source-local
J0104-KR-S,J0104-KR-S,J0104,kurta,S,Amazon source-local
J0104-KR-XL,J0104-KR-XL,J0104,kurta,XL,Amazon source-local
J0104-KR-XS,J0104-KR-XS,J0104,kurta,XS,Amazon source-local
J0104-KR-XXL,J0104-KR-XXL,J0104,kurta,XXL,Amazon source-local
J0105-KR-L,J0105-KR-L,J0105,Western Dress,L,Amazon source-local
J0105-KR-M,J0105-KR-M,J0105,Western Dress,M,Amazon source-local
J0105-KR-S,J0105-KR-S,J0105,Western Dress,S,Amazon source-local
J0105-KR-XL,J0105-KR-XL,J0105,Western Dress,XL,Amazon source-local
J0105-KR-XS,J0105-KR-XS,J0105,Western Dress,XS,Amazon source-local
J0105-KR-XXL,J0105-KR-XXL,J0105,Western Dress,XXL,Amazon source-local
J0105-KR-XXXL,J0105-KR-XXXL,J0105,Western Dress,3XL,Amazon source-local
J0106-KR-L,J0106-KR-L,J0106,Western Dress,L,Amazon source-local
J0106-KR-M,J0106-KR-M,J0106,Western Dress,M,Amazon source-local
J0106-KR-S,J0106-KR-S,J0106,Western Dress,S,Amazon source-local
J0106-KR-XL,J0106-KR-XL,J0106,Western Dress,XL,Amazon source-local
J0106-KR-XS,J0106-KR-XS,J0106,Western Dress,XS,Amazon source-local
J0106-KR-XXL,J0106-KR-XXL,J0106,Western Dress,XXL,Amazon source-local
J0106-KR-XXXL,J0106-KR-XXXL,J0106,Western Dress,3XL,Amazon source-local
J0108-SKD-L,J0108-SKD-L,J0108,Set,L,Amazon source-local
J0108-SKD-M,J0108-SKD-M,J0108,Set,M,Amazon source-local
J0108-SKD-S,J0108-SKD-S,J0108,Set,S,Amazon source-local
J0108-SKD-XL,J0108-SKD-XL,J0108,Set,XL,Amazon source-local
J0108-SKD-XS,J0108-SKD-XS,J0108,Set,XS,Amazon source-local
J0108-SKD-XXL,J0108-SKD-XXL,J0108,Set,XXL,Amazon source-local
J0108-SKD-XXXL,J0108-SKD-XXXL,J0108,Set,3XL,Amazon source-local
J0109-SKD-L,J0109-SKD-L,J0109,Set,L,Amazon source-local
J0109-SKD-M,J0109-SKD-M,J0109,Set,M,Amazon source-local
J0109-SKD-S,J0109-SKD-S,J0109,Set,S,Amazon source-local
J0109-SKD-XL,J0109-SKD-XL,J0109,Set,XL,Amazon source-local
J0109-SKD-XS,J0109-SKD-XS,J0109,Set,XS,Amazon source-local
J0109-SKD-XXL,J0109-SKD-XXL,J0109,Set,XXL,Amazon source-local
J0109-SKD-XXXL,J0109-SKD-XXXL,J0109,Set,3XL,Amazon source-local
J0110-SKD-L,J0110-SKD-L,J0110,Set,L,Amazon source-local
J0110-SKD-M,J0110-SKD-M,J0110,Set,M,Amazon source-local
J0110-SKD-S,J0110-SKD-S,J0110,Set,S,Amazon source-local
J0110-SKD-XL,J0110-SKD-XL,J0110,Set,XL,Amazon source-local
J0110-SKD-XXL,J0110-SKD-XXL,J0110,Set,XXL,Amazon source-local
J0111-TP-L,J0111-TP-L,J0111,Top,L,Amazon source-local
J0111-TP-M,J0111-TP-M,J0111,Top,M,Amazon source-local
J0111-TP-S,J0111-TP-S,J0111,Top,S,Amazon source-local
J0111-TP-XL,J0111-TP-XL,J0111,Top,XL,Amazon source-local
J0111-TP-XS,J0111-TP-XS,J0111,Top,XS,Amazon source-local
J0111-TP-XXL,J0111-TP-XXL,J0111,Top,XXL,Amazon source-local
J0111-TP-XXXL,J0111-TP-XXXL,J0111,Top,3XL,Amazon source-local
J0112-TP-L,J0112-TP-L,J0112,Top,L,Amazon source-local
J0112-TP-M,J0112-TP-M,J0112,Top,M,Amazon source-local
J0112-TP-S,J0112-TP-S,J0112,Top,S,Amazon source-local
J0112-TP-XL,J0112-TP-XL,J0112,Top,XL,Amazon source-local
J0112-TP-XS,J0112-TP-XS,J0112,Top,XS,Amazon source-local
J0112-TP-XXL,J0112-TP-XXL,J0112,Top,XXL,Amazon source-local
J0112-TP-XXXL,J0112-TP-XXXL,J0112,Top,3XL,Amazon source-local
J0113-TP-L,J0113-TP-L,J0113,Top,L,Amazon source-local
J0113-TP-M,J0113-TP-M,J0113,Top,M,Amazon source-local
J0113-TP-S,J0113-TP-S,J0113,Top,S,Amazon source-local
J0113-TP-XL,J0113-TP-XL,J0113,Top,XL,Amazon source-local
J0113-TP-XS,J0113-TP-XS,J0113,Top,XS,Amazon source-local
J0113-TP-XXL,J0113-TP-XXL,J0113,Top,XXL,Amazon source-local
J0113-TP-XXXL,J0113-TP-XXXL,J0113,Top,3XL,Amazon source-local
J0114-TP-M,J0114-TP-M,J0114,Top,M,Amazon source-local
J0114-TP-S,J0114-TP-S,J0114,Top,S,Amazon source-local
J0114-TP-XS,J0114-TP-XS,J0114,Top,XS,Amazon source-local
J0115-TP-XXL,J0115-TP-XXL,J0115,Top,XXL,Amazon source-local
J0116-TP-M,J0116-TP-M,J0116,Top,M,Amazon source-local
J0116-TP-S,J0116-TP-S,J0116,Top,S,Amazon source-local
J0116-TP-XS,J0116-TP-XS,J0116,Top,XS,Amazon source-local
J0116-TP-XXL,J0116-TP-XXL,J0116,Top,XXL,Amazon source-local
J0117-TP-A-XXXL,J0117-TP-A-XXXL,J0117,Top,3XL,Amazon source-local
J0117-TP-M,J0117-TP-M,J0117,Top,M,Amazon source-local
J0117-TP-S,J0117-TP-S,J0117,Top,S,Amazon source-local
J0117-TP-XL,J0117-TP-XL,J0117,Top,XL,Amazon source-local
J0117-TP-XS,J0117-TP-XS,J0117,Top,XS,Amazon source-local
J0117-TP-XXL,J0117-TP-XXL,J0117,Top,XXL,Amazon source-local
J0117-TP-XXXL,J0117-TP-XXXL,J0117,Top,3XL,Amazon source-local
J0118-TP-L,J0118-TP-L,J0118,Top,L,Amazon source-local
J0118-TP-M,J0118-TP-M,J0118,Top,M,Amazon source-local
J0118-TP-S,J0118-TP-S,J0118,Top,S,Amazon source-local
J0118-TP-XL,J0118-TP-XL,J0118,Top,XL,Amazon source-local
J0118-TP-XS,J0118-TP-XS,J0118,Top,XS,Amazon source-local
J0118-TP-XXL,J0118-TP-XXL,J0118,Top,XXL,Amazon source-local
J0118-TP-XXXL,J0118-TP-XXXL,J0118,Top,3XL,Amazon source-local
J0119-TP-L,J0119-TP-L,J0119,Top,L,Amazon source-local
J0119-TP-M,J0119-TP-M,J0119,Top,M,Amazon source-local
J0119-TP-S,J0119-TP-S,J0119,Top,S,Amazon source-local
J0119-TP-XL,J0119-TP-XL,J0119,Top,XL,Amazon source-local
J0119-TP-XS,J0119-TP-XS,J0119,Top,XS,Amazon source-local
J0119-TP-XXL,J0119-TP-XXL,J0119,Top,XXL,Amazon source-local
J0119-TP-XXXL,J0119-TP-XXXL,J0119,Top,3XL,Amazon source-local
J0120-TP-L,J0120-TP-L,J0120,Top,L,Amazon source-local
J0120-TP-M,J0120-TP-M,J0120,Top,M,Amazon source-local
J0120-TP-S,J0120-TP-S,J0120,Top,S,Amazon source-local
J0120-TP-XL,J0120-TP-XL,J0120,Top,XL,Amazon source-local
J0120-TP-XS,J0120-TP-XS,J0120,Top,XS,Amazon source-local
J0120-TP-XXL,J0120-TP-XXL,J0120,Top,XXL,Amazon source-local
J0120-TP-XXXL,J0120-TP-XXXL,J0120,Top,3XL,Amazon source-local
J0121-TP-L,J0121-TP-L,J0121,Top,L,Amazon source-local
J0121-TP-S,J0121-TP-S,J0121,Top,S,Amazon source-local
J0122-TP-L,J0122-TP-L,J0122,Top,L,Amazon source-local
J0122-TP-M,J0122-TP-M,J0122,Top,M,Amazon source-local
J0122-TP-S,J0122-TP-S,J0122,Top,S,Amazon source-local
J0122-TP-XL,J0122-TP-XL,J0122,Top,XL,Amazon source-local
J0122-TP-XS,J0122-TP-XS,J0122,Top,XS,Amazon source-local
J0122-TP-XXL,J0122-TP-XXL,J0122,Top,XXL,Amazon source-local
J0122-TP-XXXL,J0122-TP-XXXL,J0122,Top,3XL,Amazon source-local
J0123-TP-M,J0123-TP-M,J0123,Top,M,Amazon source-local
J0123-TP-XL,J0123-TP-XL,J0123,Top,XL,Amazon source-local
J0123-TP-XS,J0123-TP-XS,J0123,Top,XS,Amazon source-local
J0123-TP-XXL,J0123-TP-XXL,J0123,Top,XXL,Amazon source-local
J0123-TP-XXXL,J0123-TP-XXXL,J0123,Top,3XL,Amazon source-local
J0124-TP-L,J0124-TP-L,J0124,Top,L,Amazon source-local
J0124-TP-M,J0124-TP-M,J0124,Top,M,Amazon source-local
J0124-TP-S,J0124-TP-S,J0124,Top,S,Amazon source-local
J0124-TP-XL,J0124-TP-XL,J0124,Top,XL,Amazon source-local
J0124-TP-XS,J0124-TP-XS,J0124,Top,XS,Amazon source-local
J0124-TP-XXL,J0124-TP-XXL,J0124,Top,XXL,Amazon source-local
J0124-TP-XXXL,J0124-TP-XXXL,J0124,Top,3XL,Amazon source-local
J0126-SKD-L,J0126-SKD-L,J0126,Set,L,Amazon source-local
J0126-SKD-M,J0126-SKD-M,J0126,Set,M,Amazon source-local
J0126-SKD-S,J0126-SKD-S,J0126,Set,S,Amazon source-local
J0126-SKD-XL,J0126-SKD-XL,J0126,Set,XL,Amazon source-local
J0126-SKD-XS,J0126-SKD-XS,J0126,Set,XS,Amazon source-local
J0126-SKD-XXL,J0126-SKD-XXL,J0126,Set,XXL,Amazon source-local
J0126-SKD-XXXL,J0126-SKD-XXXL,J0126,Set,3XL,Amazon source-local
J0127-SKD-L,J0127-SKD-L,J0127,Set,L,Amazon source-local
J0127-SKD-M,J0127-SKD-M,J0127,Set,M,Amazon source-local
J0127-SKD-S,J0127-SKD-S,J0127,Set,S,Amazon source-local
J0127-SKD-XL,J0127-SKD-XL,J0127,Set,XL,Amazon source-local
J0127-SKD-XS,J0127-SKD-XS,J0127,Set,XS,Amazon source-local
J0127-SKD-XXL,J0127-SKD-XXL,J0127,Set,XXL,Amazon source-local
J0127-SKD-XXXL,J0127-SKD-XXXL,J0127,Set,3XL,Amazon source-local
J0129-SET-S,J0129-SET-S,J0129,Set,S,Amazon source-local
J0129-SET-XS,J0129-SET-XS,J0129,Set,XS,Amazon source-local
J0130-SET-L,J0130-SET-L,J0130,Set,L,Amazon source-local
J0130-SET-M,J0130-SET-M,J0130,Set,M,Amazon source-local
J0130-SET-S,J0130-SET-S,J0130,Set,S,Amazon source-local
J0130-SET-XL,J0130-SET-XL,J0130,Set,XL,Amazon source-local
J0130-SET-XS,J0130-SET-XS,J0130,Set,XS,Amazon source-local
J0130-SET-XXL,J0130-SET-XXL,J0130,Set,XXL,Amazon source-local
J0130-SET-XXXL,J0130-SET-XXXL,J0130,Set,3XL,Amazon source-local
J0131-KR-A-M,J0131-KR-A-M,J0131,kurta,M,Amazon source-local
J0131-KR-L,J0131-KR-L,J0131,kurta,L,Amazon source-local
J0131-KR-S,J0131-KR-S,J0131,kurta,S,Amazon source-local
J0131-KR-XL,J0131-KR-XL,J0131,kurta,XL,Amazon source-local
J0131-KR-XS,J0131-KR-XS,J0131,kurta,XS,Amazon source-local
J0131-KR-XXL,J0131-KR-XXL,J0131,kurta,XXL,Amazon source-local
J0131-KR-XXXL,J0131-KR-XXXL,J0131,kurta,3XL,Amazon source-local
J0132-KR-L,J0132-KR-L,J0132,kurta,L,Amazon source-local
J0132-KR-XL,J0132-KR-XL,J0132,kurta,XL,Amazon source-local
J0132-KR-XS,J0132-KR-XS,J0132,kurta,XS,Amazon source-local
J0132-KR-XXL,J0132-KR-XXL,J0132,kurta,XXL,Amazon source-local
J0132-KR-XXXL,J0132-KR-XXXL,J0132,kurta,3XL,Amazon source-local
J0133-KR-A-L,J0133-KR-A-L,J0133,kurta,L,Amazon source-local
J0133-KR-A-M,J0133-KR-A-M,J0133,kurta,M,Amazon source-local
J0133-KR-A-XL,J0133-KR-A-XL,J0133,kurta,XL,Amazon source-local
J0133-KR-XS,J0133-KR-XS,J0133,kurta,XS,Amazon source-local
J0133-KR-XXL,J0133-KR-XXL,J0133,kurta,XXL,Amazon source-local
J0133-KR-XXXL,J0133-KR-XXXL,J0133,kurta,3XL,Amazon source-local
J0134-SET-L,J0134-SET-L,J0134,Set,L,Amazon source-local
J0134-SET-M,J0134-SET-M,J0134,Set,M,Amazon source-local
J0134-SET-S,J0134-SET-S,J0134,Set,S,Amazon source-local
J0134-SET-XL,J0134-SET-XL,J0134,Set,XL,Amazon source-local
J0134-SET-XS,J0134-SET-XS,J0134,Set,XS,Amazon source-local
J0134-SET-XXL,J0134-SET-XXL,J0134,Set,XXL,Amazon source-local
J0134-SET-XXXL,J0134-SET-XXXL,J0134,Set,3XL,Amazon source-local
J0135-SET-L,J0135-SET-L,J0135,Set,L,Amazon source-local
J0135-SET-M,J0135-SET-M,J0135,Set,M,Amazon source-local
J0135-SET-S,J0135-SET-S,J0135,Set,S,Amazon source-local
J0135-SET-XL,J0135-SET-XL,J0135,Set,XL,Amazon source-local
J0135-SET-XS,J0135-SET-XS,J0135,Set,XS,Amazon source-local
J0135-SET-XXL,J0135-SET-XXL,J0135,Set,XXL,Amazon source-local
J0135-SET-XXXL,J0135-SET-XXXL,J0135,Set,3XL,Amazon source-local
J0136-KR-M,J0136-KR-M,J0136,kurta,M,Amazon source-local
J0136-KR-S,J0136-KR-S,J0136,kurta,S,Amazon source-local
J0136-KR-XL,J0136-KR-XL,J0136,kurta,XL,Amazon source-local
J0136-KR-XS,J0136-KR-XS,J0136,kurta,XS,Amazon source-local
J0136-KR-XXL,J0136-KR-XXL,J0136,kurta,XXL,Amazon source-local
J0136-KR-XXXL,J0136-KR-XXXL,J0136,kurta,3XL,Amazon source-local
J0137-SET-L,J0137-SET-L,J0137,Set,L,Amazon source-local
J0137-SET-M,J0137-SET-M,J0137,Set,M,Amazon source-local
J0137-SET-S,J0137-SET-S,J0137,Set,S,Amazon source-local
J0137-SET-XL,J0137-SET-XL,J0137,Set,XL,Amazon source-local
J0137-SET-XS,J0137-SET-XS,J0137,Set,XS,Amazon source-local
J0137-SET-XXL,J0137-SET-XXL,J0137,Set,XXL,Amazon source-local
J0137-SET-XXXL,J0137-SET-XXXL,J0137,Set,3XL,Amazon source-local
J0138-KR-M,J0138-KR-M,J0138,kurta,M,Amazon source-local
J0138-KR-S,J0138-KR-S,J0138,kurta,S,Amazon source-local
J0138-KR-XS,J0138-KR-XS,J0138,kurta,XS,Amazon source-local
J0138-KR-XXL,J0138-KR-XXL,J0138,kurta,XXL,Amazon source-local
J0139-KR-L,J0139-KR-L,J0139,kurta,L,Amazon source-local
J0139-KR-M,J0139-KR-M,J0139,kurta,M,Amazon source-local
J0139-KR-S,J0139-KR-S,J0139,kurta,S,Amazon source-local
J0139-KR-XL,J0139-KR-XL,J0139,kurta,XL,Amazon source-local
J0139-KR-XS,J0139-KR-XS,J0139,kurta,XS,Amazon source-local
J0139-KR-XXL,J0139-KR-XXL,J0139,kurta,XXL,Amazon source-local
J0139-KR-XXXL,J0139-KR-XXXL,J0139,kurta,3XL,Amazon source-local
J0140-SET-L,J0140-SET-L,J0140,Set,L,Amazon source-local
J0140-SET-M,J0140-SET-M,J0140,Set,M,Amazon source-local
J0140-SET-S,J0140-SET-S,J0140,Set,S,Amazon source-local
J0140-SET-XL,J0140-SET-XL,J0140,Set,XL,Amazon source-local
J0140-SET-XXL,J0140-SET-XXL,J0140,Set,XXL,Amazon source-local
J0140-SET-XXXL,J0140-SET-XXXL,J0140,Set,3XL,Amazon source-local
J0141-KR-XXL,J0141-KR-XXL,J0141,kurta,XXL,Amazon source-local
J0142-KR-L,J0142-KR-L,J0142,kurta,L,Amazon source-local
J0142-KR-M,J0142-KR-M,J0142,kurta,M,Amazon source-local
J0142-KR-S,J0142-KR-S,J0142,kurta,S,Amazon source-local
J0142-KR-XL,J0142-KR-XL,J0142,kurta,XL,Amazon source-local
J0142-KR-XS,J0142-KR-XS,J0142,kurta,XS,Amazon source-local
J0142-KR-XXXL,J0142-KR-XXXL,J0142,kurta,3XL,Amazon source-local
J0143-SET-A-L,J0143-SET-A-L,J0143,Set,L,Amazon source-local
J0143-SET-A-S,J0143-SET-A-S,J0143,Set,S,Amazon source-local
J0143-SET-A-XS,J0143-SET-A-XS,J0143,Set,XS,Amazon source-local
J0143-SET-A-XXL,J0143-SET-A-XXL,J0143,Set,XXL,Amazon source-local
J0143-SET-A-XXXL,J0143-SET-A-XXXL,J0143,Set,3XL,Amazon source-local
J0144-SET-S,J0144-SET-S,J0144,Set,S,Amazon source-local
J0144-SET-XS,J0144-SET-XS,J0144,Set,XS,Amazon source-local
J0144-SET-XXL,J0144-SET-XXL,J0144,Set,XXL,Amazon source-local
J0145-SET-L,J0145-SET-L,J0145,Set,L,Amazon source-local
J0145-SET-M,J0145-SET-M,J0145,Set,M,Amazon source-local
J0145-SET-S,J0145-SET-S,J0145,Set,S,Amazon source-local
J0145-SET-XS,J0145-SET-XS,J0145,Set,XS,Amazon source-local
J0145-SET-XXL,J0145-SET-XXL,J0145,Set,XXL,Amazon source-local
J0145-SET-XXXL,J0145-SET-XXXL,J0145,Set,3XL,Amazon source-local
J0147-SET-L,J0147-SET-L,J0147,Set,L,Amazon source-local
J0147-SET-M,J0147-SET-M,J0147,Set,M,Amazon source-local
J0147-SET-XL,J0147-SET-XL,J0147,Set,XL,Amazon source-local
J0147-SET-XS,J0147-SET-XS,J0147,Set,XS,Amazon source-local
J0147-SET-XXL,J0147-SET-XXL,J0147,Set,XXL,Amazon source-local
J0147-SET-XXXL,J0147-SET-XXXL,J0147,Set,3XL,Amazon source-local
J0148-SET-L,J0148-SET-L,J0148,Set,L,Amazon source-local
J0148-SET-M,J0148-SET-M,J0148,Set,M,Amazon source-local
J0148-SET-S,J0148-SET-S,J0148,Set,S,Amazon source-local
J0148-SET-XL,J0148-SET-XL,J0148,Set,XL,Amazon source-local
J0148-SET-XS,J0148-SET-XS,J0148,Set,XS,Amazon source-local
J0148-SET-XXL,J0148-SET-XXL,J0148,Set,XXL,Amazon source-local
J0148-SET-XXXL,J0148-SET-XXXL,J0148,Set,3XL,Amazon source-local
J0149-KR-S,J0149-KR-S,J0149,kurta,S,Amazon source-local
J0149-KR-XS,J0149-KR-XS,J0149,kurta,XS,Amazon source-local
J0150-KR-L,J0150-KR-L,J0150,kurta,L,Amazon source-local
J0150-KR-M,J0150-KR-M,J0150,kurta,M,Amazon source-local
J0150-KR-S,J0150-KR-S,J0150,kurta,S,Amazon source-local
J0150-KR-XS,J0150-KR-XS,J0150,kurta,XS,Amazon source-local
J0150-KR-XXL,J0150-KR-XXL,J0150,kurta,XXL,Amazon source-local
J0150-KR-XXXL,J0150-KR-XXXL,J0150,kurta,3XL,Amazon source-local
J0151-KR-A-M,J0151-KR-A-M,J0151,kurta,M,Amazon source-local
J0151-KR-A-XL,J0151-KR-A-XL,J0151,kurta,XL,Amazon source-local
J0151-KR-A-XXXL,J0151-KR-A-XXXL,J0151,kurta,3XL,Amazon source-local
J0151-KR-L,J0151-KR-L,J0151,kurta,L,Amazon source-local
J0151-KR-S,J0151-KR-S,J0151,kurta,S,Amazon source-local
J0151-KR-XS,J0151-KR-XS,J0151,kurta,XS,Amazon source-local
J0151-KR-XXL,J0151-KR-XXL,J0151,kurta,XXL,Amazon source-local
J0152-DR-L,J0152-DR-L,J0152,Western Dress,L,Amazon source-local
J0152-DR-M,J0152-DR-M,J0152,Western Dress,M,Amazon source-local
J0152-DR-S,J0152-DR-S,J0152,Western Dress,S,Amazon source-local
J0152-DR-XL,J0152-DR-XL,J0152,Western Dress,XL,Amazon source-local
J0152-DR-XS,J0152-DR-XS,J0152,Western Dress,XS,Amazon source-local
J0152-DR-XXL,J0152-DR-XXL,J0152,Western Dress,XXL,Amazon source-local
J0153-DR-L,J0153-DR-L,J0153,Western Dress,L,Amazon source-local
J0153-DR-M,J0153-DR-M,J0153,Western Dress,M,Amazon source-local
J0153-DR-S,J0153-DR-S,J0153,Western Dress,S,Amazon source-local
J0153-DR-XL,J0153-DR-XL,J0153,Western Dress,XL,Amazon source-local
J0153-DR-XS,J0153-DR-XS,J0153,Western Dress,XS,Amazon source-local
J0153-DR-XXL,J0153-DR-XXL,J0153,Western Dress,XXL,Amazon source-local
J0153-DR-XXXL,J0153-DR-XXXL,J0153,Western Dress,3XL,Amazon source-local
J0154-DR-L,J0154-DR-L,J0154,Western Dress,L,Amazon source-local
J0154-DR-M,J0154-DR-M,J0154,Western Dress,M,Amazon source-local
J0154-DR-S,J0154-DR-S,J0154,Western Dress,S,Amazon source-local
J0154-DR-XL,J0154-DR-XL,J0154,Western Dress,XL,Amazon source-local
J0154-DR-XS,J0154-DR-XS,J0154,Western Dress,XS,Amazon source-local
J0154-DR-XXL,J0154-DR-XXL,J0154,Western Dress,XXL,Amazon source-local
J0154-DR-XXXL,J0154-DR-XXXL,J0154,Western Dress,3XL,Amazon source-local
J0155-KR-L,J0155-KR-L,J0155,kurta,L,Amazon source-local
J0155-KR-S,J0155-KR-S,J0155,kurta,S,Amazon source-local
J0155-KR-XL,J0155-KR-XL,J0155,kurta,XL,Amazon source-local
J0155-KR-XS,J0155-KR-XS,J0155,kurta,XS,Amazon source-local
J0155-KR-XXXL,J0155-KR-XXXL,J0155,kurta,3XL,Amazon source-local
J0157-DR-L,J0157-DR-L,J0157,Western Dress,L,Amazon source-local
J0157-DR-M,J0157-DR-M,J0157,Western Dress,M,Amazon source-local
J0157-DR-S,J0157-DR-S,J0157,Western Dress,S,Amazon source-local
J0157-DR-XL,J0157-DR-XL,J0157,Western Dress,XL,Amazon source-local
J0157-DR-XS,J0157-DR-XS,J0157,Western Dress,XS,Amazon source-local
J0157-DR-XXL,J0157-DR-XXL,J0157,Western Dress,XXL,Amazon source-local
J0157-DR-XXXL,J0157-DR-XXXL,J0157,Western Dress,3XL,Amazon source-local
J0158-DR-L,J0158-DR-L,J0158,Western Dress,L,Amazon source-local
J0158-DR-M,J0158-DR-M,J0158,Western Dress,M,Amazon source-local
J0158-DR-S,J0158-DR-S,J0158,Western Dress,S,Amazon source-local
J0158-DR-XL,J0158-DR-XL,J0158,Western Dress,XL,Amazon source-local
J0158-DR-XS,J0158-DR-XS,J0158,Western Dress,XS,Amazon source-local
J0158-DR-XXL,J0158-DR-XXL,J0158,Western Dress,XXL,Amazon source-local
J0158-DR-XXXL,J0158-DR-XXXL,J0158,Western Dress,3XL,Amazon source-local
J0159-DR-L,J0159-DR-L,J0159,Western Dress,L,Amazon source-local
J0159-DR-M,J0159-DR-M,J0159,Western Dress,M,Amazon source-local
J0159-DR-S,J0159-DR-S,J0159,Western Dress,S,Amazon source-local
J0159-DR-XS,J0159-DR-XS,J0159,Western Dress,XS,Amazon source-local
J0159-DR-XXL,J0159-DR-XXL,J0159,Western Dress,XXL,Amazon source-local
J0159-DR-XXXL,J0159-DR-XXXL,J0159,Western Dress,3XL,Amazon source-local
J0160-TP-L,J0160-TP-L,J0160,Top,L,Amazon source-local
J0160-TP-S,J0160-TP-S,J0160,Top,S,Amazon source-local
J0160-TP-XXL,J0160-TP-XXL,J0160,Top,XXL,Amazon source-local
J0161-DR-L,J0161-DR-L,J0161,Western Dress,L,Amazon source-local
J0161-DR-M,J0161-DR-M,J0161,Western Dress,M,Amazon source-local
J0161-DR-S,J0161-DR-S,J0161,Western Dress,S,Amazon source-local
J0161-DR-XL,J0161-DR-XL,J0161,Western Dress,XL,Amazon source-local
J0161-DR-XS,J0161-DR-XS,J0161,Western Dress,XS,Amazon source-local
J0161-DR-XXL,J0161-DR-XXL,J0161,Western Dress,XXL,Amazon source-local
J0161-DR-XXXL,J0161-DR-XXXL,J0161,Western Dress,3XL,Amazon source-local
J0162-SKD-L,J0162-SKD-L,J0162,Set,L,Amazon source-local
J0162-SKD-M,J0162-SKD-M,J0162,Set,M,Amazon source-local
J0162-SKD-S,J0162-SKD-S,J0162,Set,S,Amazon source-local
J0162-SKD-XL,J0162-SKD-XL,J0162,Set,XL,Amazon source-local
J0162-SKD-XS,J0162-SKD-XS,J0162,Set,XS,Amazon source-local
J0162-SKD-XXL,J0162-SKD-XXL,J0162,Set,XXL,Amazon source-local
J0162-SKD-XXXL,J0162-SKD-XXXL,J0162,Set,3XL,Amazon source-local
J0163-SKD-L,J0163-SKD-L,J0163,Set,L,Amazon source-local
J0163-SKD-M,J0163-SKD-M,J0163,Set,M,Amazon source-local
J0163-SKD-S,J0163-SKD-S,J0163,Set,S,Amazon source-local
J0163-SKD-XL,J0163-SKD-XL,J0163,Set,XL,Amazon source-local
J0163-SKD-XS,J0163-SKD-XS,J0163,Set,XS,Amazon source-local
J0163-SKD-XXL,J0163-SKD-XXL,J0163,Set,XXL,Amazon source-local
J0163-SKD-XXXL,J0163-SKD-XXXL,J0163,Set,3XL,Amazon source-local
J0164-DR-L,J0164-DR-L,J0164,Ethnic Dress,L,Amazon source-local
J0164-DR-M,J0164-DR-M,J0164,Ethnic Dress,M,Amazon source-local
J0164-DR-S,J0164-DR-S,J0164,Ethnic Dress,S,Amazon source-local
J0164-DR-XL,J0164-DR-XL,J0164,Ethnic Dress,XL,Amazon source-local
J0164-DR-XS,J0164-DR-XS,J0164,Ethnic Dress,XS,Amazon source-local
J0164-DR-XXL,J0164-DR-XXL,J0164,Ethnic Dress,XXL,Amazon source-local
J0164-DR-XXXL,J0164-DR-XXXL,J0164,Ethnic Dress,3XL,Amazon source-local
J0165-TP-L,J0165-TP-L,J0165,Top,L,Amazon source-local
J0165-TP-M,J0165-TP-M,J0165,Top,M,Amazon source-local
J0165-TP-S,J0165-TP-S,J0165,Top,S,Amazon source-local
J0165-TP-XL,J0165-TP-XL,J0165,Top,XL,Amazon source-local
J0165-TP-XS,J0165-TP-XS,J0165,Top,XS,Amazon source-local
J0165-TP-XXL,J0165-TP-XXL,J0165,Top,XXL,Amazon source-local
J0165-TP-XXXL,J0165-TP-XXXL,J0165,Top,3XL,Amazon source-local
J0166-DR-M,J0166-DR-M,J0166,Western Dress,M,Amazon source-local
J0166-DR-S,J0166-DR-S,J0166,Western Dress,S,Amazon source-local
J0166-DR-XL,J0166-DR-XL,J0166,Western Dress,XL,Amazon source-local
J0166-DR-XS,J0166-DR-XS,J0166,Western Dress,XS,Amazon source-local
J0167-KR-L,J0167-KR-L,J0167,kurta,L,Amazon source-local
J0167-KR-M,J0167-KR-M,J0167,kurta,M,Amazon source-local
J0167-KR-S,J0167-KR-S,J0167,kurta,S,Amazon source-local
J0167-KR-XL,J0167-KR-XL,J0167,kurta,XL,Amazon source-local
J0167-KR-XS,J0167-KR-XS,J0167,kurta,XS,Amazon source-local
J0167-KR-XXL,J0167-KR-XXL,J0167,kurta,XXL,Amazon source-local
J0168-DR-L,J0168-DR-L,J0168,Ethnic Dress,L,Amazon source-local
J0168-DR-M,J0168-DR-M,J0168,Ethnic Dress,M,Amazon source-local
J0168-DR-S,J0168-DR-S,J0168,Ethnic Dress,S,Amazon source-local
J0170-TP-A-L,J0170-TP-A-L,J0170,Top,L,Amazon source-local
J0170-TP-A-M,J0170-TP-A-M,J0170,Top,M,Amazon source-local
J0170-TP-A-S,J0170-TP-A-S,J0170,Top,S,Amazon source-local
J0170-TP-A-XL,J0170-TP-A-XL,J0170,Top,XL,Amazon source-local
J0171-DR-L,J0171-DR-L,J0171,Western Dress,L,Amazon source-local
J0171-DR-M,J0171-DR-M,J0171,Western Dress,M,Amazon source-local
J0171-DR-XL,J0171-DR-XL,J0171,Western Dress,XL,Amazon source-local
J0171-DR-XXL,J0171-DR-XXL,J0171,Western Dress,XXL,Amazon source-local
J0172-TP-L,J0172-TP-L,J0172,Top,L,Amazon source-local
J0172-TP-M,J0172-TP-M,J0172,Top,M,Amazon source-local
J0172-TP-XL,J0172-TP-XL,J0172,Top,XL,Amazon source-local
J0172-TP-XS,J0172-TP-XS,J0172,Top,XS,Amazon source-local
J0172-TP-XXL,J0172-TP-XXL,J0172,Top,XXL,Amazon source-local
J0172-TP-XXXL,J0172-TP-XXXL,J0172,Top,3XL,Amazon source-local
J0173-DR-L,J0173-DR-L,J0173,Western Dress,L,Amazon source-local
J0173-DR-S,J0173-DR-S,J0173,Western Dress,S,Amazon source-local
J0173-DR-XL,J0173-DR-XL,J0173,Western Dress,XL,Amazon source-local
J0173-DR-XS,J0173-DR-XS,J0173,Western Dress,XS,Amazon source-local
J0174-TP-S,J0174-TP-S,J0174,Top,S,Amazon source-local
J0174-TP-XL,J0174-TP-XL,J0174,Top,XL,Amazon source-local
J0174-TP-XS,J0174-TP-XS,J0174,Top,XS,Amazon source-local
J0175-KR-L,J0175-KR-L,J0175,kurta,L,Amazon source-local
J0175-KR-M,J0175-KR-M,J0175,kurta,M,Amazon source-local
J0175-KR-S,J0175-KR-S,J0175,kurta,S,Amazon source-local
J0175-KR-XL,J0175-KR-XL,J0175,kurta,XL,Amazon source-local
J0175-KR-XXL,J0175-KR-XXL,J0175,kurta,XXL,Amazon source-local
J0175-KR-XXXL,J0175-KR-XXXL,J0175,kurta,3XL,Amazon source-local
J0176-TP-L,J0176-TP-L,J0176,Top,L,Amazon source-local
J0176-TP-M,J0176-TP-M,J0176,Top,M,Amazon source-local
J0176-TP-S,J0176-TP-S,J0176,Top,S,Amazon source-local
J0176-TP-XL,J0176-TP-XL,J0176,Top,XL,Amazon source-local
J0176-TP-XS,J0176-TP-XS,J0176,Top,XS,Amazon source-local
J0176-TP-XXL,J0176-TP-XXL,J0176,Top,XXL,Amazon source-local
J0176-TP-XXXL,J0176-TP-XXXL,J0176,Top,3XL,Amazon source-local
J0177-KR-S,J0177-KR-S,J0177,kurta,S,Amazon source-local
J0177-KR-XS,J0177-KR-XS,J0177,kurta,XS,Amazon source-local
J0178-TP-L,J0178-TP-L,J0178,Top,L,Amazon source-local
J0178-TP-M,J0178-TP-M,J0178,Top,M,Amazon source-local
J0178-TP-XL,J0178-TP-XL,J0178,Top,XL,Amazon source-local
J0178-TP-XS,J0178-TP-XS,J0178,Top,XS,Amazon source-local
J0178-TP-XXL,J0178-TP-XXL,J0178,Top,XXL,Amazon source-local
J0178-TP-XXXL,J0178-TP-XXXL,J0178,Top,3XL,Amazon source-local
J0179-KR-L,J0179-KR-L,J0179,kurta,L,Amazon source-local
J0179-KR-M,J0179-KR-M,J0179,kurta,M,Amazon source-local
J0179-KR-S,J0179-KR-S,J0179,kurta,S,Amazon source-local
J0179-KR-XL,J0179-KR-XL,J0179,kurta,XL,Amazon source-local
J0179-KR-XS,J0179-KR-XS,J0179,kurta,XS,Amazon source-local
J0179-KR-XXL,J0179-KR-XXL,J0179,kurta,XXL,Amazon source-local
J0179-KR-XXXL,J0179-KR-XXXL,J0179,kurta,3XL,Amazon source-local
J0180-DR-XS,J0180-DR-XS,J0180,Western Dress,XS,Amazon source-local
J0180-DR-XXL,J0180-DR-XXL,J0180,Western Dress,XXL,Amazon source-local
J0180-DR-XXXL,J0180-DR-XXXL,J0180,Western Dress,3XL,Amazon source-local
J0181-TP-L,J0181-TP-L,J0181,Top,L,Amazon source-local
J0181-TP-M,J0181-TP-M,J0181,Top,M,Amazon source-local
J0181-TP-S,J0181-TP-S,J0181,Top,S,Amazon source-local
J0181-TP-XL,J0181-TP-XL,J0181,Top,XL,Amazon source-local
J0181-TP-XS,J0181-TP-XS,J0181,Top,XS,Amazon source-local
J0181-TP-XXL,J0181-TP-XXL,J0181,Top,XXL,Amazon source-local
J0181-TP-XXXL,J0181-TP-XXXL,J0181,Top,3XL,Amazon source-local
J0182-SET-S,J0182-SET-S,J0182,Set,S,Amazon source-local
J0183-TP-M,J0183-TP-M,J0183,Top,M,Amazon source-local
J0183-TP-XL,J0183-TP-XL,J0183,Top,XL,Amazon source-local
J0183-TP-XS,J0183-TP-XS,J0183,Top,XS,Amazon source-local
J0184-KR-A-L,J0184-KR-A-L,J0184,kurta,L,Amazon source-local
J0184-KR-A-S,J0184-KR-A-S,J0184,kurta,S,Amazon source-local
J0184-KR-A-XL,J0184-KR-A-XL,J0184,kurta,XL,Amazon source-local
J0184-KR-M,J0184-KR-M,J0184,kurta,M,Amazon source-local
J0184-KR-S,J0184-KR-S,J0184,kurta,S,Amazon source-local
J0184-KR-XS,J0184-KR-XS,J0184,kurta,XS,Amazon source-local
J0184-KR-XXL,J0184-KR-XXL,J0184,kurta,XXL,Amazon source-local
J0184-KR-XXXL,J0184-KR-XXXL,J0184,kurta,3XL,Amazon source-local
J0185-DR-M,J0185-DR-M,J0185,Ethnic Dress,M,Amazon source-local
J0185-DR-S,J0185-DR-S,J0185,Ethnic Dress,S,Amazon source-local
J0185-DR-XS,J0185-DR-XS,J0185,Ethnic Dress,XS,Amazon source-local
J0185-DR-XXL,J0185-DR-XXL,J0185,Ethnic Dress,XXL,Amazon source-local
J0186-SET-L,J0186-SET-L,J0186,Set,L,Amazon source-local
J0186-SET-S,J0186-SET-S,J0186,Set,S,Amazon source-local
J0186-SET-XL,J0186-SET-XL,J0186,Set,XL,Amazon source-local
J0186-SET-XS,J0186-SET-XS,J0186,Set,XS,Amazon source-local
J0186-SET-XXL,J0186-SET-XXL,J0186,Set,XXL,Amazon source-local
J0187-KR-L,J0187-KR-L,J0187,kurta,L,Amazon source-local
J0187-KR-S,J0187-KR-S,J0187,kurta,S,Amazon source-local
J0187-KR-XL,J0187-KR-XL,J0187,kurta,XL,Amazon source-local
J0187-KR-XS,J0187-KR-XS,J0187,kurta,XS,Amazon source-local
J0187-KR-XXL,J0187-KR-XXL,J0187,kurta,XXL,Amazon source-local
J0188-KR-XS,J0188-KR-XS,J0188,kurta,XS,Amazon source-local
J0188-KR-XXXL,J0188-KR-XXXL,J0188,kurta,3XL,Amazon source-local
J0189-TP-L,J0189-TP-L,J0189,Top,L,Amazon source-local
J0189-TP-M,J0189-TP-M,J0189,Top,M,Amazon source-local
J0189-TP-S,J0189-TP-S,J0189,Top,S,Amazon source-local
J0189-TP-XL,J0189-TP-XL,J0189,Top,XL,Amazon source-local
J0189-TP-XS,J0189-TP-XS,J0189,Top,XS,Amazon source-local
J0189-TP-XXL,J0189-TP-XXL,J0189,Top,XXL,Amazon source-local
J0189-TP-XXXL,J0189-TP-XXXL,J0189,Top,3XL,Amazon source-local
J0190-TP-L,J0190-TP-L,J0190,Top,L,Amazon source-local
J0190-TP-M,J0190-TP-M,J0190,Top,M,Amazon source-local
J0190-TP-S,J0190-TP-S,J0190,Top,S,Amazon source-local
J0190-TP-XS,J0190-TP-XS,J0190,Top,XS,Amazon source-local
J0190-TP-XXXL,J0190-TP-XXXL,J0190,Top,3XL,Amazon source-local
J0192-TP-S,J0192-TP-S,J0192,Top,S,Amazon source-local
J0192-TP-XL,J0192-TP-XL,J0192,Top,XL,Amazon source-local
J0192-TP-XXL,J0192-TP-XXL,J0192,Top,XXL,Amazon source-local
J0193-SET-XXXL,J0193-SET-XXXL,J0193,Set,3XL,Amazon source-local
J0194-DR-L,J0194-DR-L,J0194,Western Dress,L,Amazon source-local
J0194-DR-M,J0194-DR-M,J0194,Western Dress,M,Amazon source-local
J0194-DR-XXL,J0194-DR-XXL,J0194,Western Dress,XXL,Amazon source-local
J0194-DR-XXXL,J0194-DR-XXXL,J0194,Western Dress,3XL,Amazon source-local
J0195-TP-L,J0195-TP-L,J0195,Top,L,Amazon source-local
J0195-TP-M,J0195-TP-M,J0195,Top,M,Amazon source-local
J0195-TP-S,J0195-TP-S,J0195,Top,S,Amazon source-local
J0195-TP-XL,J0195-TP-XL,J0195,Top,XL,Amazon source-local
J0195-TP-XS,J0195-TP-XS,J0195,Top,XS,Amazon source-local
J0195-TP-XXL,J0195-TP-XXL,J0195,Top,XXL,Amazon source-local
J0195-TP-XXXL,J0195-TP-XXXL,J0195,Top,3XL,Amazon source-local
J0196-TP-L,J0196-TP-L,J0196,Top,L,Amazon source-local
J0196-TP-M,J0196-TP-M,J0196,Top,M,Amazon source-local
J0196-TP-S,J0196-TP-S,J0196,Top,S,Amazon source-local
J0196-TP-XL,J0196-TP-XL,J0196,Top,XL,Amazon source-local
J0196-TP-XS,J0196-TP-XS,J0196,Top,XS,Amazon source-local
J0196-TP-XXL,J0196-TP-XXL,J0196,Top,XXL,Amazon source-local
J0196-TP-XXXL,J0196-TP-XXXL,J0196,Top,3XL,Amazon source-local
J0197-TP-L,J0197-TP-L,J0197,Top,L,Amazon source-local
J0197-TP-M,J0197-TP-M,J0197,Top,M,Amazon source-local
J0197-TP-S,J0197-TP-S,J0197,Top,S,Amazon source-local
J0197-TP-XL,J0197-TP-XL,J0197,Top,XL,Amazon source-local
J0197-TP-XS,J0197-TP-XS,J0197,Top,XS,Amazon source-local
J0197-TP-XXL,J0197-TP-XXL,J0197,Top,XXL,Amazon source-local
J0197-TP-XXXL,J0197-TP-XXXL,J0197,Top,3XL,Amazon source-local
J0198-TP-L,J0198-TP-L,J0198,Top,L,Amazon source-local
J0198-TP-M,J0198-TP-M,J0198,Top,M,Amazon source-local
J0198-TP-S,J0198-TP-S,J0198,Top,S,Amazon source-local
J0198-TP-XL,J0198-TP-XL,J0198,Top,XL,Amazon source-local
J0198-TP-XS,J0198-TP-XS,J0198,Top,XS,Amazon source-local
J0198-TP-XXL,J0198-TP-XXL,J0198,Top,XXL,Amazon source-local
J0198-TP-XXXL,J0198-TP-XXXL,J0198,Top,3XL,Amazon source-local
J0199-SET-XL,J0199-SET-XL,J0199,Set,XL,Amazon source-local
J0199-SET-XS,J0199-SET-XS,J0199,Set,XS,Amazon source-local
J0199-SET-XXL,J0199-SET-XXL,J0199,Set,XXL,Amazon source-local
J0199-SET-XXXL,J0199-SET-XXXL,J0199,Set,3XL,Amazon source-local
J0201-TP-L,J0201-TP-L,J0201,Top,L,Amazon source-local
J0201-TP-M,J0201-TP-M,J0201,Top,M,Amazon source-local
J0201-TP-S,J0201-TP-S,J0201,Top,S,Amazon source-local
J0201-TP-XL,J0201-TP-XL,J0201,Top,XL,Amazon source-local
J0201-TP-XS,J0201-TP-XS,J0201,Top,XS,Amazon source-local
J0201-TP-XXL,J0201-TP-XXL,J0201,Top,XXL,Amazon source-local
J0201-TP-XXXL,J0201-TP-XXXL,J0201,Top,3XL,Amazon source-local
J0202-TP-S,J0202-TP-S,J0202,Top,S,Amazon source-local
J0202-TP-XL,J0202-TP-XL,J0202,Top,XL,Amazon source-local
J0202-TP-XXL,J0202-TP-XXL,J0202,Top,XXL,Amazon source-local
J0202-TP-XXXL,J0202-TP-XXXL,J0202,Top,3XL,Amazon source-local
J0203-TP-L,J0203-TP-L,J0203,Top,L,Amazon source-local
J0203-TP-M,J0203-TP-M,J0203,Top,M,Amazon source-local
J0203-TP-S,J0203-TP-S,J0203,Top,S,Amazon source-local
J0203-TP-XL,J0203-TP-XL,J0203,Top,XL,Amazon source-local
J0203-TP-XS,J0203-TP-XS,J0203,Top,XS,Amazon source-local
J0203-TP-XXL,J0203-TP-XXL,J0203,Top,XXL,Amazon source-local
J0203-TP-XXXL,J0203-TP-XXXL,J0203,Top,3XL,Amazon source-local
J0204-TP-L,J0204-TP-L,J0204,Top,L,Amazon source-local
J0204-TP-M,J0204-TP-M,J0204,Top,M,Amazon source-local
J0204-TP-S,J0204-TP-S,J0204,Top,S,Amazon source-local
J0204-TP-XL,J0204-TP-XL,J0204,Top,XL,Amazon source-local
J0204-TP-XS,J0204-TP-XS,J0204,Top,XS,Amazon source-local
J0204-TP-XXL,J0204-TP-XXL,J0204,Top,XXL,Amazon source-local
J0204-TP-XXXL,J0204-TP-XXXL,J0204,Top,3XL,Amazon source-local
J0205-TP-L,J0205-TP-L,J0205,Top,L,Amazon source-local
J0205-TP-M,J0205-TP-M,J0205,Top,M,Amazon source-local
J0205-TP-S,J0205-TP-S,J0205,Top,S,Amazon source-local
J0205-TP-XL,J0205-TP-XL,J0205,Top,XL,Amazon source-local
J0205-TP-XS,J0205-TP-XS,J0205,Top,XS,Amazon source-local
J0205-TP-XXL,J0205-TP-XXL,J0205,Top,XXL,Amazon source-local
J0205-TP-XXXL,J0205-TP-XXXL,J0205,Top,3XL,Amazon source-local
J0207-DR-L,J0207-DR-L,J0207,Western Dress,L,Amazon source-local
J0207-DR-S,J0207-DR-S,J0207,Western Dress,S,Amazon source-local
J0207-DR-XL,J0207-DR-XL,J0207,Western Dress,XL,Amazon source-local
J0207-DR-XS,J0207-DR-XS,J0207,Western Dress,XS,Amazon source-local
J0207-DR-XXL,J0207-DR-XXL,J0207,Western Dress,XXL,Amazon source-local
J0207-DR-XXXL,J0207-DR-XXXL,J0207,Western Dress,3XL,Amazon source-local
J0208-DR-L,J0208-DR-L,J0208,Western Dress,L,Amazon source-local
J0208-DR-M,J0208-DR-M,J0208,Western Dress,M,Amazon source-local
J0208-DR-S,J0208-DR-S,J0208,Western Dress,S,Amazon source-local
J0208-DR-XL,J0208-DR-XL,J0208,Western Dress,XL,Amazon source-local
J0208-DR-XXL,J0208-DR-XXL,J0208,Western Dress,XXL,Amazon source-local
J0208-DR-XXXL,J0208-DR-XXXL,J0208,Western Dress,3XL,Amazon source-local
J0209-DR-L,J0209-DR-L,J0209,Ethnic Dress,L,Amazon source-local
J0209-DR-M,J0209-DR-M,J0209,Ethnic Dress,M,Amazon source-local
J0209-DR-S,J0209-DR-S,J0209,Ethnic Dress,S,Amazon source-local
J0209-DR-XL,J0209-DR-XL,J0209,Ethnic Dress,XL,Amazon source-local
J0209-DR-XS,J0209-DR-XS,J0209,Ethnic Dress,XS,Amazon source-local
J0209-DR-XXL,J0209-DR-XXL,J0209,Ethnic Dress,XXL,Amazon source-local
J0209-DR-XXXL,J0209-DR-XXXL,J0209,Ethnic Dress,3XL,Amazon source-local
J0210-DR-L,J0210-DR-L,J0210,Ethnic Dress,L,Amazon source-local
J0210-DR-M,J0210-DR-M,J0210,Ethnic Dress,M,Amazon source-local
J0210-DR-S,J0210-DR-S,J0210,Ethnic Dress,S,Amazon source-local
J0210-DR-XL,J0210-DR-XL,J0210,Ethnic Dress,XL,Amazon source-local
J0210-DR-XS,J0210-DR-XS,J0210,Ethnic Dress,XS,Amazon source-local
J0210-DR-XXL,J0210-DR-XXL,J0210,Ethnic Dress,XXL,Amazon source-local
J0210-DR-XXXL,J0210-DR-XXXL,J0210,Ethnic Dress,3XL,Amazon source-local
J0211-DR-L,J0211-DR-L,J0211,Ethnic Dress,L,Amazon source-local
J0211-DR-M,J0211-DR-M,J0211,Ethnic Dress,M,Amazon source-local
J0211-DR-S,J0211-DR-S,J0211,Ethnic Dress,S,Amazon source-local
J0211-DR-XL,J0211-DR-XL,J0211,Ethnic Dress,XL,Amazon source-local
J0211-DR-XS,J0211-DR-XS,J0211,Ethnic Dress,XS,Amazon source-local
J0211-DR-XXL,J0211-DR-XXL,J0211,Ethnic Dress,XXL,Amazon source-local
J0211-DR-XXXL,J0211-DR-XXXL,J0211,Ethnic Dress,3XL,Amazon source-local
J0212-DR-L,J0212-DR-L,J0212,Ethnic Dress,L,Amazon source-local
J0212-DR-M,J0212-DR-M,J0212,Ethnic Dress,M,Amazon source-local
J0212-DR-S,J0212-DR-S,J0212,Ethnic Dress,S,Amazon source-local
J0212-DR-XL,J0212-DR-XL,J0212,Ethnic Dress,XL,Amazon source-local
J0212-DR-XS,J0212-DR-XS,J0212,Ethnic Dress,XS,Amazon source-local
J0212-DR-XXL,J0212-DR-XXL,J0212,Ethnic Dress,XXL,Amazon source-local
J0212-DR-XXXL,J0212-DR-XXXL,J0212,Ethnic Dress,3XL,Amazon source-local
J0213-TP-L,J0213-TP-L,J0213,Top,L,Amazon source-local
J0213-TP-M,J0213-TP-M,J0213,Top,M,Amazon source-local
J0213-TP-S,J0213-TP-S,J0213,Top,S,Amazon source-local
J0213-TP-XL,J0213-TP-XL,J0213,Top,XL,Amazon source-local
J0213-TP-XS,J0213-TP-XS,J0213,Top,XS,Amazon source-local
J0213-TP-XXL,J0213-TP-XXL,J0213,Top,XXL,Amazon source-local
J0213-TP-XXXL,J0213-TP-XXXL,J0213,Top,3XL,Amazon source-local
J0214-TP-L,J0214-TP-L,J0214,Top,L,Amazon source-local
J0214-TP-M,J0214-TP-M,J0214,Top,M,Amazon source-local
J0214-TP-S,J0214-TP-S,J0214,Top,S,Amazon source-local
J0214-TP-XL,J0214-TP-XL,J0214,Top,XL,Amazon source-local
J0214-TP-XXL,J0214-TP-XXL,J0214,Top,XXL,Amazon source-local
J0214-TP-XXXL,J0214-TP-XXXL,J0214,Top,3XL,Amazon source-local
J0215-BL-L,J0215-BL-L,J0215,Blouse,L,Amazon source-local
J0215-BL-M,J0215-BL-M,J0215,Blouse,M,Amazon source-local
J0215-BL-S,J0215-BL-S,J0215,Blouse,S,Amazon source-local
J0215-BL-XL,J0215-BL-XL,J0215,Blouse,XL,Amazon source-local
J0215-BL-XXL,J0215-BL-XXL,J0215,Blouse,XXL,Amazon source-local
J0216-BL-L,J0216-BL-L,J0216,Blouse,L,Amazon source-local
J0216-BL-M,J0216-BL-M,J0216,Blouse,M,Amazon source-local
J0216-BL-S,J0216-BL-S,J0216,Blouse,S,Amazon source-local
J0216-BL-XL,J0216-BL-XL,J0216,Blouse,XL,Amazon source-local
J0216-BL-XXL,J0216-BL-XXL,J0216,Blouse,XXL,Amazon source-local
J0217-BL-L,J0217-BL-L,J0217,Blouse,L,Amazon source-local
J0217-BL-M,J0217-BL-M,J0217,Blouse,M,Amazon source-local
J0217-BL-S,J0217-BL-S,J0217,Blouse,S,Amazon source-local
J0217-BL-XL,J0217-BL-XL,J0217,Blouse,XL,Amazon source-local
J0217-BL-XXL,J0217-BL-XXL,J0217,Blouse,XXL,Amazon source-local
J0219-BL-L,J0219-BL-L,J0219,Blouse,L,Amazon source-local
J0219-BL-M,J0219-BL-M,J0219,Blouse,M,Amazon source-local
J0219-BL-S,J0219-BL-S,J0219,Blouse,S,Amazon source-local
J0219-BL-XL,J0219-BL-XL,J0219,Blouse,XL,Amazon source-local
J0219-BL-XXL,J0219-BL-XXL,J0219,Blouse,XXL,Amazon source-local
J0220-BL-L,J0220-BL-L,J0220,Blouse,L,Amazon source-local
J0220-BL-M,J0220-BL-M,J0220,Blouse,M,Amazon source-local
J0220-BL-S,J0220-BL-S,J0220,Blouse,S,Amazon source-local
J0220-BL-XL,J0220-BL-XL,J0220,Blouse,XL,Amazon source-local
J0220-BL-XXL,J0220-BL-XXL,J0220,Blouse,XXL,Amazon source-local
J0223-SKD-XXXL,J0223-SKD-XXXL,J0223,Set,3XL,Amazon source-local
J0224-SKD-M,J0224-SKD-M,J0224,Set,M,Amazon source-local
J0224-SKD-XL,J0224-SKD-XL,J0224,Set,XL,Amazon source-local
J0224-SKD-XS,J0224-SKD-XS,J0224,Set,XS,Amazon source-local
J0224-SKD-XXL,J0224-SKD-XXL,J0224,Set,XXL,Amazon source-local
J0224-SKD-XXXL,J0224-SKD-XXXL,J0224,Set,3XL,Amazon source-local
J0225-SKD-L,J0225-SKD-L,J0225,Set,L,Amazon source-local
J0225-SKD-M,J0225-SKD-M,J0225,Set,M,Amazon source-local
J0225-SKD-S,J0225-SKD-S,J0225,Set,S,Amazon source-local
J0225-SKD-XL,J0225-SKD-XL,J0225,Set,XL,Amazon source-local
J0225-SKD-XS,J0225-SKD-XS,J0225,Set,XS,Amazon source-local
J0225-SKD-XXL,J0225-SKD-XXL,J0225,Set,XXL,Amazon source-local
J0225-SKD-XXXL,J0225-SKD-XXXL,J0225,Set,3XL,Amazon source-local
J0226-SKD-L,J0226-SKD-L,J0226,Set,L,Amazon source-local
J0226-SKD-XL,J0226-SKD-XL,J0226,Set,XL,Amazon source-local
J0226-SKD-XS,J0226-SKD-XS,J0226,Set,XS,Amazon source-local
J0226-SKD-XXL,J0226-SKD-XXL,J0226,Set,XXL,Amazon source-local
J0226-SKD-XXXL,J0226-SKD-XXXL,J0226,Set,3XL,Amazon source-local
J0228-SKD-L,J0228-SKD-L,J0228,Set,L,Amazon source-local
J0228-SKD-M,J0228-SKD-M,J0228,Set,M,Amazon source-local
J0228-SKD-S,J0228-SKD-S,J0228,Set,S,Amazon source-local
J0228-SKD-XL,J0228-SKD-XL,J0228,Set,XL,Amazon source-local
J0228-SKD-XS,J0228-SKD-XS,J0228,Set,XS,Amazon source-local
J0228-SKD-XXL,J0228-SKD-XXL,J0228,Set,XXL,Amazon source-local
J0228-SKD-XXXL,J0228-SKD-XXXL,J0228,Set,3XL,Amazon source-local
J0229-SKD-L,J0229-SKD-L,J0229,Set,L,Amazon source-local
J0229-SKD-S,J0229-SKD-S,J0229,Set,S,Amazon source-local
J0229-SKD-XL,J0229-SKD-XL,J0229,Set,XL,Amazon source-local
J0229-SKD-XXL,J0229-SKD-XXL,J0229,Set,XXL,Amazon source-local
J0229-SKD-XXXL,J0229-SKD-XXXL,J0229,Set,3XL,Amazon source-local
J0230-SKD-L,J0230-SKD-L,J0230,Set,L,Amazon source-local
J0230-SKD-M,J0230-SKD-M,J0230,Set,M,Amazon source-local
J0230-SKD-S,J0230-SKD-S,J0230,Set,S,Amazon source-local
J0230-SKD-XL,J0230-SKD-XL,J0230,Set,XL,Amazon source-local
J0230-SKD-XS,J0230-SKD-XS,J0230,Set,XS,Amazon source-local
J0230-SKD-XXL,J0230-SKD-XXL,J0230,Set,XXL,Amazon source-local
J0230-SKD-XXXL,J0230-SKD-XXXL,J0230,Set,3XL,Amazon source-local
J0231-SKD-L,J0231-SKD-L,J0231,Set,L,Amazon source-local
J0231-SKD-M,J0231-SKD-M,J0231,Set,M,Amazon source-local
J0231-SKD-S,J0231-SKD-S,J0231,Set,S,Amazon source-local
J0231-SKD-XL,J0231-SKD-XL,J0231,Set,XL,Amazon source-local
J0231-SKD-XS,J0231-SKD-XS,J0231,Set,XS,Amazon source-local
J0231-SKD-XXL,J0231-SKD-XXL,J0231,Set,XXL,Amazon source-local
J0231-SKD-XXXL,J0231-SKD-XXXL,J0231,Set,3XL,Amazon source-local
J0232-SKD-L,J0232-SKD-L,J0232,Set,L,Amazon source-local
J0232-SKD-M,J0232-SKD-M,J0232,Set,M,Amazon source-local
J0232-SKD-S,J0232-SKD-S,J0232,Set,S,Amazon source-local
J0232-SKD-XL,J0232-SKD-XL,J0232,Set,XL,Amazon source-local
J0232-SKD-XS,J0232-SKD-XS,J0232,Set,XS,Amazon source-local
J0232-SKD-XXL,J0232-SKD-XXL,J0232,Set,XXL,Amazon source-local
J0232-SKD-XXXL,J0232-SKD-XXXL,J0232,Set,3XL,Amazon source-local
J0233-SKD-L,J0233-SKD-L,J0233,Set,L,Amazon source-local
J0233-SKD-M,J0233-SKD-M,J0233,Set,M,Amazon source-local
J0233-SKD-S,J0233-SKD-S,J0233,Set,S,Amazon source-local
J0233-SKD-XL,J0233-SKD-XL,J0233,Set,XL,Amazon source-local
J0233-SKD-XS,J0233-SKD-XS,J0233,Set,XS,Amazon source-local
J0233-SKD-XXL,J0233-SKD-XXL,J0233,Set,XXL,Amazon source-local
J0233-SKD-XXXL,J0233-SKD-XXXL,J0233,Set,3XL,Amazon source-local
J0234-SKD-L,J0234-SKD-L,J0234,Set,L,Amazon source-local
J0234-SKD-M,J0234-SKD-M,J0234,Set,M,Amazon source-local
J0234-SKD-S,J0234-SKD-S,J0234,Set,S,Amazon source-local
J0234-SKD-XL,J0234-SKD-XL,J0234,Set,XL,Amazon source-local
J0234-SKD-XS,J0234-SKD-XS,J0234,Set,XS,Amazon source-local
J0234-SKD-XXL,J0234-SKD-XXL,J0234,Set,XXL,Amazon source-local
J0234-SKD-XXXL,J0234-SKD-XXXL,J0234,Set,3XL,Amazon source-local
J0235-SKD-L,J0235-SKD-L,J0235,Set,L,Amazon source-local
J0235-SKD-M,J0235-SKD-M,J0235,Set,M,Amazon source-local
J0235-SKD-S,J0235-SKD-S,J0235,Set,S,Amazon source-local
J0235-SKD-XL,J0235-SKD-XL,J0235,Set,XL,Amazon source-local
J0235-SKD-XS,J0235-SKD-XS,J0235,Set,XS,Amazon source-local
J0236-SKD-L,J0236-SKD-L,J0236,Set,L,Amazon source-local
J0236-SKD-M,J0236-SKD-M,J0236,Set,M,Amazon source-local
J0236-SKD-S,J0236-SKD-S,J0236,Set,S,Amazon source-local
J0236-SKD-XL,J0236-SKD-XL,J0236,Set,XL,Amazon source-local
J0236-SKD-XS,J0236-SKD-XS,J0236,Set,XS,Amazon source-local
J0236-SKD-XXL,J0236-SKD-XXL,J0236,Set,XXL,Amazon source-local
J0236-SKD-XXXL,J0236-SKD-XXXL,J0236,Set,3XL,Amazon source-local
J0237-SKD-L,J0237-SKD-L,J0237,Set,L,Amazon source-local
J0237-SKD-M,J0237-SKD-M,J0237,Set,M,Amazon source-local
J0237-SKD-XL,J0237-SKD-XL,J0237,Set,XL,Amazon source-local
J0237-SKD-XXL,J0237-SKD-XXL,J0237,Set,XXL,Amazon source-local
J0237-SKD-XXXL,J0237-SKD-XXXL,J0237,Set,3XL,Amazon source-local
J0238-LCD-L,J0238-LCD-L,J0238,Set,L,Amazon source-local
J0238-LCD-S,J0238-LCD-S,J0238,Set,S,Amazon source-local
J0238-LCD-XL,J0238-LCD-XL,J0238,Set,XL,Amazon source-local
J0238-LCD-XS,J0238-LCD-XS,J0238,Set,XS,Amazon source-local
J0238-LCD-XXXL,J0238-LCD-XXXL,J0238,Set,3XL,Amazon source-local
J0239-SKD-L,J0239-SKD-L,J0239,Set,L,Amazon source-local
J0239-SKD-M,J0239-SKD-M,J0239,Set,M,Amazon source-local
J0239-SKD-S,J0239-SKD-S,J0239,Set,S,Amazon source-local
J0239-SKD-XL,J0239-SKD-XL,J0239,Set,XL,Amazon source-local
J0239-SKD-XS,J0239-SKD-XS,J0239,Set,XS,Amazon source-local
J0239-SKD-XXL,J0239-SKD-XXL,J0239,Set,XXL,Amazon source-local
J0239-SKD-XXXL,J0239-SKD-XXXL,J0239,Set,3XL,Amazon source-local
J0240-SKD-L,J0240-SKD-L,J0240,Set,L,Amazon source-local
J0240-SKD-M,J0240-SKD-M,J0240,Set,M,Amazon source-local
J0240-SKD-S,J0240-SKD-S,J0240,Set,S,Amazon source-local
J0240-SKD-XL,J0240-SKD-XL,J0240,Set,XL,Amazon source-local
J0240-SKD-XS,J0240-SKD-XS,J0240,Set,XS,Amazon source-local
J0240-SKD-XXL,J0240-SKD-XXL,J0240,Set,XXL,Amazon source-local
J0240-SKD-XXXL,J0240-SKD-XXXL,J0240,Set,3XL,Amazon source-local
J0241-SKD-M,J0241-SKD-M,J0241,Set,M,Amazon source-local
J0241-SKD-S,J0241-SKD-S,J0241,Set,S,Amazon source-local
J0241-SKD-XL,J0241-SKD-XL,J0241,Set,XL,Amazon source-local
J0241-SKD-XS,J0241-SKD-XS,J0241,Set,XS,Amazon source-local
J0241-SKD-XXL,J0241-SKD-XXL,J0241,Set,XXL,Amazon source-local
J0241-SKD-XXXL,J0241-SKD-XXXL,J0241,Set,3XL,Amazon source-local
J0242-SKD-L,J0242-SKD-L,J0242,Set,L,Amazon source-local
J0242-SKD-M,J0242-SKD-M,J0242,Set,M,Amazon source-local
J0242-SKD-S,J0242-SKD-S,J0242,Set,S,Amazon source-local
J0242-SKD-XS,J0242-SKD-XS,J0242,Set,XS,Amazon source-local
J0242-SKD-XXL,J0242-SKD-XXL,J0242,Set,XXL,Amazon source-local
J0242-SKD-XXXL,J0242-SKD-XXXL,J0242,Set,3XL,Amazon source-local
J0243-DR-L,J0243-DR-L,J0243,Ethnic Dress,L,Amazon source-local
J0243-DR-M,J0243-DR-M,J0243,Ethnic Dress,M,Amazon source-local
J0243-DR-S,J0243-DR-S,J0243,Ethnic Dress,S,Amazon source-local
J0243-DR-XL,J0243-DR-XL,J0243,Ethnic Dress,XL,Amazon source-local
J0243-DR-XS,J0243-DR-XS,J0243,Ethnic Dress,XS,Amazon source-local
J0243-DR-XXL,J0243-DR-XXL,J0243,Ethnic Dress,XXL,Amazon source-local
J0243-DR-XXXL,J0243-DR-XXXL,J0243,Ethnic Dress,3XL,Amazon source-local
J0244-SKD-L,J0244-SKD-L,J0244,Set,L,Amazon source-local
J0244-SKD-M,J0244-SKD-M,J0244,Set,M,Amazon source-local
J0244-SKD-S,J0244-SKD-S,J0244,Set,S,Amazon source-local
J0244-SKD-XL,J0244-SKD-XL,J0244,Set,XL,Amazon source-local
J0244-SKD-XS,J0244-SKD-XS,J0244,Set,XS,Amazon source-local
J0244-SKD-XXL,J0244-SKD-XXL,J0244,Set,XXL,Amazon source-local
J0244-SKD-XXXL,J0244-SKD-XXXL,J0244,Set,3XL,Amazon source-local
J0245-SKD-L,J0245-SKD-L,J0245,Set,L,Amazon source-local
J0245-SKD-M,J0245-SKD-M,J0245,Set,M,Amazon source-local
J0245-SKD-S,J0245-SKD-S,J0245,Set,S,Amazon source-local
J0245-SKD-XL,J0245-SKD-XL,J0245,Set,XL,Amazon source-local
J0245-SKD-XS,J0245-SKD-XS,J0245,Set,XS,Amazon source-local
J0245-SKD-XXL,J0245-SKD-XXL,J0245,Set,XXL,Amazon source-local
J0245-SKD-XXXL,J0245-SKD-XXXL,J0245,Set,3XL,Amazon source-local
J0246-SKD-L,J0246-SKD-L,J0246,Set,L,Amazon source-local
J0246-SKD-XS,J0246-SKD-XS,J0246,Set,XS,Amazon source-local
J0246-SKD-XXXL,J0246-SKD-XXXL,J0246,Set,3XL,Amazon source-local
J0247-SKD-L,J0247-SKD-L,J0247,Set,L,Amazon source-local
J0247-SKD-M,J0247-SKD-M,J0247,Set,M,Amazon source-local
J0247-SKD-S,J0247-SKD-S,J0247,Set,S,Amazon source-local
J0247-SKD-XS,J0247-SKD-XS,J0247,Set,XS,Amazon source-local
J0247-SKD-XXL,J0247-SKD-XXL,J0247,Set,XXL,Amazon source-local
J0247-SKD-XXXL,J0247-SKD-XXXL,J0247,Set,3XL,Amazon source-local
J0248-KR-DPT-L,J0248-KR-DPT-L,J0248,Set,L,Amazon source-local
J0248-KR-DPT-M,J0248-KR-DPT-M,J0248,Set,M,Amazon source-local
J0248-KR-DPT-S,J0248-KR-DPT-S,J0248,Set,S,Amazon source-local
J0248-KR-DPT-XL,J0248-KR-DPT-XL,J0248,Set,XL,Amazon source-local
J0248-KR-DPT-XS,J0248-KR-DPT-XS,J0248,Set,XS,Amazon source-local
J0248-KR-DPT-XXL,J0248-KR-DPT-XXL,J0248,Set,XXL,Amazon source-local
J0248-KR-DPT-XXXL,J0248-KR-DPT-XXXL,J0248,Set,3XL,Amazon source-local
J0249-SKD-L,J0249-SKD-L,J0249,Set,L,Amazon source-local
J0249-SKD-S,J0249-SKD-S,J0249,Set,S,Amazon source-local
J0249-SKD-XL,J0249-SKD-XL,J0249,Set,XL,Amazon source-local
J0249-SKD-XS,J0249-SKD-XS,J0249,Set,XS,Amazon source-local
J0249-SKD-XXL,J0249-SKD-XXL,J0249,Set,XXL,Amazon source-local
J0249-SKD-XXXL,J0249-SKD-XXXL,J0249,Set,3XL,Amazon source-local
J0250-SKD-L,J0250-SKD-L,J0250,Set,L,Amazon source-local
J0250-SKD-M,J0250-SKD-M,J0250,Set,M,Amazon source-local
J0250-SKD-XL,J0250-SKD-XL,J0250,Set,XL,Amazon source-local
J0250-SKD-XS,J0250-SKD-XS,J0250,Set,XS,Amazon source-local
J0250-SKD-XXL,J0250-SKD-XXL,J0250,Set,XXL,Amazon source-local
J0250-SKD-XXXL,J0250-SKD-XXXL,J0250,Set,3XL,Amazon source-local
J0251-SKD-L,J0251-SKD-L,J0251,Set,L,Amazon source-local
J0251-SKD-M,J0251-SKD-M,J0251,Set,M,Amazon source-local
J0251-SKD-S,J0251-SKD-S,J0251,Set,S,Amazon source-local
J0251-SKD-XL,J0251-SKD-XL,J0251,Set,XL,Amazon source-local
J0251-SKD-XS,J0251-SKD-XS,J0251,Set,XS,Amazon source-local
J0251-SKD-XXL,J0251-SKD-XXL,J0251,Set,XXL,Amazon source-local
J0251-SKD-XXXL,J0251-SKD-XXXL,J0251,Set,3XL,Amazon source-local
J0252-SKD-L,J0252-SKD-L,J0252,Set,L,Amazon source-local
J0252-SKD-M,J0252-SKD-M,J0252,Set,M,Amazon source-local
J0252-SKD-S,J0252-SKD-S,J0252,Set,S,Amazon source-local
J0252-SKD-XL,J0252-SKD-XL,J0252,Set,XL,Amazon source-local
J0252-SKD-XS,J0252-SKD-XS,J0252,Set,XS,Amazon source-local
J0252-SKD-XXL,J0252-SKD-XXL,J0252,Set,XXL,Amazon source-local
J0252-SKD-XXXL,J0252-SKD-XXXL,J0252,Set,3XL,Amazon source-local
J0254-SKD-L,J0254-SKD-L,J0254,Set,L,Amazon source-local
J0254-SKD-M,J0254-SKD-M,J0254,Set,M,Amazon source-local
J0254-SKD-S,J0254-SKD-S,J0254,Set,S,Amazon source-local
J0254-SKD-XL,J0254-SKD-XL,J0254,Set,XL,Amazon source-local
J0254-SKD-XS,J0254-SKD-XS,J0254,Set,XS,Amazon source-local
J0254-SKD-XXL,J0254-SKD-XXL,J0254,Set,XXL,Amazon source-local
J0254-SKD-XXXL,J0254-SKD-XXXL,J0254,Set,3XL,Amazon source-local
J0277-SKD-L,J0277-SKD-L,J0277,Set,L,Amazon source-local
J0277-SKD-M,J0277-SKD-M,J0277,Set,M,Amazon source-local
J0277-SKD-S,J0277-SKD-S,J0277,Set,S,Amazon source-local
J0277-SKD-XL,J0277-SKD-XL,J0277,Set,XL,Amazon source-local
J0277-SKD-XS,J0277-SKD-XS,J0277,Set,XS,Amazon source-local
J0277-SKD-XXL,J0277-SKD-XXL,J0277,Set,XXL,Amazon source-local
J0277-SKD-XXXL,J0277-SKD-XXXL,J0277,Set,3XL,Amazon source-local
J0278-SET-M,J0278-SET-M,J0278,Set,M,Amazon source-local
J0278-SET-S,J0278-SET-S,J0278,Set,S,Amazon source-local
J0278-SET-XL,J0278-SET-XL,J0278,Set,XL,Amazon source-local
J0278-SET-XXL,J0278-SET-XXL,J0278,Set,XXL,Amazon source-local
J0278-SET-XXXL,J0278-SET-XXXL,J0278,Set,3XL,Amazon source-local
J0279-SET-L,J0279-SET-L,J0279,Set,L,Amazon source-local
J0279-SET-M,J0279-SET-M,J0279,Set,M,Amazon source-local
J0279-SET-S,J0279-SET-S,J0279,Set,S,Amazon source-local
J0279-SET-XL,J0279-SET-XL,J0279,Set,XL,Amazon source-local
J0279-SET-XXL,J0279-SET-XXL,J0279,Set,XXL,Amazon source-local
J0279-SET-XXXL,J0279-SET-XXXL,J0279,Set,3XL,Amazon source-local
J0280-SKD-L,J0280-SKD-L,J0280,Set,L,Amazon source-local
J0280-SKD-M,J0280-SKD-M,J0280,Set,M,Amazon source-local
J0280-SKD-S,J0280-SKD-S,J0280,Set,S,Amazon source-local
J0280-SKD-XL,J0280-SKD-XL,J0280,Set,XL,Amazon source-local
J0280-SKD-XS,J0280-SKD-XS,J0280,Set,XS,Amazon source-local
J0280-SKD-XXL,J0280-SKD-XXL,J0280,Set,XXL,Amazon source-local
J0280-SKD-XXXL,J0280-SKD-XXXL,J0280,Set,3XL,Amazon source-local
J0281-SKD-L,J0281-SKD-L,J0281,Set,L,Amazon source-local
J0281-SKD-M,J0281-SKD-M,J0281,Set,M,Amazon source-local
J0281-SKD-S,J0281-SKD-S,J0281,Set,S,Amazon source-local
J0281-SKD-XL,J0281-SKD-XL,J0281,Set,XL,Amazon source-local
J0281-SKD-XS,J0281-SKD-XS,J0281,Set,XS,Amazon source-local
J0281-SKD-XXL,J0281-SKD-XXL,J0281,Set,XXL,Amazon source-local
J0281-SKD-XXXL,J0281-SKD-XXXL,J0281,Set,3XL,Amazon source-local
J0282-SET-L,J0282-SET-L,J0282,Set,L,Amazon source-local
J0282-SET-M,J0282-SET-M,J0282,Set,M,Amazon source-local
J0282-SET-S,J0282-SET-S,J0282,Set,S,Amazon source-local
J0282-SET-XL,J0282-SET-XL,J0282,Set,XL,Amazon source-local
J0282-SET-XS,J0282-SET-XS,J0282,Set,XS,Amazon source-local
J0282-SET-XXL,J0282-SET-XXL,J0282,Set,XXL,Amazon source-local
J0282-SET-XXXL,J0282-SET-XXXL,J0282,Set,3XL,Amazon source-local
J0283-SET-L,J0283-SET-L,J0283,Set,L,Amazon source-local
J0283-SET-M,J0283-SET-M,J0283,Set,M,Amazon source-local
J0283-SET-S,J0283-SET-S,J0283,Set,S,Amazon source-local
J0283-SET-XL,J0283-SET-XL,J0283,Set,XL,Amazon source-local
J0283-SET-XS,J0283-SET-XS,J0283,Set,XS,Amazon source-local
J0283-SET-XXL,J0283-SET-XXL,J0283,Set,XXL,Amazon source-local
J0283-SET-XXXL,J0283-SET-XXXL,J0283,Set,3XL,Amazon source-local
J0284-SKD-L,J0284-SKD-L,J0284,Set,L,Amazon source-local
J0284-SKD-M,J0284-SKD-M,J0284,Set,M,Amazon source-local
J0284-SKD-S,J0284-SKD-S,J0284,Set,S,Amazon source-local
J0284-SKD-XL,J0284-SKD-XL,J0284,Set,XL,Amazon source-local
J0284-SKD-XS,J0284-SKD-XS,J0284,Set,XS,Amazon source-local
J0284-SKD-XXXL,J0284-SKD-XXXL,J0284,Set,3XL,Amazon source-local
J0285-SKD-L,J0285-SKD-L,J0285,Set,L,Amazon source-local
J0285-SKD-M,J0285-SKD-M,J0285,Set,M,Amazon source-local
J0285-SKD-S,J0285-SKD-S,J0285,Set,S,Amazon source-local
J0285-SKD-XL,J0285-SKD-XL,J0285,Set,XL,Amazon source-local
J0285-SKD-XS,J0285-SKD-XS,J0285,Set,XS,Amazon source-local
J0285-SKD-XXL,J0285-SKD-XXL,J0285,Set,XXL,Amazon source-local
J0285-SKD-XXXL,J0285-SKD-XXXL,J0285,Set,3XL,Amazon source-local
J0286-KR-L,J0286-KR-L,J0286,kurta,L,Amazon source-local
J0290-CD-L,J0290-CD-L,J0290,Top,L,Amazon source-local
J0290-CD-S,J0290-CD-S,J0290,Top,S,Amazon source-local
J0290-CD-XL,J0290-CD-XL,J0290,Top,XL,Amazon source-local
J0290-CD-XXL,J0290-CD-XXL,J0290,Top,XXL,Amazon source-local
J0291-JS-L,J0291-JS-L,J0291,Set,L,Amazon source-local
J0291-JS-M,J0291-JS-M,J0291,Set,M,Amazon source-local
J0291-JS-S,J0291-JS-S,J0291,Set,S,Amazon source-local
J0291-JS-XL,J0291-JS-XL,J0291,Set,XL,Amazon source-local
J0291-JS-XS,J0291-JS-XS,J0291,Set,XS,Amazon source-local
J0291-JS-XXXL,J0291-JS-XXXL,J0291,Set,3XL,Amazon source-local
J0292-TP-L,J0292-TP-L,J0292,Top,L,Amazon source-local
J0292-TP-S,J0292-TP-S,J0292,Top,S,Amazon source-local
J0292-TP-XL,J0292-TP-XL,J0292,Top,XL,Amazon source-local
J0292-TP-XS,J0292-TP-XS,J0292,Top,XS,Amazon source-local
J0292-TP-XXL,J0292-TP-XXL,J0292,Top,XXL,Amazon source-local
J0292-TP-XXXL,J0292-TP-XXXL,J0292,Top,3XL,Amazon source-local
J0293-DR-M,J0293-DR-M,J0293,Western Dress,M,Amazon source-local
J0293-DR-S,J0293-DR-S,J0293,Western Dress,S,Amazon source-local
J0293-DR-XL,J0293-DR-XL,J0293,Western Dress,XL,Amazon source-local
J0293-DR-XS,J0293-DR-XS,J0293,Western Dress,XS,Amazon source-local
J0293-DR-XXL,J0293-DR-XXL,J0293,Western Dress,XXL,Amazon source-local
J0294-TP-S,J0294-TP-S,J0294,Top,S,Amazon source-local
J0294-TP-XL,J0294-TP-XL,J0294,Top,XL,Amazon source-local
J0294-TP-XS,J0294-TP-XS,J0294,Top,XS,Amazon source-local
J0294-TP-XXL,J0294-TP-XXL,J0294,Top,XXL,Amazon source-local
J0294-TP-XXXL,J0294-TP-XXXL,J0294,Top,3XL,Amazon source-local
J0295-DR-L,J0295-DR-L,J0295,Western Dress,L,Amazon source-local
J0295-DR-M,J0295-DR-M,J0295,Western Dress,M,Amazon source-local
J0295-DR-S,J0295-DR-S,J0295,Western Dress,S,Amazon source-local
J0295-DR-XL,J0295-DR-XL,J0295,Western Dress,XL,Amazon source-local
J0295-DR-XS,J0295-DR-XS,J0295,Western Dress,XS,Amazon source-local
J0295-DR-XXL,J0295-DR-XXL,J0295,Western Dress,XXL,Amazon source-local
J0295-DR-XXXL,J0295-DR-XXXL,J0295,Western Dress,3XL,Amazon source-local
J0296-DR-M,J0296-DR-M,J0296,Western Dress,M,Amazon source-local
J0296-DR-S,J0296-DR-S,J0296,Western Dress,S,Amazon source-local
J0296-DR-XS,J0296-DR-XS,J0296,Western Dress,XS,Amazon source-local
J0296-DR-XXL,J0296-DR-XXL,J0296,Western Dress,XXL,Amazon source-local
J0297-TP-L,J0297-TP-L,J0297,Top,L,Amazon source-local
J0297-TP-M,J0297-TP-M,J0297,Top,M,Amazon source-local
J0297-TP-S,J0297-TP-S,J0297,Top,S,Amazon source-local
J0297-TP-XL,J0297-TP-XL,J0297,Top,XL,Amazon source-local
J0297-TP-XS,J0297-TP-XS,J0297,Top,XS,Amazon source-local
J0297-TP-XXL,J0297-TP-XXL,J0297,Top,XXL,Amazon source-local
J0297-TP-XXXL,J0297-TP-XXXL,J0297,Top,3XL,Amazon source-local
J0298-DR-S,J0298-DR-S,J0298,Western Dress,S,Amazon source-local
J0298-DR-XS,J0298-DR-XS,J0298,Western Dress,XS,Amazon source-local
J0299-KR-L,J0299-KR-L,J0299,kurta,L,Amazon source-local
J0299-KR-M,J0299-KR-M,J0299,kurta,M,Amazon source-local
J0299-KR-S,J0299-KR-S,J0299,kurta,S,Amazon source-local
J0299-KR-XL,J0299-KR-XL,J0299,kurta,XL,Amazon source-local
J0299-KR-XS,J0299-KR-XS,J0299,kurta,XS,Amazon source-local
J0299-KR-XXL,J0299-KR-XXL,J0299,kurta,XXL,Amazon source-local
J0299-KR-XXXL,J0299-KR-XXXL,J0299,kurta,3XL,Amazon source-local
J0300-TP-L,J0300-TP-L,J0300,Top,L,Amazon source-local
J0300-TP-S,J0300-TP-S,J0300,Top,S,Amazon source-local
J0300-TP-XL,J0300-TP-XL,J0300,Top,XL,Amazon source-local
J0300-TP-XXL,J0300-TP-XXL,J0300,Top,XXL,Amazon source-local
J0300-TP-XXXL,J0300-TP-XXXL,J0300,Top,3XL,Amazon source-local
J0301-TP-L,J0301-TP-L,J0301,Top,L,Amazon source-local
J0301-TP-M,J0301-TP-M,J0301,Top,M,Amazon source-local
J0301-TP-S,J0301-TP-S,J0301,Top,S,Amazon source-local
J0301-TP-XL,J0301-TP-XL,J0301,Top,XL,Amazon source-local
J0301-TP-XS,J0301-TP-XS,J0301,Top,XS,Amazon source-local
J0301-TP-XXL,J0301-TP-XXL,J0301,Top,XXL,Amazon source-local
J0301-TP-XXXL,J0301-TP-XXXL,J0301,Top,3XL,Amazon source-local
J0302-DR-XL,J0302-DR-XL,J0302,Western Dress,XL,Amazon source-local
J0302-DR-XS,J0302-DR-XS,J0302,Western Dress,XS,Amazon source-local
J0302-DR-XXL,J0302-DR-XXL,J0302,Western Dress,XXL,Amazon source-local
J0302-DR-XXXL,J0302-DR-XXXL,J0302,Western Dress,3XL,Amazon source-local
J0303-KR-XS,J0303-KR-XS,J0303,kurta,XS,Amazon source-local
J0304-TP-XL,J0304-TP-XL,J0304,Top,XL,Amazon source-local
J0304-TP-XS,J0304-TP-XS,J0304,Top,XS,Amazon source-local
J0304-TP-XXL,J0304-TP-XXL,J0304,Top,XXL,Amazon source-local
J0304-TP-XXXL,J0304-TP-XXXL,J0304,Top,3XL,Amazon source-local
J0305-DR-L,J0305-DR-L,J0305,Western Dress,L,Amazon source-local
J0305-DR-M,J0305-DR-M,J0305,Western Dress,M,Amazon source-local
J0305-DR-S,J0305-DR-S,J0305,Western Dress,S,Amazon source-local
J0305-DR-XS,J0305-DR-XS,J0305,Western Dress,XS,Amazon source-local
J0305-DR-XXL,J0305-DR-XXL,J0305,Western Dress,XXL,Amazon source-local
J0306-DR-L,J0306-DR-L,J0306,Western Dress,L,Amazon source-local
J0306-DR-M,J0306-DR-M,J0306,Western Dress,M,Amazon source-local
J0306-DR-S,J0306-DR-S,J0306,Western Dress,S,Amazon source-local
J0306-DR-XL,J0306-DR-XL,J0306,Western Dress,XL,Amazon source-local
J0306-DR-XS,J0306-DR-XS,J0306,Western Dress,XS,Amazon source-local
J0306-DR-XXL,J0306-DR-XXL,J0306,Western Dress,XXL,Amazon source-local
J0306-DR-XXXL,J0306-DR-XXXL,J0306,Western Dress,3XL,Amazon source-local
J0307-TP-L,J0307-TP-L,J0307,Top,L,Amazon source-local
J0307-TP-M,J0307-TP-M,J0307,Top,M,Amazon source-local
J0307-TP-S,J0307-TP-S,J0307,Top,S,Amazon source-local
J0307-TP-XL,J0307-TP-XL,J0307,Top,XL,Amazon source-local
J0307-TP-XS,J0307-TP-XS,J0307,Top,XS,Amazon source-local
J0307-TP-XXL,J0307-TP-XXL,J0307,Top,XXL,Amazon source-local
J0307-TP-XXXL,J0307-TP-XXXL,J0307,Top,3XL,Amazon source-local
J0308-DR-L,J0308-DR-L,J0308,Western Dress,L,Amazon source-local
J0308-DR-M,J0308-DR-M,J0308,Western Dress,M,Amazon source-local
J0308-DR-S,J0308-DR-S,J0308,Western Dress,S,Amazon source-local
J0308-DR-XL,J0308-DR-XL,J0308,Western Dress,XL,Amazon source-local
J0308-DR-XS,J0308-DR-XS,J0308,Western Dress,XS,Amazon source-local
J0308-DR-XXL,J0308-DR-XXL,J0308,Western Dress,XXL,Amazon source-local
J0308-DR-XXXL,J0308-DR-XXXL,J0308,Western Dress,3XL,Amazon source-local
J0310-TP-L,J0310-TP-L,J0310,Top,L,Amazon source-local
J0310-TP-M,J0310-TP-M,J0310,Top,M,Amazon source-local
J0310-TP-S,J0310-TP-S,J0310,Top,S,Amazon source-local
J0310-TP-XL,J0310-TP-XL,J0310,Top,XL,Amazon source-local
J0310-TP-XS,J0310-TP-XS,J0310,Top,XS,Amazon source-local
J0310-TP-XXL,J0310-TP-XXL,J0310,Top,XXL,Amazon source-local
J0314-KR-L,J0314-KR-L,J0314,kurta,L,Amazon source-local
J0314-KR-M,J0314-KR-M,J0314,kurta,M,Amazon source-local
J0314-KR-S,J0314-KR-S,J0314,kurta,S,Amazon source-local
J0314-KR-XL,J0314-KR-XL,J0314,kurta,XL,Amazon source-local
J0319-KR-L,J0319-KR-L,J0319,kurta,L,Amazon source-local
J0319-KR-S,J0319-KR-S,J0319,kurta,S,Amazon source-local
J0319-KR-XL,J0319-KR-XL,J0319,kurta,XL,Amazon source-local
J0319-KR-XXL,J0319-KR-XXL,J0319,kurta,XXL,Amazon source-local
J0323-CD-L,J0323-CD-L,J0323,Top,L,Amazon source-local
J0323-CD-M,J0323-CD-M,J0323,Top,M,Amazon source-local
J0323-CD-S,J0323-CD-S,J0323,Top,S,Amazon source-local
J0323-CD-XXL,J0323-CD-XXL,J0323,Top,XXL,Amazon source-local
J0324-CD-L,J0324-CD-L,J0324,Top,L,Amazon source-local
J0328-KR-L,J0328-KR-L,J0328,kurta,L,Amazon source-local
J0328-KR-M,J0328-KR-M,J0328,kurta,M,Amazon source-local
J0328-KR-S,J0328-KR-S,J0328,kurta,S,Amazon source-local
J0328-KR-XL,J0328-KR-XL,J0328,kurta,XL,Amazon source-local
J0328-KR-XS,J0328-KR-XS,J0328,kurta,XS,Amazon source-local
J0328-KR-XXL,J0328-KR-XXL,J0328,kurta,XXL,Amazon source-local
J0328-KR-XXXL,J0328-KR-XXXL,J0328,kurta,3XL,Amazon source-local
J0329-KR-L,J0329-KR-L,J0329,kurta,L,Amazon source-local
J0329-KR-M,J0329-KR-M,J0329,kurta,M,Amazon source-local
J0329-KR-S,J0329-KR-S,J0329,kurta,S,Amazon source-local
J0329-KR-XL,J0329-KR-XL,J0329,kurta,XL,Amazon source-local
J0329-KR-XS,J0329-KR-XS,J0329,kurta,XS,Amazon source-local
J0329-KR-XXL,J0329-KR-XXL,J0329,kurta,XXL,Amazon source-local
J0329-KR-XXXL,J0329-KR-XXXL,J0329,kurta,3XL,Amazon source-local
J0330-KR-L,J0330-KR-L,J0330,kurta,L,Amazon source-local
J0330-KR-M,J0330-KR-M,J0330,kurta,M,Amazon source-local
J0330-KR-XL,J0330-KR-XL,J0330,kurta,XL,Amazon source-local
J0330-KR-XS,J0330-KR-XS,J0330,kurta,XS,Amazon source-local
J0330-KR-XXL,J0330-KR-XXL,J0330,kurta,XXL,Amazon source-local
J0330-KR-XXXL,J0330-KR-XXXL,J0330,kurta,3XL,Amazon source-local
J0331-KR-L,J0331-KR-L,J0331,kurta,L,Amazon source-local
J0331-KR-M,J0331-KR-M,J0331,kurta,M,Amazon source-local
J0331-KR-S,J0331-KR-S,J0331,kurta,S,Amazon source-local
J0331-KR-XL,J0331-KR-XL,J0331,kurta,XL,Amazon source-local
J0331-KR-XS,J0331-KR-XS,J0331,kurta,XS,Amazon source-local
J0331-KR-XXL,J0331-KR-XXL,J0331,kurta,XXL,Amazon source-local
J0331-KR-XXXL,J0331-KR-XXXL,J0331,kurta,3XL,Amazon source-local
J0332-DR-L,J0332-DR-L,J0332,Western Dress,L,Amazon source-local
J0332-DR-M,J0332-DR-M,J0332,Western Dress,M,Amazon source-local
J0332-DR-S,J0332-DR-S,J0332,Western Dress,S,Amazon source-local
J0332-DR-XL,J0332-DR-XL,J0332,Western Dress,XL,Amazon source-local
J0332-DR-XS,J0332-DR-XS,J0332,Western Dress,XS,Amazon source-local
J0332-DR-XXL,J0332-DR-XXL,J0332,Western Dress,XXL,Amazon source-local
J0332-DR-XXXL,J0332-DR-XXXL,J0332,Western Dress,3XL,Amazon source-local
J0333-DR-L,J0333-DR-L,J0333,Western Dress,L,Amazon source-local
J0333-DR-M,J0333-DR-M,J0333,Western Dress,M,Amazon source-local
J0333-DR-S,J0333-DR-S,J0333,Western Dress,S,Amazon source-local
J0333-DR-XL,J0333-DR-XL,J0333,Western Dress,XL,Amazon source-local
J0333-DR-XS,J0333-DR-XS,J0333,Western Dress,XS,Amazon source-local
J0333-DR-XXL,J0333-DR-XXL,J0333,Western Dress,XXL,Amazon source-local
J0333-DR-XXXL,J0333-DR-XXXL,J0333,Western Dress,3XL,Amazon source-local
J0334-TP-L,J0334-TP-L,J0334,Top,L,Amazon source-local
J0334-TP-M,J0334-TP-M,J0334,Top,M,Amazon source-local
J0334-TP-S,J0334-TP-S,J0334,Top,S,Amazon source-local
J0334-TP-XL,J0334-TP-XL,J0334,Top,XL,Amazon source-local
J0334-TP-XS,J0334-TP-XS,J0334,Top,XS,Amazon source-local
J0334-TP-XXL,J0334-TP-XXL,J0334,Top,XXL,Amazon source-local
J0334-TP-XXXL,J0334-TP-XXXL,J0334,Top,3XL,Amazon source-local
J0335-DR-L,J0335-DR-L,J0335,Western Dress,L,Amazon source-local
J0335-DR-M,J0335-DR-M,J0335,Western Dress,M,Amazon source-local
J0335-DR-S,J0335-DR-S,J0335,Western Dress,S,Amazon source-local
J0335-DR-XL,J0335-DR-XL,J0335,Western Dress,XL,Amazon source-local
J0335-DR-XS,J0335-DR-XS,J0335,Western Dress,XS,Amazon source-local
J0335-DR-XXL,J0335-DR-XXL,J0335,Western Dress,XXL,Amazon source-local
J0335-DR-XXXL,J0335-DR-XXXL,J0335,Western Dress,3XL,Amazon source-local
J0336-TP-L,J0336-TP-L,J0336,Top,L,Amazon source-local
J0336-TP-M,J0336-TP-M,J0336,Top,M,Amazon source-local
J0336-TP-S,J0336-TP-S,J0336,Top,S,Amazon source-local
J0336-TP-XL,J0336-TP-XL,J0336,Top,XL,Amazon source-local
J0336-TP-XS,J0336-TP-XS,J0336,Top,XS,Amazon source-local
J0336-TP-XXL,J0336-TP-XXL,J0336,Top,XXL,Amazon source-local
J0336-TP-XXXL,J0336-TP-XXXL,J0336,Top,3XL,Amazon source-local
J0337-TP-L,J0337-TP-L,J0337,Top,L,Amazon source-local
J0337-TP-M,J0337-TP-M,J0337,Top,M,Amazon source-local
J0337-TP-S,J0337-TP-S,J0337,Top,S,Amazon source-local
J0337-TP-XL,J0337-TP-XL,J0337,Top,XL,Amazon source-local
J0337-TP-XS,J0337-TP-XS,J0337,Top,XS,Amazon source-local
J0337-TP-XXL,J0337-TP-XXL,J0337,Top,XXL,Amazon source-local
J0337-TP-XXXL,J0337-TP-XXXL,J0337,Top,3XL,Amazon source-local
J0338-DR-L,J0338-DR-L,J0338,Western Dress,L,Amazon source-local
J0338-DR-M,J0338-DR-M,J0338,Western Dress,M,Amazon source-local
J0338-DR-S,J0338-DR-S,J0338,Western Dress,S,Amazon source-local
J0338-DR-XL,J0338-DR-XL,J0338,Western Dress,XL,Amazon source-local
J0338-DR-XS,J0338-DR-XS,J0338,Western Dress,XS,Amazon source-local
J0338-DR-XXL,J0338-DR-XXL,J0338,Western Dress,XXL,Amazon source-local
J0338-DR-XXXL,J0338-DR-XXXL,J0338,Western Dress,3XL,Amazon source-local
J0339-DR-L,J0339-DR-L,J0339,Western Dress,L,Amazon source-local
J0339-DR-M,J0339-DR-M,J0339,Western Dress,M,Amazon source-local
J0339-DR-S,J0339-DR-S,J0339,Western Dress,S,Amazon source-local
J0339-DR-XL,J0339-DR-XL,J0339,Western Dress,XL,Amazon source-local
J0339-DR-XS,J0339-DR-XS,J0339,Western Dress,XS,Amazon source-local
J0339-DR-XXL,J0339-DR-XXL,J0339,Western Dress,XXL,Amazon source-local
J0339-DR-XXXL,J0339-DR-XXXL,J0339,Western Dress,3XL,Amazon source-local
J0340-TP-L,J0340-TP-L,J0340,Top,L,Amazon source-local
J0340-TP-M,J0340-TP-M,J0340,Top,M,Amazon source-local
J0340-TP-S,J0340-TP-S,J0340,Top,S,Amazon source-local
J0340-TP-XL,J0340-TP-XL,J0340,Top,XL,Amazon source-local
J0340-TP-XS,J0340-TP-XS,J0340,Top,XS,Amazon source-local
J0340-TP-XXL,J0340-TP-XXL,J0340,Top,XXL,Amazon source-local
J0340-TP-XXXL,J0340-TP-XXXL,J0340,Top,3XL,Amazon source-local
J0341-DR-L,J0341-DR-L,J0341,Western Dress,L,Amazon source-local
J0341-DR-M,J0341-DR-M,J0341,Western Dress,M,Amazon source-local
J0341-DR-S,J0341-DR-S,J0341,Western Dress,S,Amazon source-local
J0341-DR-XL,J0341-DR-XL,J0341,Western Dress,XL,Amazon source-local
J0341-DR-XS,J0341-DR-XS,J0341,Western Dress,XS,Amazon source-local
J0341-DR-XXL,J0341-DR-XXL,J0341,Western Dress,XXL,Amazon source-local
J0341-DR-XXXL,J0341-DR-XXXL,J0341,Western Dress,3XL,Amazon source-local
J0342-TP-L,J0342-TP-L,J0342,Top,L,Amazon source-local
J0342-TP-M,J0342-TP-M,J0342,Top,M,Amazon source-local
J0342-TP-S,J0342-TP-S,J0342,Top,S,Amazon source-local
J0342-TP-XL,J0342-TP-XL,J0342,Top,XL,Amazon source-local
J0342-TP-XS,J0342-TP-XS,J0342,Top,XS,Amazon source-local
J0342-TP-XXL,J0342-TP-XXL,J0342,Top,XXL,Amazon source-local
J0342-TP-XXXL,J0342-TP-XXXL,J0342,Top,3XL,Amazon source-local
J0343-DR-L,J0343-DR-L,J0343,Western Dress,L,Amazon source-local
J0343-DR-M,J0343-DR-M,J0343,Western Dress,M,Amazon source-local
J0343-DR-S,J0343-DR-S,J0343,Western Dress,S,Amazon source-local
J0343-DR-XL,J0343-DR-XL,J0343,Western Dress,XL,Amazon source-local
J0343-DR-XS,J0343-DR-XS,J0343,Western Dress,XS,Amazon source-local
J0343-DR-XXL,J0343-DR-XXL,J0343,Western Dress,XXL,Amazon source-local
J0343-DR-XXXL,J0343-DR-XXXL,J0343,Western Dress,3XL,Amazon source-local
J0344-TP-L,J0344-TP-L,J0344,Top,L,Amazon source-local
J0344-TP-M,J0344-TP-M,J0344,Top,M,Amazon source-local
J0344-TP-S,J0344-TP-S,J0344,Top,S,Amazon source-local
J0344-TP-XL,J0344-TP-XL,J0344,Top,XL,Amazon source-local
J0344-TP-XS,J0344-TP-XS,J0344,Top,XS,Amazon source-local
J0344-TP-XXL,J0344-TP-XXL,J0344,Top,XXL,Amazon source-local
J0344-TP-XXXL,J0344-TP-XXXL,J0344,Top,3XL,Amazon source-local
J0345-SET-L,J0345-SET-L,J0345,Set,L,Amazon source-local
J0345-SET-M,J0345-SET-M,J0345,Set,M,Amazon source-local
J0345-SET-XL,J0345-SET-XL,J0345,Set,XL,Amazon source-local
J0345-SET-XS,J0345-SET-XS,J0345,Set,XS,Amazon source-local
J0345-SET-XXL,J0345-SET-XXL,J0345,Set,XXL,Amazon source-local
J0345-SET-XXXL,J0345-SET-XXXL,J0345,Set,3XL,Amazon source-local
J0346-SET-L,J0346-SET-L,J0346,Set,L,Amazon source-local
J0346-SET-S,J0346-SET-S,J0346,Set,S,Amazon source-local
J0346-SET-XL,J0346-SET-XL,J0346,Set,XL,Amazon source-local
J0346-SET-XS,J0346-SET-XS,J0346,Set,XS,Amazon source-local
J0346-SET-XXL,J0346-SET-XXL,J0346,Set,XXL,Amazon source-local
J0346-SET-XXXL,J0346-SET-XXXL,J0346,Set,3XL,Amazon source-local
J0347-SET-L,J0347-SET-L,J0347,Set,L,Amazon source-local
J0347-SET-XL,J0347-SET-XL,J0347,Set,XL,Amazon source-local
J0347-SET-XS,J0347-SET-XS,J0347,Set,XS,Amazon source-local
J0347-SET-XXL,J0347-SET-XXL,J0347,Set,XXL,Amazon source-local
J0347-SET-XXXL,J0347-SET-XXXL,J0347,Set,3XL,Amazon source-local
J0348-SET-L,J0348-SET-L,J0348,Set,L,Amazon source-local
J0348-SET-M,J0348-SET-M,J0348,Set,M,Amazon source-local
J0348-SET-S,J0348-SET-S,J0348,Set,S,Amazon source-local
J0348-SET-XL,J0348-SET-XL,J0348,Set,XL,Amazon source-local
J0348-SET-XS,J0348-SET-XS,J0348,Set,XS,Amazon source-local
J0348-SET-XXL,J0348-SET-XXL,J0348,Set,XXL,Amazon source-local
J0348-SET-XXXL,J0348-SET-XXXL,J0348,Set,3XL,Amazon source-local
J0349-SET-L,J0349-SET-L,J0349,Set,L,Amazon source-local
J0349-SET-M,J0349-SET-M,J0349,Set,M,Amazon source-local
J0349-SET-S,J0349-SET-S,J0349,Set,S,Amazon source-local
J0349-SET-XL,J0349-SET-XL,J0349,Set,XL,Amazon source-local
J0349-SET-XS,J0349-SET-XS,J0349,Set,XS,Amazon source-local
J0349-SET-XXL,J0349-SET-XXL,J0349,Set,XXL,Amazon source-local
J0349-SET-XXXL,J0349-SET-XXXL,J0349,Set,3XL,Amazon source-local
J0350-SET-L,J0350-SET-L,J0350,Set,L,Amazon source-local
J0350-SET-M,J0350-SET-M,J0350,Set,M,Amazon source-local
J0350-SET-XL,J0350-SET-XL,J0350,Set,XL,Amazon source-local
J0350-SET-XS,J0350-SET-XS,J0350,Set,XS,Amazon source-local
J0350-SET-XXL,J0350-SET-XXL,J0350,Set,XXL,Amazon source-local
J0350-SET-XXXL,J0350-SET-XXXL,J0350,Set,3XL,Amazon source-local
J0351-SET-L,J0351-SET-L,J0351,Set,L,Amazon source-local
J0351-SET-M,J0351-SET-M,J0351,Set,M,Amazon source-local
J0351-SET-S,J0351-SET-S,J0351,Set,S,Amazon source-local
J0351-SET-XL,J0351-SET-XL,J0351,Set,XL,Amazon source-local
J0351-SET-XS,J0351-SET-XS,J0351,Set,XS,Amazon source-local
J0351-SET-XXL,J0351-SET-XXL,J0351,Set,XXL,Amazon source-local
J0351-SET-XXXL,J0351-SET-XXXL,J0351,Set,3XL,Amazon source-local
J0352-KR-L,J0352-KR-L,J0352,kurta,L,Amazon source-local
J0352-KR-M,J0352-KR-M,J0352,kurta,M,Amazon source-local
J0352-KR-S,J0352-KR-S,J0352,kurta,S,Amazon source-local
J0352-KR-XL,J0352-KR-XL,J0352,kurta,XL,Amazon source-local
J0352-KR-XXL,J0352-KR-XXL,J0352,kurta,XXL,Amazon source-local
J0353-KR-L,J0353-KR-L,J0353,kurta,L,Amazon source-local
J0353-KR-M,J0353-KR-M,J0353,kurta,M,Amazon source-local
J0353-KR-S,J0353-KR-S,J0353,kurta,S,Amazon source-local
J0353-KR-XL,J0353-KR-XL,J0353,kurta,XL,Amazon source-local
J0353-KR-XXL,J0353-KR-XXL,J0353,kurta,XXL,Amazon source-local
J0354-KR-L,J0354-KR-L,J0354,kurta,L,Amazon source-local
J0354-KR-M,J0354-KR-M,J0354,kurta,M,Amazon source-local
J0354-KR-S,J0354-KR-S,J0354,kurta,S,Amazon source-local
J0354-KR-XL,J0354-KR-XL,J0354,kurta,XL,Amazon source-local
J0354-KR-XXL,J0354-KR-XXL,J0354,kurta,XXL,Amazon source-local
J0355-KR-L,J0355-KR-L,J0355,kurta,L,Amazon source-local
J0355-KR-M,J0355-KR-M,J0355,kurta,M,Amazon source-local
J0355-KR-S,J0355-KR-S,J0355,kurta,S,Amazon source-local
J0355-KR-XL,J0355-KR-XL,J0355,kurta,XL,Amazon source-local
J0355-KR-XXL,J0355-KR-XXL,J0355,kurta,XXL,Amazon source-local
J0369-SKD-L,J0369-SKD-L,J0369,Set,L,Amazon source-local
J0369-SKD-M,J0369-SKD-M,J0369,Set,M,Amazon source-local
J0369-SKD-S,J0369-SKD-S,J0369,Set,S,Amazon source-local
J0369-SKD-XL,J0369-SKD-XL,J0369,Set,XL,Amazon source-local
J0369-SKD-XS,J0369-SKD-XS,J0369,Set,XS,Amazon source-local
J0369-SKD-XXL,J0369-SKD-XXL,J0369,Set,XXL,Amazon source-local
J0369-SKD-XXXL,J0369-SKD-XXXL,J0369,Set,3XL,Amazon source-local
J0370-SKD-L,J0370-SKD-L,J0370,Set,L,Amazon source-local
J0370-SKD-S,J0370-SKD-S,J0370,Set,S,Amazon source-local
J0370-SKD-XL,J0370-SKD-XL,J0370,Set,XL,Amazon source-local
J0370-SKD-XS,J0370-SKD-XS,J0370,Set,XS,Amazon source-local
J0370-SKD-XXL,J0370-SKD-XXL,J0370,Set,XXL,Amazon source-local
J0370-SKD-XXXL,J0370-SKD-XXXL,J0370,Set,3XL,Amazon source-local
J0371-SKD-M,J0371-SKD-M,J0371,Set,M,Amazon source-local
J0371-SKD-S,J0371-SKD-S,J0371,Set,S,Amazon source-local
J0371-SKD-XL,J0371-SKD-XL,J0371,Set,XL,Amazon source-local
J0371-SKD-XS,J0371-SKD-XS,J0371,Set,XS,Amazon source-local
J0371-SKD-XXL,J0371-SKD-XXL,J0371,Set,XXL,Amazon source-local
J0371-SKD-XXXL,J0371-SKD-XXXL,J0371,Set,3XL,Amazon source-local
J0372-SKD-L,J0372-SKD-L,J0372,Set,L,Amazon source-local
J0372-SKD-M,J0372-SKD-M,J0372,Set,M,Amazon source-local
J0372-SKD-S,J0372-SKD-S,J0372,Set,S,Amazon source-local
J0372-SKD-XL,J0372-SKD-XL,J0372,Set,XL,Amazon source-local
J0372-SKD-XS,J0372-SKD-XS,J0372,Set,XS,Amazon source-local
J0372-SKD-XXL,J0372-SKD-XXL,J0372,Set,XXL,Amazon source-local
J0372-SKD-XXXL,J0372-SKD-XXXL,J0372,Set,3XL,Amazon source-local
J0373-KR-L,J0373-KR-L,J0373,kurta,L,Amazon source-local
J0373-KR-M,J0373-KR-M,J0373,kurta,M,Amazon source-local
J0373-KR-S,J0373-KR-S,J0373,kurta,S,Amazon source-local
J0373-KR-XL,J0373-KR-XL,J0373,kurta,XL,Amazon source-local
J0373-KR-XS,J0373-KR-XS,J0373,kurta,XS,Amazon source-local
J0373-KR-XXL,J0373-KR-XXL,J0373,kurta,XXL,Amazon source-local
J0373-KR-XXXL,J0373-KR-XXXL,J0373,kurta,3XL,Amazon source-local
J0374-KR-L,J0374-KR-L,J0374,kurta,L,Amazon source-local
J0374-KR-M,J0374-KR-M,J0374,kurta,M,Amazon source-local
J0374-KR-XL,J0374-KR-XL,J0374,kurta,XL,Amazon source-local
J0374-KR-XS,J0374-KR-XS,J0374,kurta,XS,Amazon source-local
J0374-KR-XXL,J0374-KR-XXL,J0374,kurta,XXL,Amazon source-local
J0374-KR-XXXL,J0374-KR-XXXL,J0374,kurta,3XL,Amazon source-local
J0375-SKD-L,J0375-SKD-L,J0375,Set,L,Amazon source-local
J0375-SKD-M,J0375-SKD-M,J0375,Set,M,Amazon source-local
J0375-SKD-S,J0375-SKD-S,J0375,Set,S,Amazon source-local
J0375-SKD-XL,J0375-SKD-XL,J0375,Set,XL,Amazon source-local
J0375-SKD-XS,J0375-SKD-XS,J0375,Set,XS,Amazon source-local
J0375-SKD-XXL,J0375-SKD-XXL,J0375,Set,XXL,Amazon source-local
J0375-SKD-XXXL,J0375-SKD-XXXL,J0375,Set,3XL,Amazon source-local
J0376-SKD-L,J0376-SKD-L,J0376,Set,L,Amazon source-local
J0376-SKD-M,J0376-SKD-M,J0376,Set,M,Amazon source-local
J0376-SKD-S,J0376-SKD-S,J0376,Set,S,Amazon source-local
J0376-SKD-XL,J0376-SKD-XL,J0376,Set,XL,Amazon source-local
J0376-SKD-XS,J0376-SKD-XS,J0376,Set,XS,Amazon source-local
J0376-SKD-XXL,J0376-SKD-XXL,J0376,Set,XXL,Amazon source-local
J0376-SKD-XXXL,J0376-SKD-XXXL,J0376,Set,3XL,Amazon source-local
J0377-SKD-L,J0377-SKD-L,J0377,Set,L,Amazon source-local
J0377-SKD-M,J0377-SKD-M,J0377,Set,M,Amazon source-local
J0377-SKD-S,J0377-SKD-S,J0377,Set,S,Amazon source-local
J0377-SKD-XL,J0377-SKD-XL,J0377,Set,XL,Amazon source-local
J0377-SKD-XS,J0377-SKD-XS,J0377,Set,XS,Amazon source-local
J0377-SKD-XXL,J0377-SKD-XXL,J0377,Set,XXL,Amazon source-local
J0377-SKD-XXXL,J0377-SKD-XXXL,J0377,Set,3XL,Amazon source-local
J0378-SKD-L,J0378-SKD-L,J0378,Set,L,Amazon source-local
J0378-SKD-M,J0378-SKD-M,J0378,Set,M,Amazon source-local
J0378-SKD-S,J0378-SKD-S,J0378,Set,S,Amazon source-local
J0378-SKD-XL,J0378-SKD-XL,J0378,Set,XL,Amazon source-local
J0378-SKD-XS,J0378-SKD-XS,J0378,Set,XS,Amazon source-local
J0378-SKD-XXL,J0378-SKD-XXL,J0378,Set,XXL,Amazon source-local
J0378-SKD-XXXL,J0378-SKD-XXXL,J0378,Set,3XL,Amazon source-local
J0379-SKD-L,J0379-SKD-L,J0379,Set,L,Amazon source-local
J0379-SKD-M,J0379-SKD-M,J0379,Set,M,Amazon source-local
J0379-SKD-S,J0379-SKD-S,J0379,Set,S,Amazon source-local
J0379-SKD-XL,J0379-SKD-XL,J0379,Set,XL,Amazon source-local
J0379-SKD-XS,J0379-SKD-XS,J0379,Set,XS,Amazon source-local
J0379-SKD-XXL,J0379-SKD-XXL,J0379,Set,XXL,Amazon source-local
J0379-SKD-XXXL,J0379-SKD-XXXL,J0379,Set,3XL,Amazon source-local
J0380-SKD-L,J0380-SKD-L,J0380,Set,L,Amazon source-local
J0380-SKD-M,J0380-SKD-M,J0380,Set,M,Amazon source-local
J0380-SKD-S,J0380-SKD-S,J0380,Set,S,Amazon source-local
J0380-SKD-XL,J0380-SKD-XL,J0380,Set,XL,Amazon source-local
J0380-SKD-XS,J0380-SKD-XS,J0380,Set,XS,Amazon source-local
J0380-SKD-XXL,J0380-SKD-XXL,J0380,Set,XXL,Amazon source-local
J0380-SKD-XXXL,J0380-SKD-XXXL,J0380,Set,3XL,Amazon source-local
J0381-SKD-L,J0381-SKD-L,J0381,Set,L,Amazon source-local
J0381-SKD-M,J0381-SKD-M,J0381,Set,M,Amazon source-local
J0381-SKD-S,J0381-SKD-S,J0381,Set,S,Amazon source-local
J0381-SKD-XL,J0381-SKD-XL,J0381,Set,XL,Amazon source-local
J0381-SKD-XS,J0381-SKD-XS,J0381,Set,XS,Amazon source-local
J0381-SKD-XXL,J0381-SKD-XXL,J0381,Set,XXL,Amazon source-local
J0381-SKD-XXXL,J0381-SKD-XXXL,J0381,Set,3XL,Amazon source-local
J0382-SKD-L,J0382-SKD-L,J0382,Set,L,Amazon source-local
J0382-SKD-M,J0382-SKD-M,J0382,Set,M,Amazon source-local
J0382-SKD-S,J0382-SKD-S,J0382,Set,S,Amazon source-local
J0382-SKD-XL,J0382-SKD-XL,J0382,Set,XL,Amazon source-local
J0382-SKD-XS,J0382-SKD-XS,J0382,Set,XS,Amazon source-local
J0382-SKD-XXL,J0382-SKD-XXL,J0382,Set,XXL,Amazon source-local
J0382-SKD-XXXL,J0382-SKD-XXXL,J0382,Set,3XL,Amazon source-local
J0385-KR-L,J0385-KR-L,J0385,kurta,L,Amazon source-local
J0385-KR-M,J0385-KR-M,J0385,kurta,M,Amazon source-local
J0385-KR-S,J0385-KR-S,J0385,kurta,S,Amazon source-local
J0385-KR-XL,J0385-KR-XL,J0385,kurta,XL,Amazon source-local
J0385-KR-XS,J0385-KR-XS,J0385,kurta,XS,Amazon source-local
J0385-KR-XXL,J0385-KR-XXL,J0385,kurta,XXL,Amazon source-local
J0385-KR-XXXL,J0385-KR-XXXL,J0385,kurta,3XL,Amazon source-local
J0386-KR-L,J0386-KR-L,J0386,kurta,L,Amazon source-local
J0386-KR-M,J0386-KR-M,J0386,kurta,M,Amazon source-local
J0386-KR-S,J0386-KR-S,J0386,kurta,S,Amazon source-local
J0386-KR-XL,J0386-KR-XL,J0386,kurta,XL,Amazon source-local
J0386-KR-XS,J0386-KR-XS,J0386,kurta,XS,Amazon source-local
J0386-KR-XXL,J0386-KR-XXL,J0386,kurta,XXL,Amazon source-local
J0386-KR-XXXL,J0386-KR-XXXL,J0386,kurta,3XL,Amazon source-local
J0388-TP-L,J0388-TP-L,J0388,Top,L,Amazon source-local
J0388-TP-M,J0388-TP-M,J0388,Top,M,Amazon source-local
J0388-TP-S,J0388-TP-S,J0388,Top,S,Amazon source-local
J0388-TP-XL,J0388-TP-XL,J0388,Top,XL,Amazon source-local
J0388-TP-XS,J0388-TP-XS,J0388,Top,XS,Amazon source-local
J0388-TP-XXL,J0388-TP-XXL,J0388,Top,XXL,Amazon source-local
J0389-TP-L,J0389-TP-L,J0389,Top,L,Amazon source-local
J0389-TP-M,J0389-TP-M,J0389,Top,M,Amazon source-local
J0389-TP-S,J0389-TP-S,J0389,Top,S,Amazon source-local
J0389-TP-XL,J0389-TP-XL,J0389,Top,XL,Amazon source-local
J0389-TP-XS,J0389-TP-XS,J0389,Top,XS,Amazon source-local
J0389-TP-XXL,J0389-TP-XXL,J0389,Top,XXL,Amazon source-local
J0389-TP-XXXL,J0389-TP-XXXL,J0389,Top,3XL,Amazon source-local
J0390-TP-L,J0390-TP-L,J0390,Top,L,Amazon source-local
J0390-TP-M,J0390-TP-M,J0390,Top,M,Amazon source-local
J0390-TP-S,J0390-TP-S,J0390,Top,S,Amazon source-local
J0390-TP-XL,J0390-TP-XL,J0390,Top,XL,Amazon source-local
J0390-TP-XS,J0390-TP-XS,J0390,Top,XS,Amazon source-local
J0390-TP-XXL,J0390-TP-XXL,J0390,Top,XXL,Amazon source-local
J0390-TP-XXXL,J0390-TP-XXXL,J0390,Top,3XL,Amazon source-local
J0391-TP-L,J0391-TP-L,J0391,Top,L,Amazon source-local
J0391-TP-M,J0391-TP-M,J0391,Top,M,Amazon source-local
J0391-TP-S,J0391-TP-S,J0391,Top,S,Amazon source-local
J0391-TP-XL,J0391-TP-XL,J0391,Top,XL,Amazon source-local
J0391-TP-XS,J0391-TP-XS,J0391,Top,XS,Amazon source-local
J0391-TP-XXL,J0391-TP-XXL,J0391,Top,XXL,Amazon source-local
J0391-TP-XXXL,J0391-TP-XXXL,J0391,Top,3XL,Amazon source-local
J0392-TP-L,J0392-TP-L,J0392,Top,L,Amazon source-local
J0392-TP-XL,J0392-TP-XL,J0392,Top,XL,Amazon source-local
J0395-DR-L,J0395-DR-L,J0395,Western Dress,L,Amazon source-local
J0395-DR-M,J0395-DR-M,J0395,Western Dress,M,Amazon source-local
J0395-DR-S,J0395-DR-S,J0395,Western Dress,S,Amazon source-local
J0395-DR-XL,J0395-DR-XL,J0395,Western Dress,XL,Amazon source-local
J0395-DR-XS,J0395-DR-XS,J0395,Western Dress,XS,Amazon source-local
J0395-DR-XXL,J0395-DR-XXL,J0395,Western Dress,XXL,Amazon source-local
J0395-DR-XXXL,J0395-DR-XXXL,J0395,Western Dress,3XL,Amazon source-local
J0396-DR-L,J0396-DR-L,J0396,Western Dress,L,Amazon source-local
J0396-DR-M,J0396-DR-M,J0396,Western Dress,M,Amazon source-local
J0396-DR-S,J0396-DR-S,J0396,Western Dress,S,Amazon source-local
J0396-DR-XL,J0396-DR-XL,J0396,Western Dress,XL,Amazon source-local
J0396-DR-XS,J0396-DR-XS,J0396,Western Dress,XS,Amazon source-local
J0396-DR-XXL,J0396-DR-XXL,J0396,Western Dress,XXL,Amazon source-local
J0396-DR-XXXL,J0396-DR-XXXL,J0396,Western Dress,3XL,Amazon source-local
J0397-DR-L,J0397-DR-L,J0397,Western Dress,L,Amazon source-local
J0397-DR-M,J0397-DR-M,J0397,Western Dress,M,Amazon source-local
J0397-DR-S,J0397-DR-S,J0397,Western Dress,S,Amazon source-local
J0397-DR-XL,J0397-DR-XL,J0397,Western Dress,XL,Amazon source-local
J0397-DR-XS,J0397-DR-XS,J0397,Western Dress,XS,Amazon source-local
J0397-DR-XXL,J0397-DR-XXL,J0397,Western Dress,XXL,Amazon source-local
J0397-DR-XXXL,J0397-DR-XXXL,J0397,Western Dress,3XL,Amazon source-local
J0398-DR-L,J0398-DR-L,J0398,Western Dress,L,Amazon source-local
J0398-DR-M,J0398-DR-M,J0398,Western Dress,M,Amazon source-local
J0398-DR-S,J0398-DR-S,J0398,Western Dress,S,Amazon source-local
J0398-DR-XL,J0398-DR-XL,J0398,Western Dress,XL,Amazon source-local
J0398-DR-XS,J0398-DR-XS,J0398,Western Dress,XS,Amazon source-local
J0398-DR-XXL,J0398-DR-XXL,J0398,Western Dress,XXL,Amazon source-local
J0399-DR-L,J0399-DR-L,J0399,Western Dress,L,Amazon source-local
J0399-DR-M,J0399-DR-M,J0399,Western Dress,M,Amazon source-local
J0399-DR-S,J0399-DR-S,J0399,Western Dress,S,Amazon source-local
J0399-DR-XL,J0399-DR-XL,J0399,Western Dress,XL,Amazon source-local
J0399-DR-XS,J0399-DR-XS,J0399,Western Dress,XS,Amazon source-local
J0399-DR-XXL,J0399-DR-XXL,J0399,Western Dress,XXL,Amazon source-local
J0399-DR-XXXL,J0399-DR-XXXL,J0399,Western Dress,3XL,Amazon source-local
J0400-DR-L,J0400-DR-L,J0400,Western Dress,L,Amazon source-local
J0400-DR-M,J0400-DR-M,J0400,Western Dress,M,Amazon source-local
J0400-DR-S,J0400-DR-S,J0400,Western Dress,S,Amazon source-local
J0400-DR-XL,J0400-DR-XL,J0400,Western Dress,XL,Amazon source-local
J0400-DR-XS,J0400-DR-XS,J0400,Western Dress,XS,Amazon source-local
J0400-DR-XXL,J0400-DR-XXL,J0400,Western Dress,XXL,Amazon source-local
J0400-DR-XXXL,J0400-DR-XXXL,J0400,Western Dress,3XL,Amazon source-local
J0401-DR-L,J0401-DR-L,J0401,Western Dress,L,Amazon source-local
J0401-DR-M,J0401-DR-M,J0401,Western Dress,M,Amazon source-local
J0401-DR-S,J0401-DR-S,J0401,Western Dress,S,Amazon source-local
J0401-DR-XL,J0401-DR-XL,J0401,Western Dress,XL,Amazon source-local
J0401-DR-XS,J0401-DR-XS,J0401,Western Dress,XS,Amazon source-local
J0401-DR-XXL,J0401-DR-XXL,J0401,Western Dress,XXL,Amazon source-local
J0401-DR-XXXL,J0401-DR-XXXL,J0401,Western Dress,3XL,Amazon source-local
J0402-DR-L,J0402-DR-L,J0402,Western Dress,L,Amazon source-local
J0402-DR-M,J0402-DR-M,J0402,Western Dress,M,Amazon source-local
J0402-DR-S,J0402-DR-S,J0402,Western Dress,S,Amazon source-local
J0402-DR-XL,J0402-DR-XL,J0402,Western Dress,XL,Amazon source-local
J0402-DR-XS,J0402-DR-XS,J0402,Western Dress,XS,Amazon source-local
J0402-DR-XXL,J0402-DR-XXL,J0402,Western Dress,XXL,Amazon source-local
J0413-DR-L,J0413-DR-L,J0413,Western Dress,L,Amazon source-local
J0413-DR-M,J0413-DR-M,J0413,Western Dress,M,Amazon source-local
J0413-DR-S,J0413-DR-S,J0413,Western Dress,S,Amazon source-local
J0413-DR-XL,J0413-DR-XL,J0413,Western Dress,XL,Amazon source-local
J0413-DR-XS,J0413-DR-XS,J0413,Western Dress,XS,Amazon source-local
J0413-DR-XXL,J0413-DR-XXL,J0413,Western Dress,XXL,Amazon source-local
J0413-DR-XXXL,J0413-DR-XXXL,J0413,Western Dress,3XL,Amazon source-local
J0414-DR-L,J0414-DR-L,J0414,Western Dress,L,Amazon source-local
J0414-DR-M,J0414-DR-M,J0414,Western Dress,M,Amazon source-local
J0414-DR-S,J0414-DR-S,J0414,Western Dress,S,Amazon source-local
J0414-DR-XL,J0414-DR-XL,J0414,Western Dress,XL,Amazon source-local
J0414-DR-XS,J0414-DR-XS,J0414,Western Dress,XS,Amazon source-local
J0414-DR-XXL,J0414-DR-XXL,J0414,Western Dress,XXL,Amazon source-local
J0414-DR-XXXL,J0414-DR-XXXL,J0414,Western Dress,3XL,Amazon source-local
J0415-DR-L,J0415-DR-L,J0415,Western Dress,L,Amazon source-local
J0415-DR-M,J0415-DR-M,J0415,Western Dress,M,Amazon source-local
J0415-DR-S,J0415-DR-S,J0415,Western Dress,S,Amazon source-local
J0415-DR-XL,J0415-DR-XL,J0415,Western Dress,XL,Amazon source-local
J0415-DR-XS,J0415-DR-XS,J0415,Western Dress,XS,Amazon source-local
J0415-DR-XXL,J0415-DR-XXL,J0415,Western Dress,XXL,Amazon source-local
J0415-DR-XXXL,J0415-DR-XXXL,J0415,Western Dress,3XL,Amazon source-local
J0416-DR-L,J0416-DR-L,J0416,Western Dress,L,Amazon source-local
J0416-DR-M,J0416-DR-M,J0416,Western Dress,M,Amazon source-local
J0416-DR-S,J0416-DR-S,J0416,Western Dress,S,Amazon source-local
J0416-DR-XL,J0416-DR-XL,J0416,Western Dress,XL,Amazon source-local
J0416-DR-XS,J0416-DR-XS,J0416,Western Dress,XS,Amazon source-local
J0416-DR-XXL,J0416-DR-XXL,J0416,Western Dress,XXL,Amazon source-local
J0417-TP-M,J0417-TP-M,J0417,Top,M,Amazon source-local
J0417-TP-S,J0417-TP-S,J0417,Top,S,Amazon source-local
J0417-TP-XL,J0417-TP-XL,J0417,Top,XL,Amazon source-local
J0417-TP-XS,J0417-TP-XS,J0417,Top,XS,Amazon source-local
J0418-TP-L,J0418-TP-L,J0418,Top,L,Amazon source-local
J0418-TP-M,J0418-TP-M,J0418,Top,M,Amazon source-local
J0418-TP-S,J0418-TP-S,J0418,Top,S,Amazon source-local
J0418-TP-XL,J0418-TP-XL,J0418,Top,XL,Amazon source-local
J0418-TP-XS,J0418-TP-XS,J0418,Top,XS,Amazon source-local
J0418-TP-XXL,J0418-TP-XXL,J0418,Top,XXL,Amazon source-local
J0419-TP-L,J0419-TP-L,J0419,Top,L,Amazon source-local
J0419-TP-M,J0419-TP-M,J0419,Top,M,Amazon source-local
J0419-TP-S,J0419-TP-S,J0419,Top,S,Amazon source-local
J0419-TP-XL,J0419-TP-XL,J0419,Top,XL,Amazon source-local
J0419-TP-XS,J0419-TP-XS,J0419,Top,XS,Amazon source-local
J0419-TP-XXL,J0419-TP-XXL,J0419,Top,XXL,Amazon source-local
J0419-TP-XXXL,J0419-TP-XXXL,J0419,Top,3XL,Amazon source-local
J0420-TP-L,J0420-TP-L,J0420,Top,L,Amazon source-local
J0420-TP-M,J0420-TP-M,J0420,Top,M,Amazon source-local
J0420-TP-S,J0420-TP-S,J0420,Top,S,Amazon source-local
J0429-DR-M,J0429-DR-M,J0429,Western Dress,M,Amazon source-local
J0429-DR-S,J0429-DR-S,J0429,Western Dress,S,Amazon source-local
J0429-DR-XL,J0429-DR-XL,J0429,Western Dress,XL,Amazon source-local
J0429-DR-XS,J0429-DR-XS,J0429,Western Dress,XS,Amazon source-local
J0429-DR-XXL,J0429-DR-XXL,J0429,Western Dress,XXL,Amazon source-local
J0429-DR-XXXL,J0429-DR-XXXL,J0429,Western Dress,3XL,Amazon source-local
J0431-DR-L,J0431-DR-L,J0431,Western Dress,L,Amazon source-local
J0431-DR-M,J0431-DR-M,J0431,Western Dress,M,Amazon source-local
J0431-DR-S,J0431-DR-S,J0431,Western Dress,S,Amazon source-local
J0431-DR-XL,J0431-DR-XL,J0431,Western Dress,XL,Amazon source-local
J0431-DR-XS,J0431-DR-XS,J0431,Western Dress,XS,Amazon source-local
J0431-DR-XXL,J0431-DR-XXL,J0431,Western Dress,XXL,Amazon source-local
J0431-DR-XXXL,J0431-DR-XXXL,J0431,Western Dress,3XL,Amazon source-local
J0434-DR-L,J0434-DR-L,J0434,Western Dress,L,Amazon source-local
J0434-DR-S,J0434-DR-S,J0434,Western Dress,S,Amazon source-local
J0434-DR-XL,J0434-DR-XL,J0434,Western Dress,XL,Amazon source-local
J0434-DR-XXL,J0434-DR-XXL,J0434,Western Dress,XXL,Amazon source-local
J0434-DR-XXXL,J0434-DR-XXXL,J0434,Western Dress,3XL,Amazon source-local
JNE0722-K,JNE0722-K,JNE0722,Saree,Free,Amazon source-local
JNE0850-N,JNE0850-N,JNE0850,Saree,Free,Amazon source-local
JNE09186-BLUE-SR-JP7104RMV,JNE09186-BLUE-SR-JP7104RMV,JNE09186,Saree,Free,Amazon source-local
JNE09186-BLUE-SR-JP7104RMV-K,JNE09186-BLUE-SR-JP7104RMV-K,JNE09186,Saree,Free,Amazon source-local
JNE09186-BLUE-SR-JP7104RMV-N,JNE09186-BLUE-SR-JP7104RMV-N,JNE09186,Saree,Free,Amazon source-local
JNE09187-PINK-SR-JP7104RNV,JNE09187-PINK-SR-JP7104RNV,JNE09187,Saree,Free,Amazon source-local
JNE09209-MULTI-SR-JP8101RMV,JNE09209-MULTI-SR-JP8101RMV,JNE09209,Saree,Free,Amazon source-local
JNE09209-MULTI-SR-JP8101RMV-K,JNE09209-MULTI-SR-JP8101RMV-K,JNE09209,Saree,Free,Amazon source-local
JNE09210-PINK-SR-JP8101RNV,JNE09210-PINK-SR-JP8101RNV,JNE09210,Saree,Free,Amazon source-local
JNE09210-PINK-SR-JP8101RNV-K,JNE09210-PINK-SR-JP8101RNV-K,JNE09210,Saree,Free,Amazon source-local
JNE1000-NAVY-SR-JB6102RMV-K,JNE1000-NAVY-SR-JB6102RMV-K,JNE1000,Saree,Free,Amazon source-local
JNE1233-BLUE-KR-031-L,JNE1233-BLUE-KR-031-L,JNE1233,kurta,L,Amazon source-local
JNE1233-BLUE-KR-031-M,JNE1233-BLUE-KR-031-M,JNE1233,kurta,M,Amazon source-local
JNE1233-BLUE-KR-031-S,JNE1233-BLUE-KR-031-S,JNE1233,kurta,S,Amazon source-local
JNE1233-BLUE-KR-031-XL,JNE1233-BLUE-KR-031-XL,JNE1233,kurta,XL,Amazon source-local
JNE1233-BLUE-KR-031-XS,JNE1233-BLUE-KR-031-XS,JNE1233,kurta,XS,Amazon source-local
JNE1233-BLUE-KR-031-XXL,JNE1233-BLUE-KR-031-XXL,JNE1233,kurta,XXL,Amazon source-local
JNE1233-BLUE-KR-031-XXXL,JNE1233-BLUE-KR-031-XXXL,JNE1233,kurta,3XL,Amazon source-local
JNE1234-MULTI-KR-032-L,JNE1234-MULTI-KR-032-L,JNE1234,kurta,L,Amazon source-local
JNE1234-MULTI-KR-032-M,JNE1234-MULTI-KR-032-M,JNE1234,kurta,M,Amazon source-local
JNE1234-MULTI-KR-032-S,JNE1234-MULTI-KR-032-S,JNE1234,kurta,S,Amazon source-local
JNE1234-MULTI-KR-032-XL,JNE1234-MULTI-KR-032-XL,JNE1234,kurta,XL,Amazon source-local
JNE1234-MULTI-KR-032-XS,JNE1234-MULTI-KR-032-XS,JNE1234,kurta,XS,Amazon source-local
JNE1234-MULTI-KR-032-XXL,JNE1234-MULTI-KR-032-XXL,JNE1234,kurta,XXL,Amazon source-local
JNE1234-MULTI-KR-032-XXXL,JNE1234-MULTI-KR-032-XXXL,JNE1234,kurta,3XL,Amazon source-local
JNE1407-BLACK-KR-UDF18-XL,JNE1407-BLACK-KR-UDF18-XL,JNE1407,kurta,XL,Amazon source-local
JNE1408-GREY-KR-UDF19-L,JNE1408-GREY-KR-UDF19-L,JNE1408,kurta,L,Amazon source-local
JNE1408-GREY-KR-UDF19-M,JNE1408-GREY-KR-UDF19-M,JNE1408,kurta,M,Amazon source-local
JNE1408-GREY-KR-UDF19-S,JNE1408-GREY-KR-UDF19-S,JNE1408,kurta,S,Amazon source-local
JNE1408-GREY-KR-UDF19-XL,JNE1408-GREY-KR-UDF19-XL,JNE1408,kurta,XL,Amazon source-local
JNE1408-GREY-KR-UDF19-XXL,JNE1408-GREY-KR-UDF19-XXL,JNE1408,kurta,XXL,Amazon source-local
JNE1408-GREY-KR-UDF19-XXXL,JNE1408-GREY-KR-UDF19-XXXL,JNE1408,kurta,3XL,Amazon source-local
JNE1408-KR-UDF19-A-L,JNE1408-KR-UDF19-A-L,JNE1408,kurta,L,Amazon source-local
JNE1408-KR-UDF19-A-M,JNE1408-KR-UDF19-A-M,JNE1408,kurta,M,Amazon source-local
JNE1408-KR-UDF19-A-S,JNE1408-KR-UDF19-A-S,JNE1408,kurta,S,Amazon source-local
JNE1408-KR-UDF19-A-XL,JNE1408-KR-UDF19-A-XL,JNE1408,kurta,XL,Amazon source-local
JNE1408-KR-UDF19-A-XS,JNE1408-KR-UDF19-A-XS,JNE1408,kurta,XS,Amazon source-local
JNE1408-KR-UDF19-A-XXL,JNE1408-KR-UDF19-A-XXL,JNE1408,kurta,XXL,Amazon source-local
JNE1408-KR-UDF19-A-XXXL,JNE1408-KR-UDF19-A-XXXL,JNE1408,kurta,3XL,Amazon source-local
JNE1525-KR-UDF19-A-L,JNE1525-KR-UDF19-A-L,JNE1525,kurta,L,Amazon source-local
JNE1525-KR-UDF19-A-M,JNE1525-KR-UDF19-A-M,JNE1525,kurta,M,Amazon source-local
JNE1525-KR-UDF19-A-S,JNE1525-KR-UDF19-A-S,JNE1525,kurta,S,Amazon source-local
JNE1525-KR-UDF19-A-XL,JNE1525-KR-UDF19-A-XL,JNE1525,kurta,XL,Amazon source-local
JNE1525-KR-UDF19-A-XS,JNE1525-KR-UDF19-A-XS,JNE1525,kurta,XS,Amazon source-local
JNE1525-KR-UDF19-A-XXL,JNE1525-KR-UDF19-A-XXL,JNE1525,kurta,XXL,Amazon source-local
JNE1525-KR-UDF19-A-XXXL,JNE1525-KR-UDF19-A-XXXL,JNE1525,kurta,3XL,Amazon source-local
JNE1525-KR-UDF19BLACK-L,JNE1525-KR-UDF19BLACK-L,JNE1525,kurta,L,Amazon source-local
JNE1525-KR-UDF19BLACK-M,JNE1525-KR-UDF19BLACK-M,JNE1525,kurta,M,Amazon source-local
JNE1525-KR-UDF19BLACK-S,JNE1525-KR-UDF19BLACK-S,JNE1525,kurta,S,Amazon source-local
JNE1525-KR-UDF19BLACK-XL,JNE1525-KR-UDF19BLACK-XL,JNE1525,kurta,XL,Amazon source-local
JNE1525-KR-UDF19BLACK-XS,JNE1525-KR-UDF19BLACK-XS,JNE1525,kurta,XS,Amazon source-local
JNE1525-KR-UDF19BLACK-XXL,JNE1525-KR-UDF19BLACK-XXL,JNE1525,kurta,XXL,Amazon source-local
JNE1525-KR-UDF19BLACK-XXXL,JNE1525-KR-UDF19BLACK-XXXL,JNE1525,kurta,3XL,Amazon source-local
JNE1906-KR-031-L,JNE1906-KR-031-L,JNE1906,kurta,L,Amazon source-local
JNE1906-KR-031-M,JNE1906-KR-031-M,JNE1906,kurta,M,Amazon source-local
JNE1906-KR-031-S,JNE1906-KR-031-S,JNE1906,kurta,S,Amazon source-local
JNE1906-KR-031-XL,JNE1906-KR-031-XL,JNE1906,kurta,XL,Amazon source-local
JNE1906-KR-031-XS,JNE1906-KR-031-XS,JNE1906,kurta,XS,Amazon source-local
JNE1906-KR-031-XXL,JNE1906-KR-031-XXL,JNE1906,kurta,XXL,Amazon source-local
JNE1906-KR-031-XXXL,JNE1906-KR-031-XXXL,JNE1906,kurta,3XL,Amazon source-local
JNE1951-KR-155-L,JNE1951-KR-155-L,JNE1951,kurta,L,Amazon source-local
JNE1951-KR-155-M,JNE1951-KR-155-M,JNE1951,kurta,M,Amazon source-local
JNE1951-KR-155-S,JNE1951-KR-155-S,JNE1951,kurta,S,Amazon source-local
JNE1951-KR-155-XL,JNE1951-KR-155-XL,JNE1951,kurta,XL,Amazon source-local
JNE1951-KR-155-XS,JNE1951-KR-155-XS,JNE1951,kurta,XS,Amazon source-local
JNE1951-KR-155-XXL,JNE1951-KR-155-XXL,JNE1951,kurta,XXL,Amazon source-local
JNE1951-KR-155-XXXL,JNE1951-KR-155-XXXL,JNE1951,kurta,3XL,Amazon source-local
JNE1975-KR-309-S,JNE1975-KR-309-S,JNE1975,kurta,S,Amazon source-local
JNE1975-KR-309-XS,JNE1975-KR-309-XS,JNE1975,kurta,XS,Amazon source-local
JNE1975-KR-309-XXL,JNE1975-KR-309-XXL,JNE1975,kurta,XXL,Amazon source-local
JNE1977-KR-237-L,JNE1977-KR-237-L,JNE1977,kurta,L,Amazon source-local
JNE1977-KR-237-M,JNE1977-KR-237-M,JNE1977,kurta,M,Amazon source-local
JNE1977-KR-237-S,JNE1977-KR-237-S,JNE1977,kurta,S,Amazon source-local
JNE1977-KR-237-XL,JNE1977-KR-237-XL,JNE1977,kurta,XL,Amazon source-local
JNE1977-KR-237-XS,JNE1977-KR-237-XS,JNE1977,kurta,XS,Amazon source-local
JNE1977-KR-237-XXL,JNE1977-KR-237-XXL,JNE1977,kurta,XXL,Amazon source-local
JNE1977-KR-237-XXXL,JNE1977-KR-237-XXXL,JNE1977,kurta,3XL,Amazon source-local
JNE1998-KR-311-L,JNE1998-KR-311-L,JNE1998,kurta,L,Amazon source-local
JNE1998-KR-311-M,JNE1998-KR-311-M,JNE1998,kurta,M,Amazon source-local
JNE1998-KR-311-S,JNE1998-KR-311-S,JNE1998,kurta,S,Amazon source-local
JNE1998-KR-311-XL,JNE1998-KR-311-XL,JNE1998,kurta,XL,Amazon source-local
JNE1998-KR-311-XS,JNE1998-KR-311-XS,JNE1998,kurta,XS,Amazon source-local
JNE1998-KR-311-XXL,JNE1998-KR-311-XXL,JNE1998,kurta,XXL,Amazon source-local
JNE2006-KR-158-S,JNE2006-KR-158-S,JNE2006,kurta,S,Amazon source-local
JNE2009-KR-310-L,JNE2009-KR-310-L,JNE2009,kurta,L,Amazon source-local
JNE2009-KR-310-M,JNE2009-KR-310-M,JNE2009,kurta,M,Amazon source-local
JNE2009-KR-310-S,JNE2009-KR-310-S,JNE2009,kurta,S,Amazon source-local
JNE2009-KR-310-XL,JNE2009-KR-310-XL,JNE2009,kurta,XL,Amazon source-local
JNE2009-KR-310-XS,JNE2009-KR-310-XS,JNE2009,kurta,XS,Amazon source-local
JNE2009-KR-310-XXL,JNE2009-KR-310-XXL,JNE2009,kurta,XXL,Amazon source-local
JNE2014-KR-178-L,JNE2014-KR-178-L,JNE2014,kurta,L,Amazon source-local
JNE2014-KR-178-M,JNE2014-KR-178-M,JNE2014,kurta,M,Amazon source-local
JNE2014-KR-178-S,JNE2014-KR-178-S,JNE2014,kurta,S,Amazon source-local
JNE2014-KR-178-XL,JNE2014-KR-178-XL,JNE2014,kurta,XL,Amazon source-local
JNE2014-KR-178-XS,JNE2014-KR-178-XS,JNE2014,kurta,XS,Amazon source-local
JNE2014-KR-178-XXL,JNE2014-KR-178-XXL,JNE2014,kurta,XXL,Amazon source-local
JNE2014-KR-178-XXXL,JNE2014-KR-178-XXXL,JNE2014,kurta,3XL,Amazon source-local
JNE2032-KR-205-L,JNE2032-KR-205-L,JNE2032,kurta,L,Amazon source-local
JNE2032-KR-205-M,JNE2032-KR-205-M,JNE2032,kurta,M,Amazon source-local
JNE2032-KR-205-S,JNE2032-KR-205-S,JNE2032,kurta,S,Amazon source-local
JNE2032-KR-205-XL,JNE2032-KR-205-XL,JNE2032,kurta,XL,Amazon source-local
JNE2032-KR-205-XS,JNE2032-KR-205-XS,JNE2032,kurta,XS,Amazon source-local
JNE2032-KR-205-XXL,JNE2032-KR-205-XXL,JNE2032,kurta,XXL,Amazon source-local
JNE2032-KR-205-XXXL,JNE2032-KR-205-XXXL,JNE2032,kurta,3XL,Amazon source-local
JNE2049-KR-351-L,JNE2049-KR-351-L,JNE2049,kurta,L,Amazon source-local
JNE2049-KR-351-M,JNE2049-KR-351-M,JNE2049,kurta,M,Amazon source-local
JNE2049-KR-351-S,JNE2049-KR-351-S,JNE2049,kurta,S,Amazon source-local
JNE2049-KR-351-XL,JNE2049-KR-351-XL,JNE2049,kurta,XL,Amazon source-local
JNE2049-KR-351-XS,JNE2049-KR-351-XS,JNE2049,kurta,XS,Amazon source-local
JNE2049-KR-351-XXL,JNE2049-KR-351-XXL,JNE2049,kurta,XXL,Amazon source-local
JNE2049-KR-351-XXXL1,JNE2049-KR-351-XXXL1,JNE2049,kurta,3XL,Amazon source-local
JNE2058-KR-339-L,JNE2058-KR-339-L,JNE2058,kurta,L,Amazon source-local
JNE2086-KR-389-L,JNE2086-KR-389-L,JNE2086,kurta,L,Amazon source-local
JNE2086-KR-389-M,JNE2086-KR-389-M,JNE2086,kurta,M,Amazon source-local
JNE2086-KR-389-S,JNE2086-KR-389-S,JNE2086,kurta,S,Amazon source-local
JNE2086-KR-389-XL,JNE2086-KR-389-XL,JNE2086,kurta,XL,Amazon source-local
JNE2086-KR-389-XS,JNE2086-KR-389-XS,JNE2086,kurta,XS,Amazon source-local
JNE2086-KR-389-XXXL,JNE2086-KR-389-XXXL,JNE2086,kurta,3XL,Amazon source-local
JNE2100-KR-144-L,JNE2100-KR-144-L,JNE2100,kurta,L,Amazon source-local
JNE2100-KR-144-M,JNE2100-KR-144-M,JNE2100,kurta,M,Amazon source-local
JNE2100-KR-144-S,JNE2100-KR-144-S,JNE2100,kurta,S,Amazon source-local
JNE2100-KR-144-XL,JNE2100-KR-144-XL,JNE2100,kurta,XL,Amazon source-local
JNE2100-KR-144-XS,JNE2100-KR-144-XS,JNE2100,kurta,XS,Amazon source-local
JNE2100-KR-144-XXL,JNE2100-KR-144-XXL,JNE2100,kurta,XXL,Amazon source-local
JNE2100-KR-144-XXXL,JNE2100-KR-144-XXXL,JNE2100,kurta,3XL,Amazon source-local
JNE2101-KR-210-L,JNE2101-KR-210-L,JNE2101,kurta,L,Amazon source-local
JNE2101-KR-210-S,JNE2101-KR-210-S,JNE2101,kurta,S,Amazon source-local
JNE2101-KR-210-XL,JNE2101-KR-210-XL,JNE2101,kurta,XL,Amazon source-local
JNE2113-KR-381-L,JNE2113-KR-381-L,JNE2113,kurta,L,Amazon source-local
JNE2113-KR-381-M,JNE2113-KR-381-M,JNE2113,kurta,M,Amazon source-local
JNE2113-KR-381-S,JNE2113-KR-381-S,JNE2113,kurta,S,Amazon source-local
JNE2113-KR-381-XL,JNE2113-KR-381-XL,JNE2113,kurta,XL,Amazon source-local
JNE2113-KR-381-XXL,JNE2113-KR-381-XXL,JNE2113,kurta,XXL,Amazon source-local
JNE2131-KR-A-L,JNE2131-KR-A-L,JNE2131,kurta,L,Amazon source-local
JNE2131-KR-A-M,JNE2131-KR-A-M,JNE2131,kurta,M,Amazon source-local
JNE2131-KR-A-S,JNE2131-KR-A-S,JNE2131,kurta,S,Amazon source-local
JNE2131-KR-A-XL,JNE2131-KR-A-XL,JNE2131,kurta,XL,Amazon source-local
JNE2131-KR-A-XXL,JNE2131-KR-A-XXL,JNE2131,kurta,XXL,Amazon source-local
JNE2131-KR-A-XXXL,JNE2131-KR-A-XXXL,JNE2131,kurta,3XL,Amazon source-local
JNE2132-KR-398-L,JNE2132-KR-398-L,JNE2132,kurta,L,Amazon source-local
JNE2132-KR-398-M,JNE2132-KR-398-M,JNE2132,kurta,M,Amazon source-local
JNE2132-KR-398-S,JNE2132-KR-398-S,JNE2132,kurta,S,Amazon source-local
JNE2132-KR-398-XL,JNE2132-KR-398-XL,JNE2132,kurta,XL,Amazon source-local
JNE2132-KR-398-XS,JNE2132-KR-398-XS,JNE2132,kurta,XS,Amazon source-local
JNE2132-KR-398-XXL,JNE2132-KR-398-XXL,JNE2132,kurta,XXL,Amazon source-local
JNE2132-KR-398-XXXL,JNE2132-KR-398-XXXL,JNE2132,kurta,3XL,Amazon source-local
JNE2145-KR-A-L,JNE2145-KR-A-L,JNE2145,kurta,L,Amazon source-local
JNE2145-KR-A-XL,JNE2145-KR-A-XL,JNE2145,kurta,XL,Amazon source-local
JNE2145-KR-A-XXXL,JNE2145-KR-A-XXXL,JNE2145,kurta,3XL,Amazon source-local
JNE2153-KR-278-A-M,JNE2153-KR-278-A-M,JNE2153,kurta,M,Amazon source-local
JNE2153-KR-278-A-S,JNE2153-KR-278-A-S,JNE2153,kurta,S,Amazon source-local
JNE2153-KR-278-A-XL,JNE2153-KR-278-A-XL,JNE2153,kurta,XL,Amazon source-local
JNE2153-KR-278-A-XS,JNE2153-KR-278-A-XS,JNE2153,kurta,XS,Amazon source-local
JNE2153-KR-278-A-XXL,JNE2153-KR-278-A-XXL,JNE2153,kurta,XXL,Amazon source-local
JNE2153-KR-278-A-XXXL,JNE2153-KR-278-A-XXXL,JNE2153,kurta,3XL,Amazon source-local
JNE2170-KR-436-L,JNE2170-KR-436-L,JNE2170,kurta,L,Amazon source-local
JNE2170-KR-436-M,JNE2170-KR-436-M,JNE2170,kurta,M,Amazon source-local
JNE2170-KR-436-S,JNE2170-KR-436-S,JNE2170,kurta,S,Amazon source-local
JNE2170-KR-436-XL,JNE2170-KR-436-XL,JNE2170,kurta,XL,Amazon source-local
JNE2170-KR-436-XS,JNE2170-KR-436-XS,JNE2170,kurta,XS,Amazon source-local
JNE2170-KR-436-XXL,JNE2170-KR-436-XXL,JNE2170,kurta,XXL,Amazon source-local
JNE2170-KR-436-XXXL,JNE2170-KR-436-XXXL,JNE2170,kurta,3XL,Amazon source-local
JNE2171-KR-437-L,JNE2171-KR-437-L,JNE2171,kurta,L,Amazon source-local
JNE2171-KR-437-M,JNE2171-KR-437-M,JNE2171,kurta,M,Amazon source-local
JNE2171-KR-437-S,JNE2171-KR-437-S,JNE2171,kurta,S,Amazon source-local
JNE2171-KR-437-XL,JNE2171-KR-437-XL,JNE2171,kurta,XL,Amazon source-local
JNE2171-KR-437-XS,JNE2171-KR-437-XS,JNE2171,kurta,XS,Amazon source-local
JNE2171-KR-437-XXL,JNE2171-KR-437-XXL,JNE2171,kurta,XXL,Amazon source-local
JNE2171-KR-437-XXXL,JNE2171-KR-437-XXXL,JNE2171,kurta,3XL,Amazon source-local
JNE2199-KR-411-A-L,JNE2199-KR-411-A-L,JNE2199,kurta,L,Amazon source-local
JNE2199-KR-411-A-M,JNE2199-KR-411-A-M,JNE2199,kurta,M,Amazon source-local
JNE2199-KR-411-A-S,JNE2199-KR-411-A-S,JNE2199,kurta,S,Amazon source-local
JNE2199-KR-411-A-XL,JNE2199-KR-411-A-XL,JNE2199,kurta,XL,Amazon source-local
JNE2199-KR-411-A-XS,JNE2199-KR-411-A-XS,JNE2199,kurta,XS,Amazon source-local
JNE2199-KR-411-A-XXL,JNE2199-KR-411-A-XXL,JNE2199,kurta,XXL,Amazon source-local
JNE2199-KR-411-A-XXXL,JNE2199-KR-411-A-XXXL,JNE2199,kurta,3XL,Amazon source-local
JNE2205-KR-467-A-L,JNE2205-KR-467-A-L,JNE2205,kurta,L,Amazon source-local
JNE2205-KR-467-A-M,JNE2205-KR-467-A-M,JNE2205,kurta,M,Amazon source-local
JNE2205-KR-467-A-S,JNE2205-KR-467-A-S,JNE2205,kurta,S,Amazon source-local
JNE2205-KR-467-A-XL,JNE2205-KR-467-A-XL,JNE2205,kurta,XL,Amazon source-local
JNE2205-KR-467-A-XS,JNE2205-KR-467-A-XS,JNE2205,kurta,XS,Amazon source-local
JNE2205-KR-467-A-XXL,JNE2205-KR-467-A-XXL,JNE2205,kurta,XXL,Amazon source-local
JNE2205-KR-467-A-XXXL,JNE2205-KR-467-A-XXXL,JNE2205,kurta,3XL,Amazon source-local
JNE2209-KR-498-A-XL,JNE2209-KR-498-A-XL,JNE2209,kurta,XL,Amazon source-local
JNE2251-KR-537-C-L,JNE2251-KR-537-C-L,JNE2251,kurta,L,Amazon source-local
JNE2251-KR-537-C-S,JNE2251-KR-537-C-S,JNE2251,kurta,S,Amazon source-local
JNE2251-KR-537-C-XL,JNE2251-KR-537-C-XL,JNE2251,kurta,XL,Amazon source-local
JNE2251-KR-537-C-XS,JNE2251-KR-537-C-XS,JNE2251,kurta,XS,Amazon source-local
JNE2251-KR-537-C-XXL,JNE2251-KR-537-C-XXL,JNE2251,kurta,XXL,Amazon source-local
JNE2251-KR-537-C-XXXL,JNE2251-KR-537-C-XXXL,JNE2251,kurta,3XL,Amazon source-local
JNE2251-KR-537-L,JNE2251-KR-537-L,JNE2251,kurta,L,Amazon source-local
JNE2251-KR-537-M,JNE2251-KR-537-M,JNE2251,kurta,M,Amazon source-local
JNE2251-KR-537-S,JNE2251-KR-537-S,JNE2251,kurta,S,Amazon source-local
JNE2251-KR-537-XL,JNE2251-KR-537-XL,JNE2251,kurta,XL,Amazon source-local
JNE2251-KR-537-XS,JNE2251-KR-537-XS,JNE2251,kurta,XS,Amazon source-local
JNE2251-KR-537-XXL,JNE2251-KR-537-XXL,JNE2251,kurta,XXL,Amazon source-local
JNE2251-KR-537-XXXL,JNE2251-KR-537-XXXL,JNE2251,kurta,3XL,Amazon source-local
JNE2262-KR-569-S,JNE2262-KR-569-S,JNE2262,kurta,S,Amazon source-local
JNE2265-KR-501-L,JNE2265-KR-501-L,JNE2265,kurta,L,Amazon source-local
JNE2265-KR-501-M,JNE2265-KR-501-M,JNE2265,kurta,M,Amazon source-local
JNE2265-KR-501-S,JNE2265-KR-501-S,JNE2265,kurta,S,Amazon source-local
JNE2265-KR-501-XL,JNE2265-KR-501-XL,JNE2265,kurta,XL,Amazon source-local
JNE2265-KR-501-XS,JNE2265-KR-501-XS,JNE2265,kurta,XS,Amazon source-local
JNE2265-KR-501-XXL,JNE2265-KR-501-XXL,JNE2265,kurta,XXL,Amazon source-local
JNE2266-KR-490-A-L,JNE2266-KR-490-A-L,JNE2266,kurta,L,Amazon source-local
JNE2266-KR-490-A-M,JNE2266-KR-490-A-M,JNE2266,kurta,M,Amazon source-local
JNE2266-KR-490-A-S,JNE2266-KR-490-A-S,JNE2266,kurta,S,Amazon source-local
JNE2266-KR-490-A-XL,JNE2266-KR-490-A-XL,JNE2266,kurta,XL,Amazon source-local
JNE2266-KR-490-A-XS,JNE2266-KR-490-A-XS,JNE2266,kurta,XS,Amazon source-local
JNE2266-KR-490-A-XXL,JNE2266-KR-490-A-XXL,JNE2266,kurta,XXL,Amazon source-local
JNE2270-KR-487-A-L,JNE2270-KR-487-A-L,JNE2270,kurta,L,Amazon source-local
JNE2270-KR-487-A-M,JNE2270-KR-487-A-M,JNE2270,kurta,M,Amazon source-local
JNE2270-KR-487-A-S,JNE2270-KR-487-A-S,JNE2270,kurta,S,Amazon source-local
JNE2270-KR-487-A-XL,JNE2270-KR-487-A-XL,JNE2270,kurta,XL,Amazon source-local
JNE2270-KR-487-A-XS,JNE2270-KR-487-A-XS,JNE2270,kurta,XS,Amazon source-local
JNE2270-KR-487-A-XXL,JNE2270-KR-487-A-XXL,JNE2270,kurta,XXL,Amazon source-local
JNE2291-KR-602-L,JNE2291-KR-602-L,JNE2291,kurta,L,Amazon source-local
JNE2291-KR-602-M,JNE2291-KR-602-M,JNE2291,kurta,M,Amazon source-local
JNE2291-KR-602-S,JNE2291-KR-602-S,JNE2291,kurta,S,Amazon source-local
JNE2291-KR-602-XL,JNE2291-KR-602-XL,JNE2291,kurta,XL,Amazon source-local
JNE2291-KR-602-XS,JNE2291-KR-602-XS,JNE2291,kurta,XS,Amazon source-local
JNE2291-KR-602-XXL,JNE2291-KR-602-XXL,JNE2291,kurta,XXL,Amazon source-local
JNE2291-KR-602-XXXL,JNE2291-KR-602-XXXL,JNE2291,kurta,3XL,Amazon source-local
JNE2292-KR-588-L,JNE2292-KR-588-L,JNE2292,kurta,L,Amazon source-local
JNE2293-KR-555-XXL,JNE2293-KR-555-XXL,JNE2293,kurta,XXL,Amazon source-local
JNE2294-KR-A-L,JNE2294-KR-A-L,JNE2294,kurta,L,Amazon source-local
JNE2294-KR-A-S,JNE2294-KR-A-S,JNE2294,kurta,S,Amazon source-local
JNE2294-KR-A-XL,JNE2294-KR-A-XL,JNE2294,kurta,XL,Amazon source-local
JNE2294-KR-A-XS,JNE2294-KR-A-XS,JNE2294,kurta,XS,Amazon source-local
JNE2294-KR-A-XXL,JNE2294-KR-A-XXL,JNE2294,kurta,XXL,Amazon source-local
JNE2294-KR-A-XXXL,JNE2294-KR-A-XXXL,JNE2294,kurta,3XL,Amazon source-local
JNE2300-KR-594-A-S,JNE2300-KR-594-A-S,JNE2300,kurta,S,Amazon source-local
JNE2302-KR-595-G-M,JNE2302-KR-595-G-M,JNE2302,kurta,M,Amazon source-local
JNE2305-KR-533-L,JNE2305-KR-533-L,JNE2305,kurta,L,Amazon source-local
JNE2305-KR-533-M,JNE2305-KR-533-M,JNE2305,kurta,M,Amazon source-local
JNE2305-KR-533-S,JNE2305-KR-533-S,JNE2305,kurta,S,Amazon source-local
JNE2305-KR-533-XL,JNE2305-KR-533-XL,JNE2305,kurta,XL,Amazon source-local
JNE2305-KR-533-XS,JNE2305-KR-533-XS,JNE2305,kurta,XS,Amazon source-local
JNE2305-KR-533-XXL,JNE2305-KR-533-XXL,JNE2305,kurta,XXL,Amazon source-local
JNE2307-KR-572-L,JNE2307-KR-572-L,JNE2307,kurta,L,Amazon source-local
JNE2307-KR-572-M,JNE2307-KR-572-M,JNE2307,kurta,M,Amazon source-local
JNE2307-KR-572-XL,JNE2307-KR-572-XL,JNE2307,kurta,XL,Amazon source-local
JNE2307-KR-572-XXL,JNE2307-KR-572-XXL,JNE2307,kurta,XXL,Amazon source-local
JNE2309-KR-598-L,JNE2309-KR-598-L,JNE2309,kurta,L,Amazon source-local
JNE2321-KR-576-L,JNE2321-KR-576-L,JNE2321,kurta,L,Amazon source-local
JNE2323-KR-574-XS,JNE2323-KR-574-XS,JNE2323,kurta,XS,Amazon source-local
JNE2324-KR-575-XXL,JNE2324-KR-575-XXL,JNE2324,kurta,XXL,Amazon source-local
JNE3030-KR-L,JNE3030-KR-L,JNE3030,kurta,L,Amazon source-local
JNE3030-KR-M,JNE3030-KR-M,JNE3030,kurta,M,Amazon source-local
JNE3030-KR-S,JNE3030-KR-S,JNE3030,kurta,S,Amazon source-local
JNE3030-KR-XL,JNE3030-KR-XL,JNE3030,kurta,XL,Amazon source-local
JNE3030-KR-XS,JNE3030-KR-XS,JNE3030,kurta,XS,Amazon source-local
JNE3030-KR-XXL,JNE3030-KR-XXL,JNE3030,kurta,XXL,Amazon source-local
JNE3030-KR-XXXL,JNE3030-KR-XXXL,JNE3030,kurta,3XL,Amazon source-local
JNE3042-KR-L,JNE3042-KR-L,JNE3042,kurta,L,Amazon source-local
JNE3042-KR-M,JNE3042-KR-M,JNE3042,kurta,M,Amazon source-local
JNE3042-KR-S,JNE3042-KR-S,JNE3042,kurta,S,Amazon source-local
JNE3042-KR-XL,JNE3042-KR-XL,JNE3042,kurta,XL,Amazon source-local
JNE3042-KR-XS,JNE3042-KR-XS,JNE3042,kurta,XS,Amazon source-local
JNE3042-KR-XXL,JNE3042-KR-XXL,JNE3042,kurta,XXL,Amazon source-local
JNE3042-KR-XXXL,JNE3042-KR-XXXL,JNE3042,kurta,3XL,Amazon source-local
JNE3062-KR-M,JNE3062-KR-M,JNE3062,kurta,M,Amazon source-local
JNE3065-KR-L,JNE3065-KR-L,JNE3065,kurta,L,Amazon source-local
JNE3065-KR-M,JNE3065-KR-M,JNE3065,kurta,M,Amazon source-local
JNE3065-KR-S,JNE3065-KR-S,JNE3065,kurta,S,Amazon source-local
JNE3065-KR-XL,JNE3065-KR-XL,JNE3065,kurta,XL,Amazon source-local
JNE3065-KR-XXL,JNE3065-KR-XXL,JNE3065,kurta,XXL,Amazon source-local
JNE3068-KR-A-L,JNE3068-KR-A-L,JNE3068,kurta,L,Amazon source-local
JNE3068-KR-A-M,JNE3068-KR-A-M,JNE3068,kurta,M,Amazon source-local
JNE3068-KR-A-S,JNE3068-KR-A-S,JNE3068,kurta,S,Amazon source-local
JNE3068-KR-A-XL,JNE3068-KR-A-XL,JNE3068,kurta,XL,Amazon source-local
JNE3068-KR-A-XXL,JNE3068-KR-A-XXL,JNE3068,kurta,XXL,Amazon source-local
JNE3144-KR-S,JNE3144-KR-S,JNE3144,kurta,S,Amazon source-local
JNE3157-KR-M,JNE3157-KR-M,JNE3157,kurta,M,Amazon source-local
JNE3160-KR-G-L,JNE3160-KR-G-L,JNE3160,kurta,L,Amazon source-local
JNE3160-KR-G-M,JNE3160-KR-G-M,JNE3160,kurta,M,Amazon source-local
JNE3160-KR-G-S,JNE3160-KR-G-S,JNE3160,kurta,S,Amazon source-local
JNE3160-KR-G-XL,JNE3160-KR-G-XL,JNE3160,kurta,XL,Amazon source-local
JNE3160-KR-G-XS,JNE3160-KR-G-XS,JNE3160,kurta,XS,Amazon source-local
JNE3160-KR-G-XXL,JNE3160-KR-G-XXL,JNE3160,kurta,XXL,Amazon source-local
JNE3160-KR-G-XXXL,JNE3160-KR-G-XXXL,JNE3160,kurta,3XL,Amazon source-local
JNE3160-KR-L,JNE3160-KR-L,JNE3160,kurta,L,Amazon source-local
JNE3160-KR-M,JNE3160-KR-M,JNE3160,kurta,M,Amazon source-local
JNE3160-KR-S,JNE3160-KR-S,JNE3160,kurta,S,Amazon source-local
JNE3160-KR-XL,JNE3160-KR-XL,JNE3160,kurta,XL,Amazon source-local
JNE3160-KR-XS,JNE3160-KR-XS,JNE3160,kurta,XS,Amazon source-local
JNE3160-KR-XXL,JNE3160-KR-XXL,JNE3160,kurta,XXL,Amazon source-local
JNE3160-KR-XXXL,JNE3160-KR-XXXL,JNE3160,kurta,3XL,Amazon source-local
JNE3220-KR-XXL,JNE3220-KR-XXL,JNE3220,kurta,XXL,Amazon source-local
JNE3225-KR-L,JNE3225-KR-L,JNE3225,kurta,L,Amazon source-local
JNE3225-KR-M,JNE3225-KR-M,JNE3225,kurta,M,Amazon source-local
JNE3225-KR-S,JNE3225-KR-S,JNE3225,kurta,S,Amazon source-local
JNE3225-KR-XL,JNE3225-KR-XL,JNE3225,kurta,XL,Amazon source-local
JNE3225-KR-XS,JNE3225-KR-XS,JNE3225,kurta,XS,Amazon source-local
JNE3225-KR-XXL,JNE3225-KR-XXL,JNE3225,kurta,XXL,Amazon source-local
JNE3225-KR-XXXL,JNE3225-KR-XXXL,JNE3225,kurta,3XL,Amazon source-local
JNE3234-KR-M,JNE3234-KR-M,JNE3234,kurta,M,Amazon source-local
JNE3251-KR-L,JNE3251-KR-L,JNE3251,kurta,L,Amazon source-local
JNE3251-KR-M,JNE3251-KR-M,JNE3251,kurta,M,Amazon source-local
JNE3251-KR-XL,JNE3251-KR-XL,JNE3251,kurta,XL,Amazon source-local
JNE3252-KR-L,JNE3252-KR-L,JNE3252,kurta,L,Amazon source-local
JNE3252-KR-M,JNE3252-KR-M,JNE3252,kurta,M,Amazon source-local
JNE3252-KR-S,JNE3252-KR-S,JNE3252,kurta,S,Amazon source-local
JNE3252-KR-XL,JNE3252-KR-XL,JNE3252,kurta,XL,Amazon source-local
JNE3252-KR-XS,JNE3252-KR-XS,JNE3252,kurta,XS,Amazon source-local
JNE3252-KR-XXL,JNE3252-KR-XXL,JNE3252,kurta,XXL,Amazon source-local
JNE3252-KR-XXXL,JNE3252-KR-XXXL,JNE3252,kurta,3XL,Amazon source-local
JNE3253-KR-M,JNE3253-KR-M,JNE3253,kurta,M,Amazon source-local
JNE3253-KR-XL,JNE3253-KR-XL,JNE3253,kurta,XL,Amazon source-local
JNE3255-KR-L,JNE3255-KR-L,JNE3255,kurta,L,Amazon source-local
JNE3255-KR-M,JNE3255-KR-M,JNE3255,kurta,M,Amazon source-local
JNE3255-KR-S,JNE3255-KR-S,JNE3255,kurta,S,Amazon source-local
JNE3255-KR-XL,JNE3255-KR-XL,JNE3255,kurta,XL,Amazon source-local
JNE3255-KR-XS,JNE3255-KR-XS,JNE3255,kurta,XS,Amazon source-local
JNE3255-KR-XXL,JNE3255-KR-XXL,JNE3255,kurta,XXL,Amazon source-local
JNE3255-KR-XXXL,JNE3255-KR-XXXL,JNE3255,kurta,3XL,Amazon source-local
JNE3256-KR-L,JNE3256-KR-L,JNE3256,kurta,L,Amazon source-local
JNE3256-KR-M,JNE3256-KR-M,JNE3256,kurta,M,Amazon source-local
JNE3256-KR-S,JNE3256-KR-S,JNE3256,kurta,S,Amazon source-local
JNE3256-KR-XL,JNE3256-KR-XL,JNE3256,kurta,XL,Amazon source-local
JNE3256-KR-XS,JNE3256-KR-XS,JNE3256,kurta,XS,Amazon source-local
JNE3256-KR-XXL,JNE3256-KR-XXL,JNE3256,kurta,XXL,Amazon source-local
JNE3256-KR-XXXL,JNE3256-KR-XXXL,JNE3256,kurta,3XL,Amazon source-local
JNE3257-KR-L,JNE3257-KR-L,JNE3257,kurta,L,Amazon source-local
JNE3257-KR-M,JNE3257-KR-M,JNE3257,kurta,M,Amazon source-local
JNE3257-KR-S,JNE3257-KR-S,JNE3257,kurta,S,Amazon source-local
JNE3257-KR-XL,JNE3257-KR-XL,JNE3257,kurta,XL,Amazon source-local
JNE3257-KR-XXL,JNE3257-KR-XXL,JNE3257,kurta,XXL,Amazon source-local
JNE3261-KR-L,JNE3261-KR-L,JNE3261,kurta,L,Amazon source-local
JNE3261-KR-M,JNE3261-KR-M,JNE3261,kurta,M,Amazon source-local
JNE3261-KR-S,JNE3261-KR-S,JNE3261,kurta,S,Amazon source-local
JNE3261-KR-XL,JNE3261-KR-XL,JNE3261,kurta,XL,Amazon source-local
JNE3261-KR-XS,JNE3261-KR-XS,JNE3261,kurta,XS,Amazon source-local
JNE3261-KR-XXL,JNE3261-KR-XXL,JNE3261,kurta,XXL,Amazon source-local
JNE3261-KR-XXXL,JNE3261-KR-XXXL,JNE3261,kurta,3XL,Amazon source-local
JNE3265-KR-L,JNE3265-KR-L,JNE3265,kurta,L,Amazon source-local
JNE3265-KR-M,JNE3265-KR-M,JNE3265,kurta,M,Amazon source-local
JNE3265-KR-S,JNE3265-KR-S,JNE3265,kurta,S,Amazon source-local
JNE3265-KR-XL,JNE3265-KR-XL,JNE3265,kurta,XL,Amazon source-local
JNE3265-KR-XXL,JNE3265-KR-XXL,JNE3265,kurta,XXL,Amazon source-local
JNE3270-KR-L,JNE3270-KR-L,JNE3270,kurta,L,Amazon source-local
JNE3270-KR-M,JNE3270-KR-M,JNE3270,kurta,M,Amazon source-local
JNE3270-KR-S,JNE3270-KR-S,JNE3270,kurta,S,Amazon source-local
JNE3270-KR-XL,JNE3270-KR-XL,JNE3270,kurta,XL,Amazon source-local
JNE3270-KR-XS,JNE3270-KR-XS,JNE3270,kurta,XS,Amazon source-local
JNE3270-KR-XXL,JNE3270-KR-XXL,JNE3270,kurta,XXL,Amazon source-local
JNE3270-KR-XXXL,JNE3270-KR-XXXL,JNE3270,kurta,3XL,Amazon source-local
JNE3273-KR-L,JNE3273-KR-L,JNE3273,kurta,L,Amazon source-local
JNE3273-KR-M,JNE3273-KR-M,JNE3273,kurta,M,Amazon source-local
JNE3273-KR-S,JNE3273-KR-S,JNE3273,kurta,S,Amazon source-local
JNE3273-KR-XL,JNE3273-KR-XL,JNE3273,kurta,XL,Amazon source-local
JNE3273-KR-XS,JNE3273-KR-XS,JNE3273,kurta,XS,Amazon source-local
JNE3273-KR-XXL,JNE3273-KR-XXL,JNE3273,kurta,XXL,Amazon source-local
JNE3273-KR-XXXL,JNE3273-KR-XXXL,JNE3273,kurta,3XL,Amazon source-local
JNE3276-KR-XXL,JNE3276-KR-XXL,JNE3276,kurta,XXL,Amazon source-local
JNE3276-KR-XXXL,JNE3276-KR-XXXL,JNE3276,kurta,3XL,Amazon source-local
JNE3279-KR-A-S,JNE3279-KR-A-S,JNE3279,kurta,S,Amazon source-local
JNE3279-KR-A-XS,JNE3279-KR-A-XS,JNE3279,kurta,XS,Amazon source-local
JNE3279-KR-A-XXL,JNE3279-KR-A-XXL,JNE3279,kurta,XXL,Amazon source-local
JNE3279-KR-A-XXXL,JNE3279-KR-A-XXXL,JNE3279,kurta,3XL,Amazon source-local
JNE3281-KR-XL,JNE3281-KR-XL,JNE3281,kurta,XL,Amazon source-local
JNE3284-KR-M,JNE3284-KR-M,JNE3284,kurta,M,Amazon source-local
JNE3284-KR-S,JNE3284-KR-S,JNE3284,kurta,S,Amazon source-local
JNE3284-KR-XL,JNE3284-KR-XL,JNE3284,kurta,XL,Amazon source-local
JNE3284-KR-XXL,JNE3284-KR-XXL,JNE3284,kurta,XXL,Amazon source-local
JNE3288-KR-L,JNE3288-KR-L,JNE3288,kurta,L,Amazon source-local
JNE3288-KR-M,JNE3288-KR-M,JNE3288,kurta,M,Amazon source-local
JNE3288-KR-S,JNE3288-KR-S,JNE3288,kurta,S,Amazon source-local
JNE3288-KR-XL,JNE3288-KR-XL,JNE3288,kurta,XL,Amazon source-local
JNE3288-KR-XS,JNE3288-KR-XS,JNE3288,kurta,XS,Amazon source-local
JNE3288-KR-XXL,JNE3288-KR-XXL,JNE3288,kurta,XXL,Amazon source-local
JNE3288-KR-XXXL,JNE3288-KR-XXXL,JNE3288,kurta,3XL,Amazon source-local
JNE3291-KR-L,JNE3291-KR-L,JNE3291,kurta,L,Amazon source-local
JNE3291-KR-M,JNE3291-KR-M,JNE3291,kurta,M,Amazon source-local
JNE3291-KR-S,JNE3291-KR-S,JNE3291,kurta,S,Amazon source-local
JNE3291-KR-XL,JNE3291-KR-XL,JNE3291,kurta,XL,Amazon source-local
JNE3291-KR-XS,JNE3291-KR-XS,JNE3291,kurta,XS,Amazon source-local
JNE3291-KR-XXL,JNE3291-KR-XXL,JNE3291,kurta,XXL,Amazon source-local
JNE3291-KR-XXXL,JNE3291-KR-XXXL,JNE3291,kurta,3XL,Amazon source-local
JNE3294-KR-L,JNE3294-KR-L,JNE3294,kurta,L,Amazon source-local
JNE3294-KR-M,JNE3294-KR-M,JNE3294,kurta,M,Amazon source-local
JNE3294-KR-S,JNE3294-KR-S,JNE3294,kurta,S,Amazon source-local
JNE3294-KR-XL,JNE3294-KR-XL,JNE3294,kurta,XL,Amazon source-local
JNE3294-KR-XS,JNE3294-KR-XS,JNE3294,kurta,XS,Amazon source-local
JNE3294-KR-XXL,JNE3294-KR-XXL,JNE3294,kurta,XXL,Amazon source-local
JNE3294-KR-XXXL,JNE3294-KR-XXXL,JNE3294,kurta,3XL,Amazon source-local
JNE3296-KR-L,JNE3296-KR-L,JNE3296,kurta,L,Amazon source-local
JNE3296-KR-M,JNE3296-KR-M,JNE3296,kurta,M,Amazon source-local
JNE3296-KR-S,JNE3296-KR-S,JNE3296,kurta,S,Amazon source-local
JNE3296-KR-XL,JNE3296-KR-XL,JNE3296,kurta,XL,Amazon source-local
JNE3296-KR-XXL,JNE3296-KR-XXL,JNE3296,kurta,XXL,Amazon source-local
JNE3311-KR-A-XS,JNE3311-KR-A-XS,JNE3311,kurta,XS,Amazon source-local
JNE3311-KR-L,JNE3311-KR-L,JNE3311,kurta,L,Amazon source-local
JNE3311-KR-M,JNE3311-KR-M,JNE3311,kurta,M,Amazon source-local
JNE3311-KR-S,JNE3311-KR-S,JNE3311,kurta,S,Amazon source-local
JNE3311-KR-XL,JNE3311-KR-XL,JNE3311,kurta,XL,Amazon source-local
JNE3311-KR-XS,JNE3311-KR-XS,JNE3311,kurta,XS,Amazon source-local
JNE3311-KR-XXL,JNE3311-KR-XXL,JNE3311,kurta,XXL,Amazon source-local
JNE3311-KR-XXXL,JNE3311-KR-XXXL,JNE3311,kurta,3XL,Amazon source-local
JNE3313-KR-A-L,JNE3313-KR-A-L,JNE3313,kurta,L,Amazon source-local
JNE3313-KR-A-M,JNE3313-KR-A-M,JNE3313,kurta,M,Amazon source-local
JNE3313-KR-A-S,JNE3313-KR-A-S,JNE3313,kurta,S,Amazon source-local
JNE3313-KR-A-XL,JNE3313-KR-A-XL,JNE3313,kurta,XL,Amazon source-local
JNE3313-KR-A-XS,JNE3313-KR-A-XS,JNE3313,kurta,XS,Amazon source-local
JNE3313-KR-A-XXL,JNE3313-KR-A-XXL,JNE3313,kurta,XXL,Amazon source-local
JNE3313-KR-A-XXXL,JNE3313-KR-A-XXXL,JNE3313,kurta,3XL,Amazon source-local
JNE3313-KR-M,JNE3313-KR-M,JNE3313,kurta,M,Amazon source-local
JNE3313-KR-S,JNE3313-KR-S,JNE3313,kurta,S,Amazon source-local
JNE3313-KR-XL,JNE3313-KR-XL,JNE3313,kurta,XL,Amazon source-local
JNE3313-KR-XS,JNE3313-KR-XS,JNE3313,kurta,XS,Amazon source-local
JNE3313-KR-XXL,JNE3313-KR-XXL,JNE3313,kurta,XXL,Amazon source-local
JNE3313-KR-XXXL,JNE3313-KR-XXXL,JNE3313,kurta,3XL,Amazon source-local
JNE3323-KR-A-L,JNE3323-KR-A-L,JNE3323,kurta,L,Amazon source-local
JNE3323-KR-A-M,JNE3323-KR-A-M,JNE3323,kurta,M,Amazon source-local
JNE3323-KR-A-S,JNE3323-KR-A-S,JNE3323,kurta,S,Amazon source-local
JNE3323-KR-A-XL,JNE3323-KR-A-XL,JNE3323,kurta,XL,Amazon source-local
JNE3323-KR-A-XS,JNE3323-KR-A-XS,JNE3323,kurta,XS,Amazon source-local
JNE3323-KR-A-XXXL,JNE3323-KR-A-XXXL,JNE3323,kurta,3XL,Amazon source-local
JNE3323-KR-L,JNE3323-KR-L,JNE3323,kurta,L,Amazon source-local
JNE3323-KR-M,JNE3323-KR-M,JNE3323,kurta,M,Amazon source-local
JNE3323-KR-S,JNE3323-KR-S,JNE3323,kurta,S,Amazon source-local
JNE3323-KR-XS,JNE3323-KR-XS,JNE3323,kurta,XS,Amazon source-local
JNE3323-KR-XXXL,JNE3323-KR-XXXL,JNE3323,kurta,3XL,Amazon source-local
JNE3334-KR-L,JNE3334-KR-L,JNE3334,kurta,L,Amazon source-local
JNE3334-KR-M,JNE3334-KR-M,JNE3334,kurta,M,Amazon source-local
JNE3334-KR-S,JNE3334-KR-S,JNE3334,kurta,S,Amazon source-local
JNE3334-KR-XL,JNE3334-KR-XL,JNE3334,kurta,XL,Amazon source-local
JNE3334-KR-XXL,JNE3334-KR-XXL,JNE3334,kurta,XXL,Amazon source-local
JNE3336-KR-M,JNE3336-KR-M,JNE3336,kurta,M,Amazon source-local
JNE3336-KR-S,JNE3336-KR-S,JNE3336,kurta,S,Amazon source-local
JNE3336-KR-XL,JNE3336-KR-XL,JNE3336,kurta,XL,Amazon source-local
JNE3336-KR-XS,JNE3336-KR-XS,JNE3336,kurta,XS,Amazon source-local
JNE3338-KR-S,JNE3338-KR-S,JNE3338,kurta,S,Amazon source-local
JNE3339-KR-XS,JNE3339-KR-XS,JNE3339,kurta,XS,Amazon source-local
JNE3342-KR-S,JNE3342-KR-S,JNE3342,kurta,S,Amazon source-local
JNE3344-KR-L,JNE3344-KR-L,JNE3344,kurta,L,Amazon source-local
JNE3346-KR-M,JNE3346-KR-M,JNE3346,kurta,M,Amazon source-local
JNE3346-KR-XL,JNE3346-KR-XL,JNE3346,kurta,XL,Amazon source-local
JNE3346-KR-XXL,JNE3346-KR-XXL,JNE3346,kurta,XXL,Amazon source-local
JNE3348-KR-L,JNE3348-KR-L,JNE3348,kurta,L,Amazon source-local
JNE3348-KR-M,JNE3348-KR-M,JNE3348,kurta,M,Amazon source-local
JNE3348-KR-S,JNE3348-KR-S,JNE3348,kurta,S,Amazon source-local
JNE3348-KR-XL,JNE3348-KR-XL,JNE3348,kurta,XL,Amazon source-local
JNE3348-KR-XS,JNE3348-KR-XS,JNE3348,kurta,XS,Amazon source-local
JNE3348-KR-XXL,JNE3348-KR-XXL,JNE3348,kurta,XXL,Amazon source-local
JNE3348-KR-XXXL,JNE3348-KR-XXXL,JNE3348,kurta,3XL,Amazon source-local
JNE3351-KR-XL,JNE3351-KR-XL,JNE3351,kurta,XL,Amazon source-local
JNE3355-KR-XL,JNE3355-KR-XL,JNE3355,kurta,XL,Amazon source-local
JNE3359-KR-L,JNE3359-KR-L,JNE3359,kurta,L,Amazon source-local
JNE3359-KR-M,JNE3359-KR-M,JNE3359,kurta,M,Amazon source-local
JNE3359-KR-S,JNE3359-KR-S,JNE3359,kurta,S,Amazon source-local
JNE3359-KR-XL,JNE3359-KR-XL,JNE3359,kurta,XL,Amazon source-local
JNE3359-KR-XXL,JNE3359-KR-XXL,JNE3359,kurta,XXL,Amazon source-local
JNE3360-KR-S,JNE3360-KR-S,JNE3360,kurta,S,Amazon source-local
JNE3362-KR-XXXL,JNE3362-KR-XXXL,JNE3362,kurta,3XL,Amazon source-local
JNE3363-KR-1032-L,JNE3363-KR-1032-L,JNE3363,kurta,L,Amazon source-local
JNE3363-KR-1032-M,JNE3363-KR-1032-M,JNE3363,kurta,M,Amazon source-local
JNE3363-KR-1032-S,JNE3363-KR-1032-S,JNE3363,kurta,S,Amazon source-local
JNE3363-KR-1032-XL,JNE3363-KR-1032-XL,JNE3363,kurta,XL,Amazon source-local
JNE3363-KR-1032-XS,JNE3363-KR-1032-XS,JNE3363,kurta,XS,Amazon source-local
JNE3363-KR-1032-XXL,JNE3363-KR-1032-XXL,JNE3363,kurta,XXL,Amazon source-local
JNE3363-KR-1032-XXXL,JNE3363-KR-1032-XXXL,JNE3363,kurta,3XL,Amazon source-local
JNE3364-KR-1051-A-L,JNE3364-KR-1051-A-L,JNE3364,kurta,L,Amazon source-local
JNE3364-KR-1051-A-M,JNE3364-KR-1051-A-M,JNE3364,kurta,M,Amazon source-local
JNE3364-KR-1051-A-S,JNE3364-KR-1051-A-S,JNE3364,kurta,S,Amazon source-local
JNE3364-KR-1051-A-XL,JNE3364-KR-1051-A-XL,JNE3364,kurta,XL,Amazon source-local
JNE3364-KR-1051-A-XS,JNE3364-KR-1051-A-XS,JNE3364,kurta,XS,Amazon source-local
JNE3364-KR-1051-A-XXL,JNE3364-KR-1051-A-XXL,JNE3364,kurta,XXL,Amazon source-local
JNE3364-KR-1051-A-XXXL,JNE3364-KR-1051-A-XXXL,JNE3364,kurta,3XL,Amazon source-local
JNE3364-KR-1051-L,JNE3364-KR-1051-L,JNE3364,kurta,L,Amazon source-local
JNE3364-KR-1051-M,JNE3364-KR-1051-M,JNE3364,kurta,M,Amazon source-local
JNE3364-KR-1051-S,JNE3364-KR-1051-S,JNE3364,kurta,S,Amazon source-local
JNE3364-KR-1051-XL,JNE3364-KR-1051-XL,JNE3364,kurta,XL,Amazon source-local
JNE3364-KR-1051-XS,JNE3364-KR-1051-XS,JNE3364,kurta,XS,Amazon source-local
JNE3364-KR-1051-XXL,JNE3364-KR-1051-XXL,JNE3364,kurta,XXL,Amazon source-local
JNE3364-KR-1051-XXXL,JNE3364-KR-1051-XXXL,JNE3364,kurta,3XL,Amazon source-local
JNE3365-KR-1052-A-L,JNE3365-KR-1052-A-L,JNE3365,kurta,L,Amazon source-local
JNE3365-KR-1052-A-M,JNE3365-KR-1052-A-M,JNE3365,kurta,M,Amazon source-local
JNE3365-KR-1052-A-S,JNE3365-KR-1052-A-S,JNE3365,kurta,S,Amazon source-local
JNE3365-KR-1052-A-XL,JNE3365-KR-1052-A-XL,JNE3365,kurta,XL,Amazon source-local
JNE3365-KR-1052-A-XS,JNE3365-KR-1052-A-XS,JNE3365,kurta,XS,Amazon source-local
JNE3365-KR-1052-A-XXL,JNE3365-KR-1052-A-XXL,JNE3365,kurta,XXL,Amazon source-local
JNE3365-KR-1052-A-XXXL,JNE3365-KR-1052-A-XXXL,JNE3365,kurta,3XL,Amazon source-local
JNE3365-KR-1052-L,JNE3365-KR-1052-L,JNE3365,kurta,L,Amazon source-local
JNE3365-KR-1052-M,JNE3365-KR-1052-M,JNE3365,kurta,M,Amazon source-local
JNE3365-KR-1052-S,JNE3365-KR-1052-S,JNE3365,kurta,S,Amazon source-local
JNE3365-KR-1052-XL,JNE3365-KR-1052-XL,JNE3365,kurta,XL,Amazon source-local
JNE3366-KR-1053-A-L,JNE3366-KR-1053-A-L,JNE3366,kurta,L,Amazon source-local
JNE3366-KR-1053-A-XS,JNE3366-KR-1053-A-XS,JNE3366,kurta,XS,Amazon source-local
JNE3366-KR-1053-A-XXL,JNE3366-KR-1053-A-XXL,JNE3366,kurta,XXL,Amazon source-local
JNE3366-KR-1053-A-XXXL,JNE3366-KR-1053-A-XXXL,JNE3366,kurta,3XL,Amazon source-local
JNE3366-KR-1053-L,JNE3366-KR-1053-L,JNE3366,kurta,L,Amazon source-local
JNE3366-KR-1053-M,JNE3366-KR-1053-M,JNE3366,kurta,M,Amazon source-local
JNE3366-KR-1053-S,JNE3366-KR-1053-S,JNE3366,kurta,S,Amazon source-local
JNE3366-KR-1053-XL,JNE3366-KR-1053-XL,JNE3366,kurta,XL,Amazon source-local
JNE3366-KR-1053-XS,JNE3366-KR-1053-XS,JNE3366,kurta,XS,Amazon source-local
JNE3366-KR-1053-XXL,JNE3366-KR-1053-XXL,JNE3366,kurta,XXL,Amazon source-local
JNE3366-KR-1053-XXXL,JNE3366-KR-1053-XXXL,JNE3366,kurta,3XL,Amazon source-local
JNE3368-KR-L,JNE3368-KR-L,JNE3368,kurta,L,Amazon source-local
JNE3368-KR-M,JNE3368-KR-M,JNE3368,kurta,M,Amazon source-local
JNE3368-KR-S,JNE3368-KR-S,JNE3368,kurta,S,Amazon source-local
JNE3368-KR-XL,JNE3368-KR-XL,JNE3368,kurta,XL,Amazon source-local
JNE3368-KR-XS,JNE3368-KR-XS,JNE3368,kurta,XS,Amazon source-local
JNE3368-KR-XXL,JNE3368-KR-XXL,JNE3368,kurta,XXL,Amazon source-local
JNE3368-KR-XXXL,JNE3368-KR-XXXL,JNE3368,kurta,3XL,Amazon source-local
JNE3369-KR-L,JNE3369-KR-L,JNE3369,kurta,L,Amazon source-local
JNE3369-KR-M,JNE3369-KR-M,JNE3369,kurta,M,Amazon source-local
JNE3369-KR-S,JNE3369-KR-S,JNE3369,kurta,S,Amazon source-local
JNE3369-KR-XL,JNE3369-KR-XL,JNE3369,kurta,XL,Amazon source-local
JNE3369-KR-XS,JNE3369-KR-XS,JNE3369,kurta,XS,Amazon source-local
JNE3369-KR-XXL,JNE3369-KR-XXL,JNE3369,kurta,XXL,Amazon source-local
JNE3369-KR-XXXL,JNE3369-KR-XXXL,JNE3369,kurta,3XL,Amazon source-local
JNE3370-KR-L,JNE3370-KR-L,JNE3370,kurta,L,Amazon source-local
JNE3370-KR-S,JNE3370-KR-S,JNE3370,kurta,S,Amazon source-local
JNE3370-KR-XXL,JNE3370-KR-XXL,JNE3370,kurta,XXL,Amazon source-local
JNE3371-KR-M,JNE3371-KR-M,JNE3371,kurta,M,Amazon source-local
JNE3371-KR-S,JNE3371-KR-S,JNE3371,kurta,S,Amazon source-local
JNE3371-KR-XL,JNE3371-KR-XL,JNE3371,kurta,XL,Amazon source-local
JNE3371-KR-XS,JNE3371-KR-XS,JNE3371,kurta,XS,Amazon source-local
JNE3371-KR-XXL,JNE3371-KR-XXL,JNE3371,kurta,XXL,Amazon source-local
JNE3371-KR-XXXL,JNE3371-KR-XXXL,JNE3371,kurta,3XL,Amazon source-local
JNE3373-KR-L,JNE3373-KR-L,JNE3373,kurta,L,Amazon source-local
JNE3373-KR-M,JNE3373-KR-M,JNE3373,kurta,M,Amazon source-local
JNE3373-KR-S,JNE3373-KR-S,JNE3373,kurta,S,Amazon source-local
JNE3373-KR-XL,JNE3373-KR-XL,JNE3373,kurta,XL,Amazon source-local
JNE3373-KR-XS,JNE3373-KR-XS,JNE3373,kurta,XS,Amazon source-local
JNE3373-KR-XXL,JNE3373-KR-XXL,JNE3373,kurta,XXL,Amazon source-local
JNE3373-KR-XXXL,JNE3373-KR-XXXL,JNE3373,kurta,3XL,Amazon source-local
JNE3375-KR-S,JNE3375-KR-S,JNE3375,kurta,S,Amazon source-local
JNE3375-KR-XXXL,JNE3375-KR-XXXL,JNE3375,kurta,3XL,Amazon source-local
JNE3376-KR-L,JNE3376-KR-L,JNE3376,kurta,L,Amazon source-local
JNE3376-KR-M,JNE3376-KR-M,JNE3376,kurta,M,Amazon source-local
JNE3376-KR-S,JNE3376-KR-S,JNE3376,kurta,S,Amazon source-local
JNE3376-KR-XL,JNE3376-KR-XL,JNE3376,kurta,XL,Amazon source-local
JNE3376-KR-XS,JNE3376-KR-XS,JNE3376,kurta,XS,Amazon source-local
JNE3376-KR-XXL,JNE3376-KR-XXL,JNE3376,kurta,XXL,Amazon source-local
JNE3376-KR-XXXL,JNE3376-KR-XXXL,JNE3376,kurta,3XL,Amazon source-local
JNE3383-KR-A-L,JNE3383-KR-A-L,JNE3383,kurta,L,Amazon source-local
JNE3383-KR-A-M,JNE3383-KR-A-M,JNE3383,kurta,M,Amazon source-local
JNE3383-KR-A-S,JNE3383-KR-A-S,JNE3383,kurta,S,Amazon source-local
JNE3383-KR-A-XL,JNE3383-KR-A-XL,JNE3383,kurta,XL,Amazon source-local
JNE3383-KR-A-XS,JNE3383-KR-A-XS,JNE3383,kurta,XS,Amazon source-local
JNE3383-KR-A-XXL,JNE3383-KR-A-XXL,JNE3383,kurta,XXL,Amazon source-local
JNE3383-KR-A-XXXL,JNE3383-KR-A-XXXL,JNE3383,kurta,3XL,Amazon source-local
JNE3384-KR-L,JNE3384-KR-L,JNE3384,kurta,L,Amazon source-local
JNE3384-KR-M,JNE3384-KR-M,JNE3384,kurta,M,Amazon source-local
JNE3384-KR-S,JNE3384-KR-S,JNE3384,kurta,S,Amazon source-local
JNE3384-KR-XL,JNE3384-KR-XL,JNE3384,kurta,XL,Amazon source-local
JNE3384-KR-XS,JNE3384-KR-XS,JNE3384,kurta,XS,Amazon source-local
JNE3384-KR-XXL,JNE3384-KR-XXL,JNE3384,kurta,XXL,Amazon source-local
JNE3384-KR-XXXL,JNE3384-KR-XXXL,JNE3384,kurta,3XL,Amazon source-local
JNE3386-KR-XS,JNE3386-KR-XS,JNE3386,kurta,XS,Amazon source-local
JNE3387-KR-M,JNE3387-KR-M,JNE3387,kurta,M,Amazon source-local
JNE3388-KR-L,JNE3388-KR-L,JNE3388,kurta,L,Amazon source-local
JNE3389-KR-A-L,JNE3389-KR-A-L,JNE3389,kurta,L,Amazon source-local
JNE3389-KR-A-M,JNE3389-KR-A-M,JNE3389,kurta,M,Amazon source-local
JNE3389-KR-A-XS,JNE3389-KR-A-XS,JNE3389,kurta,XS,Amazon source-local
JNE3389-KR-A-XXL,JNE3389-KR-A-XXL,JNE3389,kurta,XXL,Amazon source-local
JNE3389-KR-A-XXXL,JNE3389-KR-A-XXXL,JNE3389,kurta,3XL,Amazon source-local
JNE3389-KR-S,JNE3389-KR-S,JNE3389,kurta,S,Amazon source-local
JNE3389-KR-XL,JNE3389-KR-XL,JNE3389,kurta,XL,Amazon source-local
JNE3389-KR-XS,JNE3389-KR-XS,JNE3389,kurta,XS,Amazon source-local
JNE3390-KR-S,JNE3390-KR-S,JNE3390,kurta,S,Amazon source-local
JNE3391-KR-L,JNE3391-KR-L,JNE3391,kurta,L,Amazon source-local
JNE3391-KR-M,JNE3391-KR-M,JNE3391,kurta,M,Amazon source-local
JNE3391-KR-S,JNE3391-KR-S,JNE3391,kurta,S,Amazon source-local
JNE3391-KR-XL,JNE3391-KR-XL,JNE3391,kurta,XL,Amazon source-local
JNE3391-KR-XS,JNE3391-KR-XS,JNE3391,kurta,XS,Amazon source-local
JNE3391-KR-XXL,JNE3391-KR-XXL,JNE3391,kurta,XXL,Amazon source-local
JNE3391-KR-XXXL,JNE3391-KR-XXXL,JNE3391,kurta,3XL,Amazon source-local
JNE3394-KR-A-M,JNE3394-KR-A-M,JNE3394,kurta,M,Amazon source-local
JNE3394-KR-A-S,JNE3394-KR-A-S,JNE3394,kurta,S,Amazon source-local
JNE3394-KR-A-XL,JNE3394-KR-A-XL,JNE3394,kurta,XL,Amazon source-local
JNE3394-KR-A-XS,JNE3394-KR-A-XS,JNE3394,kurta,XS,Amazon source-local
JNE3394-KR-L,JNE3394-KR-L,JNE3394,kurta,L,Amazon source-local
JNE3394-KR-M,JNE3394-KR-M,JNE3394,kurta,M,Amazon source-local
JNE3394-KR-S,JNE3394-KR-S,JNE3394,kurta,S,Amazon source-local
JNE3394-KR-XXL,JNE3394-KR-XXL,JNE3394,kurta,XXL,Amazon source-local
JNE3395-KR-L,JNE3395-KR-L,JNE3395,kurta,L,Amazon source-local
JNE3395-KR-M,JNE3395-KR-M,JNE3395,kurta,M,Amazon source-local
JNE3395-KR-S,JNE3395-KR-S,JNE3395,kurta,S,Amazon source-local
JNE3395-KR-XL,JNE3395-KR-XL,JNE3395,kurta,XL,Amazon source-local
JNE3395-KR-XXL,JNE3395-KR-XXL,JNE3395,kurta,XXL,Amazon source-local
JNE3395-KR-XXXL,JNE3395-KR-XXXL,JNE3395,kurta,3XL,Amazon source-local
JNE3396-KR-L,JNE3396-KR-L,JNE3396,kurta,L,Amazon source-local
JNE3396-KR-M,JNE3396-KR-M,JNE3396,kurta,M,Amazon source-local
JNE3396-KR-S,JNE3396-KR-S,JNE3396,kurta,S,Amazon source-local
JNE3396-KR-XL,JNE3396-KR-XL,JNE3396,kurta,XL,Amazon source-local
JNE3396-KR-XS,JNE3396-KR-XS,JNE3396,kurta,XS,Amazon source-local
JNE3396-KR-XXL,JNE3396-KR-XXL,JNE3396,kurta,XXL,Amazon source-local
JNE3396-KR-XXXL,JNE3396-KR-XXXL,JNE3396,kurta,3XL,Amazon source-local
JNE3398-KR-S,JNE3398-KR-S,JNE3398,kurta,S,Amazon source-local
JNE3398-KR-XL,JNE3398-KR-XL,JNE3398,kurta,XL,Amazon source-local
JNE3398-KR-XS,JNE3398-KR-XS,JNE3398,kurta,XS,Amazon source-local
JNE3398-KR-XXXL,JNE3398-KR-XXXL,JNE3398,kurta,3XL,Amazon source-local
JNE3399-KR-L,JNE3399-KR-L,JNE3399,kurta,L,Amazon source-local
JNE3399-KR-M,JNE3399-KR-M,JNE3399,kurta,M,Amazon source-local
JNE3399-KR-S,JNE3399-KR-S,JNE3399,kurta,S,Amazon source-local
JNE3399-KR-XL,JNE3399-KR-XL,JNE3399,kurta,XL,Amazon source-local
JNE3399-KR-XS,JNE3399-KR-XS,JNE3399,kurta,XS,Amazon source-local
JNE3399-KR-XXL,JNE3399-KR-XXL,JNE3399,kurta,XXL,Amazon source-local
JNE3399-KR-XXXL,JNE3399-KR-XXXL,JNE3399,kurta,3XL,Amazon source-local
JNE3400-KR-L,JNE3400-KR-L,JNE3400,kurta,L,Amazon source-local
JNE3400-KR-M,JNE3400-KR-M,JNE3400,kurta,M,Amazon source-local
JNE3400-KR-S,JNE3400-KR-S,JNE3400,kurta,S,Amazon source-local
JNE3400-KR-XL,JNE3400-KR-XL,JNE3400,kurta,XL,Amazon source-local
JNE3400-KR-XS,JNE3400-KR-XS,JNE3400,kurta,XS,Amazon source-local
JNE3400-KR-XXL,JNE3400-KR-XXL,JNE3400,kurta,XXL,Amazon source-local
JNE3400-KR-XXXL,JNE3400-KR-XXXL,JNE3400,kurta,3XL,Amazon source-local
JNE3401-KR-L,JNE3401-KR-L,JNE3401,kurta,L,Amazon source-local
JNE3401-KR-M,JNE3401-KR-M,JNE3401,kurta,M,Amazon source-local
JNE3401-KR-S,JNE3401-KR-S,JNE3401,kurta,S,Amazon source-local
JNE3401-KR-XL,JNE3401-KR-XL,JNE3401,kurta,XL,Amazon source-local
JNE3401-KR-XS,JNE3401-KR-XS,JNE3401,kurta,XS,Amazon source-local
JNE3401-KR-XXL,JNE3401-KR-XXL,JNE3401,kurta,XXL,Amazon source-local
JNE3401-KR-XXXL,JNE3401-KR-XXXL,JNE3401,kurta,3XL,Amazon source-local
JNE3402-KR-L,JNE3402-KR-L,JNE3402,kurta,L,Amazon source-local
JNE3403-KR-L,JNE3403-KR-L,JNE3403,kurta,L,Amazon source-local
JNE3403-KR-M,JNE3403-KR-M,JNE3403,kurta,M,Amazon source-local
JNE3403-KR-S,JNE3403-KR-S,JNE3403,kurta,S,Amazon source-local
JNE3403-KR-XL,JNE3403-KR-XL,JNE3403,kurta,XL,Amazon source-local
JNE3403-KR-XS,JNE3403-KR-XS,JNE3403,kurta,XS,Amazon source-local
JNE3403-KR-XXL,JNE3403-KR-XXL,JNE3403,kurta,XXL,Amazon source-local
JNE3404-KR-L,JNE3404-KR-L,JNE3404,kurta,L,Amazon source-local
JNE3404-KR-M,JNE3404-KR-M,JNE3404,kurta,M,Amazon source-local
JNE3404-KR-S,JNE3404-KR-S,JNE3404,kurta,S,Amazon source-local
JNE3404-KR-XL,JNE3404-KR-XL,JNE3404,kurta,XL,Amazon source-local
JNE3404-KR-XS,JNE3404-KR-XS,JNE3404,kurta,XS,Amazon source-local
JNE3404-KR-XXL,JNE3404-KR-XXL,JNE3404,kurta,XXL,Amazon source-local
JNE3404-KR-XXXL,JNE3404-KR-XXXL,JNE3404,kurta,3XL,Amazon source-local
JNE3405-KR-L,JNE3405-KR-L,JNE3405,kurta,L,Amazon source-local
JNE3405-KR-M,JNE3405-KR-M,JNE3405,kurta,M,Amazon source-local
JNE3405-KR-S,JNE3405-KR-S,JNE3405,kurta,S,Amazon source-local
JNE3405-KR-XL,JNE3405-KR-XL,JNE3405,kurta,XL,Amazon source-local
JNE3405-KR-XS,JNE3405-KR-XS,JNE3405,kurta,XS,Amazon source-local
JNE3405-KR-XXL,JNE3405-KR-XXL,JNE3405,kurta,XXL,Amazon source-local
JNE3405-KR-XXXL,JNE3405-KR-XXXL,JNE3405,kurta,3XL,Amazon source-local
JNE3407-KR-L,JNE3407-KR-L,JNE3407,kurta,L,Amazon source-local
JNE3407-KR-M,JNE3407-KR-M,JNE3407,kurta,M,Amazon source-local
JNE3407-KR-S,JNE3407-KR-S,JNE3407,kurta,S,Amazon source-local
JNE3407-KR-XL,JNE3407-KR-XL,JNE3407,kurta,XL,Amazon source-local
JNE3407-KR-XS,JNE3407-KR-XS,JNE3407,kurta,XS,Amazon source-local
JNE3407-KR-XXL,JNE3407-KR-XXL,JNE3407,kurta,XXL,Amazon source-local
JNE3408-KR-L,JNE3408-KR-L,JNE3408,kurta,L,Amazon source-local
JNE3408-KR-M,JNE3408-KR-M,JNE3408,kurta,M,Amazon source-local
JNE3408-KR-S,JNE3408-KR-S,JNE3408,kurta,S,Amazon source-local
JNE3408-KR-XL,JNE3408-KR-XL,JNE3408,kurta,XL,Amazon source-local
JNE3408-KR-XS,JNE3408-KR-XS,JNE3408,kurta,XS,Amazon source-local
JNE3408-KR-XXL,JNE3408-KR-XXL,JNE3408,kurta,XXL,Amazon source-local
JNE3408-KR-XXXL,JNE3408-KR-XXXL,JNE3408,kurta,3XL,Amazon source-local
JNE3409-KR-S,JNE3409-KR-S,JNE3409,kurta,S,Amazon source-local
JNE3412-KR-L,JNE3412-KR-L,JNE3412,kurta,L,Amazon source-local
JNE3412-KR-M,JNE3412-KR-M,JNE3412,kurta,M,Amazon source-local
JNE3412-KR-S,JNE3412-KR-S,JNE3412,kurta,S,Amazon source-local
JNE3412-KR-XL,JNE3412-KR-XL,JNE3412,kurta,XL,Amazon source-local
JNE3412-KR-XS,JNE3412-KR-XS,JNE3412,kurta,XS,Amazon source-local
JNE3412-KR-XXL,JNE3412-KR-XXL,JNE3412,kurta,XXL,Amazon source-local
JNE3412-KR-XXXL,JNE3412-KR-XXXL,JNE3412,kurta,3XL,Amazon source-local
JNE3413-KR-L,JNE3413-KR-L,JNE3413,kurta,L,Amazon source-local
JNE3413-KR-M,JNE3413-KR-M,JNE3413,kurta,M,Amazon source-local
JNE3413-KR-S,JNE3413-KR-S,JNE3413,kurta,S,Amazon source-local
JNE3413-KR-XL,JNE3413-KR-XL,JNE3413,kurta,XL,Amazon source-local
JNE3413-KR-XXXL,JNE3413-KR-XXXL,JNE3413,kurta,3XL,Amazon source-local
JNE3415-KR-M,JNE3415-KR-M,JNE3415,kurta,M,Amazon source-local
JNE3415-KR-S,JNE3415-KR-S,JNE3415,kurta,S,Amazon source-local
JNE3415-KR-XL,JNE3415-KR-XL,JNE3415,kurta,XL,Amazon source-local
JNE3415-KR-XS,JNE3415-KR-XS,JNE3415,kurta,XS,Amazon source-local
JNE3415-KR-XXXL,JNE3415-KR-XXXL,JNE3415,kurta,3XL,Amazon source-local
JNE3416-KR-L,JNE3416-KR-L,JNE3416,kurta,L,Amazon source-local
JNE3416-KR-M,JNE3416-KR-M,JNE3416,kurta,M,Amazon source-local
JNE3416-KR-S,JNE3416-KR-S,JNE3416,kurta,S,Amazon source-local
JNE3416-KR-XL,JNE3416-KR-XL,JNE3416,kurta,XL,Amazon source-local
JNE3416-KR-XS,JNE3416-KR-XS,JNE3416,kurta,XS,Amazon source-local
JNE3416-KR-XXL,JNE3416-KR-XXL,JNE3416,kurta,XXL,Amazon source-local
JNE3417-KR-M,JNE3417-KR-M,JNE3417,kurta,M,Amazon source-local
JNE3420-KR-L,JNE3420-KR-L,JNE3420,kurta,L,Amazon source-local
JNE3420-KR-M,JNE3420-KR-M,JNE3420,kurta,M,Amazon source-local
JNE3420-KR-S,JNE3420-KR-S,JNE3420,kurta,S,Amazon source-local
JNE3420-KR-XXL,JNE3420-KR-XXL,JNE3420,kurta,XXL,Amazon source-local
JNE3421-KR-L,JNE3421-KR-L,JNE3421,kurta,L,Amazon source-local
JNE3421-KR-M,JNE3421-KR-M,JNE3421,kurta,M,Amazon source-local
JNE3421-KR-N-L,JNE3421-KR-N-L,JNE3421,kurta,L,Amazon source-local
JNE3421-KR-N-M,JNE3421-KR-N-M,JNE3421,kurta,M,Amazon source-local
JNE3421-KR-N-S,JNE3421-KR-N-S,JNE3421,kurta,S,Amazon source-local
JNE3421-KR-N-XL,JNE3421-KR-N-XL,JNE3421,kurta,XL,Amazon source-local
JNE3421-KR-N-XXL,JNE3421-KR-N-XXL,JNE3421,kurta,XXL,Amazon source-local
JNE3421-KR-S,JNE3421-KR-S,JNE3421,kurta,S,Amazon source-local
JNE3421-KR-XL,JNE3421-KR-XL,JNE3421,kurta,XL,Amazon source-local
JNE3421-KR-XXL,JNE3421-KR-XXL,JNE3421,kurta,XXL,Amazon source-local
JNE3422-KR-L,JNE3422-KR-L,JNE3422,kurta,L,Amazon source-local
JNE3422-KR-M,JNE3422-KR-M,JNE3422,kurta,M,Amazon source-local
JNE3422-KR-S,JNE3422-KR-S,JNE3422,kurta,S,Amazon source-local
JNE3422-KR-XL,JNE3422-KR-XL,JNE3422,kurta,XL,Amazon source-local
JNE3422-KR-XXL,JNE3422-KR-XXL,JNE3422,kurta,XXL,Amazon source-local
JNE3423-KR-A-L,JNE3423-KR-A-L,JNE3423,kurta,L,Amazon source-local
JNE3423-KR-A-S,JNE3423-KR-A-S,JNE3423,kurta,S,Amazon source-local
JNE3423-KR-A-XL,JNE3423-KR-A-XL,JNE3423,kurta,XL,Amazon source-local
JNE3423-KR-A-XXL,JNE3423-KR-A-XXL,JNE3423,kurta,XXL,Amazon source-local
JNE3423-KR-L,JNE3423-KR-L,JNE3423,kurta,L,Amazon source-local
JNE3423-KR-M,JNE3423-KR-M,JNE3423,kurta,M,Amazon source-local
JNE3423-KR-S,JNE3423-KR-S,JNE3423,kurta,S,Amazon source-local
JNE3423-KR-XL,JNE3423-KR-XL,JNE3423,kurta,XL,Amazon source-local
JNE3423-KR-XXL,JNE3423-KR-XXL,JNE3423,kurta,XXL,Amazon source-local
JNE3424-KR-M,JNE3424-KR-M,JNE3424,kurta,M,Amazon source-local
JNE3424-KR-XS,JNE3424-KR-XS,JNE3424,kurta,XS,Amazon source-local
JNE3424-KR-XXL,JNE3424-KR-XXL,JNE3424,kurta,XXL,Amazon source-local
JNE3425-KR-L,JNE3425-KR-L,JNE3425,kurta,L,Amazon source-local
JNE3425-KR-M,JNE3425-KR-M,JNE3425,kurta,M,Amazon source-local
JNE3425-KR-S,JNE3425-KR-S,JNE3425,kurta,S,Amazon source-local
JNE3425-KR-XL,JNE3425-KR-XL,JNE3425,kurta,XL,Amazon source-local
JNE3425-KR-XXL,JNE3425-KR-XXL,JNE3425,kurta,XXL,Amazon source-local
JNE3425-KR-XXXL,JNE3425-KR-XXXL,JNE3425,kurta,3XL,Amazon source-local
JNE3426-KR-S,JNE3426-KR-S,JNE3426,kurta,S,Amazon source-local
JNE3426-KR-XS,JNE3426-KR-XS,JNE3426,kurta,XS,Amazon source-local
JNE3427-KR-L,JNE3427-KR-L,JNE3427,kurta,L,Amazon source-local
JNE3427-KR-M,JNE3427-KR-M,JNE3427,kurta,M,Amazon source-local
JNE3427-KR-S,JNE3427-KR-S,JNE3427,kurta,S,Amazon source-local
JNE3427-KR-XL,JNE3427-KR-XL,JNE3427,kurta,XL,Amazon source-local
JNE3427-KR-XXL,JNE3427-KR-XXL,JNE3427,kurta,XXL,Amazon source-local
JNE3428-KR-M,JNE3428-KR-M,JNE3428,kurta,M,Amazon source-local
JNE3428-KR-S,JNE3428-KR-S,JNE3428,kurta,S,Amazon source-local
JNE3428-KR-XL,JNE3428-KR-XL,JNE3428,kurta,XL,Amazon source-local
JNE3428-KR-XS,JNE3428-KR-XS,JNE3428,kurta,XS,Amazon source-local
JNE3429-KR-L,JNE3429-KR-L,JNE3429,kurta,L,Amazon source-local
JNE3429-KR-M,JNE3429-KR-M,JNE3429,kurta,M,Amazon source-local
JNE3429-KR-S,JNE3429-KR-S,JNE3429,kurta,S,Amazon source-local
JNE3429-KR-XL,JNE3429-KR-XL,JNE3429,kurta,XL,Amazon source-local
JNE3429-KR-XS,JNE3429-KR-XS,JNE3429,kurta,XS,Amazon source-local
JNE3429-KR-XXL,JNE3429-KR-XXL,JNE3429,kurta,XXL,Amazon source-local
JNE3430-KR-XS,JNE3430-KR-XS,JNE3430,kurta,XS,Amazon source-local
JNE3430-KR-XXL,JNE3430-KR-XXL,JNE3430,kurta,XXL,Amazon source-local
JNE3431-KR-L,JNE3431-KR-L,JNE3431,kurta,L,Amazon source-local
JNE3431-KR-M,JNE3431-KR-M,JNE3431,kurta,M,Amazon source-local
JNE3431-KR-S,JNE3431-KR-S,JNE3431,kurta,S,Amazon source-local
JNE3431-KR-XL,JNE3431-KR-XL,JNE3431,kurta,XL,Amazon source-local
JNE3431-KR-XS,JNE3431-KR-XS,JNE3431,kurta,XS,Amazon source-local
JNE3431-KR-XXL,JNE3431-KR-XXL,JNE3431,kurta,XXL,Amazon source-local
JNE3431-KR-XXXL,JNE3431-KR-XXXL,JNE3431,kurta,3XL,Amazon source-local
JNE3432-KR-L,JNE3432-KR-L,JNE3432,kurta,L,Amazon source-local
JNE3432-KR-M,JNE3432-KR-M,JNE3432,kurta,M,Amazon source-local
JNE3432-KR-S,JNE3432-KR-S,JNE3432,kurta,S,Amazon source-local
JNE3432-KR-XL,JNE3432-KR-XL,JNE3432,kurta,XL,Amazon source-local
JNE3432-KR-XS,JNE3432-KR-XS,JNE3432,kurta,XS,Amazon source-local
JNE3432-KR-XXL,JNE3432-KR-XXL,JNE3432,kurta,XXL,Amazon source-local
JNE3432-KR-XXXL,JNE3432-KR-XXXL,JNE3432,kurta,3XL,Amazon source-local
JNE3434-KR-L,JNE3434-KR-L,JNE3434,kurta,L,Amazon source-local
JNE3434-KR-M,JNE3434-KR-M,JNE3434,kurta,M,Amazon source-local
JNE3434-KR-S,JNE3434-KR-S,JNE3434,kurta,S,Amazon source-local
JNE3434-KR-XL,JNE3434-KR-XL,JNE3434,kurta,XL,Amazon source-local
JNE3434-KR-XS,JNE3434-KR-XS,JNE3434,kurta,XS,Amazon source-local
JNE3434-KR-XXL,JNE3434-KR-XXL,JNE3434,kurta,XXL,Amazon source-local
JNE3434-KR-XXXL,JNE3434-KR-XXXL,JNE3434,kurta,3XL,Amazon source-local
JNE3435-KR-L,JNE3435-KR-L,JNE3435,kurta,L,Amazon source-local
JNE3435-KR-M,JNE3435-KR-M,JNE3435,kurta,M,Amazon source-local
JNE3435-KR-S,JNE3435-KR-S,JNE3435,kurta,S,Amazon source-local
JNE3435-KR-XL,JNE3435-KR-XL,JNE3435,kurta,XL,Amazon source-local
JNE3435-KR-XS,JNE3435-KR-XS,JNE3435,kurta,XS,Amazon source-local
JNE3435-KR-XXL,JNE3435-KR-XXL,JNE3435,kurta,XXL,Amazon source-local
JNE3435-KR-XXXL,JNE3435-KR-XXXL,JNE3435,kurta,3XL,Amazon source-local
JNE3436-KR-S,JNE3436-KR-S,JNE3436,kurta,S,Amazon source-local
JNE3436-KR-XL,JNE3436-KR-XL,JNE3436,kurta,XL,Amazon source-local
JNE3436-KR-XS,JNE3436-KR-XS,JNE3436,kurta,XS,Amazon source-local
JNE3437-KR-L,JNE3437-KR-L,JNE3437,kurta,L,Amazon source-local
JNE3437-KR-M,JNE3437-KR-M,JNE3437,kurta,M,Amazon source-local
JNE3437-KR-S,JNE3437-KR-S,JNE3437,kurta,S,Amazon source-local
JNE3437-KR-XL,JNE3437-KR-XL,JNE3437,kurta,XL,Amazon source-local
JNE3437-KR-XS,JNE3437-KR-XS,JNE3437,kurta,XS,Amazon source-local
JNE3437-KR-XXL,JNE3437-KR-XXL,JNE3437,kurta,XXL,Amazon source-local
JNE3437-KR-XXXL,JNE3437-KR-XXXL,JNE3437,kurta,3XL,Amazon source-local
JNE3438-KR-L,JNE3438-KR-L,JNE3438,kurta,L,Amazon source-local
JNE3438-KR-M,JNE3438-KR-M,JNE3438,kurta,M,Amazon source-local
JNE3438-KR-S,JNE3438-KR-S,JNE3438,kurta,S,Amazon source-local
JNE3438-KR-XL,JNE3438-KR-XL,JNE3438,kurta,XL,Amazon source-local
JNE3438-KR-XS,JNE3438-KR-XS,JNE3438,kurta,XS,Amazon source-local
JNE3438-KR-XXL,JNE3438-KR-XXL,JNE3438,kurta,XXL,Amazon source-local
JNE3438-KR-XXXL,JNE3438-KR-XXXL,JNE3438,kurta,3XL,Amazon source-local
JNE3439-KR-L,JNE3439-KR-L,JNE3439,kurta,L,Amazon source-local
JNE3439-KR-M,JNE3439-KR-M,JNE3439,kurta,M,Amazon source-local
JNE3439-KR-S,JNE3439-KR-S,JNE3439,kurta,S,Amazon source-local
JNE3439-KR-XL,JNE3439-KR-XL,JNE3439,kurta,XL,Amazon source-local
JNE3439-KR-XS,JNE3439-KR-XS,JNE3439,kurta,XS,Amazon source-local
JNE3439-KR-XXL,JNE3439-KR-XXL,JNE3439,kurta,XXL,Amazon source-local
JNE3439-KR-XXXL,JNE3439-KR-XXXL,JNE3439,kurta,3XL,Amazon source-local
JNE3440-KR-N-L,JNE3440-KR-N-L,JNE3440,kurta,L,Amazon source-local
JNE3440-KR-N-M,JNE3440-KR-N-M,JNE3440,kurta,M,Amazon source-local
JNE3440-KR-N-S,JNE3440-KR-N-S,JNE3440,kurta,S,Amazon source-local
JNE3440-KR-N-XL,JNE3440-KR-N-XL,JNE3440,kurta,XL,Amazon source-local
JNE3440-KR-N-XS,JNE3440-KR-N-XS,JNE3440,kurta,XS,Amazon source-local
JNE3440-KR-N-XXL,JNE3440-KR-N-XXL,JNE3440,kurta,XXL,Amazon source-local
JNE3440-KR-N-XXXL,JNE3440-KR-N-XXXL,JNE3440,kurta,3XL,Amazon source-local
JNE3440-KR-XL,JNE3440-KR-XL,JNE3440,kurta,XL,Amazon source-local
JNE3441-KR-B-XS,JNE3441-KR-B-XS,JNE3441,kurta,XS,Amazon source-local
JNE3441-KR-B-XXXL,JNE3441-KR-B-XXXL,JNE3441,kurta,3XL,Amazon source-local
JNE3441-KR-E-M,JNE3441-KR-E-M,JNE3441,kurta,M,Amazon source-local
JNE3441-KR-L,JNE3441-KR-L,JNE3441,kurta,L,Amazon source-local
JNE3441-KR-S,JNE3441-KR-S,JNE3441,kurta,S,Amazon source-local
JNE3442-KR-XXL,JNE3442-KR-XXL,JNE3442,kurta,XXL,Amazon source-local
JNE3443-KR-L,JNE3443-KR-L,JNE3443,kurta,L,Amazon source-local
JNE3443-KR-M,JNE3443-KR-M,JNE3443,kurta,M,Amazon source-local
JNE3443-KR-S,JNE3443-KR-S,JNE3443,kurta,S,Amazon source-local
JNE3443-KR-XL,JNE3443-KR-XL,JNE3443,kurta,XL,Amazon source-local
JNE3443-KR-XS,JNE3443-KR-XS,JNE3443,kurta,XS,Amazon source-local
JNE3443-KR-XXL,JNE3443-KR-XXL,JNE3443,kurta,XXL,Amazon source-local
JNE3443-KR-XXXL,JNE3443-KR-XXXL,JNE3443,kurta,3XL,Amazon source-local
JNE3445-KR-L,JNE3445-KR-L,JNE3445,kurta,L,Amazon source-local
JNE3445-KR-M,JNE3445-KR-M,JNE3445,kurta,M,Amazon source-local
JNE3445-KR-S,JNE3445-KR-S,JNE3445,kurta,S,Amazon source-local
JNE3445-KR-XL,JNE3445-KR-XL,JNE3445,kurta,XL,Amazon source-local
JNE3445-KR-XS,JNE3445-KR-XS,JNE3445,kurta,XS,Amazon source-local
JNE3445-KR-XXL,JNE3445-KR-XXL,JNE3445,kurta,XXL,Amazon source-local
JNE3445-KR-XXXL,JNE3445-KR-XXXL,JNE3445,kurta,3XL,Amazon source-local
JNE3446-KR-M,JNE3446-KR-M,JNE3446,kurta,M,Amazon source-local
JNE3446-KR-S,JNE3446-KR-S,JNE3446,kurta,S,Amazon source-local
JNE3446-KR-XL,JNE3446-KR-XL,JNE3446,kurta,XL,Amazon source-local
JNE3446-KR-XS,JNE3446-KR-XS,JNE3446,kurta,XS,Amazon source-local
JNE3446-KR-XXL,JNE3446-KR-XXL,JNE3446,kurta,XXL,Amazon source-local
JNE3446-KR-XXXL,JNE3446-KR-XXXL,JNE3446,kurta,3XL,Amazon source-local
JNE3447-KR-L,JNE3447-KR-L,JNE3447,kurta,L,Amazon source-local
JNE3447-KR-M,JNE3447-KR-M,JNE3447,kurta,M,Amazon source-local
JNE3447-KR-S,JNE3447-KR-S,JNE3447,kurta,S,Amazon source-local
JNE3447-KR-XL,JNE3447-KR-XL,JNE3447,kurta,XL,Amazon source-local
JNE3447-KR-XS,JNE3447-KR-XS,JNE3447,kurta,XS,Amazon source-local
JNE3447-KR-XXXL,JNE3447-KR-XXXL,JNE3447,kurta,3XL,Amazon source-local
JNE3449-KR-L,JNE3449-KR-L,JNE3449,kurta,L,Amazon source-local
JNE3449-KR-M,JNE3449-KR-M,JNE3449,kurta,M,Amazon source-local
JNE3449-KR-S,JNE3449-KR-S,JNE3449,kurta,S,Amazon source-local
JNE3449-KR-XL,JNE3449-KR-XL,JNE3449,kurta,XL,Amazon source-local
JNE3449-KR-XS,JNE3449-KR-XS,JNE3449,kurta,XS,Amazon source-local
JNE3449-KR-XXL,JNE3449-KR-XXL,JNE3449,kurta,XXL,Amazon source-local
JNE3449-KR-XXXL,JNE3449-KR-XXXL,JNE3449,kurta,3XL,Amazon source-local
JNE3450-KR-XL,JNE3450-KR-XL,JNE3450,kurta,XL,Amazon source-local
JNE3451-KR-L,JNE3451-KR-L,JNE3451,kurta,L,Amazon source-local
JNE3451-KR-M,JNE3451-KR-M,JNE3451,kurta,M,Amazon source-local
JNE3451-KR-S,JNE3451-KR-S,JNE3451,kurta,S,Amazon source-local
JNE3451-KR-XL,JNE3451-KR-XL,JNE3451,kurta,XL,Amazon source-local
JNE3451-KR-XS,JNE3451-KR-XS,JNE3451,kurta,XS,Amazon source-local
JNE3451-KR-XXL,JNE3451-KR-XXL,JNE3451,kurta,XXL,Amazon source-local
JNE3451-KR-XXXL,JNE3451-KR-XXXL,JNE3451,kurta,3XL,Amazon source-local
JNE3452-KR-L,JNE3452-KR-L,JNE3452,kurta,L,Amazon source-local
JNE3452-KR-M,JNE3452-KR-M,JNE3452,kurta,M,Amazon source-local
JNE3452-KR-S,JNE3452-KR-S,JNE3452,kurta,S,Amazon source-local
JNE3452-KR-XL,JNE3452-KR-XL,JNE3452,kurta,XL,Amazon source-local
JNE3452-KR-XS,JNE3452-KR-XS,JNE3452,kurta,XS,Amazon source-local
JNE3452-KR-XXL,JNE3452-KR-XXL,JNE3452,kurta,XXL,Amazon source-local
JNE3452-KR-XXXL,JNE3452-KR-XXXL,JNE3452,kurta,3XL,Amazon source-local
JNE3453-KR-L,JNE3453-KR-L,JNE3453,kurta,L,Amazon source-local
JNE3453-KR-M,JNE3453-KR-M,JNE3453,kurta,M,Amazon source-local
JNE3453-KR-S,JNE3453-KR-S,JNE3453,kurta,S,Amazon source-local
JNE3453-KR-XL,JNE3453-KR-XL,JNE3453,kurta,XL,Amazon source-local
JNE3454-KR-L,JNE3454-KR-L,JNE3454,kurta,L,Amazon source-local
JNE3454-KR-M,JNE3454-KR-M,JNE3454,kurta,M,Amazon source-local
JNE3454-KR-S,JNE3454-KR-S,JNE3454,kurta,S,Amazon source-local
JNE3454-KR-XL,JNE3454-KR-XL,JNE3454,kurta,XL,Amazon source-local
JNE3454-KR-XS,JNE3454-KR-XS,JNE3454,kurta,XS,Amazon source-local
JNE3454-KR-XXL,JNE3454-KR-XXL,JNE3454,kurta,XXL,Amazon source-local
JNE3454-KR-XXXL,JNE3454-KR-XXXL,JNE3454,kurta,3XL,Amazon source-local
JNE3455-KR-M,JNE3455-KR-M,JNE3455,kurta,M,Amazon source-local
JNE3455-KR-XL,JNE3455-KR-XL,JNE3455,kurta,XL,Amazon source-local
JNE3455-KR-XXXL,JNE3455-KR-XXXL,JNE3455,kurta,3XL,Amazon source-local
JNE3456-KR-M,JNE3456-KR-M,JNE3456,kurta,M,Amazon source-local
JNE3456-KR-S,JNE3456-KR-S,JNE3456,kurta,S,Amazon source-local
JNE3456-KR-XL,JNE3456-KR-XL,JNE3456,kurta,XL,Amazon source-local
JNE3456-KR-XS,JNE3456-KR-XS,JNE3456,kurta,XS,Amazon source-local
JNE3457-KR-L,JNE3457-KR-L,JNE3457,kurta,L,Amazon source-local
JNE3457-KR-M,JNE3457-KR-M,JNE3457,kurta,M,Amazon source-local
JNE3457-KR-S,JNE3457-KR-S,JNE3457,kurta,S,Amazon source-local
JNE3457-KR-XL,JNE3457-KR-XL,JNE3457,kurta,XL,Amazon source-local
JNE3457-KR-XXL,JNE3457-KR-XXL,JNE3457,kurta,XXL,Amazon source-local
JNE3457-KR-XXXL,JNE3457-KR-XXXL,JNE3457,kurta,3XL,Amazon source-local
JNE3458-KR-L,JNE3458-KR-L,JNE3458,kurta,L,Amazon source-local
JNE3458-KR-M,JNE3458-KR-M,JNE3458,kurta,M,Amazon source-local
JNE3458-KR-S,JNE3458-KR-S,JNE3458,kurta,S,Amazon source-local
JNE3458-KR-XL,JNE3458-KR-XL,JNE3458,kurta,XL,Amazon source-local
JNE3458-KR-XS,JNE3458-KR-XS,JNE3458,kurta,XS,Amazon source-local
JNE3458-KR-XXL,JNE3458-KR-XXL,JNE3458,kurta,XXL,Amazon source-local
JNE3458-KR-XXXL,JNE3458-KR-XXXL,JNE3458,kurta,3XL,Amazon source-local
JNE3459-KR-L,JNE3459-KR-L,JNE3459,kurta,L,Amazon source-local
JNE3459-KR-M,JNE3459-KR-M,JNE3459,kurta,M,Amazon source-local
JNE3459-KR-S,JNE3459-KR-S,JNE3459,kurta,S,Amazon source-local
JNE3459-KR-XL,JNE3459-KR-XL,JNE3459,kurta,XL,Amazon source-local
JNE3459-KR-XS,JNE3459-KR-XS,JNE3459,kurta,XS,Amazon source-local
JNE3459-KR-XXL,JNE3459-KR-XXL,JNE3459,kurta,XXL,Amazon source-local
JNE3459-KR-XXXL,JNE3459-KR-XXXL,JNE3459,kurta,3XL,Amazon source-local
JNE3460-KR-L,JNE3460-KR-L,JNE3460,kurta,L,Amazon source-local
JNE3460-KR-M,JNE3460-KR-M,JNE3460,kurta,M,Amazon source-local
JNE3460-KR-S,JNE3460-KR-S,JNE3460,kurta,S,Amazon source-local
JNE3460-KR-XL,JNE3460-KR-XL,JNE3460,kurta,XL,Amazon source-local
JNE3460-KR-XXL,JNE3460-KR-XXL,JNE3460,kurta,XXL,Amazon source-local
JNE3461-KR-L,JNE3461-KR-L,JNE3461,kurta,L,Amazon source-local
JNE3461-KR-M,JNE3461-KR-M,JNE3461,kurta,M,Amazon source-local
JNE3461-KR-S,JNE3461-KR-S,JNE3461,kurta,S,Amazon source-local
JNE3461-KR-XL,JNE3461-KR-XL,JNE3461,kurta,XL,Amazon source-local
JNE3461-KR-XS,JNE3461-KR-XS,JNE3461,kurta,XS,Amazon source-local
JNE3461-KR-XXL,JNE3461-KR-XXL,JNE3461,kurta,XXL,Amazon source-local
JNE3461-KR-XXXL,JNE3461-KR-XXXL,JNE3461,kurta,3XL,Amazon source-local
JNE3463-KR-L,JNE3463-KR-L,JNE3463,kurta,L,Amazon source-local
JNE3463-KR-M,JNE3463-KR-M,JNE3463,kurta,M,Amazon source-local
JNE3463-KR-S,JNE3463-KR-S,JNE3463,kurta,S,Amazon source-local
JNE3463-KR-XL,JNE3463-KR-XL,JNE3463,kurta,XL,Amazon source-local
JNE3463-KR-XS,JNE3463-KR-XS,JNE3463,kurta,XS,Amazon source-local
JNE3463-KR-XXL,JNE3463-KR-XXL,JNE3463,kurta,XXL,Amazon source-local
JNE3463-KR-XXXL,JNE3463-KR-XXXL,JNE3463,kurta,3XL,Amazon source-local
JNE3464-KR-L,JNE3464-KR-L,JNE3464,kurta,L,Amazon source-local
JNE3464-KR-XXL,JNE3464-KR-XXL,JNE3464,kurta,XXL,Amazon source-local
JNE3464-KR-XXXL,JNE3464-KR-XXXL,JNE3464,kurta,3XL,Amazon source-local
JNE3465-KR-L,JNE3465-KR-L,JNE3465,kurta,L,Amazon source-local
JNE3465-KR-M,JNE3465-KR-M,JNE3465,kurta,M,Amazon source-local
JNE3465-KR-S,JNE3465-KR-S,JNE3465,kurta,S,Amazon source-local
JNE3465-KR-XL,JNE3465-KR-XL,JNE3465,kurta,XL,Amazon source-local
JNE3465-KR-XS,JNE3465-KR-XS,JNE3465,kurta,XS,Amazon source-local
JNE3465-KR-XXL,JNE3465-KR-XXL,JNE3465,kurta,XXL,Amazon source-local
JNE3465-KR-XXXL,JNE3465-KR-XXXL,JNE3465,kurta,3XL,Amazon source-local
JNE3466-KR-L,JNE3466-KR-L,JNE3466,kurta,L,Amazon source-local
JNE3466-KR-M,JNE3466-KR-M,JNE3466,kurta,M,Amazon source-local
JNE3466-KR-S,JNE3466-KR-S,JNE3466,kurta,S,Amazon source-local
JNE3466-KR-XL,JNE3466-KR-XL,JNE3466,kurta,XL,Amazon source-local
JNE3466-KR-XS,JNE3466-KR-XS,JNE3466,kurta,XS,Amazon source-local
JNE3466-KR-XXL,JNE3466-KR-XXL,JNE3466,kurta,XXL,Amazon source-local
JNE3466-KR-XXXL,JNE3466-KR-XXXL,JNE3466,kurta,3XL,Amazon source-local
JNE3467-KR-M,JNE3467-KR-M,JNE3467,kurta,M,Amazon source-local
JNE3467-KR-S,JNE3467-KR-S,JNE3467,kurta,S,Amazon source-local
JNE3467-KR-XL,JNE3467-KR-XL,JNE3467,kurta,XL,Amazon source-local
JNE3467-KR-XS,JNE3467-KR-XS,JNE3467,kurta,XS,Amazon source-local
JNE3467-KR-XXL,JNE3467-KR-XXL,JNE3467,kurta,XXL,Amazon source-local
JNE3467-KR-XXXL,JNE3467-KR-XXXL,JNE3467,kurta,3XL,Amazon source-local
JNE3468-KR-L,JNE3468-KR-L,JNE3468,kurta,L,Amazon source-local
JNE3468-KR-M,JNE3468-KR-M,JNE3468,kurta,M,Amazon source-local
JNE3468-KR-S,JNE3468-KR-S,JNE3468,kurta,S,Amazon source-local
JNE3468-KR-XL,JNE3468-KR-XL,JNE3468,kurta,XL,Amazon source-local
JNE3468-KR-XS,JNE3468-KR-XS,JNE3468,kurta,XS,Amazon source-local
JNE3468-KR-XXL,JNE3468-KR-XXL,JNE3468,kurta,XXL,Amazon source-local
JNE3468-KR-XXXL,JNE3468-KR-XXXL,JNE3468,kurta,3XL,Amazon source-local
JNE3470-KR-L,JNE3470-KR-L,JNE3470,kurta,L,Amazon source-local
JNE3470-KR-M,JNE3470-KR-M,JNE3470,kurta,M,Amazon source-local
JNE3470-KR-S,JNE3470-KR-S,JNE3470,kurta,S,Amazon source-local
JNE3470-KR-XL,JNE3470-KR-XL,JNE3470,kurta,XL,Amazon source-local
JNE3470-KR-XS,JNE3470-KR-XS,JNE3470,kurta,XS,Amazon source-local
JNE3470-KR-XXL,JNE3470-KR-XXL,JNE3470,kurta,XXL,Amazon source-local
JNE3470-KR-XXXL,JNE3470-KR-XXXL,JNE3470,kurta,3XL,Amazon source-local
JNE3471-KR-L,JNE3471-KR-L,JNE3471,kurta,L,Amazon source-local
JNE3471-KR-M,JNE3471-KR-M,JNE3471,kurta,M,Amazon source-local
JNE3471-KR-S,JNE3471-KR-S,JNE3471,kurta,S,Amazon source-local
JNE3471-KR-XL,JNE3471-KR-XL,JNE3471,kurta,XL,Amazon source-local
JNE3471-KR-XS,JNE3471-KR-XS,JNE3471,kurta,XS,Amazon source-local
JNE3471-KR-XXL,JNE3471-KR-XXL,JNE3471,kurta,XXL,Amazon source-local
JNE3471-KR-XXXL,JNE3471-KR-XXXL,JNE3471,kurta,3XL,Amazon source-local
JNE3472-KR-S,JNE3472-KR-S,JNE3472,kurta,S,Amazon source-local
JNE3472-KR-XS,JNE3472-KR-XS,JNE3472,kurta,XS,Amazon source-local
JNE3472-KR-XXXL,JNE3472-KR-XXXL,JNE3472,kurta,3XL,Amazon source-local
JNE3473-KR-L,JNE3473-KR-L,JNE3473,kurta,L,Amazon source-local
JNE3473-KR-M,JNE3473-KR-M,JNE3473,kurta,M,Amazon source-local
JNE3473-KR-XL,JNE3473-KR-XL,JNE3473,kurta,XL,Amazon source-local
JNE3473-KR-XS,JNE3473-KR-XS,JNE3473,kurta,XS,Amazon source-local
JNE3473-KR-XXL,JNE3473-KR-XXL,JNE3473,kurta,XXL,Amazon source-local
JNE3473-KR-XXXL,JNE3473-KR-XXXL,JNE3473,kurta,3XL,Amazon source-local
JNE3474-KR-E-L,JNE3474-KR-E-L,JNE3474,kurta,L,Amazon source-local
JNE3474-KR-E-S,JNE3474-KR-E-S,JNE3474,kurta,S,Amazon source-local
JNE3474-KR-E-XL,JNE3474-KR-E-XL,JNE3474,kurta,XL,Amazon source-local
JNE3474-KR-E-XS,JNE3474-KR-E-XS,JNE3474,kurta,XS,Amazon source-local
JNE3474-KR-E-XXL,JNE3474-KR-E-XXL,JNE3474,kurta,XXL,Amazon source-local
JNE3474-KR-E-XXXL,JNE3474-KR-E-XXXL,JNE3474,kurta,3XL,Amazon source-local
JNE3475-KR-K-L,JNE3475-KR-K-L,JNE3475,kurta,L,Amazon source-local
JNE3475-KR-K-M,JNE3475-KR-K-M,JNE3475,kurta,M,Amazon source-local
JNE3475-KR-K-XL,JNE3475-KR-K-XL,JNE3475,kurta,XL,Amazon source-local
JNE3475-KR-K-XS,JNE3475-KR-K-XS,JNE3475,kurta,XS,Amazon source-local
JNE3475-KR-K-XXL,JNE3475-KR-K-XXL,JNE3475,kurta,XXL,Amazon source-local
JNE3476-KR-L,JNE3476-KR-L,JNE3476,kurta,L,Amazon source-local
JNE3476-KR-M,JNE3476-KR-M,JNE3476,kurta,M,Amazon source-local
JNE3476-KR-S,JNE3476-KR-S,JNE3476,kurta,S,Amazon source-local
JNE3476-KR-XL,JNE3476-KR-XL,JNE3476,kurta,XL,Amazon source-local
JNE3476-KR-XS,JNE3476-KR-XS,JNE3476,kurta,XS,Amazon source-local
JNE3476-KR-XXL,JNE3476-KR-XXL,JNE3476,kurta,XXL,Amazon source-local
JNE3476-KR-XXXL,JNE3476-KR-XXXL,JNE3476,kurta,3XL,Amazon source-local
JNE3477-KR-M,JNE3477-KR-M,JNE3477,kurta,M,Amazon source-local
JNE3477-KR-S,JNE3477-KR-S,JNE3477,kurta,S,Amazon source-local
JNE3477-KR-XL,JNE3477-KR-XL,JNE3477,kurta,XL,Amazon source-local
JNE3479-KR-L,JNE3479-KR-L,JNE3479,kurta,L,Amazon source-local
JNE3479-KR-M,JNE3479-KR-M,JNE3479,kurta,M,Amazon source-local
JNE3479-KR-S,JNE3479-KR-S,JNE3479,kurta,S,Amazon source-local
JNE3479-KR-XL,JNE3479-KR-XL,JNE3479,kurta,XL,Amazon source-local
JNE3479-KR-XS,JNE3479-KR-XS,JNE3479,kurta,XS,Amazon source-local
JNE3479-KR-XXL,JNE3479-KR-XXL,JNE3479,kurta,XXL,Amazon source-local
JNE3480-KR-L,JNE3480-KR-L,JNE3480,kurta,L,Amazon source-local
JNE3480-KR-M,JNE3480-KR-M,JNE3480,kurta,M,Amazon source-local
JNE3480-KR-S,JNE3480-KR-S,JNE3480,kurta,S,Amazon source-local
JNE3480-KR-XL,JNE3480-KR-XL,JNE3480,kurta,XL,Amazon source-local
JNE3480-KR-XS,JNE3480-KR-XS,JNE3480,kurta,XS,Amazon source-local
JNE3480-KR-XXL,JNE3480-KR-XXL,JNE3480,kurta,XXL,Amazon source-local
JNE3481-KR-S,JNE3481-KR-S,JNE3481,kurta,S,Amazon source-local
JNE3481-KR-XL,JNE3481-KR-XL,JNE3481,kurta,XL,Amazon source-local
JNE3481-KR-XS,JNE3481-KR-XS,JNE3481,kurta,XS,Amazon source-local
JNE3482-KR-L,JNE3482-KR-L,JNE3482,kurta,L,Amazon source-local
JNE3482-KR-M,JNE3482-KR-M,JNE3482,kurta,M,Amazon source-local
JNE3482-KR-S,JNE3482-KR-S,JNE3482,kurta,S,Amazon source-local
JNE3482-KR-XL,JNE3482-KR-XL,JNE3482,kurta,XL,Amazon source-local
JNE3482-KR-XS,JNE3482-KR-XS,JNE3482,kurta,XS,Amazon source-local
JNE3482-KR-XXL,JNE3482-KR-XXL,JNE3482,kurta,XXL,Amazon source-local
JNE3483-KR-L,JNE3483-KR-L,JNE3483,kurta,L,Amazon source-local
JNE3483-KR-M,JNE3483-KR-M,JNE3483,kurta,M,Amazon source-local
JNE3483-KR-XL,JNE3483-KR-XL,JNE3483,kurta,XL,Amazon source-local
JNE3483-KR-XXL,JNE3483-KR-XXL,JNE3483,kurta,XXL,Amazon source-local
JNE3483-KR-XXXL,JNE3483-KR-XXXL,JNE3483,kurta,3XL,Amazon source-local
JNE3484-KR-L,JNE3484-KR-L,JNE3484,kurta,L,Amazon source-local
JNE3484-KR-M,JNE3484-KR-M,JNE3484,kurta,M,Amazon source-local
JNE3484-KR-S,JNE3484-KR-S,JNE3484,kurta,S,Amazon source-local
JNE3484-KR-XL,JNE3484-KR-XL,JNE3484,kurta,XL,Amazon source-local
JNE3484-KR-XS,JNE3484-KR-XS,JNE3484,kurta,XS,Amazon source-local
JNE3484-KR-XXL,JNE3484-KR-XXL,JNE3484,kurta,XXL,Amazon source-local
JNE3485-KR-L,JNE3485-KR-L,JNE3485,kurta,L,Amazon source-local
JNE3485-KR-M,JNE3485-KR-M,JNE3485,kurta,M,Amazon source-local
JNE3485-KR-XL,JNE3485-KR-XL,JNE3485,kurta,XL,Amazon source-local
JNE3485-KR-XS,JNE3485-KR-XS,JNE3485,kurta,XS,Amazon source-local
JNE3485-KR-XXL,JNE3485-KR-XXL,JNE3485,kurta,XXL,Amazon source-local
JNE3485-KR-XXXL,JNE3485-KR-XXXL,JNE3485,kurta,3XL,Amazon source-local
JNE3486-KR-L,JNE3486-KR-L,JNE3486,kurta,L,Amazon source-local
JNE3486-KR-S,JNE3486-KR-S,JNE3486,kurta,S,Amazon source-local
JNE3486-KR-XL,JNE3486-KR-XL,JNE3486,kurta,XL,Amazon source-local
JNE3486-KR-XS,JNE3486-KR-XS,JNE3486,kurta,XS,Amazon source-local
JNE3486-KR-XXL,JNE3486-KR-XXL,JNE3486,kurta,XXL,Amazon source-local
JNE3486-KR-XXXL,JNE3486-KR-XXXL,JNE3486,kurta,3XL,Amazon source-local
JNE3487-KR-L,JNE3487-KR-L,JNE3487,kurta,L,Amazon source-local
JNE3487-KR-M,JNE3487-KR-M,JNE3487,kurta,M,Amazon source-local
JNE3487-KR-S,JNE3487-KR-S,JNE3487,kurta,S,Amazon source-local
JNE3487-KR-XL,JNE3487-KR-XL,JNE3487,kurta,XL,Amazon source-local
JNE3487-KR-XS,JNE3487-KR-XS,JNE3487,kurta,XS,Amazon source-local
JNE3487-KR-XXL,JNE3487-KR-XXL,JNE3487,kurta,XXL,Amazon source-local
JNE3487-KR-XXXL,JNE3487-KR-XXXL,JNE3487,kurta,3XL,Amazon source-local
JNE3488-KR-S,JNE3488-KR-S,JNE3488,kurta,S,Amazon source-local
JNE3488-KR-XS,JNE3488-KR-XS,JNE3488,kurta,XS,Amazon source-local
JNE3488-KR-XXL,JNE3488-KR-XXL,JNE3488,kurta,XXL,Amazon source-local
JNE3489-KR-L,JNE3489-KR-L,JNE3489,kurta,L,Amazon source-local
JNE3489-KR-M,JNE3489-KR-M,JNE3489,kurta,M,Amazon source-local
JNE3489-KR-S,JNE3489-KR-S,JNE3489,kurta,S,Amazon source-local
JNE3489-KR-XL,JNE3489-KR-XL,JNE3489,kurta,XL,Amazon source-local
JNE3489-KR-XXL,JNE3489-KR-XXL,JNE3489,kurta,XXL,Amazon source-local
JNE3491-KR-L,JNE3491-KR-L,JNE3491,kurta,L,Amazon source-local
JNE3491-KR-M,JNE3491-KR-M,JNE3491,kurta,M,Amazon source-local
JNE3491-KR-S,JNE3491-KR-S,JNE3491,kurta,S,Amazon source-local
JNE3491-KR-XL,JNE3491-KR-XL,JNE3491,kurta,XL,Amazon source-local
JNE3491-KR-XS,JNE3491-KR-XS,JNE3491,kurta,XS,Amazon source-local
JNE3491-KR-XXL,JNE3491-KR-XXL,JNE3491,kurta,XXL,Amazon source-local
JNE3491-KR-XXXL,JNE3491-KR-XXXL,JNE3491,kurta,3XL,Amazon source-local
JNE3500-KR-L,JNE3500-KR-L,JNE3500,kurta,L,Amazon source-local
JNE3500-KR-M,JNE3500-KR-M,JNE3500,kurta,M,Amazon source-local
JNE3500-KR-S,JNE3500-KR-S,JNE3500,kurta,S,Amazon source-local
JNE3500-KR-XL,JNE3500-KR-XL,JNE3500,kurta,XL,Amazon source-local
JNE3500-KR-XS,JNE3500-KR-XS,JNE3500,kurta,XS,Amazon source-local
JNE3500-KR-XXL,JNE3500-KR-XXL,JNE3500,kurta,XXL,Amazon source-local
JNE3500-KR-XXXL,JNE3500-KR-XXXL,JNE3500,kurta,3XL,Amazon source-local
JNE3501-KR-L,JNE3501-KR-L,JNE3501,kurta,L,Amazon source-local
JNE3501-KR-M,JNE3501-KR-M,JNE3501,kurta,M,Amazon source-local
JNE3501-KR-S,JNE3501-KR-S,JNE3501,kurta,S,Amazon source-local
JNE3501-KR-XL,JNE3501-KR-XL,JNE3501,kurta,XL,Amazon source-local
JNE3501-KR-XS,JNE3501-KR-XS,JNE3501,kurta,XS,Amazon source-local
JNE3501-KR-XXL,JNE3501-KR-XXL,JNE3501,kurta,XXL,Amazon source-local
JNE3501-KR-XXXL,JNE3501-KR-XXXL,JNE3501,kurta,3XL,Amazon source-local
JNE3503-KR-S,JNE3503-KR-S,JNE3503,kurta,S,Amazon source-local
JNE3503-KR-XXL,JNE3503-KR-XXL,JNE3503,kurta,XXL,Amazon source-local
JNE3503-KR-XXXL,JNE3503-KR-XXXL,JNE3503,kurta,3XL,Amazon source-local
JNE3504-KR-L,JNE3504-KR-L,JNE3504,kurta,L,Amazon source-local
JNE3504-KR-M,JNE3504-KR-M,JNE3504,kurta,M,Amazon source-local
JNE3504-KR-S,JNE3504-KR-S,JNE3504,kurta,S,Amazon source-local
JNE3504-KR-XL,JNE3504-KR-XL,JNE3504,kurta,XL,Amazon source-local
JNE3504-KR-XS,JNE3504-KR-XS,JNE3504,kurta,XS,Amazon source-local
JNE3504-KR-XXL,JNE3504-KR-XXL,JNE3504,kurta,XXL,Amazon source-local
JNE3504-KR-XXXL,JNE3504-KR-XXXL,JNE3504,kurta,3XL,Amazon source-local
JNE3506-KR-L,JNE3506-KR-L,JNE3506,kurta,L,Amazon source-local
JNE3506-KR-M,JNE3506-KR-M,JNE3506,kurta,M,Amazon source-local
JNE3506-KR-S,JNE3506-KR-S,JNE3506,kurta,S,Amazon source-local
JNE3506-KR-XL,JNE3506-KR-XL,JNE3506,kurta,XL,Amazon source-local
JNE3506-KR-XS,JNE3506-KR-XS,JNE3506,kurta,XS,Amazon source-local
JNE3506-KR-XXL,JNE3506-KR-XXL,JNE3506,kurta,XXL,Amazon source-local
JNE3506-KR-XXXL,JNE3506-KR-XXXL,JNE3506,kurta,3XL,Amazon source-local
JNE3507-KR-XXL,JNE3507-KR-XXL,JNE3507,kurta,XXL,Amazon source-local
JNE3510-KR-L,JNE3510-KR-L,JNE3510,kurta,L,Amazon source-local
JNE3510-KR-M,JNE3510-KR-M,JNE3510,kurta,M,Amazon source-local
JNE3510-KR-S,JNE3510-KR-S,JNE3510,kurta,S,Amazon source-local
JNE3510-KR-XL,JNE3510-KR-XL,JNE3510,kurta,XL,Amazon source-local
JNE3510-KR-XS,JNE3510-KR-XS,JNE3510,kurta,XS,Amazon source-local
JNE3510-KR-XXL,JNE3510-KR-XXL,JNE3510,kurta,XXL,Amazon source-local
JNE3510-KR-XXXL,JNE3510-KR-XXXL,JNE3510,kurta,3XL,Amazon source-local
JNE3515-KR-L,JNE3515-KR-L,JNE3515,kurta,L,Amazon source-local
JNE3515-KR-M,JNE3515-KR-M,JNE3515,kurta,M,Amazon source-local
JNE3515-KR-S,JNE3515-KR-S,JNE3515,kurta,S,Amazon source-local
JNE3515-KR-XL,JNE3515-KR-XL,JNE3515,kurta,XL,Amazon source-local
JNE3515-KR-XS,JNE3515-KR-XS,JNE3515,kurta,XS,Amazon source-local
JNE3515-KR-XXL,JNE3515-KR-XXL,JNE3515,kurta,XXL,Amazon source-local
JNE3515-KR-XXXL,JNE3515-KR-XXXL,JNE3515,kurta,3XL,Amazon source-local
JNE3516-KR-E-L,JNE3516-KR-E-L,JNE3516,kurta,L,Amazon source-local
JNE3516-KR-E-M,JNE3516-KR-E-M,JNE3516,kurta,M,Amazon source-local
JNE3516-KR-E-S,JNE3516-KR-E-S,JNE3516,kurta,S,Amazon source-local
JNE3516-KR-E-XL,JNE3516-KR-E-XL,JNE3516,kurta,XL,Amazon source-local
JNE3516-KR-E-XS,JNE3516-KR-E-XS,JNE3516,kurta,XS,Amazon source-local
JNE3516-KR-E-XXL,JNE3516-KR-E-XXL,JNE3516,kurta,XXL,Amazon source-local
JNE3516-KR-E-XXXL,JNE3516-KR-E-XXXL,JNE3516,kurta,3XL,Amazon source-local
JNE3517-KR-M,JNE3517-KR-M,JNE3517,kurta,M,Amazon source-local
JNE3517-KR-XXL,JNE3517-KR-XXL,JNE3517,kurta,XXL,Amazon source-local
JNE3518-KR-L,JNE3518-KR-L,JNE3518,kurta,L,Amazon source-local
JNE3518-KR-M,JNE3518-KR-M,JNE3518,kurta,M,Amazon source-local
JNE3518-KR-S,JNE3518-KR-S,JNE3518,kurta,S,Amazon source-local
JNE3518-KR-XL,JNE3518-KR-XL,JNE3518,kurta,XL,Amazon source-local
JNE3518-KR-XS,JNE3518-KR-XS,JNE3518,kurta,XS,Amazon source-local
JNE3518-KR-XXL,JNE3518-KR-XXL,JNE3518,kurta,XXL,Amazon source-local
JNE3518-KR-XXXL,JNE3518-KR-XXXL,JNE3518,kurta,3XL,Amazon source-local
JNE3520-KR-M,JNE3520-KR-M,JNE3520,kurta,M,Amazon source-local
JNE3520-KR-XS,JNE3520-KR-XS,JNE3520,kurta,XS,Amazon source-local
JNE3520-KR-XXL,JNE3520-KR-XXL,JNE3520,kurta,XXL,Amazon source-local
JNE3522-KR-L,JNE3522-KR-L,JNE3522,kurta,L,Amazon source-local
JNE3522-KR-M,JNE3522-KR-M,JNE3522,kurta,M,Amazon source-local
JNE3522-KR-S,JNE3522-KR-S,JNE3522,kurta,S,Amazon source-local
JNE3522-KR-XL,JNE3522-KR-XL,JNE3522,kurta,XL,Amazon source-local
JNE3522-KR-XS,JNE3522-KR-XS,JNE3522,kurta,XS,Amazon source-local
JNE3522-KR-XXL,JNE3522-KR-XXL,JNE3522,kurta,XXL,Amazon source-local
JNE3522-KR-XXXL,JNE3522-KR-XXXL,JNE3522,kurta,3XL,Amazon source-local
JNE3523-KR-S,JNE3523-KR-S,JNE3523,kurta,S,Amazon source-local
JNE3523-KR-XL,JNE3523-KR-XL,JNE3523,kurta,XL,Amazon source-local
JNE3523-KR-XS,JNE3523-KR-XS,JNE3523,kurta,XS,Amazon source-local
JNE3523-KR-XXL,JNE3523-KR-XXL,JNE3523,kurta,XXL,Amazon source-local
JNE3524-KR-L,JNE3524-KR-L,JNE3524,kurta,L,Amazon source-local
JNE3524-KR-M,JNE3524-KR-M,JNE3524,kurta,M,Amazon source-local
JNE3524-KR-S,JNE3524-KR-S,JNE3524,kurta,S,Amazon source-local
JNE3524-KR-XXL,JNE3524-KR-XXL,JNE3524,kurta,XXL,Amazon source-local
JNE3524-KR-XXXL,JNE3524-KR-XXXL,JNE3524,kurta,3XL,Amazon source-local
JNE3526-KR-XL,JNE3526-KR-XL,JNE3526,kurta,XL,Amazon source-local
JNE3526-KR-XS,JNE3526-KR-XS,JNE3526,kurta,XS,Amazon source-local
JNE3526-KR-XXL,JNE3526-KR-XXL,JNE3526,kurta,XXL,Amazon source-local
JNE3528-KR-L,JNE3528-KR-L,JNE3528,kurta,L,Amazon source-local
JNE3528-KR-M,JNE3528-KR-M,JNE3528,kurta,M,Amazon source-local
JNE3528-KR-XL,JNE3528-KR-XL,JNE3528,kurta,XL,Amazon source-local
JNE3528-KR-XS,JNE3528-KR-XS,JNE3528,kurta,XS,Amazon source-local
JNE3528-KR-XXL,JNE3528-KR-XXL,JNE3528,kurta,XXL,Amazon source-local
JNE3528-KR-XXXL,JNE3528-KR-XXXL,JNE3528,kurta,3XL,Amazon source-local
JNE3530-KR-S,JNE3530-KR-S,JNE3530,kurta,S,Amazon source-local
JNE3530-KR-XS,JNE3530-KR-XS,JNE3530,kurta,XS,Amazon source-local
JNE3530-KR-XXL,JNE3530-KR-XXL,JNE3530,kurta,XXL,Amazon source-local
JNE3530-KR-XXXL,JNE3530-KR-XXXL,JNE3530,kurta,3XL,Amazon source-local
JNE3531-KR-L,JNE3531-KR-L,JNE3531,kurta,L,Amazon source-local
JNE3531-KR-M,JNE3531-KR-M,JNE3531,kurta,M,Amazon source-local
JNE3531-KR-S,JNE3531-KR-S,JNE3531,kurta,S,Amazon source-local
JNE3531-KR-XL,JNE3531-KR-XL,JNE3531,kurta,XL,Amazon source-local
JNE3531-KR-XS,JNE3531-KR-XS,JNE3531,kurta,XS,Amazon source-local
JNE3531-KR-XXL,JNE3531-KR-XXL,JNE3531,kurta,XXL,Amazon source-local
JNE3531-KR-XXXL,JNE3531-KR-XXXL,JNE3531,kurta,3XL,Amazon source-local
JNE3532-KR-S,JNE3532-KR-S,JNE3532,kurta,S,Amazon source-local
JNE3532-KR-XXL,JNE3532-KR-XXL,JNE3532,kurta,XXL,Amazon source-local
JNE3534-KR-L,JNE3534-KR-L,JNE3534,kurta,L,Amazon source-local
JNE3534-KR-M,JNE3534-KR-M,JNE3534,kurta,M,Amazon source-local
JNE3534-KR-S,JNE3534-KR-S,JNE3534,kurta,S,Amazon source-local
JNE3534-KR-XL,JNE3534-KR-XL,JNE3534,kurta,XL,Amazon source-local
JNE3534-KR-XS,JNE3534-KR-XS,JNE3534,kurta,XS,Amazon source-local
JNE3534-KR-XXXL,JNE3534-KR-XXXL,JNE3534,kurta,3XL,Amazon source-local
JNE3535-KR-L,JNE3535-KR-L,JNE3535,kurta,L,Amazon source-local
JNE3535-KR-XL,JNE3535-KR-XL,JNE3535,kurta,XL,Amazon source-local
JNE3535-KR-XS,JNE3535-KR-XS,JNE3535,kurta,XS,Amazon source-local
JNE3535-KR-XXXL,JNE3535-KR-XXXL,JNE3535,kurta,3XL,Amazon source-local
JNE3537-KR-M,JNE3537-KR-M,JNE3537,kurta,M,Amazon source-local
JNE3537-KR-S,JNE3537-KR-S,JNE3537,kurta,S,Amazon source-local
JNE3537-KR-XS,JNE3537-KR-XS,JNE3537,kurta,XS,Amazon source-local
JNE3538-KR-XS,JNE3538-KR-XS,JNE3538,kurta,XS,Amazon source-local
JNE3539-KR-M,JNE3539-KR-M,JNE3539,kurta,M,Amazon source-local
JNE3539-KR-S,JNE3539-KR-S,JNE3539,kurta,S,Amazon source-local
JNE3539-KR-XL,JNE3539-KR-XL,JNE3539,kurta,XL,Amazon source-local
JNE3539-KR-XS,JNE3539-KR-XS,JNE3539,kurta,XS,Amazon source-local
JNE3539-KR-XXL,JNE3539-KR-XXL,JNE3539,kurta,XXL,Amazon source-local
JNE3539-KR-XXXL,JNE3539-KR-XXXL,JNE3539,kurta,3XL,Amazon source-local
JNE3541-KR-S,JNE3541-KR-S,JNE3541,kurta,S,Amazon source-local
JNE3542-KR-L,JNE3542-KR-L,JNE3542,kurta,L,Amazon source-local
JNE3542-KR-M,JNE3542-KR-M,JNE3542,kurta,M,Amazon source-local
JNE3542-KR-S,JNE3542-KR-S,JNE3542,kurta,S,Amazon source-local
JNE3542-KR-XL,JNE3542-KR-XL,JNE3542,kurta,XL,Amazon source-local
JNE3542-KR-XS,JNE3542-KR-XS,JNE3542,kurta,XS,Amazon source-local
JNE3543-KR-L,JNE3543-KR-L,JNE3543,kurta,L,Amazon source-local
JNE3543-KR-M,JNE3543-KR-M,JNE3543,kurta,M,Amazon source-local
JNE3543-KR-S,JNE3543-KR-S,JNE3543,kurta,S,Amazon source-local
JNE3543-KR-XL,JNE3543-KR-XL,JNE3543,kurta,XL,Amazon source-local
JNE3543-KR-XS,JNE3543-KR-XS,JNE3543,kurta,XS,Amazon source-local
JNE3543-KR-XXL,JNE3543-KR-XXL,JNE3543,kurta,XXL,Amazon source-local
JNE3543-KR-XXXL,JNE3543-KR-XXXL,JNE3543,kurta,3XL,Amazon source-local
JNE3544-KR-M,JNE3544-KR-M,JNE3544,kurta,M,Amazon source-local
JNE3544-KR-S,JNE3544-KR-S,JNE3544,kurta,S,Amazon source-local
JNE3544-KR-XS,JNE3544-KR-XS,JNE3544,kurta,XS,Amazon source-local
JNE3545-KR-M,JNE3545-KR-M,JNE3545,kurta,M,Amazon source-local
JNE3545-KR-S,JNE3545-KR-S,JNE3545,kurta,S,Amazon source-local
JNE3546-KR-L,JNE3546-KR-L,JNE3546,kurta,L,Amazon source-local
JNE3546-KR-M,JNE3546-KR-M,JNE3546,kurta,M,Amazon source-local
JNE3546-KR-S,JNE3546-KR-S,JNE3546,kurta,S,Amazon source-local
JNE3546-KR-XL,JNE3546-KR-XL,JNE3546,kurta,XL,Amazon source-local
JNE3546-KR-XS,JNE3546-KR-XS,JNE3546,kurta,XS,Amazon source-local
JNE3546-KR-XXL,JNE3546-KR-XXL,JNE3546,kurta,XXL,Amazon source-local
JNE3546-KR-XXXL,JNE3546-KR-XXXL,JNE3546,kurta,3XL,Amazon source-local
JNE3547-KR-L,JNE3547-KR-L,JNE3547,kurta,L,Amazon source-local
JNE3547-KR-M,JNE3547-KR-M,JNE3547,kurta,M,Amazon source-local
JNE3547-KR-XL,JNE3547-KR-XL,JNE3547,kurta,XL,Amazon source-local
JNE3547-KR-XXL,JNE3547-KR-XXL,JNE3547,kurta,XXL,Amazon source-local
JNE3547-KR-XXXL,JNE3547-KR-XXXL,JNE3547,kurta,3XL,Amazon source-local
JNE3548-KR-L,JNE3548-KR-L,JNE3548,kurta,L,Amazon source-local
JNE3548-KR-M,JNE3548-KR-M,JNE3548,kurta,M,Amazon source-local
JNE3548-KR-S,JNE3548-KR-S,JNE3548,kurta,S,Amazon source-local
JNE3548-KR-XL,JNE3548-KR-XL,JNE3548,kurta,XL,Amazon source-local
JNE3548-KR-XS,JNE3548-KR-XS,JNE3548,kurta,XS,Amazon source-local
JNE3548-KR-XXL,JNE3548-KR-XXL,JNE3548,kurta,XXL,Amazon source-local
JNE3548-KR-XXXL,JNE3548-KR-XXXL,JNE3548,kurta,3XL,Amazon source-local
JNE3549-KR-L,JNE3549-KR-L,JNE3549,kurta,L,Amazon source-local
JNE3549-KR-M,JNE3549-KR-M,JNE3549,kurta,M,Amazon source-local
JNE3549-KR-S,JNE3549-KR-S,JNE3549,kurta,S,Amazon source-local
JNE3549-KR-XL,JNE3549-KR-XL,JNE3549,kurta,XL,Amazon source-local
JNE3549-KR-XXL,JNE3549-KR-XXL,JNE3549,kurta,XXL,Amazon source-local
JNE3549-KR-XXXL,JNE3549-KR-XXXL,JNE3549,kurta,3XL,Amazon source-local
JNE3550-KR-S,JNE3550-KR-S,JNE3550,kurta,S,Amazon source-local
JNE3550-KR-XS,JNE3550-KR-XS,JNE3550,kurta,XS,Amazon source-local
JNE3553-KR-L,JNE3553-KR-L,JNE3553,kurta,L,Amazon source-local
JNE3553-KR-XL,JNE3553-KR-XL,JNE3553,kurta,XL,Amazon source-local
JNE3553-KR-XXL,JNE3553-KR-XXL,JNE3553,kurta,XXL,Amazon source-local
JNE3553-KR-XXXL,JNE3553-KR-XXXL,JNE3553,kurta,3XL,Amazon source-local
JNE3554-KR-L,JNE3554-KR-L,JNE3554,kurta,L,Amazon source-local
JNE3554-KR-M,JNE3554-KR-M,JNE3554,kurta,M,Amazon source-local
JNE3554-KR-S,JNE3554-KR-S,JNE3554,kurta,S,Amazon source-local
JNE3554-KR-XL,JNE3554-KR-XL,JNE3554,kurta,XL,Amazon source-local
JNE3554-KR-XXL,JNE3554-KR-XXL,JNE3554,kurta,XXL,Amazon source-local
JNE3555-KR-L,JNE3555-KR-L,JNE3555,kurta,L,Amazon source-local
JNE3555-KR-M,JNE3555-KR-M,JNE3555,kurta,M,Amazon source-local
JNE3555-KR-S,JNE3555-KR-S,JNE3555,kurta,S,Amazon source-local
JNE3555-KR-XL,JNE3555-KR-XL,JNE3555,kurta,XL,Amazon source-local
JNE3555-KR-XXXL,JNE3555-KR-XXXL,JNE3555,kurta,3XL,Amazon source-local
JNE3556-KR-L,JNE3556-KR-L,JNE3556,kurta,L,Amazon source-local
JNE3556-KR-M,JNE3556-KR-M,JNE3556,kurta,M,Amazon source-local
JNE3556-KR-S,JNE3556-KR-S,JNE3556,kurta,S,Amazon source-local
JNE3556-KR-XL,JNE3556-KR-XL,JNE3556,kurta,XL,Amazon source-local
JNE3556-KR-XXL,JNE3556-KR-XXL,JNE3556,kurta,XXL,Amazon source-local
JNE3557-KR-M,JNE3557-KR-M,JNE3557,kurta,M,Amazon source-local
JNE3557-KR-S,JNE3557-KR-S,JNE3557,kurta,S,Amazon source-local
JNE3557-KR-XL,JNE3557-KR-XL,JNE3557,kurta,XL,Amazon source-local
JNE3557-KR-XXL,JNE3557-KR-XXL,JNE3557,kurta,XXL,Amazon source-local
JNE3558-KR-S,JNE3558-KR-S,JNE3558,kurta,S,Amazon source-local
JNE3559-KR-L,JNE3559-KR-L,JNE3559,kurta,L,Amazon source-local
JNE3559-KR-M,JNE3559-KR-M,JNE3559,kurta,M,Amazon source-local
JNE3559-KR-XL,JNE3559-KR-XL,JNE3559,kurta,XL,Amazon source-local
JNE3559-KR-XS,JNE3559-KR-XS,JNE3559,kurta,XS,Amazon source-local
JNE3559-KR-XXL,JNE3559-KR-XXL,JNE3559,kurta,XXL,Amazon source-local
JNE3559-KR-XXXL,JNE3559-KR-XXXL,JNE3559,kurta,3XL,Amazon source-local
JNE3560-KR-L,JNE3560-KR-L,JNE3560,kurta,L,Amazon source-local
JNE3560-KR-M,JNE3560-KR-M,JNE3560,kurta,M,Amazon source-local
JNE3560-KR-S,JNE3560-KR-S,JNE3560,kurta,S,Amazon source-local
JNE3560-KR-XL,JNE3560-KR-XL,JNE3560,kurta,XL,Amazon source-local
JNE3560-KR-XS,JNE3560-KR-XS,JNE3560,kurta,XS,Amazon source-local
JNE3560-KR-XXL,JNE3560-KR-XXL,JNE3560,kurta,XXL,Amazon source-local
JNE3560-KR-XXXL,JNE3560-KR-XXXL,JNE3560,kurta,3XL,Amazon source-local
JNE3561-KR-XXXL,JNE3561-KR-XXXL,JNE3561,kurta,3XL,Amazon source-local
JNE3562-KR-L,JNE3562-KR-L,JNE3562,kurta,L,Amazon source-local
JNE3562-KR-M,JNE3562-KR-M,JNE3562,kurta,M,Amazon source-local
JNE3562-KR-S,JNE3562-KR-S,JNE3562,kurta,S,Amazon source-local
JNE3562-KR-XL,JNE3562-KR-XL,JNE3562,kurta,XL,Amazon source-local
JNE3562-KR-XXL,JNE3562-KR-XXL,JNE3562,kurta,XXL,Amazon source-local
JNE3563-KR-L,JNE3563-KR-L,JNE3563,kurta,L,Amazon source-local
JNE3563-KR-M,JNE3563-KR-M,JNE3563,kurta,M,Amazon source-local
JNE3563-KR-S,JNE3563-KR-S,JNE3563,kurta,S,Amazon source-local
JNE3563-KR-XL,JNE3563-KR-XL,JNE3563,kurta,XL,Amazon source-local
JNE3563-KR-XS,JNE3563-KR-XS,JNE3563,kurta,XS,Amazon source-local
JNE3563-KR-XXL,JNE3563-KR-XXL,JNE3563,kurta,XXL,Amazon source-local
JNE3563-KR-XXXL,JNE3563-KR-XXXL,JNE3563,kurta,3XL,Amazon source-local
JNE3564-KR-L,JNE3564-KR-L,JNE3564,kurta,L,Amazon source-local
JNE3564-KR-M,JNE3564-KR-M,JNE3564,kurta,M,Amazon source-local
JNE3564-KR-S,JNE3564-KR-S,JNE3564,kurta,S,Amazon source-local
JNE3564-KR-XL,JNE3564-KR-XL,JNE3564,kurta,XL,Amazon source-local
JNE3564-KR-XS,JNE3564-KR-XS,JNE3564,kurta,XS,Amazon source-local
JNE3564-KR-XXL,JNE3564-KR-XXL,JNE3564,kurta,XXL,Amazon source-local
JNE3564-KR-XXXL,JNE3564-KR-XXXL,JNE3564,kurta,3XL,Amazon source-local
JNE3565-KR-L,JNE3565-KR-L,JNE3565,kurta,L,Amazon source-local
JNE3565-KR-M,JNE3565-KR-M,JNE3565,kurta,M,Amazon source-local
JNE3565-KR-S,JNE3565-KR-S,JNE3565,kurta,S,Amazon source-local
JNE3565-KR-XL,JNE3565-KR-XL,JNE3565,kurta,XL,Amazon source-local
JNE3565-KR-XS,JNE3565-KR-XS,JNE3565,kurta,XS,Amazon source-local
JNE3565-KR-XXL,JNE3565-KR-XXL,JNE3565,kurta,XXL,Amazon source-local
JNE3566-KR-L,JNE3566-KR-L,JNE3566,kurta,L,Amazon source-local
JNE3566-KR-M,JNE3566-KR-M,JNE3566,kurta,M,Amazon source-local
JNE3566-KR-S,JNE3566-KR-S,JNE3566,kurta,S,Amazon source-local
JNE3566-KR-XL,JNE3566-KR-XL,JNE3566,kurta,XL,Amazon source-local
JNE3566-KR-XXL,JNE3566-KR-XXL,JNE3566,kurta,XXL,Amazon source-local
JNE3567-KR-L,JNE3567-KR-L,JNE3567,kurta,L,Amazon source-local
JNE3567-KR-M,JNE3567-KR-M,JNE3567,kurta,M,Amazon source-local
JNE3567-KR-S,JNE3567-KR-S,JNE3567,kurta,S,Amazon source-local
JNE3567-KR-XL,JNE3567-KR-XL,JNE3567,kurta,XL,Amazon source-local
JNE3567-KR-XS,JNE3567-KR-XS,JNE3567,kurta,XS,Amazon source-local
JNE3567-KR-XXL,JNE3567-KR-XXL,JNE3567,kurta,XXL,Amazon source-local
JNE3567-KR-XXXL,JNE3567-KR-XXXL,JNE3567,kurta,3XL,Amazon source-local
JNE3568-KR-L,JNE3568-KR-L,JNE3568,kurta,L,Amazon source-local
JNE3568-KR-M,JNE3568-KR-M,JNE3568,kurta,M,Amazon source-local
JNE3568-KR-S,JNE3568-KR-S,JNE3568,kurta,S,Amazon source-local
JNE3568-KR-XL,JNE3568-KR-XL,JNE3568,kurta,XL,Amazon source-local
JNE3568-KR-XS,JNE3568-KR-XS,JNE3568,kurta,XS,Amazon source-local
JNE3568-KR-XXL,JNE3568-KR-XXL,JNE3568,kurta,XXL,Amazon source-local
JNE3568-KR-XXXL,JNE3568-KR-XXXL,JNE3568,kurta,3XL,Amazon source-local
JNE3570-KR-XS,JNE3570-KR-XS,JNE3570,kurta,XS,Amazon source-local
JNE3571-KR-L,JNE3571-KR-L,JNE3571,kurta,L,Amazon source-local
JNE3571-KR-M,JNE3571-KR-M,JNE3571,kurta,M,Amazon source-local
JNE3571-KR-S,JNE3571-KR-S,JNE3571,kurta,S,Amazon source-local
JNE3571-KR-XL,JNE3571-KR-XL,JNE3571,kurta,XL,Amazon source-local
JNE3571-KR-XS,JNE3571-KR-XS,JNE3571,kurta,XS,Amazon source-local
JNE3571-KR-XXL,JNE3571-KR-XXL,JNE3571,kurta,XXL,Amazon source-local
JNE3571-KR-XXXL,JNE3571-KR-XXXL,JNE3571,kurta,3XL,Amazon source-local
JNE3573-KR-S,JNE3573-KR-S,JNE3573,kurta,S,Amazon source-local
JNE3573-KR-XS,JNE3573-KR-XS,JNE3573,kurta,XS,Amazon source-local
JNE3573-KR-XXL,JNE3573-KR-XXL,JNE3573,kurta,XXL,Amazon source-local
JNE3573-KR-XXXL,JNE3573-KR-XXXL,JNE3573,kurta,3XL,Amazon source-local
JNE3574-KR-L,JNE3574-KR-L,JNE3574,kurta,L,Amazon source-local
JNE3574-KR-S,JNE3574-KR-S,JNE3574,kurta,S,Amazon source-local
JNE3574-KR-XL,JNE3574-KR-XL,JNE3574,kurta,XL,Amazon source-local
JNE3574-KR-XS,JNE3574-KR-XS,JNE3574,kurta,XS,Amazon source-local
JNE3574-KR-XXL,JNE3574-KR-XXL,JNE3574,kurta,XXL,Amazon source-local
JNE3574-KR-XXXL,JNE3574-KR-XXXL,JNE3574,kurta,3XL,Amazon source-local
JNE3575-KR-L,JNE3575-KR-L,JNE3575,kurta,L,Amazon source-local
JNE3575-KR-M,JNE3575-KR-M,JNE3575,kurta,M,Amazon source-local
JNE3575-KR-S,JNE3575-KR-S,JNE3575,kurta,S,Amazon source-local
JNE3575-KR-XL,JNE3575-KR-XL,JNE3575,kurta,XL,Amazon source-local
JNE3575-KR-XS,JNE3575-KR-XS,JNE3575,kurta,XS,Amazon source-local
JNE3575-KR-XXL,JNE3575-KR-XXL,JNE3575,kurta,XXL,Amazon source-local
JNE3575-KR-XXXL,JNE3575-KR-XXXL,JNE3575,kurta,3XL,Amazon source-local
JNE3576-KR-L,JNE3576-KR-L,JNE3576,kurta,L,Amazon source-local
JNE3576-KR-M,JNE3576-KR-M,JNE3576,kurta,M,Amazon source-local
JNE3576-KR-XL,JNE3576-KR-XL,JNE3576,kurta,XL,Amazon source-local
JNE3576-KR-XS,JNE3576-KR-XS,JNE3576,kurta,XS,Amazon source-local
JNE3576-KR-XXL,JNE3576-KR-XXL,JNE3576,kurta,XXL,Amazon source-local
JNE3576-KR-XXXL,JNE3576-KR-XXXL,JNE3576,kurta,3XL,Amazon source-local
JNE3577-KR-L,JNE3577-KR-L,JNE3577,kurta,L,Amazon source-local
JNE3577-KR-M,JNE3577-KR-M,JNE3577,kurta,M,Amazon source-local
JNE3577-KR-S,JNE3577-KR-S,JNE3577,kurta,S,Amazon source-local
JNE3577-KR-XL,JNE3577-KR-XL,JNE3577,kurta,XL,Amazon source-local
JNE3577-KR-XS,JNE3577-KR-XS,JNE3577,kurta,XS,Amazon source-local
JNE3577-KR-XXL,JNE3577-KR-XXL,JNE3577,kurta,XXL,Amazon source-local
JNE3577-KR-XXXL,JNE3577-KR-XXXL,JNE3577,kurta,3XL,Amazon source-local
JNE3578-KR-L,JNE3578-KR-L,JNE3578,kurta,L,Amazon source-local
JNE3578-KR-M,JNE3578-KR-M,JNE3578,kurta,M,Amazon source-local
JNE3578-KR-S,JNE3578-KR-S,JNE3578,kurta,S,Amazon source-local
JNE3578-KR-XL,JNE3578-KR-XL,JNE3578,kurta,XL,Amazon source-local
JNE3578-KR-XS,JNE3578-KR-XS,JNE3578,kurta,XS,Amazon source-local
JNE3578-KR-XXL,JNE3578-KR-XXL,JNE3578,kurta,XXL,Amazon source-local
JNE3579-KR-L,JNE3579-KR-L,JNE3579,kurta,L,Amazon source-local
JNE3579-KR-M,JNE3579-KR-M,JNE3579,kurta,M,Amazon source-local
JNE3579-KR-S,JNE3579-KR-S,JNE3579,kurta,S,Amazon source-local
JNE3579-KR-XL,JNE3579-KR-XL,JNE3579,kurta,XL,Amazon source-local
JNE3579-KR-XS,JNE3579-KR-XS,JNE3579,kurta,XS,Amazon source-local
JNE3579-KR-XXL,JNE3579-KR-XXL,JNE3579,kurta,XXL,Amazon source-local
JNE3579-KR-XXXL,JNE3579-KR-XXXL,JNE3579,kurta,3XL,Amazon source-local
JNE3581-KR-L,JNE3581-KR-L,JNE3581,kurta,L,Amazon source-local
JNE3581-KR-M,JNE3581-KR-M,JNE3581,kurta,M,Amazon source-local
JNE3581-KR-S,JNE3581-KR-S,JNE3581,kurta,S,Amazon source-local
JNE3581-KR-XL,JNE3581-KR-XL,JNE3581,kurta,XL,Amazon source-local
JNE3581-KR-XXL,JNE3581-KR-XXL,JNE3581,kurta,XXL,Amazon source-local
JNE3601-KR-L,JNE3601-KR-L,JNE3601,kurta,L,Amazon source-local
JNE3601-KR-M,JNE3601-KR-M,JNE3601,kurta,M,Amazon source-local
JNE3601-KR-S,JNE3601-KR-S,JNE3601,kurta,S,Amazon source-local
JNE3601-KR-XL,JNE3601-KR-XL,JNE3601,kurta,XL,Amazon source-local
JNE3601-KR-XS,JNE3601-KR-XS,JNE3601,kurta,XS,Amazon source-local
JNE3601-KR-XXL,JNE3601-KR-XXL,JNE3601,kurta,XXL,Amazon source-local
JNE3602-KR-L,JNE3602-KR-L,JNE3602,kurta,L,Amazon source-local
JNE3602-KR-M,JNE3602-KR-M,JNE3602,kurta,M,Amazon source-local
JNE3602-KR-S,JNE3602-KR-S,JNE3602,kurta,S,Amazon source-local
JNE3602-KR-XL,JNE3602-KR-XL,JNE3602,kurta,XL,Amazon source-local
JNE3602-KR-XS,JNE3602-KR-XS,JNE3602,kurta,XS,Amazon source-local
JNE3602-KR-XXL,JNE3602-KR-XXL,JNE3602,kurta,XXL,Amazon source-local
JNE3602-KR-XXXL,JNE3602-KR-XXXL,JNE3602,kurta,3XL,Amazon source-local
JNE3603-KR-L,JNE3603-KR-L,JNE3603,kurta,L,Amazon source-local
JNE3603-KR-M,JNE3603-KR-M,JNE3603,kurta,M,Amazon source-local
JNE3603-KR-S,JNE3603-KR-S,JNE3603,kurta,S,Amazon source-local
JNE3603-KR-XL,JNE3603-KR-XL,JNE3603,kurta,XL,Amazon source-local
JNE3603-KR-XXL,JNE3603-KR-XXL,JNE3603,kurta,XXL,Amazon source-local
JNE3605-KR-L,JNE3605-KR-L,JNE3605,kurta,L,Amazon source-local
JNE3605-KR-M,JNE3605-KR-M,JNE3605,kurta,M,Amazon source-local
JNE3605-KR-S,JNE3605-KR-S,JNE3605,kurta,S,Amazon source-local
JNE3605-KR-XL,JNE3605-KR-XL,JNE3605,kurta,XL,Amazon source-local
JNE3605-KR-XS,JNE3605-KR-XS,JNE3605,kurta,XS,Amazon source-local
JNE3605-KR-XXL,JNE3605-KR-XXL,JNE3605,kurta,XXL,Amazon source-local
JNE3605-KR-XXXL,JNE3605-KR-XXXL,JNE3605,kurta,3XL,Amazon source-local
JNE3606-KR-L,JNE3606-KR-L,JNE3606,kurta,L,Amazon source-local
JNE3606-KR-M,JNE3606-KR-M,JNE3606,kurta,M,Amazon source-local
JNE3606-KR-S,JNE3606-KR-S,JNE3606,kurta,S,Amazon source-local
JNE3606-KR-XL,JNE3606-KR-XL,JNE3606,kurta,XL,Amazon source-local
JNE3606-KR-XS,JNE3606-KR-XS,JNE3606,kurta,XS,Amazon source-local
JNE3606-KR-XXL,JNE3606-KR-XXL,JNE3606,kurta,XXL,Amazon source-local
JNE3606-KR-XXXL,JNE3606-KR-XXXL,JNE3606,kurta,3XL,Amazon source-local
JNE3607-KR-L,JNE3607-KR-L,JNE3607,kurta,L,Amazon source-local
JNE3607-KR-M,JNE3607-KR-M,JNE3607,kurta,M,Amazon source-local
JNE3607-KR-S,JNE3607-KR-S,JNE3607,kurta,S,Amazon source-local
JNE3607-KR-XL,JNE3607-KR-XL,JNE3607,kurta,XL,Amazon source-local
JNE3607-KR-XS,JNE3607-KR-XS,JNE3607,kurta,XS,Amazon source-local
JNE3607-KR-XXL,JNE3607-KR-XXL,JNE3607,kurta,XXL,Amazon source-local
JNE3607-KR-XXXL,JNE3607-KR-XXXL,JNE3607,kurta,3XL,Amazon source-local
JNE3608-KR-L,JNE3608-KR-L,JNE3608,kurta,L,Amazon source-local
JNE3608-KR-M,JNE3608-KR-M,JNE3608,kurta,M,Amazon source-local
JNE3608-KR-S,JNE3608-KR-S,JNE3608,kurta,S,Amazon source-local
JNE3608-KR-XL,JNE3608-KR-XL,JNE3608,kurta,XL,Amazon source-local
JNE3608-KR-XS,JNE3608-KR-XS,JNE3608,kurta,XS,Amazon source-local
JNE3608-KR-XXL,JNE3608-KR-XXL,JNE3608,kurta,XXL,Amazon source-local
JNE3608-KR-XXXL,JNE3608-KR-XXXL,JNE3608,kurta,3XL,Amazon source-local
JNE3609-KR-L,JNE3609-KR-L,JNE3609,kurta,L,Amazon source-local
JNE3609-KR-M,JNE3609-KR-M,JNE3609,kurta,M,Amazon source-local
JNE3609-KR-S,JNE3609-KR-S,JNE3609,kurta,S,Amazon source-local
JNE3609-KR-XL,JNE3609-KR-XL,JNE3609,kurta,XL,Amazon source-local
JNE3609-KR-XS,JNE3609-KR-XS,JNE3609,kurta,XS,Amazon source-local
JNE3609-KR-XXL,JNE3609-KR-XXL,JNE3609,kurta,XXL,Amazon source-local
JNE3609-KR-XXXL,JNE3609-KR-XXXL,JNE3609,kurta,3XL,Amazon source-local
JNE3610-KR-L,JNE3610-KR-L,JNE3610,kurta,L,Amazon source-local
JNE3610-KR-M,JNE3610-KR-M,JNE3610,kurta,M,Amazon source-local
JNE3610-KR-S,JNE3610-KR-S,JNE3610,kurta,S,Amazon source-local
JNE3610-KR-XL,JNE3610-KR-XL,JNE3610,kurta,XL,Amazon source-local
JNE3610-KR-XS,JNE3610-KR-XS,JNE3610,kurta,XS,Amazon source-local
JNE3610-KR-XXL,JNE3610-KR-XXL,JNE3610,kurta,XXL,Amazon source-local
JNE3610-KR-XXXL,JNE3610-KR-XXXL,JNE3610,kurta,3XL,Amazon source-local
JNE3611-KR-L,JNE3611-KR-L,JNE3611,kurta,L,Amazon source-local
JNE3611-KR-M,JNE3611-KR-M,JNE3611,kurta,M,Amazon source-local
JNE3611-KR-S,JNE3611-KR-S,JNE3611,kurta,S,Amazon source-local
JNE3611-KR-XL,JNE3611-KR-XL,JNE3611,kurta,XL,Amazon source-local
JNE3611-KR-XS,JNE3611-KR-XS,JNE3611,kurta,XS,Amazon source-local
JNE3611-KR-XXL,JNE3611-KR-XXL,JNE3611,kurta,XXL,Amazon source-local
JNE3611-KR-XXXL,JNE3611-KR-XXXL,JNE3611,kurta,3XL,Amazon source-local
JNE3612-KR-L,JNE3612-KR-L,JNE3612,kurta,L,Amazon source-local
JNE3612-KR-M,JNE3612-KR-M,JNE3612,kurta,M,Amazon source-local
JNE3612-KR-S,JNE3612-KR-S,JNE3612,kurta,S,Amazon source-local
JNE3612-KR-XL,JNE3612-KR-XL,JNE3612,kurta,XL,Amazon source-local
JNE3612-KR-XS,JNE3612-KR-XS,JNE3612,kurta,XS,Amazon source-local
JNE3612-KR-XXL,JNE3612-KR-XXL,JNE3612,kurta,XXL,Amazon source-local
JNE3612-KR-XXXL,JNE3612-KR-XXXL,JNE3612,kurta,3XL,Amazon source-local
JNE3613-KR-L,JNE3613-KR-L,JNE3613,kurta,L,Amazon source-local
JNE3613-KR-M,JNE3613-KR-M,JNE3613,kurta,M,Amazon source-local
JNE3613-KR-S,JNE3613-KR-S,JNE3613,kurta,S,Amazon source-local
JNE3613-KR-XL,JNE3613-KR-XL,JNE3613,kurta,XL,Amazon source-local
JNE3613-KR-XS,JNE3613-KR-XS,JNE3613,kurta,XS,Amazon source-local
JNE3613-KR-XXL,JNE3613-KR-XXL,JNE3613,kurta,XXL,Amazon source-local
JNE3613-KR-XXXL,JNE3613-KR-XXXL,JNE3613,kurta,3XL,Amazon source-local
JNE3614-KR-L,JNE3614-KR-L,JNE3614,kurta,L,Amazon source-local
JNE3614-KR-M,JNE3614-KR-M,JNE3614,kurta,M,Amazon source-local
JNE3614-KR-S,JNE3614-KR-S,JNE3614,kurta,S,Amazon source-local
JNE3614-KR-XL,JNE3614-KR-XL,JNE3614,kurta,XL,Amazon source-local
JNE3614-KR-XS,JNE3614-KR-XS,JNE3614,kurta,XS,Amazon source-local
JNE3614-KR-XXL,JNE3614-KR-XXL,JNE3614,kurta,XXL,Amazon source-local
JNE3614-KR-XXXL,JNE3614-KR-XXXL,JNE3614,kurta,3XL,Amazon source-local
JNE3615-KR-L,JNE3615-KR-L,JNE3615,kurta,L,Amazon source-local
JNE3615-KR-M,JNE3615-KR-M,JNE3615,kurta,M,Amazon source-local
JNE3615-KR-S,JNE3615-KR-S,JNE3615,kurta,S,Amazon source-local
JNE3615-KR-XL,JNE3615-KR-XL,JNE3615,kurta,XL,Amazon source-local
JNE3615-KR-XS,JNE3615-KR-XS,JNE3615,kurta,XS,Amazon source-local
JNE3615-KR-XXL,JNE3615-KR-XXL,JNE3615,kurta,XXL,Amazon source-local
JNE3615-KR-XXXL,JNE3615-KR-XXXL,JNE3615,kurta,3XL,Amazon source-local
JNE3616-KR-L,JNE3616-KR-L,JNE3616,kurta,L,Amazon source-local
JNE3616-KR-M,JNE3616-KR-M,JNE3616,kurta,M,Amazon source-local
JNE3616-KR-XL,JNE3616-KR-XL,JNE3616,kurta,XL,Amazon source-local
JNE3616-KR-XS,JNE3616-KR-XS,JNE3616,kurta,XS,Amazon source-local
JNE3616-KR-XXL,JNE3616-KR-XXL,JNE3616,kurta,XXL,Amazon source-local
JNE3616-KR-XXXL,JNE3616-KR-XXXL,JNE3616,kurta,3XL,Amazon source-local
JNE3617-KR-L,JNE3617-KR-L,JNE3617,kurta,L,Amazon source-local
JNE3617-KR-M,JNE3617-KR-M,JNE3617,kurta,M,Amazon source-local
JNE3617-KR-S,JNE3617-KR-S,JNE3617,kurta,S,Amazon source-local
JNE3617-KR-XL,JNE3617-KR-XL,JNE3617,kurta,XL,Amazon source-local
JNE3617-KR-XS,JNE3617-KR-XS,JNE3617,kurta,XS,Amazon source-local
JNE3617-KR-XXL,JNE3617-KR-XXL,JNE3617,kurta,XXL,Amazon source-local
JNE3617-KR-XXXL,JNE3617-KR-XXXL,JNE3617,kurta,3XL,Amazon source-local
JNE3618-KR-L,JNE3618-KR-L,JNE3618,kurta,L,Amazon source-local
JNE3618-KR-M,JNE3618-KR-M,JNE3618,kurta,M,Amazon source-local
JNE3618-KR-S,JNE3618-KR-S,JNE3618,kurta,S,Amazon source-local
JNE3618-KR-XL,JNE3618-KR-XL,JNE3618,kurta,XL,Amazon source-local
JNE3618-KR-XS,JNE3618-KR-XS,JNE3618,kurta,XS,Amazon source-local
JNE3618-KR-XXL,JNE3618-KR-XXL,JNE3618,kurta,XXL,Amazon source-local
JNE3618-KR-XXXL,JNE3618-KR-XXXL,JNE3618,kurta,3XL,Amazon source-local
JNE3619-KR-L,JNE3619-KR-L,JNE3619,kurta,L,Amazon source-local
JNE3619-KR-M,JNE3619-KR-M,JNE3619,kurta,M,Amazon source-local
JNE3619-KR-S,JNE3619-KR-S,JNE3619,kurta,S,Amazon source-local
JNE3619-KR-XL,JNE3619-KR-XL,JNE3619,kurta,XL,Amazon source-local
JNE3619-KR-XS,JNE3619-KR-XS,JNE3619,kurta,XS,Amazon source-local
JNE3619-KR-XXL,JNE3619-KR-XXL,JNE3619,kurta,XXL,Amazon source-local
JNE3620-KR-L,JNE3620-KR-L,JNE3620,kurta,L,Amazon source-local
JNE3620-KR-M,JNE3620-KR-M,JNE3620,kurta,M,Amazon source-local
JNE3620-KR-S,JNE3620-KR-S,JNE3620,kurta,S,Amazon source-local
JNE3620-KR-XL,JNE3620-KR-XL,JNE3620,kurta,XL,Amazon source-local
JNE3620-KR-XS,JNE3620-KR-XS,JNE3620,kurta,XS,Amazon source-local
JNE3620-KR-XXL,JNE3620-KR-XXL,JNE3620,kurta,XXL,Amazon source-local
JNE3620-KR-XXXL,JNE3620-KR-XXXL,JNE3620,kurta,3XL,Amazon source-local
JNE3621-KR-A-S,JNE3621-KR-A-S,JNE3621,kurta,S,Amazon source-local
JNE3621-KR-A-XL,JNE3621-KR-A-XL,JNE3621,kurta,XL,Amazon source-local
JNE3621-KR-A-XXL,JNE3621-KR-A-XXL,JNE3621,kurta,XXL,Amazon source-local
JNE3621-KR-A-XXXL,JNE3621-KR-A-XXXL,JNE3621,kurta,3XL,Amazon source-local
JNE3621-KR-L,JNE3621-KR-L,JNE3621,kurta,L,Amazon source-local
JNE3621-KR-M,JNE3621-KR-M,JNE3621,kurta,M,Amazon source-local
JNE3621-KR-S,JNE3621-KR-S,JNE3621,kurta,S,Amazon source-local
JNE3621-KR-XL,JNE3621-KR-XL,JNE3621,kurta,XL,Amazon source-local
JNE3621-KR-XXL,JNE3621-KR-XXL,JNE3621,kurta,XXL,Amazon source-local
JNE3622-KR-L,JNE3622-KR-L,JNE3622,kurta,L,Amazon source-local
JNE3622-KR-M,JNE3622-KR-M,JNE3622,kurta,M,Amazon source-local
JNE3622-KR-S,JNE3622-KR-S,JNE3622,kurta,S,Amazon source-local
JNE3622-KR-XL,JNE3622-KR-XL,JNE3622,kurta,XL,Amazon source-local
JNE3622-KR-XS,JNE3622-KR-XS,JNE3622,kurta,XS,Amazon source-local
JNE3622-KR-XXL,JNE3622-KR-XXL,JNE3622,kurta,XXL,Amazon source-local
JNE3622-KR-XXXL,JNE3622-KR-XXXL,JNE3622,kurta,3XL,Amazon source-local
JNE3623-KR-L,JNE3623-KR-L,JNE3623,kurta,L,Amazon source-local
JNE3623-KR-M,JNE3623-KR-M,JNE3623,kurta,M,Amazon source-local
JNE3623-KR-S,JNE3623-KR-S,JNE3623,kurta,S,Amazon source-local
JNE3623-KR-XS,JNE3623-KR-XS,JNE3623,kurta,XS,Amazon source-local
JNE3623-KR-XXXL,JNE3623-KR-XXXL,JNE3623,kurta,3XL,Amazon source-local
JNE3624-KR-L,JNE3624-KR-L,JNE3624,kurta,L,Amazon source-local
JNE3624-KR-S,JNE3624-KR-S,JNE3624,kurta,S,Amazon source-local
JNE3624-KR-XL,JNE3624-KR-XL,JNE3624,kurta,XL,Amazon source-local
JNE3625-DR-L,JNE3625-DR-L,JNE3625,Western Dress,L,Amazon source-local
JNE3625-DR-M,JNE3625-DR-M,JNE3625,Western Dress,M,Amazon source-local
JNE3625-DR-S,JNE3625-DR-S,JNE3625,Western Dress,S,Amazon source-local
JNE3625-DR-XL,JNE3625-DR-XL,JNE3625,Western Dress,XL,Amazon source-local
JNE3625-DR-XXL,JNE3625-DR-XXL,JNE3625,Western Dress,XXL,Amazon source-local
JNE3625-DR-XXXL,JNE3625-DR-XXXL,JNE3625,Western Dress,3XL,Amazon source-local
JNE3627-KR-L,JNE3627-KR-L,JNE3627,kurta,L,Amazon source-local
JNE3627-KR-M,JNE3627-KR-M,JNE3627,kurta,M,Amazon source-local
JNE3627-KR-S,JNE3627-KR-S,JNE3627,kurta,S,Amazon source-local
JNE3627-KR-XL,JNE3627-KR-XL,JNE3627,kurta,XL,Amazon source-local
JNE3627-KR-XS,JNE3627-KR-XS,JNE3627,kurta,XS,Amazon source-local
JNE3627-KR-XXXL,JNE3627-KR-XXXL,JNE3627,kurta,3XL,Amazon source-local
JNE3628-KR-L,JNE3628-KR-L,JNE3628,kurta,L,Amazon source-local
JNE3628-KR-XL,JNE3628-KR-XL,JNE3628,kurta,XL,Amazon source-local
JNE3628-KR-XS,JNE3628-KR-XS,JNE3628,kurta,XS,Amazon source-local
JNE3628-KR-XXL,JNE3628-KR-XXL,JNE3628,kurta,XXL,Amazon source-local
JNE3628-KR-XXXL,JNE3628-KR-XXXL,JNE3628,kurta,3XL,Amazon source-local
JNE3629-KR-M,JNE3629-KR-M,JNE3629,kurta,M,Amazon source-local
JNE3629-KR-S,JNE3629-KR-S,JNE3629,kurta,S,Amazon source-local
JNE3629-KR-XL,JNE3629-KR-XL,JNE3629,kurta,XL,Amazon source-local
JNE3629-KR-XS,JNE3629-KR-XS,JNE3629,kurta,XS,Amazon source-local
JNE3629-KR-XXL,JNE3629-KR-XXL,JNE3629,kurta,XXL,Amazon source-local
JNE3629-KR-XXXL,JNE3629-KR-XXXL,JNE3629,kurta,3XL,Amazon source-local
JNE3630-KR-L,JNE3630-KR-L,JNE3630,kurta,L,Amazon source-local
JNE3630-KR-M,JNE3630-KR-M,JNE3630,kurta,M,Amazon source-local
JNE3630-KR-S,JNE3630-KR-S,JNE3630,kurta,S,Amazon source-local
JNE3630-KR-XL,JNE3630-KR-XL,JNE3630,kurta,XL,Amazon source-local
JNE3630-KR-XS,JNE3630-KR-XS,JNE3630,kurta,XS,Amazon source-local
JNE3630-KR-XXL,JNE3630-KR-XXL,JNE3630,kurta,XXL,Amazon source-local
JNE3630-KR-XXXL,JNE3630-KR-XXXL,JNE3630,kurta,3XL,Amazon source-local
JNE3631-DR-M,JNE3631-DR-M,JNE3631,Western Dress,M,Amazon source-local
JNE3631-DR-XL,JNE3631-DR-XL,JNE3631,Western Dress,XL,Amazon source-local
JNE3631-DR-XS,JNE3631-DR-XS,JNE3631,Western Dress,XS,Amazon source-local
JNE3633-KR-L,JNE3633-KR-L,JNE3633,kurta,L,Amazon source-local
JNE3633-KR-M,JNE3633-KR-M,JNE3633,kurta,M,Amazon source-local
JNE3633-KR-S,JNE3633-KR-S,JNE3633,kurta,S,Amazon source-local
JNE3633-KR-XL,JNE3633-KR-XL,JNE3633,kurta,XL,Amazon source-local
JNE3633-KR-XS,JNE3633-KR-XS,JNE3633,kurta,XS,Amazon source-local
JNE3633-KR-XXL,JNE3633-KR-XXL,JNE3633,kurta,XXL,Amazon source-local
JNE3633-KR-XXXL,JNE3633-KR-XXXL,JNE3633,kurta,3XL,Amazon source-local
JNE3634-KR-L,JNE3634-KR-L,JNE3634,kurta,L,Amazon source-local
JNE3634-KR-M,JNE3634-KR-M,JNE3634,kurta,M,Amazon source-local
JNE3634-KR-S,JNE3634-KR-S,JNE3634,kurta,S,Amazon source-local
JNE3634-KR-XL,JNE3634-KR-XL,JNE3634,kurta,XL,Amazon source-local
JNE3634-KR-XS,JNE3634-KR-XS,JNE3634,kurta,XS,Amazon source-local
JNE3634-KR-XXL,JNE3634-KR-XXL,JNE3634,kurta,XXL,Amazon source-local
JNE3634-KR-XXXL,JNE3634-KR-XXXL,JNE3634,kurta,3XL,Amazon source-local
JNE3635-KR-L,JNE3635-KR-L,JNE3635,kurta,L,Amazon source-local
JNE3635-KR-M,JNE3635-KR-M,JNE3635,kurta,M,Amazon source-local
JNE3635-KR-S,JNE3635-KR-S,JNE3635,kurta,S,Amazon source-local
JNE3635-KR-XL,JNE3635-KR-XL,JNE3635,kurta,XL,Amazon source-local
JNE3635-KR-XS,JNE3635-KR-XS,JNE3635,kurta,XS,Amazon source-local
JNE3635-KR-XXL,JNE3635-KR-XXL,JNE3635,kurta,XXL,Amazon source-local
JNE3635-KR-XXXL,JNE3635-KR-XXXL,JNE3635,kurta,3XL,Amazon source-local
JNE3636-KR-L,JNE3636-KR-L,JNE3636,kurta,L,Amazon source-local
JNE3636-KR-M,JNE3636-KR-M,JNE3636,kurta,M,Amazon source-local
JNE3636-KR-S,JNE3636-KR-S,JNE3636,kurta,S,Amazon source-local
JNE3636-KR-XL,JNE3636-KR-XL,JNE3636,kurta,XL,Amazon source-local
JNE3636-KR-XS,JNE3636-KR-XS,JNE3636,kurta,XS,Amazon source-local
JNE3636-KR-XXL,JNE3636-KR-XXL,JNE3636,kurta,XXL,Amazon source-local
JNE3636-KR-XXXL,JNE3636-KR-XXXL,JNE3636,kurta,3XL,Amazon source-local
JNE3637-KR-L,JNE3637-KR-L,JNE3637,kurta,L,Amazon source-local
JNE3637-KR-M,JNE3637-KR-M,JNE3637,kurta,M,Amazon source-local
JNE3637-KR-S,JNE3637-KR-S,JNE3637,kurta,S,Amazon source-local
JNE3637-KR-XL,JNE3637-KR-XL,JNE3637,kurta,XL,Amazon source-local
JNE3637-KR-XS,JNE3637-KR-XS,JNE3637,kurta,XS,Amazon source-local
JNE3637-KR-XXL,JNE3637-KR-XXL,JNE3637,kurta,XXL,Amazon source-local
JNE3637-KR-XXXL,JNE3637-KR-XXXL,JNE3637,kurta,3XL,Amazon source-local
JNE3638-KR-L,JNE3638-KR-L,JNE3638,kurta,L,Amazon source-local
JNE3638-KR-M,JNE3638-KR-M,JNE3638,kurta,M,Amazon source-local
JNE3638-KR-S,JNE3638-KR-S,JNE3638,kurta,S,Amazon source-local
JNE3638-KR-XL,JNE3638-KR-XL,JNE3638,kurta,XL,Amazon source-local
JNE3638-KR-XS,JNE3638-KR-XS,JNE3638,kurta,XS,Amazon source-local
JNE3638-KR-XXL,JNE3638-KR-XXL,JNE3638,kurta,XXL,Amazon source-local
JNE3638-KR-XXXL,JNE3638-KR-XXXL,JNE3638,kurta,3XL,Amazon source-local
JNE3639-TP-N-L,JNE3639-TP-N-L,JNE3639,Top,L,Amazon source-local
JNE3639-TP-N-M,JNE3639-TP-N-M,JNE3639,Top,M,Amazon source-local
JNE3639-TP-N-S,JNE3639-TP-N-S,JNE3639,Top,S,Amazon source-local
JNE3639-TP-N-XL,JNE3639-TP-N-XL,JNE3639,Top,XL,Amazon source-local
JNE3639-TP-N-XS,JNE3639-TP-N-XS,JNE3639,Top,XS,Amazon source-local
JNE3639-TP-N-XXL,JNE3639-TP-N-XXL,JNE3639,Top,XXL,Amazon source-local
JNE3640-TP-N-L,JNE3640-TP-N-L,JNE3640,Top,L,Amazon source-local
JNE3640-TP-N-M,JNE3640-TP-N-M,JNE3640,Top,M,Amazon source-local
JNE3640-TP-N-S,JNE3640-TP-N-S,JNE3640,Top,S,Amazon source-local
JNE3640-TP-N-XL,JNE3640-TP-N-XL,JNE3640,Top,XL,Amazon source-local
JNE3640-TP-N-XS,JNE3640-TP-N-XS,JNE3640,Top,XS,Amazon source-local
JNE3640-TP-N-XXL,JNE3640-TP-N-XXL,JNE3640,Top,XXL,Amazon source-local
JNE3641-TP-N-S,JNE3641-TP-N-S,JNE3641,Top,S,Amazon source-local
JNE3641-TP-N-XS,JNE3641-TP-N-XS,JNE3641,Top,XS,Amazon source-local
JNE3641-TP-N-XXL,JNE3641-TP-N-XXL,JNE3641,Top,XXL,Amazon source-local
JNE3642-TP-L,JNE3642-TP-L,JNE3642,Top,L,Amazon source-local
JNE3642-TP-S,JNE3642-TP-S,JNE3642,Top,S,Amazon source-local
JNE3642-TP-XL,JNE3642-TP-XL,JNE3642,Top,XL,Amazon source-local
JNE3642-TP-XS,JNE3642-TP-XS,JNE3642,Top,XS,Amazon source-local
JNE3642-TP-XXL,JNE3642-TP-XXL,JNE3642,Top,XXL,Amazon source-local
JNE3643-TP-N-L,JNE3643-TP-N-L,JNE3643,Top,L,Amazon source-local
JNE3643-TP-N-S,JNE3643-TP-N-S,JNE3643,Top,S,Amazon source-local
JNE3643-TP-N-XL,JNE3643-TP-N-XL,JNE3643,Top,XL,Amazon source-local
JNE3643-TP-N-XS,JNE3643-TP-N-XS,JNE3643,Top,XS,Amazon source-local
JNE3643-TP-N-XXL,JNE3643-TP-N-XXL,JNE3643,Top,XXL,Amazon source-local
JNE3644-TP-N-L,JNE3644-TP-N-L,JNE3644,Top,L,Amazon source-local
JNE3644-TP-N-S,JNE3644-TP-N-S,JNE3644,Top,S,Amazon source-local
JNE3644-TP-N-XL,JNE3644-TP-N-XL,JNE3644,Top,XL,Amazon source-local
JNE3644-TP-N-XS,JNE3644-TP-N-XS,JNE3644,Top,XS,Amazon source-local
JNE3644-TP-N-XXL,JNE3644-TP-N-XXL,JNE3644,Top,XXL,Amazon source-local
JNE3645-TP-N-L,JNE3645-TP-N-L,JNE3645,Top,L,Amazon source-local
JNE3645-TP-N-M,JNE3645-TP-N-M,JNE3645,Top,M,Amazon source-local
JNE3645-TP-N-S,JNE3645-TP-N-S,JNE3645,Top,S,Amazon source-local
JNE3645-TP-N-XL,JNE3645-TP-N-XL,JNE3645,Top,XL,Amazon source-local
JNE3645-TP-N-XS,JNE3645-TP-N-XS,JNE3645,Top,XS,Amazon source-local
JNE3645-TP-N-XXL,JNE3645-TP-N-XXL,JNE3645,Top,XXL,Amazon source-local
JNE3647-TP-N-XS,JNE3647-TP-N-XS,JNE3647,Top,XS,Amazon source-local
JNE3647-TP-N-XXL,JNE3647-TP-N-XXL,JNE3647,Top,XXL,Amazon source-local
JNE3648-TP-N-L,JNE3648-TP-N-L,JNE3648,Top,L,Amazon source-local
JNE3648-TP-N-M,JNE3648-TP-N-M,JNE3648,Top,M,Amazon source-local
JNE3648-TP-N-S,JNE3648-TP-N-S,JNE3648,Top,S,Amazon source-local
JNE3648-TP-N-XL,JNE3648-TP-N-XL,JNE3648,Top,XL,Amazon source-local
JNE3648-TP-N-XS,JNE3648-TP-N-XS,JNE3648,Top,XS,Amazon source-local
JNE3648-TP-N-XXL,JNE3648-TP-N-XXL,JNE3648,Top,XXL,Amazon source-local
JNE3649-TP-N-XS,JNE3649-TP-N-XS,JNE3649,Top,XS,Amazon source-local
JNE3649-TP-N-XXL,JNE3649-TP-N-XXL,JNE3649,Top,XXL,Amazon source-local
JNE3651-TP-N-L,JNE3651-TP-N-L,JNE3651,Top,L,Amazon source-local
JNE3651-TP-N-M,JNE3651-TP-N-M,JNE3651,Top,M,Amazon source-local
JNE3651-TP-N-S,JNE3651-TP-N-S,JNE3651,Top,S,Amazon source-local
JNE3651-TP-N-XL,JNE3651-TP-N-XL,JNE3651,Top,XL,Amazon source-local
JNE3651-TP-N-XS,JNE3651-TP-N-XS,JNE3651,Top,XS,Amazon source-local
JNE3651-TP-N-XXL,JNE3651-TP-N-XXL,JNE3651,Top,XXL,Amazon source-local
JNE3652-TP-N-L,JNE3652-TP-N-L,JNE3652,Top,L,Amazon source-local
JNE3652-TP-N-M,JNE3652-TP-N-M,JNE3652,Top,M,Amazon source-local
JNE3652-TP-N-S,JNE3652-TP-N-S,JNE3652,Top,S,Amazon source-local
JNE3652-TP-N-XL,JNE3652-TP-N-XL,JNE3652,Top,XL,Amazon source-local
JNE3652-TP-N-XS,JNE3652-TP-N-XS,JNE3652,Top,XS,Amazon source-local
JNE3652-TP-N-XXL,JNE3652-TP-N-XXL,JNE3652,Top,XXL,Amazon source-local
JNE3653-TP-N-XL,JNE3653-TP-N-XL,JNE3653,Top,XL,Amazon source-local
JNE3653-TP-N-XXL,JNE3653-TP-N-XXL,JNE3653,Top,XXL,Amazon source-local
JNE3654-TP-L,JNE3654-TP-L,JNE3654,Top,L,Amazon source-local
JNE3654-TP-M,JNE3654-TP-M,JNE3654,Top,M,Amazon source-local
JNE3654-TP-S,JNE3654-TP-S,JNE3654,Top,S,Amazon source-local
JNE3654-TP-XL,JNE3654-TP-XL,JNE3654,Top,XL,Amazon source-local
JNE3654-TP-XS,JNE3654-TP-XS,JNE3654,Top,XS,Amazon source-local
JNE3654-TP-XXL,JNE3654-TP-XXL,JNE3654,Top,XXL,Amazon source-local
JNE3655-TP-L,JNE3655-TP-L,JNE3655,Top,L,Amazon source-local
JNE3655-TP-M,JNE3655-TP-M,JNE3655,Top,M,Amazon source-local
JNE3655-TP-S,JNE3655-TP-S,JNE3655,Top,S,Amazon source-local
JNE3655-TP-XL,JNE3655-TP-XL,JNE3655,Top,XL,Amazon source-local
JNE3655-TP-XS,JNE3655-TP-XS,JNE3655,Top,XS,Amazon source-local
JNE3655-TP-XXL,JNE3655-TP-XXL,JNE3655,Top,XXL,Amazon source-local
JNE3656-TP-N-L,JNE3656-TP-N-L,JNE3656,Top,L,Amazon source-local
JNE3656-TP-N-M,JNE3656-TP-N-M,JNE3656,Top,M,Amazon source-local
JNE3656-TP-N-S,JNE3656-TP-N-S,JNE3656,Top,S,Amazon source-local
JNE3656-TP-N-XL,JNE3656-TP-N-XL,JNE3656,Top,XL,Amazon source-local
JNE3656-TP-N-XXL,JNE3656-TP-N-XXL,JNE3656,Top,XXL,Amazon source-local
JNE3657-TP-XS,JNE3657-TP-XS,JNE3657,Top,XS,Amazon source-local
JNE3657-TP-XXL,JNE3657-TP-XXL,JNE3657,Top,XXL,Amazon source-local
JNE3658-TP-L,JNE3658-TP-L,JNE3658,Top,L,Amazon source-local
JNE3658-TP-M,JNE3658-TP-M,JNE3658,Top,M,Amazon source-local
JNE3658-TP-S,JNE3658-TP-S,JNE3658,Top,S,Amazon source-local
JNE3658-TP-XL,JNE3658-TP-XL,JNE3658,Top,XL,Amazon source-local
JNE3658-TP-XS,JNE3658-TP-XS,JNE3658,Top,XS,Amazon source-local
JNE3658-TP-XXL,JNE3658-TP-XXL,JNE3658,Top,XXL,Amazon source-local
JNE3659-TP-N-L,JNE3659-TP-N-L,JNE3659,Top,L,Amazon source-local
JNE3659-TP-N-M,JNE3659-TP-N-M,JNE3659,Top,M,Amazon source-local
JNE3659-TP-N-S,JNE3659-TP-N-S,JNE3659,Top,S,Amazon source-local
JNE3659-TP-N-XL,JNE3659-TP-N-XL,JNE3659,Top,XL,Amazon source-local
JNE3659-TP-N-XS,JNE3659-TP-N-XS,JNE3659,Top,XS,Amazon source-local
JNE3659-TP-N-XXL,JNE3659-TP-N-XXL,JNE3659,Top,XXL,Amazon source-local
JNE3660-TP-N-L,JNE3660-TP-N-L,JNE3660,Top,L,Amazon source-local
JNE3660-TP-N-M,JNE3660-TP-N-M,JNE3660,Top,M,Amazon source-local
JNE3660-TP-N-S,JNE3660-TP-N-S,JNE3660,Top,S,Amazon source-local
JNE3660-TP-N-XS,JNE3660-TP-N-XS,JNE3660,Top,XS,Amazon source-local
JNE3660-TP-N-XXL,JNE3660-TP-N-XXL,JNE3660,Top,XXL,Amazon source-local
JNE3661-TP-XL,JNE3661-TP-XL,JNE3661,Top,XL,Amazon source-local
JNE3661-TP-XS,JNE3661-TP-XS,JNE3661,Top,XS,Amazon source-local
JNE3661-TP-XXL,JNE3661-TP-XXL,JNE3661,Top,XXL,Amazon source-local
JNE3662-TP-M,JNE3662-TP-M,JNE3662,Top,M,Amazon source-local
JNE3662-TP-S,JNE3662-TP-S,JNE3662,Top,S,Amazon source-local
JNE3662-TP-XS,JNE3662-TP-XS,JNE3662,Top,XS,Amazon source-local
JNE3662-TP-XXL,JNE3662-TP-XXL,JNE3662,Top,XXL,Amazon source-local
JNE3663-TP-L,JNE3663-TP-L,JNE3663,Top,L,Amazon source-local
JNE3663-TP-M,JNE3663-TP-M,JNE3663,Top,M,Amazon source-local
JNE3663-TP-S,JNE3663-TP-S,JNE3663,Top,S,Amazon source-local
JNE3665-TP-L,JNE3665-TP-L,JNE3665,Top,L,Amazon source-local
JNE3665-TP-M,JNE3665-TP-M,JNE3665,Top,M,Amazon source-local
JNE3665-TP-S,JNE3665-TP-S,JNE3665,Top,S,Amazon source-local
JNE3665-TP-XL,JNE3665-TP-XL,JNE3665,Top,XL,Amazon source-local
JNE3665-TP-XS,JNE3665-TP-XS,JNE3665,Top,XS,Amazon source-local
JNE3665-TP-XXL,JNE3665-TP-XXL,JNE3665,Top,XXL,Amazon source-local
JNE3666-TP-L,JNE3666-TP-L,JNE3666,Top,L,Amazon source-local
JNE3666-TP-M,JNE3666-TP-M,JNE3666,Top,M,Amazon source-local
JNE3666-TP-S,JNE3666-TP-S,JNE3666,Top,S,Amazon source-local
JNE3666-TP-XL,JNE3666-TP-XL,JNE3666,Top,XL,Amazon source-local
JNE3666-TP-XS,JNE3666-TP-XS,JNE3666,Top,XS,Amazon source-local
JNE3666-TP-XXL,JNE3666-TP-XXL,JNE3666,Top,XXL,Amazon source-local
JNE3667-TP-L,JNE3667-TP-L,JNE3667,Top,L,Amazon source-local
JNE3667-TP-M,JNE3667-TP-M,JNE3667,Top,M,Amazon source-local
JNE3667-TP-S,JNE3667-TP-S,JNE3667,Top,S,Amazon source-local
JNE3667-TP-XL,JNE3667-TP-XL,JNE3667,Top,XL,Amazon source-local
JNE3667-TP-XS,JNE3667-TP-XS,JNE3667,Top,XS,Amazon source-local
JNE3667-TP-XXL,JNE3667-TP-XXL,JNE3667,Top,XXL,Amazon source-local
JNE3668-TP-N-L,JNE3668-TP-N-L,JNE3668,Top,L,Amazon source-local
JNE3668-TP-N-M,JNE3668-TP-N-M,JNE3668,Top,M,Amazon source-local
JNE3668-TP-N-S,JNE3668-TP-N-S,JNE3668,Top,S,Amazon source-local
JNE3668-TP-N-XL,JNE3668-TP-N-XL,JNE3668,Top,XL,Amazon source-local
JNE3668-TP-N-XXL,JNE3668-TP-N-XXL,JNE3668,Top,XXL,Amazon source-local
JNE3669-TU-S,JNE3669-TU-S,JNE3669,Top,S,Amazon source-local
JNE3669-TU-XL,JNE3669-TU-XL,JNE3669,Top,XL,Amazon source-local
JNE3669-TU-XXL,JNE3669-TU-XXL,JNE3669,Top,XXL,Amazon source-local
JNE3669-TU-XXXL,JNE3669-TU-XXXL,JNE3669,Top,3XL,Amazon source-local
JNE3670-TU-L,JNE3670-TU-L,JNE3670,Top,L,Amazon source-local
JNE3670-TU-M,JNE3670-TU-M,JNE3670,Top,M,Amazon source-local
JNE3670-TU-S,JNE3670-TU-S,JNE3670,Top,S,Amazon source-local
JNE3670-TU-XL,JNE3670-TU-XL,JNE3670,Top,XL,Amazon source-local
JNE3670-TU-XS,JNE3670-TU-XS,JNE3670,Top,XS,Amazon source-local
JNE3670-TU-XXL,JNE3670-TU-XXL,JNE3670,Top,XXL,Amazon source-local
JNE3670-TU-XXXL,JNE3670-TU-XXXL,JNE3670,Top,3XL,Amazon source-local
JNE3671-TU-L,JNE3671-TU-L,JNE3671,Top,L,Amazon source-local
JNE3671-TU-M,JNE3671-TU-M,JNE3671,Top,M,Amazon source-local
JNE3671-TU-S,JNE3671-TU-S,JNE3671,Top,S,Amazon source-local
JNE3671-TU-XL,JNE3671-TU-XL,JNE3671,Top,XL,Amazon source-local
JNE3671-TU-XS,JNE3671-TU-XS,JNE3671,Top,XS,Amazon source-local
JNE3671-TU-XXL,JNE3671-TU-XXL,JNE3671,Top,XXL,Amazon source-local
JNE3671-TU-XXXL,JNE3671-TU-XXXL,JNE3671,Top,3XL,Amazon source-local
JNE3672-TU-L,JNE3672-TU-L,JNE3672,Top,L,Amazon source-local
JNE3672-TU-M,JNE3672-TU-M,JNE3672,Top,M,Amazon source-local
JNE3672-TU-S,JNE3672-TU-S,JNE3672,Top,S,Amazon source-local
JNE3672-TU-XL,JNE3672-TU-XL,JNE3672,Top,XL,Amazon source-local
JNE3672-TU-XS,JNE3672-TU-XS,JNE3672,Top,XS,Amazon source-local
JNE3672-TU-XXL,JNE3672-TU-XXL,JNE3672,Top,XXL,Amazon source-local
JNE3672-TU-XXXL,JNE3672-TU-XXXL,JNE3672,Top,3XL,Amazon source-local
JNE3673-TU-L,JNE3673-TU-L,JNE3673,Top,L,Amazon source-local
JNE3673-TU-M,JNE3673-TU-M,JNE3673,Top,M,Amazon source-local
JNE3673-TU-S,JNE3673-TU-S,JNE3673,Top,S,Amazon source-local
JNE3673-TU-XL,JNE3673-TU-XL,JNE3673,Top,XL,Amazon source-local
JNE3673-TU-XS,JNE3673-TU-XS,JNE3673,Top,XS,Amazon source-local
JNE3673-TU-XXXL,JNE3673-TU-XXXL,JNE3673,Top,3XL,Amazon source-local
JNE3674-TU-L,JNE3674-TU-L,JNE3674,Top,L,Amazon source-local
JNE3674-TU-M,JNE3674-TU-M,JNE3674,Top,M,Amazon source-local
JNE3674-TU-S,JNE3674-TU-S,JNE3674,Top,S,Amazon source-local
JNE3674-TU-XL,JNE3674-TU-XL,JNE3674,Top,XL,Amazon source-local
JNE3674-TU-XS,JNE3674-TU-XS,JNE3674,Top,XS,Amazon source-local
JNE3674-TU-XXL,JNE3674-TU-XXL,JNE3674,Top,XXL,Amazon source-local
JNE3674-TU-XXXL,JNE3674-TU-XXXL,JNE3674,Top,3XL,Amazon source-local
JNE3675-TU-L,JNE3675-TU-L,JNE3675,Top,L,Amazon source-local
JNE3675-TU-M,JNE3675-TU-M,JNE3675,Top,M,Amazon source-local
JNE3675-TU-S,JNE3675-TU-S,JNE3675,Top,S,Amazon source-local
JNE3675-TU-XL,JNE3675-TU-XL,JNE3675,Top,XL,Amazon source-local
JNE3675-TU-XS,JNE3675-TU-XS,JNE3675,Top,XS,Amazon source-local
JNE3675-TU-XXL,JNE3675-TU-XXL,JNE3675,Top,XXL,Amazon source-local
JNE3675-TU-XXXL,JNE3675-TU-XXXL,JNE3675,Top,3XL,Amazon source-local
JNE3676-TU-L,JNE3676-TU-L,JNE3676,Top,L,Amazon source-local
JNE3676-TU-M,JNE3676-TU-M,JNE3676,Top,M,Amazon source-local
JNE3676-TU-S,JNE3676-TU-S,JNE3676,Top,S,Amazon source-local
JNE3676-TU-XL,JNE3676-TU-XL,JNE3676,Top,XL,Amazon source-local
JNE3676-TU-XS,JNE3676-TU-XS,JNE3676,Top,XS,Amazon source-local
JNE3676-TU-XXL,JNE3676-TU-XXL,JNE3676,Top,XXL,Amazon source-local
JNE3676-TU-XXXL,JNE3676-TU-XXXL,JNE3676,Top,3XL,Amazon source-local
JNE3678-TU-M,JNE3678-TU-M,JNE3678,Top,M,Amazon source-local
JNE3678-TU-S,JNE3678-TU-S,JNE3678,Top,S,Amazon source-local
JNE3678-TU-XL,JNE3678-TU-XL,JNE3678,Top,XL,Amazon source-local
JNE3678-TU-XS,JNE3678-TU-XS,JNE3678,Top,XS,Amazon source-local
JNE3678-TU-XXL,JNE3678-TU-XXL,JNE3678,Top,XXL,Amazon source-local
JNE3678-TU-XXXL,JNE3678-TU-XXXL,JNE3678,Top,3XL,Amazon source-local
JNE3679-TU-L,JNE3679-TU-L,JNE3679,Top,L,Amazon source-local
JNE3679-TU-M,JNE3679-TU-M,JNE3679,Top,M,Amazon source-local
JNE3679-TU-S,JNE3679-TU-S,JNE3679,Top,S,Amazon source-local
JNE3680-TU-A-L,JNE3680-TU-A-L,JNE3680,Top,L,Amazon source-local
JNE3680-TU-M,JNE3680-TU-M,JNE3680,Top,M,Amazon source-local
JNE3680-TU-S,JNE3680-TU-S,JNE3680,Top,S,Amazon source-local
JNE3680-TU-XL,JNE3680-TU-XL,JNE3680,Top,XL,Amazon source-local
JNE3680-TU-XS,JNE3680-TU-XS,JNE3680,Top,XS,Amazon source-local
JNE3680-TU-XXL,JNE3680-TU-XXL,JNE3680,Top,XXL,Amazon source-local
JNE3680-TU-XXXL,JNE3680-TU-XXXL,JNE3680,Top,3XL,Amazon source-local
JNE3683-TU-S,JNE3683-TU-S,JNE3683,Top,S,Amazon source-local
JNE3683-TU-XL,JNE3683-TU-XL,JNE3683,Top,XL,Amazon source-local
JNE3683-TU-XS,JNE3683-TU-XS,JNE3683,Top,XS,Amazon source-local
JNE3684-TU-L,JNE3684-TU-L,JNE3684,Top,L,Amazon source-local
JNE3684-TU-M,JNE3684-TU-M,JNE3684,Top,M,Amazon source-local
JNE3684-TU-S,JNE3684-TU-S,JNE3684,Top,S,Amazon source-local
JNE3684-TU-XL,JNE3684-TU-XL,JNE3684,Top,XL,Amazon source-local
JNE3684-TU-XS,JNE3684-TU-XS,JNE3684,Top,XS,Amazon source-local
JNE3684-TU-XXXL,JNE3684-TU-XXXL,JNE3684,Top,3XL,Amazon source-local
JNE3686-TU-L,JNE3686-TU-L,JNE3686,Top,L,Amazon source-local
JNE3686-TU-M,JNE3686-TU-M,JNE3686,Top,M,Amazon source-local
JNE3686-TU-S,JNE3686-TU-S,JNE3686,Top,S,Amazon source-local
JNE3686-TU-XL,JNE3686-TU-XL,JNE3686,Top,XL,Amazon source-local
JNE3686-TU-XS,JNE3686-TU-XS,JNE3686,Top,XS,Amazon source-local
JNE3686-TU-XXL,JNE3686-TU-XXL,JNE3686,Top,XXL,Amazon source-local
JNE3686-TU-XXXL,JNE3686-TU-XXXL,JNE3686,Top,3XL,Amazon source-local
JNE3687-TU-L,JNE3687-TU-L,JNE3687,Top,L,Amazon source-local
JNE3687-TU-M,JNE3687-TU-M,JNE3687,Top,M,Amazon source-local
JNE3687-TU-S,JNE3687-TU-S,JNE3687,Top,S,Amazon source-local
JNE3687-TU-XL,JNE3687-TU-XL,JNE3687,Top,XL,Amazon source-local
JNE3687-TU-XS,JNE3687-TU-XS,JNE3687,Top,XS,Amazon source-local
JNE3687-TU-XXL,JNE3687-TU-XXL,JNE3687,Top,XXL,Amazon source-local
JNE3687-TU-XXXL,JNE3687-TU-XXXL,JNE3687,Top,3XL,Amazon source-local
JNE3688-TU-L,JNE3688-TU-L,JNE3688,Top,L,Amazon source-local
JNE3688-TU-M,JNE3688-TU-M,JNE3688,Top,M,Amazon source-local
JNE3688-TU-S,JNE3688-TU-S,JNE3688,Top,S,Amazon source-local
JNE3688-TU-XL,JNE3688-TU-XL,JNE3688,Top,XL,Amazon source-local
JNE3688-TU-XS,JNE3688-TU-XS,JNE3688,Top,XS,Amazon source-local
JNE3688-TU-XXL,JNE3688-TU-XXL,JNE3688,Top,XXL,Amazon source-local
JNE3688-TU-XXXL,JNE3688-TU-XXXL,JNE3688,Top,3XL,Amazon source-local
JNE3689-TU-L,JNE3689-TU-L,JNE3689,Top,L,Amazon source-local
JNE3689-TU-M,JNE3689-TU-M,JNE3689,Top,M,Amazon source-local
JNE3689-TU-S,JNE3689-TU-S,JNE3689,Top,S,Amazon source-local
JNE3689-TU-XL,JNE3689-TU-XL,JNE3689,Top,XL,Amazon source-local
JNE3689-TU-XS,JNE3689-TU-XS,JNE3689,Top,XS,Amazon source-local
JNE3689-TU-XXL,JNE3689-TU-XXL,JNE3689,Top,XXL,Amazon source-local
JNE3689-TU-XXXL,JNE3689-TU-XXXL,JNE3689,Top,3XL,Amazon source-local
JNE3690-TU-L,JNE3690-TU-L,JNE3690,Top,L,Amazon source-local
JNE3690-TU-M,JNE3690-TU-M,JNE3690,Top,M,Amazon source-local
JNE3690-TU-S,JNE3690-TU-S,JNE3690,Top,S,Amazon source-local
JNE3690-TU-XL,JNE3690-TU-XL,JNE3690,Top,XL,Amazon source-local
JNE3690-TU-XS,JNE3690-TU-XS,JNE3690,Top,XS,Amazon source-local
JNE3690-TU-XXL,JNE3690-TU-XXL,JNE3690,Top,XXL,Amazon source-local
JNE3690-TU-XXXL,JNE3690-TU-XXXL,JNE3690,Top,3XL,Amazon source-local
JNE3691-TU-L,JNE3691-TU-L,JNE3691,Top,L,Amazon source-local
JNE3691-TU-M,JNE3691-TU-M,JNE3691,Top,M,Amazon source-local
JNE3691-TU-S,JNE3691-TU-S,JNE3691,Top,S,Amazon source-local
JNE3691-TU-XL,JNE3691-TU-XL,JNE3691,Top,XL,Amazon source-local
JNE3691-TU-XS,JNE3691-TU-XS,JNE3691,Top,XS,Amazon source-local
JNE3691-TU-XXL,JNE3691-TU-XXL,JNE3691,Top,XXL,Amazon source-local
JNE3691-TU-XXXL,JNE3691-TU-XXXL,JNE3691,Top,3XL,Amazon source-local
JNE3693-KR-M,JNE3693-KR-M,JNE3693,kurta,M,Amazon source-local
JNE3693-KR-S,JNE3693-KR-S,JNE3693,kurta,S,Amazon source-local
JNE3693-KR-XXL,JNE3693-KR-XXL,JNE3693,kurta,XXL,Amazon source-local
JNE3694-KR-L,JNE3694-KR-L,JNE3694,kurta,L,Amazon source-local
JNE3694-KR-M,JNE3694-KR-M,JNE3694,kurta,M,Amazon source-local
JNE3694-KR-S,JNE3694-KR-S,JNE3694,kurta,S,Amazon source-local
JNE3694-KR-XL,JNE3694-KR-XL,JNE3694,kurta,XL,Amazon source-local
JNE3694-KR-XXL,JNE3694-KR-XXL,JNE3694,kurta,XXL,Amazon source-local
JNE3695-KR-M,JNE3695-KR-M,JNE3695,kurta,M,Amazon source-local
JNE3695-KR-S,JNE3695-KR-S,JNE3695,kurta,S,Amazon source-local
JNE3695-KR-XL,JNE3695-KR-XL,JNE3695,kurta,XL,Amazon source-local
JNE3697-KR-L,JNE3697-KR-L,JNE3697,kurta,L,Amazon source-local
JNE3697-KR-M,JNE3697-KR-M,JNE3697,kurta,M,Amazon source-local
JNE3697-KR-S,JNE3697-KR-S,JNE3697,kurta,S,Amazon source-local
JNE3697-KR-XL,JNE3697-KR-XL,JNE3697,kurta,XL,Amazon source-local
JNE3697-KR-XXL,JNE3697-KR-XXL,JNE3697,kurta,XXL,Amazon source-local
JNE3698-KR-L,JNE3698-KR-L,JNE3698,kurta,L,Amazon source-local
JNE3698-KR-M,JNE3698-KR-M,JNE3698,kurta,M,Amazon source-local
JNE3698-KR-S,JNE3698-KR-S,JNE3698,kurta,S,Amazon source-local
JNE3698-KR-XL,JNE3698-KR-XL,JNE3698,kurta,XL,Amazon source-local
JNE3698-KR-XXL,JNE3698-KR-XXL,JNE3698,kurta,XXL,Amazon source-local
JNE3700-KR-L,JNE3700-KR-L,JNE3700,kurta,L,Amazon source-local
JNE3700-KR-M,JNE3700-KR-M,JNE3700,kurta,M,Amazon source-local
JNE3700-KR-S,JNE3700-KR-S,JNE3700,kurta,S,Amazon source-local
JNE3700-KR-XS,JNE3700-KR-XS,JNE3700,kurta,XS,Amazon source-local
JNE3700-KR-XXL,JNE3700-KR-XXL,JNE3700,kurta,XXL,Amazon source-local
JNE3700-KR-XXXL,JNE3700-KR-XXXL,JNE3700,kurta,3XL,Amazon source-local
JNE3701-KR-L,JNE3701-KR-L,JNE3701,kurta,L,Amazon source-local
JNE3701-KR-M,JNE3701-KR-M,JNE3701,kurta,M,Amazon source-local
JNE3701-KR-S,JNE3701-KR-S,JNE3701,kurta,S,Amazon source-local
JNE3701-KR-XL,JNE3701-KR-XL,JNE3701,kurta,XL,Amazon source-local
JNE3701-KR-XS,JNE3701-KR-XS,JNE3701,kurta,XS,Amazon source-local
JNE3701-KR-XXL,JNE3701-KR-XXL,JNE3701,kurta,XXL,Amazon source-local
JNE3701-KR-XXXL,JNE3701-KR-XXXL,JNE3701,kurta,3XL,Amazon source-local
JNE3702-KR-L,JNE3702-KR-L,JNE3702,kurta,L,Amazon source-local
JNE3702-KR-M,JNE3702-KR-M,JNE3702,kurta,M,Amazon source-local
JNE3702-KR-S,JNE3702-KR-S,JNE3702,kurta,S,Amazon source-local
JNE3702-KR-XL,JNE3702-KR-XL,JNE3702,kurta,XL,Amazon source-local
JNE3702-KR-XS,JNE3702-KR-XS,JNE3702,kurta,XS,Amazon source-local
JNE3702-KR-XXL,JNE3702-KR-XXL,JNE3702,kurta,XXL,Amazon source-local
JNE3702-KR-XXXL,JNE3702-KR-XXXL,JNE3702,kurta,3XL,Amazon source-local
JNE3703-KR-L,JNE3703-KR-L,JNE3703,kurta,L,Amazon source-local
JNE3703-KR-M,JNE3703-KR-M,JNE3703,kurta,M,Amazon source-local
JNE3703-KR-S,JNE3703-KR-S,JNE3703,kurta,S,Amazon source-local
JNE3703-KR-XL,JNE3703-KR-XL,JNE3703,kurta,XL,Amazon source-local
JNE3703-KR-XS,JNE3703-KR-XS,JNE3703,kurta,XS,Amazon source-local
JNE3703-KR-XXL,JNE3703-KR-XXL,JNE3703,kurta,XXL,Amazon source-local
JNE3703-KR-XXXL,JNE3703-KR-XXXL,JNE3703,kurta,3XL,Amazon source-local
JNE3704-KR-L,JNE3704-KR-L,JNE3704,kurta,L,Amazon source-local
JNE3704-KR-M,JNE3704-KR-M,JNE3704,kurta,M,Amazon source-local
JNE3704-KR-S,JNE3704-KR-S,JNE3704,kurta,S,Amazon source-local
JNE3704-KR-XL,JNE3704-KR-XL,JNE3704,kurta,XL,Amazon source-local
JNE3704-KR-XS,JNE3704-KR-XS,JNE3704,kurta,XS,Amazon source-local
JNE3704-KR-XXL,JNE3704-KR-XXL,JNE3704,kurta,XXL,Amazon source-local
JNE3704-KR-XXXL,JNE3704-KR-XXXL,JNE3704,kurta,3XL,Amazon source-local
JNE3706-DR-L,JNE3706-DR-L,JNE3706,Western Dress,L,Amazon source-local
JNE3706-DR-M,JNE3706-DR-M,JNE3706,Western Dress,M,Amazon source-local
JNE3706-DR-S,JNE3706-DR-S,JNE3706,Western Dress,S,Amazon source-local
JNE3706-DR-XL,JNE3706-DR-XL,JNE3706,Western Dress,XL,Amazon source-local
JNE3706-DR-XS,JNE3706-DR-XS,JNE3706,Western Dress,XS,Amazon source-local
JNE3706-DR-XXL,JNE3706-DR-XXL,JNE3706,Western Dress,XXL,Amazon source-local
JNE3706-DR-XXXL,JNE3706-DR-XXXL,JNE3706,Western Dress,3XL,Amazon source-local
JNE3707-DR-L,JNE3707-DR-L,JNE3707,Western Dress,L,Amazon source-local
JNE3707-DR-M,JNE3707-DR-M,JNE3707,Western Dress,M,Amazon source-local
JNE3707-DR-S,JNE3707-DR-S,JNE3707,Western Dress,S,Amazon source-local
JNE3707-DR-XL,JNE3707-DR-XL,JNE3707,Western Dress,XL,Amazon source-local
JNE3707-DR-XS,JNE3707-DR-XS,JNE3707,Western Dress,XS,Amazon source-local
JNE3707-DR-XXL,JNE3707-DR-XXL,JNE3707,Western Dress,XXL,Amazon source-local
JNE3707-DR-XXXL,JNE3707-DR-XXXL,JNE3707,Western Dress,3XL,Amazon source-local
JNE3708-TU-L,JNE3708-TU-L,JNE3708,Top,L,Amazon source-local
JNE3708-TU-M,JNE3708-TU-M,JNE3708,Top,M,Amazon source-local
JNE3708-TU-S,JNE3708-TU-S,JNE3708,Top,S,Amazon source-local
JNE3708-TU-XL,JNE3708-TU-XL,JNE3708,Top,XL,Amazon source-local
JNE3708-TU-XS,JNE3708-TU-XS,JNE3708,Top,XS,Amazon source-local
JNE3708-TU-XXL,JNE3708-TU-XXL,JNE3708,Top,XXL,Amazon source-local
JNE3708-TU-XXXL,JNE3708-TU-XXXL,JNE3708,Top,3XL,Amazon source-local
JNE3709-DR-L,JNE3709-DR-L,JNE3709,Western Dress,L,Amazon source-local
JNE3709-DR-M,JNE3709-DR-M,JNE3709,Western Dress,M,Amazon source-local
JNE3709-DR-S,JNE3709-DR-S,JNE3709,Western Dress,S,Amazon source-local
JNE3709-DR-XL,JNE3709-DR-XL,JNE3709,Western Dress,XL,Amazon source-local
JNE3709-DR-XS,JNE3709-DR-XS,JNE3709,Western Dress,XS,Amazon source-local
JNE3709-DR-XXL,JNE3709-DR-XXL,JNE3709,Western Dress,XXL,Amazon source-local
JNE3709-DR-XXXL,JNE3709-DR-XXXL,JNE3709,Western Dress,3XL,Amazon source-local
JNE3710-DR-L,JNE3710-DR-L,JNE3710,Western Dress,L,Amazon source-local
JNE3710-DR-M,JNE3710-DR-M,JNE3710,Western Dress,M,Amazon source-local
JNE3710-DR-S,JNE3710-DR-S,JNE3710,Western Dress,S,Amazon source-local
JNE3710-DR-XL,JNE3710-DR-XL,JNE3710,Western Dress,XL,Amazon source-local
JNE3710-DR-XS,JNE3710-DR-XS,JNE3710,Western Dress,XS,Amazon source-local
JNE3710-DR-XXL,JNE3710-DR-XXL,JNE3710,Western Dress,XXL,Amazon source-local
JNE3710-DR-XXXL,JNE3710-DR-XXXL,JNE3710,Western Dress,3XL,Amazon source-local
JNE3712-TP-N-L,JNE3712-TP-N-L,JNE3712,Top,L,Amazon source-local
JNE3712-TP-N-M,JNE3712-TP-N-M,JNE3712,Top,M,Amazon source-local
JNE3712-TP-N-S,JNE3712-TP-N-S,JNE3712,Top,S,Amazon source-local
JNE3712-TP-N-XL,JNE3712-TP-N-XL,JNE3712,Top,XL,Amazon source-local
JNE3712-TP-N-XS,JNE3712-TP-N-XS,JNE3712,Top,XS,Amazon source-local
JNE3712-TP-N-XXL,JNE3712-TP-N-XXL,JNE3712,Top,XXL,Amazon source-local
JNE3713-TP-N-S,JNE3713-TP-N-S,JNE3713,Top,S,Amazon source-local
JNE3713-TP-N-XL,JNE3713-TP-N-XL,JNE3713,Top,XL,Amazon source-local
JNE3713-TP-N-XS,JNE3713-TP-N-XS,JNE3713,Top,XS,Amazon source-local
JNE3713-TP-N-XXL,JNE3713-TP-N-XXL,JNE3713,Top,XXL,Amazon source-local
JNE3714-KR-L,JNE3714-KR-L,JNE3714,kurta,L,Amazon source-local
JNE3714-KR-M,JNE3714-KR-M,JNE3714,kurta,M,Amazon source-local
JNE3714-KR-S,JNE3714-KR-S,JNE3714,kurta,S,Amazon source-local
JNE3714-KR-XL,JNE3714-KR-XL,JNE3714,kurta,XL,Amazon source-local
JNE3714-KR-XS,JNE3714-KR-XS,JNE3714,kurta,XS,Amazon source-local
JNE3714-KR-XXL,JNE3714-KR-XXL,JNE3714,kurta,XXL,Amazon source-local
JNE3714-KR-XXXL,JNE3714-KR-XXXL,JNE3714,kurta,3XL,Amazon source-local
JNE3715-KR-L,JNE3715-KR-L,JNE3715,kurta,L,Amazon source-local
JNE3715-KR-M,JNE3715-KR-M,JNE3715,kurta,M,Amazon source-local
JNE3715-KR-S,JNE3715-KR-S,JNE3715,kurta,S,Amazon source-local
JNE3715-KR-XL,JNE3715-KR-XL,JNE3715,kurta,XL,Amazon source-local
JNE3715-KR-XS,JNE3715-KR-XS,JNE3715,kurta,XS,Amazon source-local
JNE3715-KR-XXL,JNE3715-KR-XXL,JNE3715,kurta,XXL,Amazon source-local
JNE3715-KR-XXXL,JNE3715-KR-XXXL,JNE3715,kurta,3XL,Amazon source-local
JNE3716-KR-L,JNE3716-KR-L,JNE3716,kurta,L,Amazon source-local
JNE3716-KR-M,JNE3716-KR-M,JNE3716,kurta,M,Amazon source-local
JNE3716-KR-S,JNE3716-KR-S,JNE3716,kurta,S,Amazon source-local
JNE3716-KR-XL,JNE3716-KR-XL,JNE3716,kurta,XL,Amazon source-local
JNE3716-KR-XS,JNE3716-KR-XS,JNE3716,kurta,XS,Amazon source-local
JNE3716-KR-XXL,JNE3716-KR-XXL,JNE3716,kurta,XXL,Amazon source-local
JNE3716-KR-XXXL,JNE3716-KR-XXXL,JNE3716,kurta,3XL,Amazon source-local
JNE3717-KR-L,JNE3717-KR-L,JNE3717,kurta,L,Amazon source-local
JNE3717-KR-M,JNE3717-KR-M,JNE3717,kurta,M,Amazon source-local
JNE3717-KR-S,JNE3717-KR-S,JNE3717,kurta,S,Amazon source-local
JNE3717-KR-XL,JNE3717-KR-XL,JNE3717,kurta,XL,Amazon source-local
JNE3717-KR-XXL,JNE3717-KR-XXL,JNE3717,kurta,XXL,Amazon source-local
JNE3718-KR-L,JNE3718-KR-L,JNE3718,kurta,L,Amazon source-local
JNE3718-KR-M,JNE3718-KR-M,JNE3718,kurta,M,Amazon source-local
JNE3718-KR-S,JNE3718-KR-S,JNE3718,kurta,S,Amazon source-local
JNE3718-KR-XL,JNE3718-KR-XL,JNE3718,kurta,XL,Amazon source-local
JNE3718-KR-XS,JNE3718-KR-XS,JNE3718,kurta,XS,Amazon source-local
JNE3718-KR-XXL,JNE3718-KR-XXL,JNE3718,kurta,XXL,Amazon source-local
JNE3718-KR-XXXL,JNE3718-KR-XXXL,JNE3718,kurta,3XL,Amazon source-local
JNE3719-KR-L,JNE3719-KR-L,JNE3719,kurta,L,Amazon source-local
JNE3719-KR-M,JNE3719-KR-M,JNE3719,kurta,M,Amazon source-local
JNE3719-KR-S,JNE3719-KR-S,JNE3719,kurta,S,Amazon source-local
JNE3719-KR-XL,JNE3719-KR-XL,JNE3719,kurta,XL,Amazon source-local
JNE3719-KR-XS,JNE3719-KR-XS,JNE3719,kurta,XS,Amazon source-local
JNE3719-KR-XXL,JNE3719-KR-XXL,JNE3719,kurta,XXL,Amazon source-local
JNE3720-KR-L,JNE3720-KR-L,JNE3720,kurta,L,Amazon source-local
JNE3720-KR-M,JNE3720-KR-M,JNE3720,kurta,M,Amazon source-local
JNE3720-KR-S,JNE3720-KR-S,JNE3720,kurta,S,Amazon source-local
JNE3720-KR-XL,JNE3720-KR-XL,JNE3720,kurta,XL,Amazon source-local
JNE3720-KR-XS,JNE3720-KR-XS,JNE3720,kurta,XS,Amazon source-local
JNE3720-KR-XXL,JNE3720-KR-XXL,JNE3720,kurta,XXL,Amazon source-local
JNE3720-KR-XXXL,JNE3720-KR-XXXL,JNE3720,kurta,3XL,Amazon source-local
JNE3721-KR-L,JNE3721-KR-L,JNE3721,kurta,L,Amazon source-local
JNE3721-KR-M,JNE3721-KR-M,JNE3721,kurta,M,Amazon source-local
JNE3721-KR-S,JNE3721-KR-S,JNE3721,kurta,S,Amazon source-local
JNE3721-KR-XL,JNE3721-KR-XL,JNE3721,kurta,XL,Amazon source-local
JNE3721-KR-XS,JNE3721-KR-XS,JNE3721,kurta,XS,Amazon source-local
JNE3721-KR-XXL,JNE3721-KR-XXL,JNE3721,kurta,XXL,Amazon source-local
JNE3721-KR-XXXL,JNE3721-KR-XXXL,JNE3721,kurta,3XL,Amazon source-local
JNE3722-KR-L,JNE3722-KR-L,JNE3722,kurta,L,Amazon source-local
JNE3722-KR-M,JNE3722-KR-M,JNE3722,kurta,M,Amazon source-local
JNE3722-KR-S,JNE3722-KR-S,JNE3722,kurta,S,Amazon source-local
JNE3722-KR-XL,JNE3722-KR-XL,JNE3722,kurta,XL,Amazon source-local
JNE3722-KR-XS,JNE3722-KR-XS,JNE3722,kurta,XS,Amazon source-local
JNE3722-KR-XXL,JNE3722-KR-XXL,JNE3722,kurta,XXL,Amazon source-local
JNE3724-KR-L,JNE3724-KR-L,JNE3724,kurta,L,Amazon source-local
JNE3724-KR-M,JNE3724-KR-M,JNE3724,kurta,M,Amazon source-local
JNE3724-KR-S,JNE3724-KR-S,JNE3724,kurta,S,Amazon source-local
JNE3724-KR-XL,JNE3724-KR-XL,JNE3724,kurta,XL,Amazon source-local
JNE3724-KR-XS,JNE3724-KR-XS,JNE3724,kurta,XS,Amazon source-local
JNE3724-KR-XXL,JNE3724-KR-XXL,JNE3724,kurta,XXL,Amazon source-local
JNE3725-KR-L,JNE3725-KR-L,JNE3725,kurta,L,Amazon source-local
JNE3725-KR-M,JNE3725-KR-M,JNE3725,kurta,M,Amazon source-local
JNE3725-KR-S,JNE3725-KR-S,JNE3725,kurta,S,Amazon source-local
JNE3725-KR-XL,JNE3725-KR-XL,JNE3725,kurta,XL,Amazon source-local
JNE3725-KR-XXL,JNE3725-KR-XXL,JNE3725,kurta,XXL,Amazon source-local
JNE3726-KR-L,JNE3726-KR-L,JNE3726,kurta,L,Amazon source-local
JNE3726-KR-M,JNE3726-KR-M,JNE3726,kurta,M,Amazon source-local
JNE3726-KR-S,JNE3726-KR-S,JNE3726,kurta,S,Amazon source-local
JNE3726-KR-XL,JNE3726-KR-XL,JNE3726,kurta,XL,Amazon source-local
JNE3726-KR-XS,JNE3726-KR-XS,JNE3726,kurta,XS,Amazon source-local
JNE3726-KR-XXL,JNE3726-KR-XXL,JNE3726,kurta,XXL,Amazon source-local
JNE3726-KR-XXXL,JNE3726-KR-XXXL,JNE3726,kurta,3XL,Amazon source-local
JNE3727-KR-L,JNE3727-KR-L,JNE3727,kurta,L,Amazon source-local
JNE3727-KR-M,JNE3727-KR-M,JNE3727,kurta,M,Amazon source-local
JNE3727-KR-S,JNE3727-KR-S,JNE3727,kurta,S,Amazon source-local
JNE3727-KR-XL,JNE3727-KR-XL,JNE3727,kurta,XL,Amazon source-local
JNE3727-KR-XS,JNE3727-KR-XS,JNE3727,kurta,XS,Amazon source-local
JNE3727-KR-XXL,JNE3727-KR-XXL,JNE3727,kurta,XXL,Amazon source-local
JNE3727-KR-XXXL,JNE3727-KR-XXXL,JNE3727,kurta,3XL,Amazon source-local
JNE3728-KR-L,JNE3728-KR-L,JNE3728,kurta,L,Amazon source-local
JNE3728-KR-M,JNE3728-KR-M,JNE3728,kurta,M,Amazon source-local
JNE3728-KR-S,JNE3728-KR-S,JNE3728,kurta,S,Amazon source-local
JNE3728-KR-XL,JNE3728-KR-XL,JNE3728,kurta,XL,Amazon source-local
JNE3728-KR-XXL,JNE3728-KR-XXL,JNE3728,kurta,XXL,Amazon source-local
JNE3729-KR-S,JNE3729-KR-S,JNE3729,kurta,S,Amazon source-local
JNE3729-KR-XL,JNE3729-KR-XL,JNE3729,kurta,XL,Amazon source-local
JNE3729-KR-XS,JNE3729-KR-XS,JNE3729,kurta,XS,Amazon source-local
JNE3729-KR-XXL,JNE3729-KR-XXL,JNE3729,kurta,XXL,Amazon source-local
JNE3729-KR-XXXL,JNE3729-KR-XXXL,JNE3729,kurta,3XL,Amazon source-local
JNE3730-KR-L,JNE3730-KR-L,JNE3730,kurta,L,Amazon source-local
JNE3730-KR-M,JNE3730-KR-M,JNE3730,kurta,M,Amazon source-local
JNE3730-KR-S,JNE3730-KR-S,JNE3730,kurta,S,Amazon source-local
JNE3730-KR-XL,JNE3730-KR-XL,JNE3730,kurta,XL,Amazon source-local
JNE3730-KR-XS,JNE3730-KR-XS,JNE3730,kurta,XS,Amazon source-local
JNE3730-KR-XXL,JNE3730-KR-XXL,JNE3730,kurta,XXL,Amazon source-local
JNE3732-KR-L,JNE3732-KR-L,JNE3732,kurta,L,Amazon source-local
JNE3732-KR-M,JNE3732-KR-M,JNE3732,kurta,M,Amazon source-local
JNE3732-KR-S,JNE3732-KR-S,JNE3732,kurta,S,Amazon source-local
JNE3732-KR-XL,JNE3732-KR-XL,JNE3732,kurta,XL,Amazon source-local
JNE3732-KR-XS,JNE3732-KR-XS,JNE3732,kurta,XS,Amazon source-local
JNE3732-KR-XXL,JNE3732-KR-XXL,JNE3732,kurta,XXL,Amazon source-local
JNE3732-KR-XXXL,JNE3732-KR-XXXL,JNE3732,kurta,3XL,Amazon source-local
JNE3733-KR-L,JNE3733-KR-L,JNE3733,kurta,L,Amazon source-local
JNE3733-KR-M,JNE3733-KR-M,JNE3733,kurta,M,Amazon source-local
JNE3733-KR-S,JNE3733-KR-S,JNE3733,kurta,S,Amazon source-local
JNE3733-KR-XL,JNE3733-KR-XL,JNE3733,kurta,XL,Amazon source-local
JNE3733-KR-XS,JNE3733-KR-XS,JNE3733,kurta,XS,Amazon source-local
JNE3733-KR-XXL,JNE3733-KR-XXL,JNE3733,kurta,XXL,Amazon source-local
JNE3733-KR-XXXL,JNE3733-KR-XXXL,JNE3733,kurta,3XL,Amazon source-local
JNE3734-KR-L,JNE3734-KR-L,JNE3734,kurta,L,Amazon source-local
JNE3734-KR-M,JNE3734-KR-M,JNE3734,kurta,M,Amazon source-local
JNE3734-KR-S,JNE3734-KR-S,JNE3734,kurta,S,Amazon source-local
JNE3734-KR-XL,JNE3734-KR-XL,JNE3734,kurta,XL,Amazon source-local
JNE3734-KR-XS,JNE3734-KR-XS,JNE3734,kurta,XS,Amazon source-local
JNE3734-KR-XXL,JNE3734-KR-XXL,JNE3734,kurta,XXL,Amazon source-local
JNE3734-KR-XXXL,JNE3734-KR-XXXL,JNE3734,kurta,3XL,Amazon source-local
JNE3735-KR-L,JNE3735-KR-L,JNE3735,kurta,L,Amazon source-local
JNE3735-KR-M,JNE3735-KR-M,JNE3735,kurta,M,Amazon source-local
JNE3735-KR-S,JNE3735-KR-S,JNE3735,kurta,S,Amazon source-local
JNE3735-KR-XL,JNE3735-KR-XL,JNE3735,kurta,XL,Amazon source-local
JNE3735-KR-XS,JNE3735-KR-XS,JNE3735,kurta,XS,Amazon source-local
JNE3735-KR-XXL,JNE3735-KR-XXL,JNE3735,kurta,XXL,Amazon source-local
JNE3735-KR-XXXL,JNE3735-KR-XXXL,JNE3735,kurta,3XL,Amazon source-local
JNE3736-KR-L,JNE3736-KR-L,JNE3736,kurta,L,Amazon source-local
JNE3736-KR-M,JNE3736-KR-M,JNE3736,kurta,M,Amazon source-local
JNE3736-KR-XL,JNE3736-KR-XL,JNE3736,kurta,XL,Amazon source-local
JNE3736-KR-XS,JNE3736-KR-XS,JNE3736,kurta,XS,Amazon source-local
JNE3736-KR-XXL,JNE3736-KR-XXL,JNE3736,kurta,XXL,Amazon source-local
JNE3736-KR-XXXL,JNE3736-KR-XXXL,JNE3736,kurta,3XL,Amazon source-local
JNE3738-KR-L,JNE3738-KR-L,JNE3738,kurta,L,Amazon source-local
JNE3738-KR-M,JNE3738-KR-M,JNE3738,kurta,M,Amazon source-local
JNE3738-KR-S,JNE3738-KR-S,JNE3738,kurta,S,Amazon source-local
JNE3738-KR-XL,JNE3738-KR-XL,JNE3738,kurta,XL,Amazon source-local
JNE3738-KR-XS,JNE3738-KR-XS,JNE3738,kurta,XS,Amazon source-local
JNE3738-KR-XXL,JNE3738-KR-XXL,JNE3738,kurta,XXL,Amazon source-local
JNE3738-KR-XXXL,JNE3738-KR-XXXL,JNE3738,kurta,3XL,Amazon source-local
JNE3739-KR-L,JNE3739-KR-L,JNE3739,kurta,L,Amazon source-local
JNE3739-KR-M,JNE3739-KR-M,JNE3739,kurta,M,Amazon source-local
JNE3739-KR-S,JNE3739-KR-S,JNE3739,kurta,S,Amazon source-local
JNE3739-KR-XL,JNE3739-KR-XL,JNE3739,kurta,XL,Amazon source-local
JNE3739-KR-XS,JNE3739-KR-XS,JNE3739,kurta,XS,Amazon source-local
JNE3739-KR-XXL,JNE3739-KR-XXL,JNE3739,kurta,XXL,Amazon source-local
JNE3739-KR-XXXL,JNE3739-KR-XXXL,JNE3739,kurta,3XL,Amazon source-local
JNE3740-KR-L,JNE3740-KR-L,JNE3740,kurta,L,Amazon source-local
JNE3740-KR-M,JNE3740-KR-M,JNE3740,kurta,M,Amazon source-local
JNE3740-KR-S,JNE3740-KR-S,JNE3740,kurta,S,Amazon source-local
JNE3740-KR-XS,JNE3740-KR-XS,JNE3740,kurta,XS,Amazon source-local
JNE3740-KR-XXL,JNE3740-KR-XXL,JNE3740,kurta,XXL,Amazon source-local
JNE3740-KR-XXXL,JNE3740-KR-XXXL,JNE3740,kurta,3XL,Amazon source-local
JNE3741-KR-L,JNE3741-KR-L,JNE3741,kurta,L,Amazon source-local
JNE3741-KR-M,JNE3741-KR-M,JNE3741,kurta,M,Amazon source-local
JNE3741-KR-S,JNE3741-KR-S,JNE3741,kurta,S,Amazon source-local
JNE3741-KR-XL,JNE3741-KR-XL,JNE3741,kurta,XL,Amazon source-local
JNE3741-KR-XS,JNE3741-KR-XS,JNE3741,kurta,XS,Amazon source-local
JNE3741-KR-XXL,JNE3741-KR-XXL,JNE3741,kurta,XXL,Amazon source-local
JNE3741-KR-XXXL,JNE3741-KR-XXXL,JNE3741,kurta,3XL,Amazon source-local
JNE3742-KR-L,JNE3742-KR-L,JNE3742,kurta,L,Amazon source-local
JNE3742-KR-M,JNE3742-KR-M,JNE3742,kurta,M,Amazon source-local
JNE3742-KR-S,JNE3742-KR-S,JNE3742,kurta,S,Amazon source-local
JNE3742-KR-XL,JNE3742-KR-XL,JNE3742,kurta,XL,Amazon source-local
JNE3742-KR-XS,JNE3742-KR-XS,JNE3742,kurta,XS,Amazon source-local
JNE3742-KR-XXL,JNE3742-KR-XXL,JNE3742,kurta,XXL,Amazon source-local
JNE3742-KR-XXXL,JNE3742-KR-XXXL,JNE3742,kurta,3XL,Amazon source-local
JNE3743-TP-L,JNE3743-TP-L,JNE3743,Top,L,Amazon source-local
JNE3743-TP-M,JNE3743-TP-M,JNE3743,Top,M,Amazon source-local
JNE3743-TP-S,JNE3743-TP-S,JNE3743,Top,S,Amazon source-local
JNE3743-TP-XL,JNE3743-TP-XL,JNE3743,Top,XL,Amazon source-local
JNE3743-TP-XS,JNE3743-TP-XS,JNE3743,Top,XS,Amazon source-local
JNE3743-TP-XXL,JNE3743-TP-XXL,JNE3743,Top,XXL,Amazon source-local
JNE3744-TU-L,JNE3744-TU-L,JNE3744,Top,L,Amazon source-local
JNE3744-TU-M,JNE3744-TU-M,JNE3744,Top,M,Amazon source-local
JNE3744-TU-S,JNE3744-TU-S,JNE3744,Top,S,Amazon source-local
JNE3744-TU-XL,JNE3744-TU-XL,JNE3744,Top,XL,Amazon source-local
JNE3744-TU-XS,JNE3744-TU-XS,JNE3744,Top,XS,Amazon source-local
JNE3744-TU-XXL,JNE3744-TU-XXL,JNE3744,Top,XXL,Amazon source-local
JNE3744-TU-XXXL,JNE3744-TU-XXXL,JNE3744,Top,3XL,Amazon source-local
JNE3745-KR-L,JNE3745-KR-L,JNE3745,kurta,L,Amazon source-local
JNE3745-KR-M,JNE3745-KR-M,JNE3745,kurta,M,Amazon source-local
JNE3745-KR-S,JNE3745-KR-S,JNE3745,kurta,S,Amazon source-local
JNE3745-KR-XL,JNE3745-KR-XL,JNE3745,kurta,XL,Amazon source-local
JNE3745-KR-XS,JNE3745-KR-XS,JNE3745,kurta,XS,Amazon source-local
JNE3745-KR-XXL,JNE3745-KR-XXL,JNE3745,kurta,XXL,Amazon source-local
JNE3745-KR-XXXL,JNE3745-KR-XXXL,JNE3745,kurta,3XL,Amazon source-local
JNE3748-KR-L,JNE3748-KR-L,JNE3748,kurta,L,Amazon source-local
JNE3748-KR-M,JNE3748-KR-M,JNE3748,kurta,M,Amazon source-local
JNE3748-KR-S,JNE3748-KR-S,JNE3748,kurta,S,Amazon source-local
JNE3748-KR-XL,JNE3748-KR-XL,JNE3748,kurta,XL,Amazon source-local
JNE3748-KR-XS,JNE3748-KR-XS,JNE3748,kurta,XS,Amazon source-local
JNE3748-KR-XXL,JNE3748-KR-XXL,JNE3748,kurta,XXL,Amazon source-local
JNE3748-KR-XXXL,JNE3748-KR-XXXL,JNE3748,kurta,3XL,Amazon source-local
JNE3749-KR-L,JNE3749-KR-L,JNE3749,kurta,L,Amazon source-local
JNE3749-KR-M,JNE3749-KR-M,JNE3749,kurta,M,Amazon source-local
JNE3749-KR-S,JNE3749-KR-S,JNE3749,kurta,S,Amazon source-local
JNE3749-KR-XL,JNE3749-KR-XL,JNE3749,kurta,XL,Amazon source-local
JNE3749-KR-XS,JNE3749-KR-XS,JNE3749,kurta,XS,Amazon source-local
JNE3749-KR-XXL,JNE3749-KR-XXL,JNE3749,kurta,XXL,Amazon source-local
JNE3749-KR-XXXL,JNE3749-KR-XXXL,JNE3749,kurta,3XL,Amazon source-local
JNE3750-KR-L,JNE3750-KR-L,JNE3750,kurta,L,Amazon source-local
JNE3750-KR-S,JNE3750-KR-S,JNE3750,kurta,S,Amazon source-local
JNE3750-KR-XL,JNE3750-KR-XL,JNE3750,kurta,XL,Amazon source-local
JNE3750-KR-XS,JNE3750-KR-XS,JNE3750,kurta,XS,Amazon source-local
JNE3750-KR-XXXL,JNE3750-KR-XXXL,JNE3750,kurta,3XL,Amazon source-local
JNE3751-KR-L,JNE3751-KR-L,JNE3751,kurta,L,Amazon source-local
JNE3751-KR-M,JNE3751-KR-M,JNE3751,kurta,M,Amazon source-local
JNE3751-KR-S,JNE3751-KR-S,JNE3751,kurta,S,Amazon source-local
JNE3751-KR-XL,JNE3751-KR-XL,JNE3751,kurta,XL,Amazon source-local
JNE3751-KR-XS,JNE3751-KR-XS,JNE3751,kurta,XS,Amazon source-local
JNE3751-KR-XXL,JNE3751-KR-XXL,JNE3751,kurta,XXL,Amazon source-local
JNE3751-KR-XXXL,JNE3751-KR-XXXL,JNE3751,kurta,3XL,Amazon source-local
JNE3752-KR-L,JNE3752-KR-L,JNE3752,kurta,L,Amazon source-local
JNE3752-KR-M,JNE3752-KR-M,JNE3752,kurta,M,Amazon source-local
JNE3752-KR-S,JNE3752-KR-S,JNE3752,kurta,S,Amazon source-local
JNE3752-KR-XL,JNE3752-KR-XL,JNE3752,kurta,XL,Amazon source-local
JNE3752-KR-XS,JNE3752-KR-XS,JNE3752,kurta,XS,Amazon source-local
JNE3752-KR-XXL,JNE3752-KR-XXL,JNE3752,kurta,XXL,Amazon source-local
JNE3752-KR-XXXL,JNE3752-KR-XXXL,JNE3752,kurta,3XL,Amazon source-local
JNE3753-KR-L,JNE3753-KR-L,JNE3753,kurta,L,Amazon source-local
JNE3753-KR-M,JNE3753-KR-M,JNE3753,kurta,M,Amazon source-local
JNE3753-KR-S,JNE3753-KR-S,JNE3753,kurta,S,Amazon source-local
JNE3753-KR-XL,JNE3753-KR-XL,JNE3753,kurta,XL,Amazon source-local
JNE3753-KR-XS,JNE3753-KR-XS,JNE3753,kurta,XS,Amazon source-local
JNE3753-KR-XXL,JNE3753-KR-XXL,JNE3753,kurta,XXL,Amazon source-local
JNE3753-KR-XXXL,JNE3753-KR-XXXL,JNE3753,kurta,3XL,Amazon source-local
JNE3756-KR-L,JNE3756-KR-L,JNE3756,kurta,L,Amazon source-local
JNE3756-KR-M,JNE3756-KR-M,JNE3756,kurta,M,Amazon source-local
JNE3756-KR-S,JNE3756-KR-S,JNE3756,kurta,S,Amazon source-local
JNE3756-KR-XL,JNE3756-KR-XL,JNE3756,kurta,XL,Amazon source-local
JNE3756-KR-XS,JNE3756-KR-XS,JNE3756,kurta,XS,Amazon source-local
JNE3756-KR-XXL,JNE3756-KR-XXL,JNE3756,kurta,XXL,Amazon source-local
JNE3756-KR-XXXL,JNE3756-KR-XXXL,JNE3756,kurta,3XL,Amazon source-local
JNE3757-KR-L,JNE3757-KR-L,JNE3757,kurta,L,Amazon source-local
JNE3757-KR-M,JNE3757-KR-M,JNE3757,kurta,M,Amazon source-local
JNE3757-KR-S,JNE3757-KR-S,JNE3757,kurta,S,Amazon source-local
JNE3757-KR-XL,JNE3757-KR-XL,JNE3757,kurta,XL,Amazon source-local
JNE3757-KR-XS,JNE3757-KR-XS,JNE3757,kurta,XS,Amazon source-local
JNE3757-KR-XXL,JNE3757-KR-XXL,JNE3757,kurta,XXL,Amazon source-local
JNE3757-KR-XXXL,JNE3757-KR-XXXL,JNE3757,kurta,3XL,Amazon source-local
JNE3758-KR-L,JNE3758-KR-L,JNE3758,kurta,L,Amazon source-local
JNE3758-KR-M,JNE3758-KR-M,JNE3758,kurta,M,Amazon source-local
JNE3758-KR-S,JNE3758-KR-S,JNE3758,kurta,S,Amazon source-local
JNE3758-KR-XL,JNE3758-KR-XL,JNE3758,kurta,XL,Amazon source-local
JNE3758-KR-XS,JNE3758-KR-XS,JNE3758,kurta,XS,Amazon source-local
JNE3758-KR-XXL,JNE3758-KR-XXL,JNE3758,kurta,XXL,Amazon source-local
JNE3758-KR-XXXL,JNE3758-KR-XXXL,JNE3758,kurta,3XL,Amazon source-local
JNE3759-KR-L,JNE3759-KR-L,JNE3759,kurta,L,Amazon source-local
JNE3759-KR-M,JNE3759-KR-M,JNE3759,kurta,M,Amazon source-local
JNE3759-KR-S,JNE3759-KR-S,JNE3759,kurta,S,Amazon source-local
JNE3759-KR-XL,JNE3759-KR-XL,JNE3759,kurta,XL,Amazon source-local
JNE3759-KR-XXL,JNE3759-KR-XXL,JNE3759,kurta,XXL,Amazon source-local
JNE3760-KR-L,JNE3760-KR-L,JNE3760,kurta,L,Amazon source-local
JNE3760-KR-M,JNE3760-KR-M,JNE3760,kurta,M,Amazon source-local
JNE3760-KR-S,JNE3760-KR-S,JNE3760,kurta,S,Amazon source-local
JNE3760-KR-XL,JNE3760-KR-XL,JNE3760,kurta,XL,Amazon source-local
JNE3760-KR-XS,JNE3760-KR-XS,JNE3760,kurta,XS,Amazon source-local
JNE3760-KR-XXL,JNE3760-KR-XXL,JNE3760,kurta,XXL,Amazon source-local
JNE3760-KR-XXXL,JNE3760-KR-XXXL,JNE3760,kurta,3XL,Amazon source-local
JNE3761-KR-L,JNE3761-KR-L,JNE3761,kurta,L,Amazon source-local
JNE3761-KR-M,JNE3761-KR-M,JNE3761,kurta,M,Amazon source-local
JNE3761-KR-S,JNE3761-KR-S,JNE3761,kurta,S,Amazon source-local
JNE3761-KR-XL,JNE3761-KR-XL,JNE3761,kurta,XL,Amazon source-local
JNE3761-KR-XS,JNE3761-KR-XS,JNE3761,kurta,XS,Amazon source-local
JNE3761-KR-XXL,JNE3761-KR-XXL,JNE3761,kurta,XXL,Amazon source-local
JNE3761-KR-XXXL,JNE3761-KR-XXXL,JNE3761,kurta,3XL,Amazon source-local
JNE3762-KR-L,JNE3762-KR-L,JNE3762,kurta,L,Amazon source-local
JNE3762-KR-M,JNE3762-KR-M,JNE3762,kurta,M,Amazon source-local
JNE3762-KR-S,JNE3762-KR-S,JNE3762,kurta,S,Amazon source-local
JNE3762-KR-XL,JNE3762-KR-XL,JNE3762,kurta,XL,Amazon source-local
JNE3762-KR-XS,JNE3762-KR-XS,JNE3762,kurta,XS,Amazon source-local
JNE3762-KR-XXL,JNE3762-KR-XXL,JNE3762,kurta,XXL,Amazon source-local
JNE3762-KR-XXXL,JNE3762-KR-XXXL,JNE3762,kurta,3XL,Amazon source-local
JNE3763-KR-L,JNE3763-KR-L,JNE3763,kurta,L,Amazon source-local
JNE3763-KR-M,JNE3763-KR-M,JNE3763,kurta,M,Amazon source-local
JNE3763-KR-S,JNE3763-KR-S,JNE3763,kurta,S,Amazon source-local
JNE3763-KR-XL,JNE3763-KR-XL,JNE3763,kurta,XL,Amazon source-local
JNE3763-KR-XS,JNE3763-KR-XS,JNE3763,kurta,XS,Amazon source-local
JNE3763-KR-XXL,JNE3763-KR-XXL,JNE3763,kurta,XXL,Amazon source-local
JNE3763-KR-XXXL,JNE3763-KR-XXXL,JNE3763,kurta,3XL,Amazon source-local
JNE3764-KR-L,JNE3764-KR-L,JNE3764,kurta,L,Amazon source-local
JNE3764-KR-M,JNE3764-KR-M,JNE3764,kurta,M,Amazon source-local
JNE3764-KR-S,JNE3764-KR-S,JNE3764,kurta,S,Amazon source-local
JNE3764-KR-XL,JNE3764-KR-XL,JNE3764,kurta,XL,Amazon source-local
JNE3764-KR-XS,JNE3764-KR-XS,JNE3764,kurta,XS,Amazon source-local
JNE3764-KR-XXL,JNE3764-KR-XXL,JNE3764,kurta,XXL,Amazon source-local
JNE3764-KR-XXXL,JNE3764-KR-XXXL,JNE3764,kurta,3XL,Amazon source-local
JNE3765-KR-L,JNE3765-KR-L,JNE3765,kurta,L,Amazon source-local
JNE3765-KR-M,JNE3765-KR-M,JNE3765,kurta,M,Amazon source-local
JNE3765-KR-S,JNE3765-KR-S,JNE3765,kurta,S,Amazon source-local
JNE3765-KR-XL,JNE3765-KR-XL,JNE3765,kurta,XL,Amazon source-local
JNE3765-KR-XS,JNE3765-KR-XS,JNE3765,kurta,XS,Amazon source-local
JNE3765-KR-XXL,JNE3765-KR-XXL,JNE3765,kurta,XXL,Amazon source-local
JNE3765-KR-XXXL,JNE3765-KR-XXXL,JNE3765,kurta,3XL,Amazon source-local
JNE3766-KR-L,JNE3766-KR-L,JNE3766,kurta,L,Amazon source-local
JNE3766-KR-M,JNE3766-KR-M,JNE3766,kurta,M,Amazon source-local
JNE3766-KR-S,JNE3766-KR-S,JNE3766,kurta,S,Amazon source-local
JNE3766-KR-XL,JNE3766-KR-XL,JNE3766,kurta,XL,Amazon source-local
JNE3766-KR-XS,JNE3766-KR-XS,JNE3766,kurta,XS,Amazon source-local
JNE3766-KR-XXL,JNE3766-KR-XXL,JNE3766,kurta,XXL,Amazon source-local
JNE3766-KR-XXXL,JNE3766-KR-XXXL,JNE3766,kurta,3XL,Amazon source-local
JNE3767-KR-L,JNE3767-KR-L,JNE3767,kurta,L,Amazon source-local
JNE3767-KR-M,JNE3767-KR-M,JNE3767,kurta,M,Amazon source-local
JNE3767-KR-XL,JNE3767-KR-XL,JNE3767,kurta,XL,Amazon source-local
JNE3767-KR-XS,JNE3767-KR-XS,JNE3767,kurta,XS,Amazon source-local
JNE3767-KR-XXL,JNE3767-KR-XXL,JNE3767,kurta,XXL,Amazon source-local
JNE3767-KR-XXXL,JNE3767-KR-XXXL,JNE3767,kurta,3XL,Amazon source-local
JNE3768-KR-L,JNE3768-KR-L,JNE3768,kurta,L,Amazon source-local
JNE3768-KR-M,JNE3768-KR-M,JNE3768,kurta,M,Amazon source-local
JNE3768-KR-S,JNE3768-KR-S,JNE3768,kurta,S,Amazon source-local
JNE3768-KR-XL,JNE3768-KR-XL,JNE3768,kurta,XL,Amazon source-local
JNE3768-KR-XS,JNE3768-KR-XS,JNE3768,kurta,XS,Amazon source-local
JNE3768-KR-XXL,JNE3768-KR-XXL,JNE3768,kurta,XXL,Amazon source-local
JNE3768-KR-XXXL,JNE3768-KR-XXXL,JNE3768,kurta,3XL,Amazon source-local
JNE3769-KR-L,JNE3769-KR-L,JNE3769,kurta,L,Amazon source-local
JNE3769-KR-M,JNE3769-KR-M,JNE3769,kurta,M,Amazon source-local
JNE3769-KR-S,JNE3769-KR-S,JNE3769,kurta,S,Amazon source-local
JNE3769-KR-XL,JNE3769-KR-XL,JNE3769,kurta,XL,Amazon source-local
JNE3769-KR-XS,JNE3769-KR-XS,JNE3769,kurta,XS,Amazon source-local
JNE3769-KR-XXL,JNE3769-KR-XXL,JNE3769,kurta,XXL,Amazon source-local
JNE3769-KR-XXXL,JNE3769-KR-XXXL,JNE3769,kurta,3XL,Amazon source-local
JNE3770-KR-L,JNE3770-KR-L,JNE3770,kurta,L,Amazon source-local
JNE3770-KR-M,JNE3770-KR-M,JNE3770,kurta,M,Amazon source-local
JNE3770-KR-S,JNE3770-KR-S,JNE3770,kurta,S,Amazon source-local
JNE3770-KR-XL,JNE3770-KR-XL,JNE3770,kurta,XL,Amazon source-local
JNE3770-KR-XS,JNE3770-KR-XS,JNE3770,kurta,XS,Amazon source-local
JNE3770-KR-XXL,JNE3770-KR-XXL,JNE3770,kurta,XXL,Amazon source-local
JNE3770-KR-XXXL,JNE3770-KR-XXXL,JNE3770,kurta,3XL,Amazon source-local
JNE3771-KR-L,JNE3771-KR-L,JNE3771,kurta,L,Amazon source-local
JNE3771-KR-M,JNE3771-KR-M,JNE3771,kurta,M,Amazon source-local
JNE3771-KR-S,JNE3771-KR-S,JNE3771,kurta,S,Amazon source-local
JNE3771-KR-XL,JNE3771-KR-XL,JNE3771,kurta,XL,Amazon source-local
JNE3771-KR-XS,JNE3771-KR-XS,JNE3771,kurta,XS,Amazon source-local
JNE3771-KR-XXL,JNE3771-KR-XXL,JNE3771,kurta,XXL,Amazon source-local
JNE3771-KR-XXXL,JNE3771-KR-XXXL,JNE3771,kurta,3XL,Amazon source-local
JNE3773-KR-L,JNE3773-KR-L,JNE3773,kurta,L,Amazon source-local
JNE3773-KR-M,JNE3773-KR-M,JNE3773,kurta,M,Amazon source-local
JNE3773-KR-S,JNE3773-KR-S,JNE3773,kurta,S,Amazon source-local
JNE3773-KR-XL,JNE3773-KR-XL,JNE3773,kurta,XL,Amazon source-local
JNE3773-KR-XS,JNE3773-KR-XS,JNE3773,kurta,XS,Amazon source-local
JNE3773-KR-XXL,JNE3773-KR-XXL,JNE3773,kurta,XXL,Amazon source-local
JNE3773-KR-XXXL,JNE3773-KR-XXXL,JNE3773,kurta,3XL,Amazon source-local
JNE3774-KR-M,JNE3774-KR-M,JNE3774,kurta,M,Amazon source-local
JNE3774-KR-S,JNE3774-KR-S,JNE3774,kurta,S,Amazon source-local
JNE3774-KR-XL,JNE3774-KR-XL,JNE3774,kurta,XL,Amazon source-local
JNE3774-KR-XS,JNE3774-KR-XS,JNE3774,kurta,XS,Amazon source-local
JNE3774-KR-XXL,JNE3774-KR-XXL,JNE3774,kurta,XXL,Amazon source-local
JNE3774-KR-XXXL,JNE3774-KR-XXXL,JNE3774,kurta,3XL,Amazon source-local
JNE3775-KR-L,JNE3775-KR-L,JNE3775,kurta,L,Amazon source-local
JNE3775-KR-M,JNE3775-KR-M,JNE3775,kurta,M,Amazon source-local
JNE3775-KR-S,JNE3775-KR-S,JNE3775,kurta,S,Amazon source-local
JNE3775-KR-XL,JNE3775-KR-XL,JNE3775,kurta,XL,Amazon source-local
JNE3775-KR-XS,JNE3775-KR-XS,JNE3775,kurta,XS,Amazon source-local
JNE3775-KR-XXL,JNE3775-KR-XXL,JNE3775,kurta,XXL,Amazon source-local
JNE3775-KR-XXXL,JNE3775-KR-XXXL,JNE3775,kurta,3XL,Amazon source-local
JNE3776-KR-L,JNE3776-KR-L,JNE3776,kurta,L,Amazon source-local
JNE3776-KR-M,JNE3776-KR-M,JNE3776,kurta,M,Amazon source-local
JNE3776-KR-S,JNE3776-KR-S,JNE3776,kurta,S,Amazon source-local
JNE3776-KR-XL,JNE3776-KR-XL,JNE3776,kurta,XL,Amazon source-local
JNE3776-KR-XS,JNE3776-KR-XS,JNE3776,kurta,XS,Amazon source-local
JNE3776-KR-XXL,JNE3776-KR-XXL,JNE3776,kurta,XXL,Amazon source-local
JNE3776-KR-XXXL,JNE3776-KR-XXXL,JNE3776,kurta,3XL,Amazon source-local
JNE3777-KR-L,JNE3777-KR-L,JNE3777,kurta,L,Amazon source-local
JNE3777-KR-M,JNE3777-KR-M,JNE3777,kurta,M,Amazon source-local
JNE3777-KR-S,JNE3777-KR-S,JNE3777,kurta,S,Amazon source-local
JNE3777-KR-XL,JNE3777-KR-XL,JNE3777,kurta,XL,Amazon source-local
JNE3777-KR-XS,JNE3777-KR-XS,JNE3777,kurta,XS,Amazon source-local
JNE3777-KR-XXL,JNE3777-KR-XXL,JNE3777,kurta,XXL,Amazon source-local
JNE3777-KR-XXXL,JNE3777-KR-XXXL,JNE3777,kurta,3XL,Amazon source-local
JNE3778-KR-L,JNE3778-KR-L,JNE3778,kurta,L,Amazon source-local
JNE3778-KR-M,JNE3778-KR-M,JNE3778,kurta,M,Amazon source-local
JNE3778-KR-S,JNE3778-KR-S,JNE3778,kurta,S,Amazon source-local
JNE3778-KR-XL,JNE3778-KR-XL,JNE3778,kurta,XL,Amazon source-local
JNE3778-KR-XS,JNE3778-KR-XS,JNE3778,kurta,XS,Amazon source-local
JNE3778-KR-XXL,JNE3778-KR-XXL,JNE3778,kurta,XXL,Amazon source-local
JNE3778-KR-XXXL,JNE3778-KR-XXXL,JNE3778,kurta,3XL,Amazon source-local
JNE3779-KR-L,JNE3779-KR-L,JNE3779,kurta,L,Amazon source-local
JNE3779-KR-M,JNE3779-KR-M,JNE3779,kurta,M,Amazon source-local
JNE3779-KR-S,JNE3779-KR-S,JNE3779,kurta,S,Amazon source-local
JNE3779-KR-XL,JNE3779-KR-XL,JNE3779,kurta,XL,Amazon source-local
JNE3779-KR-XXL,JNE3779-KR-XXL,JNE3779,kurta,XXL,Amazon source-local
JNE3779-KR-XXXL,JNE3779-KR-XXXL,JNE3779,kurta,3XL,Amazon source-local
JNE3780-KR-L,JNE3780-KR-L,JNE3780,kurta,L,Amazon source-local
JNE3780-KR-M,JNE3780-KR-M,JNE3780,kurta,M,Amazon source-local
JNE3780-KR-S,JNE3780-KR-S,JNE3780,kurta,S,Amazon source-local
JNE3780-KR-XL,JNE3780-KR-XL,JNE3780,kurta,XL,Amazon source-local
JNE3780-KR-XS,JNE3780-KR-XS,JNE3780,kurta,XS,Amazon source-local
JNE3780-KR-XXL,JNE3780-KR-XXL,JNE3780,kurta,XXL,Amazon source-local
JNE3780-KR-XXXL,JNE3780-KR-XXXL,JNE3780,kurta,3XL,Amazon source-local
JNE3781-KR-L,JNE3781-KR-L,JNE3781,kurta,L,Amazon source-local
JNE3781-KR-M,JNE3781-KR-M,JNE3781,kurta,M,Amazon source-local
JNE3781-KR-S,JNE3781-KR-S,JNE3781,kurta,S,Amazon source-local
JNE3781-KR-XL,JNE3781-KR-XL,JNE3781,kurta,XL,Amazon source-local
JNE3781-KR-XS,JNE3781-KR-XS,JNE3781,kurta,XS,Amazon source-local
JNE3781-KR-XXL,JNE3781-KR-XXL,JNE3781,kurta,XXL,Amazon source-local
JNE3781-KR-XXXL,JNE3781-KR-XXXL,JNE3781,kurta,3XL,Amazon source-local
JNE3782-KR-L,JNE3782-KR-L,JNE3782,kurta,L,Amazon source-local
JNE3782-KR-M,JNE3782-KR-M,JNE3782,kurta,M,Amazon source-local
JNE3782-KR-S,JNE3782-KR-S,JNE3782,kurta,S,Amazon source-local
JNE3782-KR-XL,JNE3782-KR-XL,JNE3782,kurta,XL,Amazon source-local
JNE3782-KR-XS,JNE3782-KR-XS,JNE3782,kurta,XS,Amazon source-local
JNE3782-KR-XXL,JNE3782-KR-XXL,JNE3782,kurta,XXL,Amazon source-local
JNE3782-KR-XXXL,JNE3782-KR-XXXL,JNE3782,kurta,3XL,Amazon source-local
JNE3783-KR-L,JNE3783-KR-L,JNE3783,kurta,L,Amazon source-local
JNE3783-KR-M,JNE3783-KR-M,JNE3783,kurta,M,Amazon source-local
JNE3783-KR-S,JNE3783-KR-S,JNE3783,kurta,S,Amazon source-local
JNE3783-KR-XL,JNE3783-KR-XL,JNE3783,kurta,XL,Amazon source-local
JNE3783-KR-XS,JNE3783-KR-XS,JNE3783,kurta,XS,Amazon source-local
JNE3783-KR-XXL,JNE3783-KR-XXL,JNE3783,kurta,XXL,Amazon source-local
JNE3783-KR-XXXL,JNE3783-KR-XXXL,JNE3783,kurta,3XL,Amazon source-local
JNE3784-KR-L,JNE3784-KR-L,JNE3784,kurta,L,Amazon source-local
JNE3784-KR-M,JNE3784-KR-M,JNE3784,kurta,M,Amazon source-local
JNE3784-KR-S,JNE3784-KR-S,JNE3784,kurta,S,Amazon source-local
JNE3784-KR-XL,JNE3784-KR-XL,JNE3784,kurta,XL,Amazon source-local
JNE3784-KR-XS,JNE3784-KR-XS,JNE3784,kurta,XS,Amazon source-local
JNE3784-KR-XXL,JNE3784-KR-XXL,JNE3784,kurta,XXL,Amazon source-local
JNE3784-KR-XXXL,JNE3784-KR-XXXL,JNE3784,kurta,3XL,Amazon source-local
JNE3785-KR-L,JNE3785-KR-L,JNE3785,kurta,L,Amazon source-local
JNE3785-KR-M,JNE3785-KR-M,JNE3785,kurta,M,Amazon source-local
JNE3785-KR-S,JNE3785-KR-S,JNE3785,kurta,S,Amazon source-local
JNE3785-KR-XL,JNE3785-KR-XL,JNE3785,kurta,XL,Amazon source-local
JNE3785-KR-XS,JNE3785-KR-XS,JNE3785,kurta,XS,Amazon source-local
JNE3785-KR-XXL,JNE3785-KR-XXL,JNE3785,kurta,XXL,Amazon source-local
JNE3785-KR-XXXL,JNE3785-KR-XXXL,JNE3785,kurta,3XL,Amazon source-local
JNE3786-KR-L,JNE3786-KR-L,JNE3786,kurta,L,Amazon source-local
JNE3786-KR-M,JNE3786-KR-M,JNE3786,kurta,M,Amazon source-local
JNE3786-KR-S,JNE3786-KR-S,JNE3786,kurta,S,Amazon source-local
JNE3786-KR-XL,JNE3786-KR-XL,JNE3786,kurta,XL,Amazon source-local
JNE3786-KR-XS,JNE3786-KR-XS,JNE3786,kurta,XS,Amazon source-local
JNE3786-KR-XXL,JNE3786-KR-XXL,JNE3786,kurta,XXL,Amazon source-local
JNE3786-KR-XXXL,JNE3786-KR-XXXL,JNE3786,kurta,3XL,Amazon source-local
JNE3787-KR-L,JNE3787-KR-L,JNE3787,kurta,L,Amazon source-local
JNE3787-KR-M,JNE3787-KR-M,JNE3787,kurta,M,Amazon source-local
JNE3787-KR-S,JNE3787-KR-S,JNE3787,kurta,S,Amazon source-local
JNE3787-KR-XL,JNE3787-KR-XL,JNE3787,kurta,XL,Amazon source-local
JNE3787-KR-XS,JNE3787-KR-XS,JNE3787,kurta,XS,Amazon source-local
JNE3787-KR-XXL,JNE3787-KR-XXL,JNE3787,kurta,XXL,Amazon source-local
JNE3787-KR-XXXL,JNE3787-KR-XXXL,JNE3787,kurta,3XL,Amazon source-local
JNE3788-KR-L,JNE3788-KR-L,JNE3788,kurta,L,Amazon source-local
JNE3788-KR-M,JNE3788-KR-M,JNE3788,kurta,M,Amazon source-local
JNE3788-KR-S,JNE3788-KR-S,JNE3788,kurta,S,Amazon source-local
JNE3788-KR-XL,JNE3788-KR-XL,JNE3788,kurta,XL,Amazon source-local
JNE3788-KR-XS,JNE3788-KR-XS,JNE3788,kurta,XS,Amazon source-local
JNE3788-KR-XXL,JNE3788-KR-XXL,JNE3788,kurta,XXL,Amazon source-local
JNE3788-KR-XXXL,JNE3788-KR-XXXL,JNE3788,kurta,3XL,Amazon source-local
JNE3789-KR-L,JNE3789-KR-L,JNE3789,kurta,L,Amazon source-local
JNE3789-KR-M,JNE3789-KR-M,JNE3789,kurta,M,Amazon source-local
JNE3789-KR-S,JNE3789-KR-S,JNE3789,kurta,S,Amazon source-local
JNE3789-KR-XL,JNE3789-KR-XL,JNE3789,kurta,XL,Amazon source-local
JNE3789-KR-XS,JNE3789-KR-XS,JNE3789,kurta,XS,Amazon source-local
JNE3789-KR-XXL,JNE3789-KR-XXL,JNE3789,kurta,XXL,Amazon source-local
JNE3789-KR-XXXL,JNE3789-KR-XXXL,JNE3789,kurta,3XL,Amazon source-local
JNE3790-KR-L,JNE3790-KR-L,JNE3790,kurta,L,Amazon source-local
JNE3790-KR-M,JNE3790-KR-M,JNE3790,kurta,M,Amazon source-local
JNE3790-KR-S,JNE3790-KR-S,JNE3790,kurta,S,Amazon source-local
JNE3790-KR-XL,JNE3790-KR-XL,JNE3790,kurta,XL,Amazon source-local
JNE3790-KR-XS,JNE3790-KR-XS,JNE3790,kurta,XS,Amazon source-local
JNE3790-KR-XXL,JNE3790-KR-XXL,JNE3790,kurta,XXL,Amazon source-local
JNE3790-KR-XXXL,JNE3790-KR-XXXL,JNE3790,kurta,3XL,Amazon source-local
JNE3791-DR-L,JNE3791-DR-L,JNE3791,Ethnic Dress,L,Amazon source-local
JNE3791-DR-M,JNE3791-DR-M,JNE3791,Ethnic Dress,M,Amazon source-local
JNE3791-DR-S,JNE3791-DR-S,JNE3791,Ethnic Dress,S,Amazon source-local
JNE3791-DR-XL,JNE3791-DR-XL,JNE3791,Ethnic Dress,XL,Amazon source-local
JNE3791-DR-XS,JNE3791-DR-XS,JNE3791,Ethnic Dress,XS,Amazon source-local
JNE3791-DR-XXL,JNE3791-DR-XXL,JNE3791,Ethnic Dress,XXL,Amazon source-local
JNE3791-DR-XXXL,JNE3791-DR-XXXL,JNE3791,Ethnic Dress,3XL,Amazon source-local
JNE3792-KR-L,JNE3792-KR-L,JNE3792,kurta,L,Amazon source-local
JNE3792-KR-M,JNE3792-KR-M,JNE3792,kurta,M,Amazon source-local
JNE3792-KR-S,JNE3792-KR-S,JNE3792,kurta,S,Amazon source-local
JNE3792-KR-XL,JNE3792-KR-XL,JNE3792,kurta,XL,Amazon source-local
JNE3792-KR-XS,JNE3792-KR-XS,JNE3792,kurta,XS,Amazon source-local
JNE3792-KR-XXL,JNE3792-KR-XXL,JNE3792,kurta,XXL,Amazon source-local
JNE3792-KR-XXXL,JNE3792-KR-XXXL,JNE3792,kurta,3XL,Amazon source-local
JNE3793-KR-L,JNE3793-KR-L,JNE3793,kurta,L,Amazon source-local
JNE3793-KR-M,JNE3793-KR-M,JNE3793,kurta,M,Amazon source-local
JNE3793-KR-S,JNE3793-KR-S,JNE3793,kurta,S,Amazon source-local
JNE3793-KR-XL,JNE3793-KR-XL,JNE3793,kurta,XL,Amazon source-local
JNE3793-KR-XS,JNE3793-KR-XS,JNE3793,kurta,XS,Amazon source-local
JNE3793-KR-XXL,JNE3793-KR-XXL,JNE3793,kurta,XXL,Amazon source-local
JNE3793-KR-XXXL,JNE3793-KR-XXXL,JNE3793,kurta,3XL,Amazon source-local
JNE3794-KR-L,JNE3794-KR-L,JNE3794,kurta,L,Amazon source-local
JNE3794-KR-M,JNE3794-KR-M,JNE3794,kurta,M,Amazon source-local
JNE3794-KR-S,JNE3794-KR-S,JNE3794,kurta,S,Amazon source-local
JNE3794-KR-XL,JNE3794-KR-XL,JNE3794,kurta,XL,Amazon source-local
JNE3794-KR-XS,JNE3794-KR-XS,JNE3794,kurta,XS,Amazon source-local
JNE3794-KR-XXL,JNE3794-KR-XXL,JNE3794,kurta,XXL,Amazon source-local
JNE3794-KR-XXXL,JNE3794-KR-XXXL,JNE3794,kurta,3XL,Amazon source-local
JNE3795-KR-L,JNE3795-KR-L,JNE3795,kurta,L,Amazon source-local
JNE3795-KR-M,JNE3795-KR-M,JNE3795,kurta,M,Amazon source-local
JNE3795-KR-S,JNE3795-KR-S,JNE3795,kurta,S,Amazon source-local
JNE3795-KR-XL,JNE3795-KR-XL,JNE3795,kurta,XL,Amazon source-local
JNE3795-KR-XS,JNE3795-KR-XS,JNE3795,kurta,XS,Amazon source-local
JNE3795-KR-XXL,JNE3795-KR-XXL,JNE3795,kurta,XXL,Amazon source-local
JNE3795-KR-XXXL,JNE3795-KR-XXXL,JNE3795,kurta,3XL,Amazon source-local
JNE3796-KR-L,JNE3796-KR-L,JNE3796,kurta,L,Amazon source-local
JNE3796-KR-M,JNE3796-KR-M,JNE3796,kurta,M,Amazon source-local
JNE3796-KR-S,JNE3796-KR-S,JNE3796,kurta,S,Amazon source-local
JNE3796-KR-XL,JNE3796-KR-XL,JNE3796,kurta,XL,Amazon source-local
JNE3796-KR-XXL,JNE3796-KR-XXL,JNE3796,kurta,XXL,Amazon source-local
JNE3796-KR-XXXL,JNE3796-KR-XXXL,JNE3796,kurta,3XL,Amazon source-local
JNE3797-KR-A-L,JNE3797-KR-A-L,JNE3797,Western Dress,L,Amazon source-local
JNE3797-KR-A-M,JNE3797-KR-A-M,JNE3797,Western Dress,M,Amazon source-local
JNE3797-KR-A-S,JNE3797-KR-A-S,JNE3797,Western Dress,S,Amazon source-local
JNE3797-KR-A-XL,JNE3797-KR-A-XL,JNE3797,Western Dress,XL,Amazon source-local
JNE3797-KR-A-XS,JNE3797-KR-A-XS,JNE3797,Western Dress,XS,Amazon source-local
JNE3797-KR-A-XXL,JNE3797-KR-A-XXL,JNE3797,Western Dress,XXL,Amazon source-local
JNE3797-KR-A-XXXL,JNE3797-KR-A-XXXL,JNE3797,Western Dress,3XL,Amazon source-local
JNE3797-KR-L,JNE3797-KR-L,JNE3797,Western Dress,L,Amazon source-local
JNE3797-KR-M,JNE3797-KR-M,JNE3797,Western Dress,M,Amazon source-local
JNE3797-KR-S,JNE3797-KR-S,JNE3797,Western Dress,S,Amazon source-local
JNE3797-KR-XL,JNE3797-KR-XL,JNE3797,Western Dress,XL,Amazon source-local
JNE3797-KR-XS,JNE3797-KR-XS,JNE3797,Western Dress,XS,Amazon source-local
JNE3797-KR-XXL,JNE3797-KR-XXL,JNE3797,Western Dress,XXL,Amazon source-local
JNE3797-KR-XXXL,JNE3797-KR-XXXL,JNE3797,Western Dress,3XL,Amazon source-local
JNE3798-KR-A-L,JNE3798-KR-A-L,JNE3798,Western Dress,L,Amazon source-local
JNE3798-KR-A-M,JNE3798-KR-A-M,JNE3798,Western Dress,M,Amazon source-local
JNE3798-KR-A-S,JNE3798-KR-A-S,JNE3798,Western Dress,S,Amazon source-local
JNE3798-KR-A-XL,JNE3798-KR-A-XL,JNE3798,Western Dress,XL,Amazon source-local
JNE3798-KR-A-XS,JNE3798-KR-A-XS,JNE3798,Western Dress,XS,Amazon source-local
JNE3798-KR-A-XXL,JNE3798-KR-A-XXL,JNE3798,Western Dress,XXL,Amazon source-local
JNE3798-KR-A-XXXL,JNE3798-KR-A-XXXL,JNE3798,Western Dress,3XL,Amazon source-local
JNE3798-KR-L,JNE3798-KR-L,JNE3798,Western Dress,L,Amazon source-local
JNE3798-KR-M,JNE3798-KR-M,JNE3798,Western Dress,M,Amazon source-local
JNE3798-KR-S,JNE3798-KR-S,JNE3798,Western Dress,S,Amazon source-local
JNE3798-KR-XL,JNE3798-KR-XL,JNE3798,Western Dress,XL,Amazon source-local
JNE3798-KR-XS,JNE3798-KR-XS,JNE3798,Western Dress,XS,Amazon source-local
JNE3798-KR-XXL,JNE3798-KR-XXL,JNE3798,Western Dress,XXL,Amazon source-local
JNE3798-KR-XXXL,JNE3798-KR-XXXL,JNE3798,Western Dress,3XL,Amazon source-local
JNE3799-KR-L,JNE3799-KR-L,JNE3799,kurta,L,Amazon source-local
JNE3799-KR-M,JNE3799-KR-M,JNE3799,kurta,M,Amazon source-local
JNE3799-KR-S,JNE3799-KR-S,JNE3799,kurta,S,Amazon source-local
JNE3799-KR-XL,JNE3799-KR-XL,JNE3799,kurta,XL,Amazon source-local
JNE3799-KR-XS,JNE3799-KR-XS,JNE3799,kurta,XS,Amazon source-local
JNE3799-KR-XXL,JNE3799-KR-XXL,JNE3799,kurta,XXL,Amazon source-local
JNE3799-KR-XXXL,JNE3799-KR-XXXL,JNE3799,kurta,3XL,Amazon source-local
JNE3800-KR-A-L,JNE3800-KR-A-L,JNE3800,Western Dress,L,Amazon source-local
JNE3800-KR-A-M,JNE3800-KR-A-M,JNE3800,Western Dress,M,Amazon source-local
JNE3800-KR-A-S,JNE3800-KR-A-S,JNE3800,Western Dress,S,Amazon source-local
JNE3800-KR-A-XL,JNE3800-KR-A-XL,JNE3800,Western Dress,XL,Amazon source-local
JNE3800-KR-A-XS,JNE3800-KR-A-XS,JNE3800,Western Dress,XS,Amazon source-local
JNE3800-KR-A-XXL,JNE3800-KR-A-XXL,JNE3800,Western Dress,XXL,Amazon source-local
JNE3800-KR-A-XXXL,JNE3800-KR-A-XXXL,JNE3800,Western Dress,3XL,Amazon source-local
JNE3800-KR-L,JNE3800-KR-L,JNE3800,Western Dress,L,Amazon source-local
JNE3800-KR-M,JNE3800-KR-M,JNE3800,Western Dress,M,Amazon source-local
JNE3800-KR-S,JNE3800-KR-S,JNE3800,Western Dress,S,Amazon source-local
JNE3800-KR-XL,JNE3800-KR-XL,JNE3800,Western Dress,XL,Amazon source-local
JNE3800-KR-XS,JNE3800-KR-XS,JNE3800,Western Dress,XS,Amazon source-local
JNE3800-KR-XXL,JNE3800-KR-XXL,JNE3800,Western Dress,XXL,Amazon source-local
JNE3800-KR-XXXL,JNE3800-KR-XXXL,JNE3800,Western Dress,3XL,Amazon source-local
JNE3801-KR-L,JNE3801-KR-L,JNE3801,kurta,L,Amazon source-local
JNE3801-KR-M,JNE3801-KR-M,JNE3801,kurta,M,Amazon source-local
JNE3801-KR-S,JNE3801-KR-S,JNE3801,kurta,S,Amazon source-local
JNE3801-KR-XL,JNE3801-KR-XL,JNE3801,kurta,XL,Amazon source-local
JNE3801-KR-XS,JNE3801-KR-XS,JNE3801,kurta,XS,Amazon source-local
JNE3801-KR-XXL,JNE3801-KR-XXL,JNE3801,kurta,XXL,Amazon source-local
JNE3801-KR-XXXL,JNE3801-KR-XXXL,JNE3801,kurta,3XL,Amazon source-local
JNE3802-KR-L,JNE3802-KR-L,JNE3802,kurta,L,Amazon source-local
JNE3802-KR-M,JNE3802-KR-M,JNE3802,kurta,M,Amazon source-local
JNE3802-KR-S,JNE3802-KR-S,JNE3802,kurta,S,Amazon source-local
JNE3802-KR-XL,JNE3802-KR-XL,JNE3802,kurta,XL,Amazon source-local
JNE3802-KR-XS,JNE3802-KR-XS,JNE3802,kurta,XS,Amazon source-local
JNE3802-KR-XXL,JNE3802-KR-XXL,JNE3802,kurta,XXL,Amazon source-local
JNE3802-KR-XXXL,JNE3802-KR-XXXL,JNE3802,kurta,3XL,Amazon source-local
JNE3803-KR-L,JNE3803-KR-L,JNE3803,kurta,L,Amazon source-local
JNE3803-KR-M,JNE3803-KR-M,JNE3803,kurta,M,Amazon source-local
JNE3803-KR-S,JNE3803-KR-S,JNE3803,kurta,S,Amazon source-local
JNE3803-KR-XL,JNE3803-KR-XL,JNE3803,kurta,XL,Amazon source-local
JNE3803-KR-XS,JNE3803-KR-XS,JNE3803,kurta,XS,Amazon source-local
JNE3803-KR-XXL,JNE3803-KR-XXL,JNE3803,kurta,XXL,Amazon source-local
JNE3803-KR-XXXL,JNE3803-KR-XXXL,JNE3803,kurta,3XL,Amazon source-local
JNE3804-KR-L,JNE3804-KR-L,JNE3804,kurta,L,Amazon source-local
JNE3804-KR-M,JNE3804-KR-M,JNE3804,kurta,M,Amazon source-local
JNE3804-KR-S,JNE3804-KR-S,JNE3804,kurta,S,Amazon source-local
JNE3804-KR-XL,JNE3804-KR-XL,JNE3804,kurta,XL,Amazon source-local
JNE3804-KR-XS,JNE3804-KR-XS,JNE3804,kurta,XS,Amazon source-local
JNE3804-KR-XXL,JNE3804-KR-XXL,JNE3804,kurta,XXL,Amazon source-local
JNE3804-KR-XXXL,JNE3804-KR-XXXL,JNE3804,kurta,3XL,Amazon source-local
JNE3805-KR-L,JNE3805-KR-L,JNE3805,kurta,L,Amazon source-local
JNE3805-KR-M,JNE3805-KR-M,JNE3805,kurta,M,Amazon source-local
JNE3805-KR-S,JNE3805-KR-S,JNE3805,kurta,S,Amazon source-local
JNE3805-KR-XL,JNE3805-KR-XL,JNE3805,kurta,XL,Amazon source-local
JNE3805-KR-XS,JNE3805-KR-XS,JNE3805,kurta,XS,Amazon source-local
JNE3805-KR-XXL,JNE3805-KR-XXL,JNE3805,kurta,XXL,Amazon source-local
JNE3805-KR-XXXL,JNE3805-KR-XXXL,JNE3805,kurta,3XL,Amazon source-local
JNE3806-KR-L,JNE3806-KR-L,JNE3806,kurta,L,Amazon source-local
JNE3806-KR-M,JNE3806-KR-M,JNE3806,kurta,M,Amazon source-local
JNE3806-KR-S,JNE3806-KR-S,JNE3806,kurta,S,Amazon source-local
JNE3806-KR-XL,JNE3806-KR-XL,JNE3806,kurta,XL,Amazon source-local
JNE3806-KR-XS,JNE3806-KR-XS,JNE3806,kurta,XS,Amazon source-local
JNE3806-KR-XXL,JNE3806-KR-XXL,JNE3806,kurta,XXL,Amazon source-local
JNE3806-KR-XXXL,JNE3806-KR-XXXL,JNE3806,kurta,3XL,Amazon source-local
JNE3807-KR-L,JNE3807-KR-L,JNE3807,kurta,L,Amazon source-local
JNE3807-KR-M,JNE3807-KR-M,JNE3807,kurta,M,Amazon source-local
JNE3807-KR-S,JNE3807-KR-S,JNE3807,kurta,S,Amazon source-local
JNE3807-KR-XL,JNE3807-KR-XL,JNE3807,kurta,XL,Amazon source-local
JNE3807-KR-XS,JNE3807-KR-XS,JNE3807,kurta,XS,Amazon source-local
JNE3807-KR-XXL,JNE3807-KR-XXL,JNE3807,kurta,XXL,Amazon source-local
JNE3807-KR-XXXL,JNE3807-KR-XXXL,JNE3807,kurta,3XL,Amazon source-local
JNE3810-KR-L,JNE3810-KR-L,JNE3810,kurta,L,Amazon source-local
JNE3810-KR-M,JNE3810-KR-M,JNE3810,kurta,M,Amazon source-local
JNE3810-KR-S,JNE3810-KR-S,JNE3810,kurta,S,Amazon source-local
JNE3810-KR-XL,JNE3810-KR-XL,JNE3810,kurta,XL,Amazon source-local
JNE3810-KR-XS,JNE3810-KR-XS,JNE3810,kurta,XS,Amazon source-local
JNE3810-KR-XXL,JNE3810-KR-XXL,JNE3810,kurta,XXL,Amazon source-local
JNE3810-KR-XXXL,JNE3810-KR-XXXL,JNE3810,kurta,3XL,Amazon source-local
JNE3811-KR-L,JNE3811-KR-L,JNE3811,kurta,L,Amazon source-local
JNE3811-KR-M,JNE3811-KR-M,JNE3811,kurta,M,Amazon source-local
JNE3811-KR-S,JNE3811-KR-S,JNE3811,kurta,S,Amazon source-local
JNE3811-KR-XL,JNE3811-KR-XL,JNE3811,kurta,XL,Amazon source-local
JNE3811-KR-XS,JNE3811-KR-XS,JNE3811,kurta,XS,Amazon source-local
JNE3811-KR-XXL,JNE3811-KR-XXL,JNE3811,kurta,XXL,Amazon source-local
JNE3811-KR-XXXL,JNE3811-KR-XXXL,JNE3811,kurta,3XL,Amazon source-local
JNE3813-KR-L,JNE3813-KR-L,JNE3813,kurta,L,Amazon source-local
JNE3813-KR-M,JNE3813-KR-M,JNE3813,kurta,M,Amazon source-local
JNE3813-KR-S,JNE3813-KR-S,JNE3813,kurta,S,Amazon source-local
JNE3813-KR-XL,JNE3813-KR-XL,JNE3813,kurta,XL,Amazon source-local
JNE3813-KR-XS,JNE3813-KR-XS,JNE3813,kurta,XS,Amazon source-local
JNE3813-KR-XXL,JNE3813-KR-XXL,JNE3813,kurta,XXL,Amazon source-local
JNE3813-KR-XXXL,JNE3813-KR-XXXL,JNE3813,kurta,3XL,Amazon source-local
JNE3816-KR-L,JNE3816-KR-L,JNE3816,kurta,L,Amazon source-local
JNE3816-KR-M,JNE3816-KR-M,JNE3816,kurta,M,Amazon source-local
JNE3816-KR-S,JNE3816-KR-S,JNE3816,kurta,S,Amazon source-local
JNE3816-KR-XL,JNE3816-KR-XL,JNE3816,kurta,XL,Amazon source-local
JNE3816-KR-XS,JNE3816-KR-XS,JNE3816,kurta,XS,Amazon source-local
JNE3816-KR-XXL,JNE3816-KR-XXL,JNE3816,kurta,XXL,Amazon source-local
JNE3816-KR-XXXL,JNE3816-KR-XXXL,JNE3816,kurta,3XL,Amazon source-local
JNE3817-KR-L,JNE3817-KR-L,JNE3817,kurta,L,Amazon source-local
JNE3817-KR-M,JNE3817-KR-M,JNE3817,kurta,M,Amazon source-local
JNE3817-KR-S,JNE3817-KR-S,JNE3817,kurta,S,Amazon source-local
JNE3817-KR-XL,JNE3817-KR-XL,JNE3817,kurta,XL,Amazon source-local
JNE3817-KR-XS,JNE3817-KR-XS,JNE3817,kurta,XS,Amazon source-local
JNE3817-KR-XXL,JNE3817-KR-XXL,JNE3817,kurta,XXL,Amazon source-local
JNE3817-KR-XXXL,JNE3817-KR-XXXL,JNE3817,kurta,3XL,Amazon source-local
JNE3818-KR-L,JNE3818-KR-L,JNE3818,kurta,L,Amazon source-local
JNE3818-KR-M,JNE3818-KR-M,JNE3818,kurta,M,Amazon source-local
JNE3818-KR-S,JNE3818-KR-S,JNE3818,kurta,S,Amazon source-local
JNE3818-KR-XL,JNE3818-KR-XL,JNE3818,kurta,XL,Amazon source-local
JNE3818-KR-XS,JNE3818-KR-XS,JNE3818,kurta,XS,Amazon source-local
JNE3818-KR-XXL,JNE3818-KR-XXL,JNE3818,kurta,XXL,Amazon source-local
JNE3818-KR-XXXL,JNE3818-KR-XXXL,JNE3818,kurta,3XL,Amazon source-local
JNE3819-KR-L,JNE3819-KR-L,JNE3819,kurta,L,Amazon source-local
JNE3819-KR-M,JNE3819-KR-M,JNE3819,kurta,M,Amazon source-local
JNE3819-KR-S,JNE3819-KR-S,JNE3819,kurta,S,Amazon source-local
JNE3819-KR-XL,JNE3819-KR-XL,JNE3819,kurta,XL,Amazon source-local
JNE3819-KR-XS,JNE3819-KR-XS,JNE3819,kurta,XS,Amazon source-local
JNE3819-KR-XXL,JNE3819-KR-XXL,JNE3819,kurta,XXL,Amazon source-local
JNE3819-KR-XXXL,JNE3819-KR-XXXL,JNE3819,kurta,3XL,Amazon source-local
JNE3820-KR-L,JNE3820-KR-L,JNE3820,kurta,L,Amazon source-local
JNE3820-KR-M,JNE3820-KR-M,JNE3820,kurta,M,Amazon source-local
JNE3820-KR-S,JNE3820-KR-S,JNE3820,kurta,S,Amazon source-local
JNE3820-KR-XL,JNE3820-KR-XL,JNE3820,kurta,XL,Amazon source-local
JNE3820-KR-XS,JNE3820-KR-XS,JNE3820,kurta,XS,Amazon source-local
JNE3820-KR-XXL,JNE3820-KR-XXL,JNE3820,kurta,XXL,Amazon source-local
JNE3820-KR-XXXL,JNE3820-KR-XXXL,JNE3820,kurta,3XL,Amazon source-local
JNE3821-KR-L,JNE3821-KR-L,JNE3821,kurta,L,Amazon source-local
JNE3821-KR-M,JNE3821-KR-M,JNE3821,kurta,M,Amazon source-local
JNE3821-KR-S,JNE3821-KR-S,JNE3821,kurta,S,Amazon source-local
JNE3821-KR-XL,JNE3821-KR-XL,JNE3821,kurta,XL,Amazon source-local
JNE3821-KR-XS,JNE3821-KR-XS,JNE3821,kurta,XS,Amazon source-local
JNE3821-KR-XXL,JNE3821-KR-XXL,JNE3821,kurta,XXL,Amazon source-local
JNE3821-KR-XXXL,JNE3821-KR-XXXL,JNE3821,kurta,3XL,Amazon source-local
JNE3822-KR-L,JNE3822-KR-L,JNE3822,kurta,L,Amazon source-local
JNE3822-KR-M,JNE3822-KR-M,JNE3822,kurta,M,Amazon source-local
JNE3822-KR-S,JNE3822-KR-S,JNE3822,kurta,S,Amazon source-local
JNE3822-KR-XL,JNE3822-KR-XL,JNE3822,kurta,XL,Amazon source-local
JNE3822-KR-XS,JNE3822-KR-XS,JNE3822,kurta,XS,Amazon source-local
JNE3822-KR-XXL,JNE3822-KR-XXL,JNE3822,kurta,XXL,Amazon source-local
JNE3822-KR-XXXL,JNE3822-KR-XXXL,JNE3822,kurta,3XL,Amazon source-local
JNE3823-KR-L,JNE3823-KR-L,JNE3823,kurta,L,Amazon source-local
JNE3823-KR-M,JNE3823-KR-M,JNE3823,kurta,M,Amazon source-local
JNE3823-KR-S,JNE3823-KR-S,JNE3823,kurta,S,Amazon source-local
JNE3823-KR-XL,JNE3823-KR-XL,JNE3823,kurta,XL,Amazon source-local
JNE3823-KR-XS,JNE3823-KR-XS,JNE3823,kurta,XS,Amazon source-local
JNE3823-KR-XXL,JNE3823-KR-XXL,JNE3823,kurta,XXL,Amazon source-local
JNE3823-KR-XXXL,JNE3823-KR-XXXL,JNE3823,kurta,3XL,Amazon source-local
JNE3825-KR-L,JNE3825-KR-L,JNE3825,kurta,L,Amazon source-local
JNE3825-KR-M,JNE3825-KR-M,JNE3825,kurta,M,Amazon source-local
JNE3825-KR-S,JNE3825-KR-S,JNE3825,kurta,S,Amazon source-local
JNE3825-KR-XS,JNE3825-KR-XS,JNE3825,kurta,XS,Amazon source-local
JNE3825-KR-XXL,JNE3825-KR-XXL,JNE3825,kurta,XXL,Amazon source-local
JNE3825-KR-XXXL,JNE3825-KR-XXXL,JNE3825,kurta,3XL,Amazon source-local
JNE3833-KR-L,JNE3833-KR-L,JNE3833,kurta,L,Amazon source-local
JNE3833-KR-M,JNE3833-KR-M,JNE3833,kurta,M,Amazon source-local
JNE3833-KR-S,JNE3833-KR-S,JNE3833,kurta,S,Amazon source-local
JNE3833-KR-XL,JNE3833-KR-XL,JNE3833,kurta,XL,Amazon source-local
JNE3833-KR-XS,JNE3833-KR-XS,JNE3833,kurta,XS,Amazon source-local
JNE3833-KR-XXL,JNE3833-KR-XXL,JNE3833,kurta,XXL,Amazon source-local
JNE3833-KR-XXXL,JNE3833-KR-XXXL,JNE3833,kurta,3XL,Amazon source-local
JNE3834-KR-L,JNE3834-KR-L,JNE3834,kurta,L,Amazon source-local
JNE3834-KR-M,JNE3834-KR-M,JNE3834,kurta,M,Amazon source-local
JNE3834-KR-S,JNE3834-KR-S,JNE3834,kurta,S,Amazon source-local
JNE3834-KR-XL,JNE3834-KR-XL,JNE3834,kurta,XL,Amazon source-local
JNE3834-KR-XS,JNE3834-KR-XS,JNE3834,kurta,XS,Amazon source-local
JNE3834-KR-XXL,JNE3834-KR-XXL,JNE3834,kurta,XXL,Amazon source-local
JNE3834-KR-XXXL,JNE3834-KR-XXXL,JNE3834,kurta,3XL,Amazon source-local
JNE3835-KR-L,JNE3835-KR-L,JNE3835,kurta,L,Amazon source-local
JNE3835-KR-M,JNE3835-KR-M,JNE3835,kurta,M,Amazon source-local
JNE3835-KR-S,JNE3835-KR-S,JNE3835,kurta,S,Amazon source-local
JNE3835-KR-XL,JNE3835-KR-XL,JNE3835,kurta,XL,Amazon source-local
JNE3835-KR-XS,JNE3835-KR-XS,JNE3835,kurta,XS,Amazon source-local
JNE3835-KR-XXL,JNE3835-KR-XXL,JNE3835,kurta,XXL,Amazon source-local
JNE3835-KR-XXXL,JNE3835-KR-XXXL,JNE3835,kurta,3XL,Amazon source-local
JNE3836-KR-L,JNE3836-KR-L,JNE3836,kurta,L,Amazon source-local
JNE3836-KR-M,JNE3836-KR-M,JNE3836,kurta,M,Amazon source-local
JNE3836-KR-S,JNE3836-KR-S,JNE3836,kurta,S,Amazon source-local
JNE3836-KR-XL,JNE3836-KR-XL,JNE3836,kurta,XL,Amazon source-local
JNE3836-KR-XS,JNE3836-KR-XS,JNE3836,kurta,XS,Amazon source-local
JNE3836-KR-XXL,JNE3836-KR-XXL,JNE3836,kurta,XXL,Amazon source-local
JNE3836-KR-XXXL,JNE3836-KR-XXXL,JNE3836,kurta,3XL,Amazon source-local
JNE3837-KR-L,JNE3837-KR-L,JNE3837,kurta,L,Amazon source-local
JNE3837-KR-M,JNE3837-KR-M,JNE3837,kurta,M,Amazon source-local
JNE3837-KR-S,JNE3837-KR-S,JNE3837,kurta,S,Amazon source-local
JNE3837-KR-XL,JNE3837-KR-XL,JNE3837,kurta,XL,Amazon source-local
JNE3837-KR-XS,JNE3837-KR-XS,JNE3837,kurta,XS,Amazon source-local
JNE3837-KR-XXL,JNE3837-KR-XXL,JNE3837,kurta,XXL,Amazon source-local
JNE3837-KR-XXXL,JNE3837-KR-XXXL,JNE3837,kurta,3XL,Amazon source-local
JNE3838-KR-L,JNE3838-KR-L,JNE3838,kurta,L,Amazon source-local
JNE3838-KR-M,JNE3838-KR-M,JNE3838,kurta,M,Amazon source-local
JNE3838-KR-S,JNE3838-KR-S,JNE3838,kurta,S,Amazon source-local
JNE3838-KR-XL,JNE3838-KR-XL,JNE3838,kurta,XL,Amazon source-local
JNE3838-KR-XS,JNE3838-KR-XS,JNE3838,kurta,XS,Amazon source-local
JNE3838-KR-XXL,JNE3838-KR-XXL,JNE3838,kurta,XXL,Amazon source-local
JNE3838-KR-XXXL,JNE3838-KR-XXXL,JNE3838,kurta,3XL,Amazon source-local
JNE3856-KR-L,JNE3856-KR-L,JNE3856,kurta,L,Amazon source-local
JNE3856-KR-M,JNE3856-KR-M,JNE3856,kurta,M,Amazon source-local
JNE3856-KR-S,JNE3856-KR-S,JNE3856,kurta,S,Amazon source-local
JNE3856-KR-XL,JNE3856-KR-XL,JNE3856,kurta,XL,Amazon source-local
JNE3856-KR-XS,JNE3856-KR-XS,JNE3856,kurta,XS,Amazon source-local
JNE3856-KR-XXL,JNE3856-KR-XXL,JNE3856,kurta,XXL,Amazon source-local
JNE3856-KR-XXXL,JNE3856-KR-XXXL,JNE3856,kurta,3XL,Amazon source-local
JNE3860-DR-L,JNE3860-DR-L,JNE3860,Western Dress,L,Amazon source-local
JNE3860-DR-M,JNE3860-DR-M,JNE3860,Western Dress,M,Amazon source-local
JNE3860-DR-S,JNE3860-DR-S,JNE3860,Western Dress,S,Amazon source-local
JNE3860-DR-XL,JNE3860-DR-XL,JNE3860,Western Dress,XL,Amazon source-local
JNE3860-DR-XS,JNE3860-DR-XS,JNE3860,Western Dress,XS,Amazon source-local
JNE3860-DR-XXL,JNE3860-DR-XXL,JNE3860,Western Dress,XXL,Amazon source-local
JNE3860-DR-XXXL,JNE3860-DR-XXXL,JNE3860,Western Dress,3XL,Amazon source-local
JNE3861-DR-L,JNE3861-DR-L,JNE3861,Western Dress,L,Amazon source-local
JNE3861-DR-M,JNE3861-DR-M,JNE3861,Western Dress,M,Amazon source-local
JNE3861-DR-S,JNE3861-DR-S,JNE3861,Western Dress,S,Amazon source-local
JNE3861-DR-XL,JNE3861-DR-XL,JNE3861,Western Dress,XL,Amazon source-local
JNE3861-DR-XS,JNE3861-DR-XS,JNE3861,Western Dress,XS,Amazon source-local
JNE3861-DR-XXL,JNE3861-DR-XXL,JNE3861,Western Dress,XXL,Amazon source-local
JNE3861-DR-XXXL,JNE3861-DR-XXXL,JNE3861,Western Dress,3XL,Amazon source-local
JNE3862-TU-L,JNE3862-TU-L,JNE3862,Top,L,Amazon source-local
JNE3862-TU-M,JNE3862-TU-M,JNE3862,Top,M,Amazon source-local
JNE3862-TU-S,JNE3862-TU-S,JNE3862,Top,S,Amazon source-local
JNE3862-TU-XL,JNE3862-TU-XL,JNE3862,Top,XL,Amazon source-local
JNE3862-TU-XS,JNE3862-TU-XS,JNE3862,Top,XS,Amazon source-local
JNE3862-TU-XXL,JNE3862-TU-XXL,JNE3862,Top,XXL,Amazon source-local
JNE3862-TU-XXXL,JNE3862-TU-XXXL,JNE3862,Top,3XL,Amazon source-local
JNE3863-TU-L,JNE3863-TU-L,JNE3863,Top,L,Amazon source-local
JNE3863-TU-M,JNE3863-TU-M,JNE3863,Top,M,Amazon source-local
JNE3863-TU-S,JNE3863-TU-S,JNE3863,Top,S,Amazon source-local
JNE3863-TU-XL,JNE3863-TU-XL,JNE3863,Top,XL,Amazon source-local
JNE3863-TU-XS,JNE3863-TU-XS,JNE3863,Top,XS,Amazon source-local
JNE3863-TU-XXL,JNE3863-TU-XXL,JNE3863,Top,XXL,Amazon source-local
JNE3863-TU-XXXL,JNE3863-TU-XXXL,JNE3863,Top,3XL,Amazon source-local
JNE3864-TU-L,JNE3864-TU-L,JNE3864,Top,L,Amazon source-local
JNE3864-TU-M,JNE3864-TU-M,JNE3864,Top,M,Amazon source-local
JNE3864-TU-S,JNE3864-TU-S,JNE3864,Top,S,Amazon source-local
JNE3864-TU-XL,JNE3864-TU-XL,JNE3864,Top,XL,Amazon source-local
JNE3864-TU-XS,JNE3864-TU-XS,JNE3864,Top,XS,Amazon source-local
JNE3864-TU-XXL,JNE3864-TU-XXL,JNE3864,Top,XXL,Amazon source-local
JNE3864-TU-XXXL,JNE3864-TU-XXXL,JNE3864,Top,3XL,Amazon source-local
JNE3865-TP-L,JNE3865-TP-L,JNE3865,Top,L,Amazon source-local
JNE3865-TP-M,JNE3865-TP-M,JNE3865,Top,M,Amazon source-local
JNE3865-TP-S,JNE3865-TP-S,JNE3865,Top,S,Amazon source-local
JNE3865-TP-XL,JNE3865-TP-XL,JNE3865,Top,XL,Amazon source-local
JNE3865-TP-XS,JNE3865-TP-XS,JNE3865,Top,XS,Amazon source-local
JNE3865-TP-XXL,JNE3865-TP-XXL,JNE3865,Top,XXL,Amazon source-local
JNE3865-TP-XXXL,JNE3865-TP-XXXL,JNE3865,Top,3XL,Amazon source-local
JNE3866-KR-L,JNE3866-KR-L,JNE3866,kurta,L,Amazon source-local
JNE3866-KR-M,JNE3866-KR-M,JNE3866,kurta,M,Amazon source-local
JNE3866-KR-S,JNE3866-KR-S,JNE3866,kurta,S,Amazon source-local
JNE3866-KR-XL,JNE3866-KR-XL,JNE3866,kurta,XL,Amazon source-local
JNE3866-KR-XS,JNE3866-KR-XS,JNE3866,kurta,XS,Amazon source-local
JNE3866-KR-XXL,JNE3866-KR-XXL,JNE3866,kurta,XXL,Amazon source-local
JNE3866-KR-XXXL,JNE3866-KR-XXXL,JNE3866,kurta,3XL,Amazon source-local
JNE3869-DR-L,JNE3869-DR-L,JNE3869,Western Dress,L,Amazon source-local
JNE3869-DR-M,JNE3869-DR-M,JNE3869,Western Dress,M,Amazon source-local
JNE3869-DR-S,JNE3869-DR-S,JNE3869,Western Dress,S,Amazon source-local
JNE3869-DR-XL,JNE3869-DR-XL,JNE3869,Western Dress,XL,Amazon source-local
JNE3869-DR-XS,JNE3869-DR-XS,JNE3869,Western Dress,XS,Amazon source-local
JNE3869-DR-XXL,JNE3869-DR-XXL,JNE3869,Western Dress,XXL,Amazon source-local
JNE3869-DR-XXXL,JNE3869-DR-XXXL,JNE3869,Western Dress,3XL,Amazon source-local
JNE3870-DR-L,JNE3870-DR-L,JNE3870,Western Dress,L,Amazon source-local
JNE3870-DR-M,JNE3870-DR-M,JNE3870,Western Dress,M,Amazon source-local
JNE3870-DR-S,JNE3870-DR-S,JNE3870,Western Dress,S,Amazon source-local
JNE3870-DR-XL,JNE3870-DR-XL,JNE3870,Western Dress,XL,Amazon source-local
JNE3870-DR-XS,JNE3870-DR-XS,JNE3870,Western Dress,XS,Amazon source-local
JNE3870-DR-XXL,JNE3870-DR-XXL,JNE3870,Western Dress,XXL,Amazon source-local
JNE3870-DR-XXXL,JNE3870-DR-XXXL,JNE3870,Western Dress,3XL,Amazon source-local
JNE3871-KR-S,JNE3871-KR-S,JNE3871,kurta,S,Amazon source-local
JNE3872-KR-L,JNE3872-KR-L,JNE3872,kurta,L,Amazon source-local
JNE3872-KR-M,JNE3872-KR-M,JNE3872,kurta,M,Amazon source-local
JNE3872-KR-XL,JNE3872-KR-XL,JNE3872,kurta,XL,Amazon source-local
JNE3872-KR-XXL,JNE3872-KR-XXL,JNE3872,kurta,XXL,Amazon source-local
JNE3872-KR-XXXL,JNE3872-KR-XXXL,JNE3872,kurta,3XL,Amazon source-local
JNE3875-KR-L,JNE3875-KR-L,JNE3875,kurta,L,Amazon source-local
JNE3875-KR-M,JNE3875-KR-M,JNE3875,kurta,M,Amazon source-local
JNE3875-KR-S,JNE3875-KR-S,JNE3875,kurta,S,Amazon source-local
JNE3875-KR-XL,JNE3875-KR-XL,JNE3875,kurta,XL,Amazon source-local
JNE3875-KR-XXL,JNE3875-KR-XXL,JNE3875,kurta,XXL,Amazon source-local
JNE3875-KR-XXXL,JNE3875-KR-XXXL,JNE3875,kurta,3XL,Amazon source-local
JNE3878-KR-L,JNE3878-KR-L,JNE3878,kurta,L,Amazon source-local
JNE3878-KR-M,JNE3878-KR-M,JNE3878,kurta,M,Amazon source-local
JNE3878-KR-S,JNE3878-KR-S,JNE3878,kurta,S,Amazon source-local
JNE3878-KR-XL,JNE3878-KR-XL,JNE3878,kurta,XL,Amazon source-local
JNE3878-KR-XS,JNE3878-KR-XS,JNE3878,kurta,XS,Amazon source-local
JNE3878-KR-XXL,JNE3878-KR-XXL,JNE3878,kurta,XXL,Amazon source-local
JNE3878-KR-XXXL,JNE3878-KR-XXXL,JNE3878,kurta,3XL,Amazon source-local
JNE3879-DR-L,JNE3879-DR-L,JNE3879,Western Dress,L,Amazon source-local
JNE3879-DR-M,JNE3879-DR-M,JNE3879,Western Dress,M,Amazon source-local
JNE3879-DR-S,JNE3879-DR-S,JNE3879,Western Dress,S,Amazon source-local
JNE3879-DR-XL,JNE3879-DR-XL,JNE3879,Western Dress,XL,Amazon source-local
JNE3879-DR-XS,JNE3879-DR-XS,JNE3879,Western Dress,XS,Amazon source-local
JNE3879-DR-XXL,JNE3879-DR-XXL,JNE3879,Western Dress,XXL,Amazon source-local
JNE3879-DR-XXXL,JNE3879-DR-XXXL,JNE3879,Western Dress,3XL,Amazon source-local
JNE3880-DR-L,JNE3880-DR-L,JNE3880,Western Dress,L,Amazon source-local
JNE3880-DR-M,JNE3880-DR-M,JNE3880,Western Dress,M,Amazon source-local
JNE3880-DR-S,JNE3880-DR-S,JNE3880,Western Dress,S,Amazon source-local
JNE3880-DR-XL,JNE3880-DR-XL,JNE3880,Western Dress,XL,Amazon source-local
JNE3880-DR-XS,JNE3880-DR-XS,JNE3880,Western Dress,XS,Amazon source-local
JNE3880-DR-XXL,JNE3880-DR-XXL,JNE3880,Western Dress,XXL,Amazon source-local
JNE3880-DR-XXXL,JNE3880-DR-XXXL,JNE3880,Western Dress,3XL,Amazon source-local
JNE3881-DR-L,JNE3881-DR-L,JNE3881,Western Dress,L,Amazon source-local
JNE3881-DR-M,JNE3881-DR-M,JNE3881,Western Dress,M,Amazon source-local
JNE3881-DR-S,JNE3881-DR-S,JNE3881,Western Dress,S,Amazon source-local
JNE3881-DR-XL,JNE3881-DR-XL,JNE3881,Western Dress,XL,Amazon source-local
JNE3881-DR-XS,JNE3881-DR-XS,JNE3881,Western Dress,XS,Amazon source-local
JNE3881-DR-XXL,JNE3881-DR-XXL,JNE3881,Western Dress,XXL,Amazon source-local
JNE3881-DR-XXXL,JNE3881-DR-XXXL,JNE3881,Western Dress,3XL,Amazon source-local
JNE3885-KR-L,JNE3885-KR-L,JNE3885,kurta,L,Amazon source-local
JNE3885-KR-M,JNE3885-KR-M,JNE3885,kurta,M,Amazon source-local
JNE3885-KR-S,JNE3885-KR-S,JNE3885,kurta,S,Amazon source-local
JNE3885-KR-XL,JNE3885-KR-XL,JNE3885,kurta,XL,Amazon source-local
JNE3885-KR-XS,JNE3885-KR-XS,JNE3885,kurta,XS,Amazon source-local
JNE3885-KR-XXL,JNE3885-KR-XXL,JNE3885,kurta,XXL,Amazon source-local
JNE3885-KR-XXXL,JNE3885-KR-XXXL,JNE3885,kurta,3XL,Amazon source-local
JNE3886-KR-L,JNE3886-KR-L,JNE3886,kurta,L,Amazon source-local
JNE3886-KR-M,JNE3886-KR-M,JNE3886,kurta,M,Amazon source-local
JNE3886-KR-XL,JNE3886-KR-XL,JNE3886,kurta,XL,Amazon source-local
JNE3886-KR-XXL,JNE3886-KR-XXL,JNE3886,kurta,XXL,Amazon source-local
JNE3886-KR-XXXL,JNE3886-KR-XXXL,JNE3886,kurta,3XL,Amazon source-local
JNE3887-KR-L,JNE3887-KR-L,JNE3887,kurta,L,Amazon source-local
JNE3887-KR-M,JNE3887-KR-M,JNE3887,kurta,M,Amazon source-local
JNE3887-KR-S,JNE3887-KR-S,JNE3887,kurta,S,Amazon source-local
JNE3887-KR-XL,JNE3887-KR-XL,JNE3887,kurta,XL,Amazon source-local
JNE3887-KR-XS,JNE3887-KR-XS,JNE3887,kurta,XS,Amazon source-local
JNE3887-KR-XXL,JNE3887-KR-XXL,JNE3887,kurta,XXL,Amazon source-local
JNE3887-KR-XXXL,JNE3887-KR-XXXL,JNE3887,kurta,3XL,Amazon source-local
JNE3888-KR-L,JNE3888-KR-L,JNE3888,kurta,L,Amazon source-local
JNE3888-KR-M,JNE3888-KR-M,JNE3888,kurta,M,Amazon source-local
JNE3888-KR-S,JNE3888-KR-S,JNE3888,kurta,S,Amazon source-local
JNE3888-KR-XL,JNE3888-KR-XL,JNE3888,kurta,XL,Amazon source-local
JNE3888-KR-XS,JNE3888-KR-XS,JNE3888,kurta,XS,Amazon source-local
JNE3888-KR-XXL,JNE3888-KR-XXL,JNE3888,kurta,XXL,Amazon source-local
JNE3888-KR-XXXL,JNE3888-KR-XXXL,JNE3888,kurta,3XL,Amazon source-local
JNE3889-KR-M,JNE3889-KR-M,JNE3889,kurta,M,Amazon source-local
JNE3889-KR-S,JNE3889-KR-S,JNE3889,kurta,S,Amazon source-local
JNE3889-KR-XXL,JNE3889-KR-XXL,JNE3889,kurta,XXL,Amazon source-local
JNE3890-TP-L,JNE3890-TP-L,JNE3890,Top,L,Amazon source-local
JNE3890-TP-M,JNE3890-TP-M,JNE3890,Top,M,Amazon source-local
JNE3890-TP-S,JNE3890-TP-S,JNE3890,Top,S,Amazon source-local
JNE3890-TP-XL,JNE3890-TP-XL,JNE3890,Top,XL,Amazon source-local
JNE3890-TP-XXL,JNE3890-TP-XXL,JNE3890,Top,XXL,Amazon source-local
JNE3890-TP-XXXL,JNE3890-TP-XXXL,JNE3890,Top,3XL,Amazon source-local
JNE3891-TP-L,JNE3891-TP-L,JNE3891,Top,L,Amazon source-local
JNE3891-TP-M,JNE3891-TP-M,JNE3891,Top,M,Amazon source-local
JNE3891-TP-XXL,JNE3891-TP-XXL,JNE3891,Top,XXL,Amazon source-local
JNE3891-TP-XXXL,JNE3891-TP-XXXL,JNE3891,Top,3XL,Amazon source-local
JNE3892-TP-L,JNE3892-TP-L,JNE3892,Top,L,Amazon source-local
JNE3892-TP-M,JNE3892-TP-M,JNE3892,Top,M,Amazon source-local
JNE3892-TP-S,JNE3892-TP-S,JNE3892,Top,S,Amazon source-local
JNE3892-TP-XL,JNE3892-TP-XL,JNE3892,Top,XL,Amazon source-local
JNE3892-TP-XS,JNE3892-TP-XS,JNE3892,Top,XS,Amazon source-local
JNE3892-TP-XXL,JNE3892-TP-XXL,JNE3892,Top,XXL,Amazon source-local
JNE3892-TP-XXXL,JNE3892-TP-XXXL,JNE3892,Top,3XL,Amazon source-local
JNE3893-TP-L,JNE3893-TP-L,JNE3893,Top,L,Amazon source-local
JNE3893-TP-M,JNE3893-TP-M,JNE3893,Top,M,Amazon source-local
JNE3893-TP-S,JNE3893-TP-S,JNE3893,Top,S,Amazon source-local
JNE3893-TP-XL,JNE3893-TP-XL,JNE3893,Top,XL,Amazon source-local
JNE3893-TP-XS,JNE3893-TP-XS,JNE3893,Top,XS,Amazon source-local
JNE3893-TP-XXL,JNE3893-TP-XXL,JNE3893,Top,XXL,Amazon source-local
JNE3893-TP-XXXL,JNE3893-TP-XXXL,JNE3893,Top,3XL,Amazon source-local
JNE3894-TP-L,JNE3894-TP-L,JNE3894,Top,L,Amazon source-local
JNE3894-TP-M,JNE3894-TP-M,JNE3894,Top,M,Amazon source-local
JNE3894-TP-S,JNE3894-TP-S,JNE3894,Top,S,Amazon source-local
JNE3894-TP-XL,JNE3894-TP-XL,JNE3894,Top,XL,Amazon source-local
JNE3894-TP-XXL,JNE3894-TP-XXL,JNE3894,Top,XXL,Amazon source-local
JNE3894-TP-XXXL,JNE3894-TP-XXXL,JNE3894,Top,3XL,Amazon source-local
JNE3895-TP-L,JNE3895-TP-L,JNE3895,Top,L,Amazon source-local
JNE3895-TP-M,JNE3895-TP-M,JNE3895,Top,M,Amazon source-local
JNE3895-TP-XL,JNE3895-TP-XL,JNE3895,Top,XL,Amazon source-local
JNE3895-TP-XXL,JNE3895-TP-XXL,JNE3895,Top,XXL,Amazon source-local
JNE3895-TP-XXXL,JNE3895-TP-XXXL,JNE3895,Top,3XL,Amazon source-local
JNE3896-KR-A-L,JNE3896-KR-A-L,JNE3896,kurta,L,Amazon source-local
JNE3896-KR-A-XL,JNE3896-KR-A-XL,JNE3896,kurta,XL,Amazon source-local
JNE3896-KR-A-XXXL,JNE3896-KR-A-XXXL,JNE3896,kurta,3XL,Amazon source-local
JNE3896-KR-XL,JNE3896-KR-XL,JNE3896,kurta,XL,Amazon source-local
JNE3896-KR-XXL,JNE3896-KR-XXL,JNE3896,kurta,XXL,Amazon source-local
JNE3896-KR-XXXL,JNE3896-KR-XXXL,JNE3896,kurta,3XL,Amazon source-local
JNE3897-KR-M,JNE3897-KR-M,JNE3897,kurta,M,Amazon source-local
JNE3897-KR-S,JNE3897-KR-S,JNE3897,kurta,S,Amazon source-local
JNE3897-KR-XL,JNE3897-KR-XL,JNE3897,kurta,XL,Amazon source-local
JNE3897-KR-XXXL,JNE3897-KR-XXXL,JNE3897,kurta,3XL,Amazon source-local
JNE3898-KR-L,JNE3898-KR-L,JNE3898,kurta,L,Amazon source-local
JNE3898-KR-M,JNE3898-KR-M,JNE3898,kurta,M,Amazon source-local
JNE3898-KR-S,JNE3898-KR-S,JNE3898,kurta,S,Amazon source-local
JNE3898-KR-XL,JNE3898-KR-XL,JNE3898,kurta,XL,Amazon source-local
JNE3898-KR-XXXL,JNE3898-KR-XXXL,JNE3898,kurta,3XL,Amazon source-local
JNE3899-KR-A-M,JNE3899-KR-A-M,JNE3899,kurta,M,Amazon source-local
JNE3899-KR-A-S,JNE3899-KR-A-S,JNE3899,kurta,S,Amazon source-local
JNE3899-KR-A-XL,JNE3899-KR-A-XL,JNE3899,kurta,XL,Amazon source-local
JNE3899-KR-L,JNE3899-KR-L,JNE3899,kurta,L,Amazon source-local
JNE3899-KR-S,JNE3899-KR-S,JNE3899,kurta,S,Amazon source-local
JNE3899-KR-XXL,JNE3899-KR-XXL,JNE3899,kurta,XXL,Amazon source-local
JNE3900-KR-A-L,JNE3900-KR-A-L,JNE3900,kurta,L,Amazon source-local
JNE3900-KR-A-XXL,JNE3900-KR-A-XXL,JNE3900,kurta,XXL,Amazon source-local
JNE3900-KR-A-XXXL,JNE3900-KR-A-XXXL,JNE3900,kurta,3XL,Amazon source-local
JNE3902-KR-L,JNE3902-KR-L,JNE3902,kurta,L,Amazon source-local
JNE3902-KR-M,JNE3902-KR-M,JNE3902,kurta,M,Amazon source-local
JNE3902-KR-S,JNE3902-KR-S,JNE3902,kurta,S,Amazon source-local
JNE3902-KR-XL,JNE3902-KR-XL,JNE3902,kurta,XL,Amazon source-local
JNE3902-KR-XS,JNE3902-KR-XS,JNE3902,kurta,XS,Amazon source-local
JNE3902-KR-XXL,JNE3902-KR-XXL,JNE3902,kurta,XXL,Amazon source-local
JNE3902-KR-XXXL,JNE3902-KR-XXXL,JNE3902,kurta,3XL,Amazon source-local
JNE3903-KR-L,JNE3903-KR-L,JNE3903,kurta,L,Amazon source-local
JNE3903-KR-M,JNE3903-KR-M,JNE3903,kurta,M,Amazon source-local
JNE3903-KR-XL,JNE3903-KR-XL,JNE3903,kurta,XL,Amazon source-local
JNE3903-KR-XS,JNE3903-KR-XS,JNE3903,kurta,XS,Amazon source-local
JNE3903-KR-XXL,JNE3903-KR-XXL,JNE3903,kurta,XXL,Amazon source-local
JNE3903-KR-XXXL,JNE3903-KR-XXXL,JNE3903,kurta,3XL,Amazon source-local
JNE3904-DR-L,JNE3904-DR-L,JNE3904,Western Dress,L,Amazon source-local
JNE3904-DR-M,JNE3904-DR-M,JNE3904,Western Dress,M,Amazon source-local
JNE3904-DR-S,JNE3904-DR-S,JNE3904,Western Dress,S,Amazon source-local
JNE3904-DR-XL,JNE3904-DR-XL,JNE3904,Western Dress,XL,Amazon source-local
JNE3904-DR-XS,JNE3904-DR-XS,JNE3904,Western Dress,XS,Amazon source-local
JNE3904-DR-XXL,JNE3904-DR-XXL,JNE3904,Western Dress,XXL,Amazon source-local
JNE3904-DR-XXXL,JNE3904-DR-XXXL,JNE3904,Western Dress,3XL,Amazon source-local
JNE3905-DR-L,JNE3905-DR-L,JNE3905,Western Dress,L,Amazon source-local
JNE3905-DR-M,JNE3905-DR-M,JNE3905,Western Dress,M,Amazon source-local
JNE3905-DR-S,JNE3905-DR-S,JNE3905,Western Dress,S,Amazon source-local
JNE3905-DR-XL,JNE3905-DR-XL,JNE3905,Western Dress,XL,Amazon source-local
JNE3905-DR-XS,JNE3905-DR-XS,JNE3905,Western Dress,XS,Amazon source-local
JNE3905-DR-XXL,JNE3905-DR-XXL,JNE3905,Western Dress,XXL,Amazon source-local
JNE3905-DR-XXXL,JNE3905-DR-XXXL,JNE3905,Western Dress,3XL,Amazon source-local
JNE3906-KR-L,JNE3906-KR-L,JNE3906,kurta,L,Amazon source-local
JNE3906-KR-M,JNE3906-KR-M,JNE3906,kurta,M,Amazon source-local
JNE3906-KR-XL,JNE3906-KR-XL,JNE3906,kurta,XL,Amazon source-local
JNE3906-KR-XXXL,JNE3906-KR-XXXL,JNE3906,kurta,3XL,Amazon source-local
JNE3907-KR-L,JNE3907-KR-L,JNE3907,kurta,L,Amazon source-local
JNE3907-KR-S,JNE3907-KR-S,JNE3907,kurta,S,Amazon source-local
JNE3907-KR-XS,JNE3907-KR-XS,JNE3907,kurta,XS,Amazon source-local
JNE3908-KR-L,JNE3908-KR-L,JNE3908,kurta,L,Amazon source-local
JNE3908-KR-M,JNE3908-KR-M,JNE3908,kurta,M,Amazon source-local
JNE3908-KR-S,JNE3908-KR-S,JNE3908,kurta,S,Amazon source-local
JNE3908-KR-XL,JNE3908-KR-XL,JNE3908,kurta,XL,Amazon source-local
JNE3908-KR-XS,JNE3908-KR-XS,JNE3908,kurta,XS,Amazon source-local
JNE3908-KR-XXL,JNE3908-KR-XXL,JNE3908,kurta,XXL,Amazon source-local
JNE3909-KR-L,JNE3909-KR-L,JNE3909,kurta,L,Amazon source-local
JNE3909-KR-M,JNE3909-KR-M,JNE3909,kurta,M,Amazon source-local
JNE3909-KR-S,JNE3909-KR-S,JNE3909,kurta,S,Amazon source-local
JNE3909-KR-XL,JNE3909-KR-XL,JNE3909,kurta,XL,Amazon source-local
JNE3909-KR-XXL,JNE3909-KR-XXL,JNE3909,kurta,XXL,Amazon source-local
JNE3910-KR-L,JNE3910-KR-L,JNE3910,kurta,L,Amazon source-local
JNE3910-KR-M,JNE3910-KR-M,JNE3910,kurta,M,Amazon source-local
JNE3910-KR-S,JNE3910-KR-S,JNE3910,kurta,S,Amazon source-local
JNE3910-KR-XL,JNE3910-KR-XL,JNE3910,kurta,XL,Amazon source-local
JNE3910-KR-XS,JNE3910-KR-XS,JNE3910,kurta,XS,Amazon source-local
JNE3910-KR-XXL,JNE3910-KR-XXL,JNE3910,kurta,XXL,Amazon source-local
JNE3910-KR-XXXL,JNE3910-KR-XXXL,JNE3910,kurta,3XL,Amazon source-local
JNE3924-TU-L,JNE3924-TU-L,JNE3924,Top,L,Amazon source-local
JNE3924-TU-M,JNE3924-TU-M,JNE3924,Top,M,Amazon source-local
JNE3924-TU-XS,JNE3924-TU-XS,JNE3924,Top,XS,Amazon source-local
JNE3927-KR-M,JNE3927-KR-M,JNE3927,kurta,M,Amazon source-local
JNE3927-KR-XL,JNE3927-KR-XL,JNE3927,kurta,XL,Amazon source-local
JNE3927-KR-XS,JNE3927-KR-XS,JNE3927,kurta,XS,Amazon source-local
JNE3928-KR-L,JNE3928-KR-L,JNE3928,kurta,L,Amazon source-local
JNE3928-KR-M,JNE3928-KR-M,JNE3928,kurta,M,Amazon source-local
JNE3928-KR-S,JNE3928-KR-S,JNE3928,kurta,S,Amazon source-local
JNE3928-KR-XL,JNE3928-KR-XL,JNE3928,kurta,XL,Amazon source-local
JNE3928-KR-XS,JNE3928-KR-XS,JNE3928,kurta,XS,Amazon source-local
JNE3928-KR-XXL,JNE3928-KR-XXL,JNE3928,kurta,XXL,Amazon source-local
JNE3928-KR-XXXL,JNE3928-KR-XXXL,JNE3928,kurta,3XL,Amazon source-local
MEN5001-KR-L,MEN5001-KR-L,MEN5001,kurta,L,Amazon source-local
MEN5001-KR-M,MEN5001-KR-M,MEN5001,kurta,M,Amazon source-local
MEN5001-KR-S,MEN5001-KR-S,MEN5001,kurta,S,Amazon source-local
MEN5001-KR-XL,MEN5001-KR-XL,MEN5001,kurta,XL,Amazon source-local
MEN5001-KR-XXL,MEN5001-KR-XXL,MEN5001,kurta,XXL,Amazon source-local
MEN5001-KR-XXXL,MEN5001-KR-XXXL,MEN5001,kurta,3XL,Amazon source-local
MEN5002-KR-L,MEN5002-KR-L,MEN5002,kurta,L,Amazon source-local
MEN5002-KR-M,MEN5002-KR-M,MEN5002,kurta,M,Amazon source-local
MEN5002-KR-S,MEN5002-KR-S,MEN5002,kurta,S,Amazon source-local
MEN5002-KR-XL,MEN5002-KR-XL,MEN5002,kurta,XL,Amazon source-local
MEN5002-KR-XXL,MEN5002-KR-XXL,MEN5002,kurta,XXL,Amazon source-local
MEN5002-KR-XXXL,MEN5002-KR-XXXL,MEN5002,kurta,3XL,Amazon source-local
MEN5003-KR-L,MEN5003-KR-L,MEN5003,kurta,L,Amazon source-local
MEN5003-KR-M,MEN5003-KR-M,MEN5003,kurta,M,Amazon source-local
MEN5003-KR-S,MEN5003-KR-S,MEN5003,kurta,S,Amazon source-local
MEN5003-KR-XL,MEN5003-KR-XL,MEN5003,kurta,XL,Amazon source-local
MEN5003-KR-XXL,MEN5003-KR-XXL,MEN5003,kurta,XXL,Amazon source-local
MEN5003-KR-XXXL,MEN5003-KR-XXXL,MEN5003,kurta,3XL,Amazon source-local
MEN5004-KR-L,MEN5004-KR-L,MEN5004,kurta,L,Amazon source-local
MEN5004-KR-M,MEN5004-KR-M,MEN5004,kurta,M,Amazon source-local
MEN5004-KR-S,MEN5004-KR-S,MEN5004,kurta,S,Amazon source-local
MEN5004-KR-XL,MEN5004-KR-XL,MEN5004,kurta,XL,Amazon source-local
MEN5004-KR-XXL,MEN5004-KR-XXL,MEN5004,kurta,XXL,Amazon source-local
MEN5004-KR-XXXL,MEN5004-KR-XXXL,MEN5004,kurta,3XL,Amazon source-local
MEN5005-KR-L,MEN5005-KR-L,MEN5005,kurta,L,Amazon source-local
MEN5005-KR-M,MEN5005-KR-M,MEN5005,kurta,M,Amazon source-local
MEN5005-KR-XL,MEN5005-KR-XL,MEN5005,kurta,XL,Amazon source-local
MEN5005-KR-XXL,MEN5005-KR-XXL,MEN5005,kurta,XXL,Amazon source-local
MEN5005-KR-XXXL,MEN5005-KR-XXXL,MEN5005,kurta,3XL,Amazon source-local
MEN5006-KR-L,MEN5006-KR-L,MEN5006,kurta,L,Amazon source-local
MEN5006-KR-M,MEN5006-KR-M,MEN5006,kurta,M,Amazon source-local
MEN5006-KR-S,MEN5006-KR-S,MEN5006,kurta,S,Amazon source-local
MEN5006-KR-XL,MEN5006-KR-XL,MEN5006,kurta,XL,Amazon source-local
MEN5006-KR-XXL,MEN5006-KR-XXL,MEN5006,kurta,XXL,Amazon source-local
MEN5006-KR-XXXL,MEN5006-KR-XXXL,MEN5006,kurta,3XL,Amazon source-local
MEN5007-KR-L,MEN5007-KR-L,MEN5007,kurta,L,Amazon source-local
MEN5007-KR-M,MEN5007-KR-M,MEN5007,kurta,M,Amazon source-local
MEN5007-KR-S,MEN5007-KR-S,MEN5007,kurta,S,Amazon source-local
MEN5007-KR-XL,MEN5007-KR-XL,MEN5007,kurta,XL,Amazon source-local
MEN5007-KR-XXL,MEN5007-KR-XXL,MEN5007,kurta,XXL,Amazon source-local
MEN5007-KR-XXXL,MEN5007-KR-XXXL,MEN5007,kurta,3XL,Amazon source-local
MEN5008-KR-L,MEN5008-KR-L,MEN5008,kurta,L,Amazon source-local
MEN5008-KR-M,MEN5008-KR-M,MEN5008,kurta,M,Amazon source-local
MEN5008-KR-S,MEN5008-KR-S,MEN5008,kurta,S,Amazon source-local
MEN5008-KR-XL,MEN5008-KR-XL,MEN5008,kurta,XL,Amazon source-local
MEN5008-KR-XXL,MEN5008-KR-XXL,MEN5008,kurta,XXL,Amazon source-local
MEN5008-KR-XXXL,MEN5008-KR-XXXL,MEN5008,kurta,3XL,Amazon source-local
MEN5009-KR-L,MEN5009-KR-L,MEN5009,kurta,L,Amazon source-local
MEN5009-KR-M,MEN5009-KR-M,MEN5009,kurta,M,Amazon source-local
MEN5009-KR-S,MEN5009-KR-S,MEN5009,kurta,S,Amazon source-local
MEN5009-KR-XL,MEN5009-KR-XL,MEN5009,kurta,XL,Amazon source-local
MEN5009-KR-XXL,MEN5009-KR-XXL,MEN5009,kurta,XXL,Amazon source-local
MEN5009-KR-XXXL,MEN5009-KR-XXXL,MEN5009,kurta,3XL,Amazon source-local
MEN5010-KR-L,MEN5010-KR-L,MEN5010,kurta,L,Amazon source-local
MEN5010-KR-M,MEN5010-KR-M,MEN5010,kurta,M,Amazon source-local
MEN5010-KR-XL,MEN5010-KR-XL,MEN5010,kurta,XL,Amazon source-local
MEN5010-KR-XXL,MEN5010-KR-XXL,MEN5010,kurta,XXL,Amazon source-local
MEN5010-KR-XXXL,MEN5010-KR-XXXL,MEN5010,kurta,3XL,Amazon source-local
MEN5011-KR-L,MEN5011-KR-L,MEN5011,kurta,L,Amazon source-local
MEN5011-KR-M,MEN5011-KR-M,MEN5011,kurta,M,Amazon source-local
MEN5011-KR-S,MEN5011-KR-S,MEN5011,kurta,S,Amazon source-local
MEN5011-KR-XL,MEN5011-KR-XL,MEN5011,kurta,XL,Amazon source-local
MEN5011-KR-XXL,MEN5011-KR-XXL,MEN5011,kurta,XXL,Amazon source-local
MEN5011-KR-XXXL,MEN5011-KR-XXXL,MEN5011,kurta,3XL,Amazon source-local
MEN5012-KR-L,MEN5012-KR-L,MEN5012,kurta,L,Amazon source-local
MEN5012-KR-M,MEN5012-KR-M,MEN5012,kurta,M,Amazon source-local
MEN5012-KR-S,MEN5012-KR-S,MEN5012,kurta,S,Amazon source-local
MEN5012-KR-XL,MEN5012-KR-XL,MEN5012,kurta,XL,Amazon source-local
MEN5012-KR-XXXL,MEN5012-KR-XXXL,MEN5012,kurta,3XL,Amazon source-local
MEN5013-KR-L,MEN5013-KR-L,MEN5013,kurta,L,Amazon source-local
MEN5013-KR-M,MEN5013-KR-M,MEN5013,kurta,M,Amazon source-local
MEN5013-KR-S,MEN5013-KR-S,MEN5013,kurta,S,Amazon source-local
MEN5013-KR-XL,MEN5013-KR-XL,MEN5013,kurta,XL,Amazon source-local
MEN5013-KR-XXL,MEN5013-KR-XXL,MEN5013,kurta,XXL,Amazon source-local
MEN5013-KR-XXXL,MEN5013-KR-XXXL,MEN5013,kurta,3XL,Amazon source-local
MEN5014-KR-L,MEN5014-KR-L,MEN5014,kurta,L,Amazon source-local
MEN5014-KR-M,MEN5014-KR-M,MEN5014,kurta,M,Amazon source-local
MEN5014-KR-S,MEN5014-KR-S,MEN5014,kurta,S,Amazon source-local
MEN5014-KR-XL,MEN5014-KR-XL,MEN5014,kurta,XL,Amazon source-local
MEN5014-KR-XXL,MEN5014-KR-XXL,MEN5014,kurta,XXL,Amazon source-local
MEN5014-KR-XXXL,MEN5014-KR-XXXL,MEN5014,kurta,3XL,Amazon source-local
MEN5015-KR-L,MEN5015-KR-L,MEN5015,kurta,L,Amazon source-local
MEN5015-KR-M,MEN5015-KR-M,MEN5015,kurta,M,Amazon source-local
MEN5015-KR-S,MEN5015-KR-S,MEN5015,kurta,S,Amazon source-local
MEN5015-KR-XL,MEN5015-KR-XL,MEN5015,kurta,XL,Amazon source-local
MEN5015-KR-XXL,MEN5015-KR-XXL,MEN5015,kurta,XXL,Amazon source-local
MEN5016-KR-M,MEN5016-KR-M,MEN5016,kurta,M,Amazon source-local
MEN5016-KR-S,MEN5016-KR-S,MEN5016,kurta,S,Amazon source-local
MEN5016-KR-XXL,MEN5016-KR-XXL,MEN5016,kurta,XXL,Amazon source-local
MEN5016-KR-XXXL,MEN5016-KR-XXXL,MEN5016,kurta,3XL,Amazon source-local
MEN5017-KR-L,MEN5017-KR-L,MEN5017,kurta,L,Amazon source-local
MEN5017-KR-M,MEN5017-KR-M,MEN5017,kurta,M,Amazon source-local
MEN5017-KR-S,MEN5017-KR-S,MEN5017,kurta,S,Amazon source-local
MEN5017-KR-XL,MEN5017-KR-XL,MEN5017,kurta,XL,Amazon source-local
MEN5018-KR-L,MEN5018-KR-L,MEN5018,kurta,L,Amazon source-local
MEN5018-KR-M,MEN5018-KR-M,MEN5018,kurta,M,Amazon source-local
MEN5018-KR-S,MEN5018-KR-S,MEN5018,kurta,S,Amazon source-local
MEN5018-KR-XL,MEN5018-KR-XL,MEN5018,kurta,XL,Amazon source-local
MEN5018-KR-XXL,MEN5018-KR-XXL,MEN5018,kurta,XXL,Amazon source-local
MEN5018-KR-XXXL,MEN5018-KR-XXXL,MEN5018,kurta,3XL,Amazon source-local
MEN5019-KR-L,MEN5019-KR-L,MEN5019,kurta,L,Amazon source-local
MEN5019-KR-M,MEN5019-KR-M,MEN5019,kurta,M,Amazon source-local
MEN5019-KR-S,MEN5019-KR-S,MEN5019,kurta,S,Amazon source-local
MEN5019-KR-XL,MEN5019-KR-XL,MEN5019,kurta,XL,Amazon source-local
MEN5019-KR-XXL,MEN5019-KR-XXL,MEN5019,kurta,XXL,Amazon source-local
MEN5019-KR-XXXL,MEN5019-KR-XXXL,MEN5019,kurta,3XL,Amazon source-local
MEN5020-KR-S,MEN5020-KR-S,MEN5020,kurta,S,Amazon source-local
MEN5020-KR-XXXL,MEN5020-KR-XXXL,MEN5020,kurta,3XL,Amazon source-local
MEN5021-KR-L,MEN5021-KR-L,MEN5021,kurta,L,Amazon source-local
MEN5021-KR-M,MEN5021-KR-M,MEN5021,kurta,M,Amazon source-local
MEN5021-KR-S,MEN5021-KR-S,MEN5021,kurta,S,Amazon source-local
MEN5021-KR-XL,MEN5021-KR-XL,MEN5021,kurta,XL,Amazon source-local
MEN5021-KR-XXL,MEN5021-KR-XXL,MEN5021,kurta,XXL,Amazon source-local
MEN5021-KR-XXXL,MEN5021-KR-XXXL,MEN5021,kurta,3XL,Amazon source-local
MEN5022-KR-L,MEN5022-KR-L,MEN5022,kurta,L,Amazon source-local
MEN5022-KR-M,MEN5022-KR-M,MEN5022,kurta,M,Amazon source-local
MEN5022-KR-S,MEN5022-KR-S,MEN5022,kurta,S,Amazon source-local
MEN5022-KR-XL,MEN5022-KR-XL,MEN5022,kurta,XL,Amazon source-local
MEN5022-KR-XXL,MEN5022-KR-XXL,MEN5022,kurta,XXL,Amazon source-local
MEN5022-KR-XXXL,MEN5022-KR-XXXL,MEN5022,kurta,3XL,Amazon source-local
MEN5023-KR-L,MEN5023-KR-L,MEN5023,kurta,L,Amazon source-local
MEN5023-KR-M,MEN5023-KR-M,MEN5023,kurta,M,Amazon source-local
MEN5023-KR-S,MEN5023-KR-S,MEN5023,kurta,S,Amazon source-local
MEN5023-KR-XL,MEN5023-KR-XL,MEN5023,kurta,XL,Amazon source-local
MEN5023-KR-XXL,MEN5023-KR-XXL,MEN5023,kurta,XXL,Amazon source-local
MEN5023-KR-XXXL,MEN5023-KR-XXXL,MEN5023,kurta,3XL,Amazon source-local
MEN5024-KR-L,MEN5024-KR-L,MEN5024,kurta,L,Amazon source-local
MEN5024-KR-M,MEN5024-KR-M,MEN5024,kurta,M,Amazon source-local
MEN5024-KR-S,MEN5024-KR-S,MEN5024,kurta,S,Amazon source-local
MEN5024-KR-XL,MEN5024-KR-XL,MEN5024,kurta,XL,Amazon source-local
MEN5024-KR-XXL,MEN5024-KR-XXL,MEN5024,kurta,XXL,Amazon source-local
MEN5024-KR-XXXL,MEN5024-KR-XXXL,MEN5024,kurta,3XL,Amazon source-local
MEN5025-KR-L,MEN5025-KR-L,MEN5025,kurta,L,Amazon source-local
MEN5025-KR-M,MEN5025-KR-M,MEN5025,kurta,M,Amazon source-local
MEN5025-KR-S,MEN5025-KR-S,MEN5025,kurta,S,Amazon source-local
MEN5025-KR-XL,MEN5025-KR-XL,MEN5025,kurta,XL,Amazon source-local
MEN5025-KR-XXL,MEN5025-KR-XXL,MEN5025,kurta,XXL,Amazon source-local
MEN5025-KR-XXXL,MEN5025-KR-XXXL,MEN5025,kurta,3XL,Amazon source-local
MEN5026-KR-L,MEN5026-KR-L,MEN5026,kurta,L,Amazon source-local
MEN5026-KR-M,MEN5026-KR-M,MEN5026,kurta,M,Amazon source-local
MEN5026-KR-S,MEN5026-KR-S,MEN5026,kurta,S,Amazon source-local
MEN5026-KR-XL,MEN5026-KR-XL,MEN5026,kurta,XL,Amazon source-local
MEN5026-KR-XXL,MEN5026-KR-XXL,MEN5026,kurta,XXL,Amazon source-local
MEN5026-KR-XXXL,MEN5026-KR-XXXL,MEN5026,kurta,3XL,Amazon source-local
MEN5027-KR-L,MEN5027-KR-L,MEN5027,kurta,L,Amazon source-local
MEN5027-KR-M,MEN5027-KR-M,MEN5027,kurta,M,Amazon source-local
MEN5027-KR-S,MEN5027-KR-S,MEN5027,kurta,S,Amazon source-local
MEN5027-KR-XL,MEN5027-KR-XL,MEN5027,kurta,XL,Amazon source-local
MEN5027-KR-XXL,MEN5027-KR-XXL,MEN5027,kurta,XXL,Amazon source-local
MEN5027-KR-XXXL,MEN5027-KR-XXXL,MEN5027,kurta,3XL,Amazon source-local
MEN5028-KR-L,MEN5028-KR-L,MEN5028,kurta,L,Amazon source-local
MEN5028-KR-M,MEN5028-KR-M,MEN5028,kurta,M,Amazon source-local
MEN5028-KR-S,MEN5028-KR-S,MEN5028,kurta,S,Amazon source-local
MEN5028-KR-XL,MEN5028-KR-XL,MEN5028,kurta,XL,Amazon source-local
MEN5028-KR-XXL,MEN5028-KR-XXL,MEN5028,kurta,XXL,Amazon source-local
MEN5028-KR-XXXL,MEN5028-KR-XXXL,MEN5028,kurta,3XL,Amazon source-local
MEN5029-KR-L,MEN5029-KR-L,MEN5029,kurta,L,Amazon source-local
MEN5029-KR-M,MEN5029-KR-M,MEN5029,kurta,M,Amazon source-local
MEN5029-KR-S,MEN5029-KR-S,MEN5029,kurta,S,Amazon source-local
MEN5029-KR-XL,MEN5029-KR-XL,MEN5029,kurta,XL,Amazon source-local
MEN5029-KR-XXL,MEN5029-KR-XXL,MEN5029,kurta,XXL,Amazon source-local
MEN5029-KR-XXXL,MEN5029-KR-XXXL,MEN5029,kurta,3XL,Amazon source-local
MEN5030-KR-L,MEN5030-KR-L,MEN5030,kurta,L,Amazon source-local
MEN5030-KR-M,MEN5030-KR-M,MEN5030,kurta,M,Amazon source-local
MEN5030-KR-S,MEN5030-KR-S,MEN5030,kurta,S,Amazon source-local
MEN5030-KR-XL,MEN5030-KR-XL,MEN5030,kurta,XL,Amazon source-local
MEN5030-KR-XXL,MEN5030-KR-XXL,MEN5030,kurta,XXL,Amazon source-local
MEN5030-KR-XXXL,MEN5030-KR-XXXL,MEN5030,kurta,3XL,Amazon source-local
MEN5031-KR-L,MEN5031-KR-L,MEN5031,kurta,L,Amazon source-local
MEN5031-KR-M,MEN5031-KR-M,MEN5031,kurta,M,Amazon source-local
MEN5031-KR-S,MEN5031-KR-S,MEN5031,kurta,S,Amazon source-local
MEN5031-KR-XL,MEN5031-KR-XL,MEN5031,kurta,XL,Amazon source-local
MEN5031-KR-XXL,MEN5031-KR-XXL,MEN5031,kurta,XXL,Amazon source-local
MEN5031-KR-XXXL,MEN5031-KR-XXXL,MEN5031,kurta,3XL,Amazon source-local
MEN5032-KR-L,MEN5032-KR-L,MEN5032,kurta,L,Amazon source-local
MEN5032-KR-M,MEN5032-KR-M,MEN5032,kurta,M,Amazon source-local
MEN5032-KR-S,MEN5032-KR-S,MEN5032,kurta,S,Amazon source-local
MEN5032-KR-XL,MEN5032-KR-XL,MEN5032,kurta,XL,Amazon source-local
MEN5032-KR-XXL,MEN5032-KR-XXL,MEN5032,kurta,XXL,Amazon source-local
MEN5032-KR-XXXL,MEN5032-KR-XXXL,MEN5032,kurta,3XL,Amazon source-local
NW001-TP-PJ-L,NW001-TP-PJ-L,NW001,Set,L,Amazon source-local
NW001-TP-PJ-M,NW001-TP-PJ-M,NW001,Set,M,Amazon source-local
NW001-TP-PJ-S,NW001-TP-PJ-S,NW001,Set,S,Amazon source-local
NW001-TP-PJ-XL,NW001-TP-PJ-XL,NW001,Set,XL,Amazon source-local
NW001-TP-PJ-XS,NW001-TP-PJ-XS,NW001,Set,XS,Amazon source-local
NW001-TP-PJ-XXL,NW001-TP-PJ-XXL,NW001,Set,XXL,Amazon source-local
NW001-TP-PJ-XXXL,NW001-TP-PJ-XXXL,NW001,Set,3XL,Amazon source-local
NW002-TP-PJ-L,NW002-TP-PJ-L,NW002,Set,L,Amazon source-local
NW002-TP-PJ-M,NW002-TP-PJ-M,NW002,Set,M,Amazon source-local
NW002-TP-PJ-S,NW002-TP-PJ-S,NW002,Set,S,Amazon source-local
NW002-TP-PJ-XL,NW002-TP-PJ-XL,NW002,Set,XL,Amazon source-local
NW002-TP-PJ-XS,NW002-TP-PJ-XS,NW002,Set,XS,Amazon source-local
NW002-TP-PJ-XXL,NW002-TP-PJ-XXL,NW002,Set,XXL,Amazon source-local
NW002-TP-PJ-XXXL,NW002-TP-PJ-XXXL,NW002,Set,3XL,Amazon source-local
NW003-TP-PJ-L,NW003-TP-PJ-L,NW003,Set,L,Amazon source-local
NW003-TP-PJ-M,NW003-TP-PJ-M,NW003,Set,M,Amazon source-local
NW003-TP-PJ-S,NW003-TP-PJ-S,NW003,Set,S,Amazon source-local
NW003-TP-PJ-XL,NW003-TP-PJ-XL,NW003,Set,XL,Amazon source-local
NW003-TP-PJ-XS,NW003-TP-PJ-XS,NW003,Set,XS,Amazon source-local
NW003-TP-PJ-XXL,NW003-TP-PJ-XXL,NW003,Set,XXL,Amazon source-local
NW003-TP-PJ-XXXL,NW003-TP-PJ-XXXL,NW003,Set,3XL,Amazon source-local
NW004-TP-PJ-L,NW004-TP-PJ-L,NW004,Set,L,Amazon source-local
NW004-TP-PJ-M,NW004-TP-PJ-M,NW004,Set,M,Amazon source-local
NW004-TP-PJ-S,NW004-TP-PJ-S,NW004,Set,S,Amazon source-local
NW004-TP-PJ-XL,NW004-TP-PJ-XL,NW004,Set,XL,Amazon source-local
NW004-TP-PJ-XS,NW004-TP-PJ-XS,NW004,Set,XS,Amazon source-local
NW004-TP-PJ-XXL,NW004-TP-PJ-XXL,NW004,Set,XXL,Amazon source-local
NW004-TP-PJ-XXXL,NW004-TP-PJ-XXXL,NW004,Set,3XL,Amazon source-local
NW005-ST-PJ-L,NW005-ST-PJ-L,NW005,Set,L,Amazon source-local
NW005-ST-PJ-M,NW005-ST-PJ-M,NW005,Set,M,Amazon source-local
NW005-ST-PJ-S,NW005-ST-PJ-S,NW005,Set,S,Amazon source-local
NW005-ST-PJ-XL,NW005-ST-PJ-XL,NW005,Set,XL,Amazon source-local
NW005-ST-PJ-XS,NW005-ST-PJ-XS,NW005,Set,XS,Amazon source-local
NW005-ST-PJ-XXL,NW005-ST-PJ-XXL,NW005,Set,XXL,Amazon source-local
NW005-ST-PJ-XXXL,NW005-ST-PJ-XXXL,NW005,Set,3XL,Amazon source-local
NW006-ST-SR-L,NW006-ST-SR-L,NW006,Set,L,Amazon source-local
NW006-ST-SR-M,NW006-ST-SR-M,NW006,Set,M,Amazon source-local
NW006-ST-SR-S,NW006-ST-SR-S,NW006,Set,S,Amazon source-local
NW006-ST-SR-XL,NW006-ST-SR-XL,NW006,Set,XL,Amazon source-local
NW006-ST-SR-XS,NW006-ST-SR-XS,NW006,Set,XS,Amazon source-local
NW006-ST-SR-XXXL,NW006-ST-SR-XXXL,NW006,Set,3XL,Amazon source-local
NW007-ST-CP-L,NW007-ST-CP-L,NW007,Set,L,Amazon source-local
NW007-ST-CP-XL,NW007-ST-CP-XL,NW007,Set,XL,Amazon source-local
NW007-ST-CP-XXL,NW007-ST-CP-XXL,NW007,Set,XXL,Amazon source-local
NW007-ST-CP-XXXL,NW007-ST-CP-XXXL,NW007,Set,3XL,Amazon source-local
NW008-ST-CP-L,NW008-ST-CP-L,NW008,Set,L,Amazon source-local
NW008-ST-CP-M,NW008-ST-CP-M,NW008,Set,M,Amazon source-local
NW008-ST-CP-S,NW008-ST-CP-S,NW008,Set,S,Amazon source-local
NW008-ST-CP-XL,NW008-ST-CP-XL,NW008,Set,XL,Amazon source-local
NW008-ST-CP-XS,NW008-ST-CP-XS,NW008,Set,XS,Amazon source-local
NW008-ST-CP-XXL,NW008-ST-CP-XXL,NW008,Set,XXL,Amazon source-local
NW008-ST-CP-XXXL,NW008-ST-CP-XXXL,NW008,Set,3XL,Amazon source-local
NW009-ST-CP-L,NW009-ST-CP-L,NW009,Set,L,Amazon source-local
NW009-ST-CP-M,NW009-ST-CP-M,NW009,Set,M,Amazon source-local
NW009-ST-CP-S,NW009-ST-CP-S,NW009,Set,S,Amazon source-local
NW009-ST-CP-XL,NW009-ST-CP-XL,NW009,Set,XL,Amazon source-local
NW009-ST-CP-XS,NW009-ST-CP-XS,NW009,Set,XS,Amazon source-local
NW009-ST-CP-XXL,NW009-ST-CP-XXL,NW009,Set,XXL,Amazon source-local
NW009-ST-CP-XXXL,NW009-ST-CP-XXXL,NW009,Set,3XL,Amazon source-local
NW012-TP-PJ-L,NW012-TP-PJ-L,NW012,Set,L,Amazon source-local
NW012-TP-PJ-M,NW012-TP-PJ-M,NW012,Set,M,Amazon source-local
NW012-TP-PJ-S,NW012-TP-PJ-S,NW012,Set,S,Amazon source-local
NW012-TP-PJ-XL,NW012-TP-PJ-XL,NW012,Set,XL,Amazon source-local
NW012-TP-PJ-XS,NW012-TP-PJ-XS,NW012,Set,XS,Amazon source-local
NW012-TP-PJ-XXL,NW012-TP-PJ-XXL,NW012,Set,XXL,Amazon source-local
NW012-TP-PJ-XXXL,NW012-TP-PJ-XXXL,NW012,Set,3XL,Amazon source-local
NW013-ST-SR-L,NW013-ST-SR-L,NW013,Set,L,Amazon source-local
NW013-ST-SR-M,NW013-ST-SR-M,NW013,Set,M,Amazon source-local
NW013-ST-SR-S,NW013-ST-SR-S,NW013,Set,S,Amazon source-local
NW013-ST-SR-XL,NW013-ST-SR-XL,NW013,Set,XL,Amazon source-local
NW013-ST-SR-XS,NW013-ST-SR-XS,NW013,Set,XS,Amazon source-local
NW013-ST-SR-XXL,NW013-ST-SR-XXL,NW013,Set,XXL,Amazon source-local
NW013-ST-SR-XXXL,NW013-ST-SR-XXXL,NW013,Set,3XL,Amazon source-local
NW014-ST-SR-L,NW014-ST-SR-L,NW014,Set,L,Amazon source-local
NW014-ST-SR-M,NW014-ST-SR-M,NW014,Set,M,Amazon source-local
NW014-ST-SR-S,NW014-ST-SR-S,NW014,Set,S,Amazon source-local
NW014-ST-SR-XL,NW014-ST-SR-XL,NW014,Set,XL,Amazon source-local
NW014-ST-SR-XS,NW014-ST-SR-XS,NW014,Set,XS,Amazon source-local
NW014-ST-SR-XXL,NW014-ST-SR-XXL,NW014,Set,XXL,Amazon source-local
NW014-ST-SR-XXXL,NW014-ST-SR-XXXL,NW014,Set,3XL,Amazon source-local
NW015-TP-PJ-L,NW015-TP-PJ-L,NW015,Set,L,Amazon source-local
NW015-TP-PJ-M,NW015-TP-PJ-M,NW015,Set,M,Amazon source-local
NW015-TP-PJ-S,NW015-TP-PJ-S,NW015,Set,S,Amazon source-local
NW015-TP-PJ-XL,NW015-TP-PJ-XL,NW015,Set,XL,Amazon source-local
NW015-TP-PJ-XS,NW015-TP-PJ-XS,NW015,Set,XS,Amazon source-local
NW015-TP-PJ-XXL,NW015-TP-PJ-XXL,NW015,Set,XXL,Amazon source-local
NW015-TP-PJ-XXXL,NW015-TP-PJ-XXXL,NW015,Set,3XL,Amazon source-local
NW016-ST-SR-L,NW016-ST-SR-L,NW016,Set,L,Amazon source-local
NW016-ST-SR-M,NW016-ST-SR-M,NW016,Set,M,Amazon source-local
NW016-ST-SR-S,NW016-ST-SR-S,NW016,Set,S,Amazon source-local
NW016-ST-SR-XL,NW016-ST-SR-XL,NW016,Set,XL,Amazon source-local
NW016-ST-SR-XS,NW016-ST-SR-XS,NW016,Set,XS,Amazon source-local
NW016-ST-SR-XXL,NW016-ST-SR-XXL,NW016,Set,XXL,Amazon source-local
NW016-ST-SR-XXXL,NW016-ST-SR-XXXL,NW016,Set,3XL,Amazon source-local
NW020-ST-SR-L,NW020-ST-SR-L,NW020,Set,L,Amazon source-local
NW020-ST-SR-S,NW020-ST-SR-S,NW020,Set,S,Amazon source-local
NW020-ST-SR-XL,NW020-ST-SR-XL,NW020,Set,XL,Amazon source-local
NW020-ST-SR-XS,NW020-ST-SR-XS,NW020,Set,XS,Amazon source-local
NW020-ST-SR-XXL,NW020-ST-SR-XXL,NW020,Set,XXL,Amazon source-local
NW020-ST-SR-XXXL,NW020-ST-SR-XXXL,NW020,Set,3XL,Amazon source-local
NW022-TP-PJ-L,NW022-TP-PJ-L,NW022,Set,L,Amazon source-local
NW022-TP-PJ-M,NW022-TP-PJ-M,NW022,Set,M,Amazon source-local
NW022-TP-PJ-S,NW022-TP-PJ-S,NW022,Set,S,Amazon source-local
NW022-TP-PJ-XL,NW022-TP-PJ-XL,NW022,Set,XL,Amazon source-local
NW022-TP-PJ-XS,NW022-TP-PJ-XS,NW022,Set,XS,Amazon source-local
NW022-TP-PJ-XXL,NW022-TP-PJ-XXL,NW022,Set,XXL,Amazon source-local
NW022-TP-PJ-XXXL,NW022-TP-PJ-XXXL,NW022,Set,3XL,Amazon source-local
NW023-ST-SR-L,NW023-ST-SR-L,NW023,Set,L,Amazon source-local
NW023-ST-SR-XL,NW023-ST-SR-XL,NW023,Set,XL,Amazon source-local
NW024-TP-PJ-L,NW024-TP-PJ-L,NW024,Set,L,Amazon source-local
NW024-TP-PJ-M,NW024-TP-PJ-M,NW024,Set,M,Amazon source-local
NW024-TP-PJ-S,NW024-TP-PJ-S,NW024,Set,S,Amazon source-local
NW024-TP-PJ-XL,NW024-TP-PJ-XL,NW024,Set,XL,Amazon source-local
NW024-TP-PJ-XS,NW024-TP-PJ-XS,NW024,Set,XS,Amazon source-local
NW024-TP-PJ-XXL,NW024-TP-PJ-XXL,NW024,Set,XXL,Amazon source-local
NW024-TP-PJ-XXXL,NW024-TP-PJ-XXXL,NW024,Set,3XL,Amazon source-local
NW027-TP-PJ-M,NW027-TP-PJ-M,NW027,Set,M,Amazon source-local
NW027-TP-PJ-S,NW027-TP-PJ-S,NW027,Set,S,Amazon source-local
NW027-TP-PJ-XL,NW027-TP-PJ-XL,NW027,Set,XL,Amazon source-local
NW027-TP-PJ-XS,NW027-TP-PJ-XS,NW027,Set,XS,Amazon source-local
NW027-TP-PJ-XXL,NW027-TP-PJ-XXL,NW027,Set,XXL,Amazon source-local
NW027-TP-PJ-XXXL,NW027-TP-PJ-XXXL,NW027,Set,3XL,Amazon source-local
NW028-TP-PJ-L,NW028-TP-PJ-L,NW028,Set,L,Amazon source-local
NW028-TP-PJ-M,NW028-TP-PJ-M,NW028,Set,M,Amazon source-local
NW028-TP-PJ-S,NW028-TP-PJ-S,NW028,Set,S,Amazon source-local
NW028-TP-PJ-XL,NW028-TP-PJ-XL,NW028,Set,XL,Amazon source-local
NW028-TP-PJ-XS,NW028-TP-PJ-XS,NW028,Set,XS,Amazon source-local
NW028-TP-PJ-XXL,NW028-TP-PJ-XXL,NW028,Set,XXL,Amazon source-local
NW028-TP-PJ-XXXL,NW028-TP-PJ-XXXL,NW028,Set,3XL,Amazon source-local
NW029-ST-SR-L,NW029-ST-SR-L,NW029,Set,L,Amazon source-local
NW029-ST-SR-M,NW029-ST-SR-M,NW029,Set,M,Amazon source-local
NW029-ST-SR-S,NW029-ST-SR-S,NW029,Set,S,Amazon source-local
NW029-ST-SR-XL,NW029-ST-SR-XL,NW029,Set,XL,Amazon source-local
NW029-ST-SR-XS,NW029-ST-SR-XS,NW029,Set,XS,Amazon source-local
NW029-ST-SR-XXL,NW029-ST-SR-XXL,NW029,Set,XXL,Amazon source-local
NW029-ST-SR-XXXL,NW029-ST-SR-XXXL,NW029,Set,3XL,Amazon source-local
NW030-TP-PJ-L,NW030-TP-PJ-L,NW030,Set,L,Amazon source-local
NW030-TP-PJ-M,NW030-TP-PJ-M,NW030,Set,M,Amazon source-local
NW030-TP-PJ-S,NW030-TP-PJ-S,NW030,Set,S,Amazon source-local
NW030-TP-PJ-XL,NW030-TP-PJ-XL,NW030,Set,XL,Amazon source-local
NW030-TP-PJ-XS,NW030-TP-PJ-XS,NW030,Set,XS,Amazon source-local
NW030-TP-PJ-XXL,NW030-TP-PJ-XXL,NW030,Set,XXL,Amazon source-local
NW030-TP-PJ-XXXL,NW030-TP-PJ-XXXL,NW030,Set,3XL,Amazon source-local
NW031-TP-PJ-L,NW031-TP-PJ-L,NW031,Set,L,Amazon source-local
NW031-TP-PJ-M,NW031-TP-PJ-M,NW031,Set,M,Amazon source-local
NW031-TP-PJ-S,NW031-TP-PJ-S,NW031,Set,S,Amazon source-local
NW031-TP-PJ-XL,NW031-TP-PJ-XL,NW031,Set,XL,Amazon source-local
NW031-TP-PJ-XS,NW031-TP-PJ-XS,NW031,Set,XS,Amazon source-local
NW031-TP-PJ-XXL,NW031-TP-PJ-XXL,NW031,Set,XXL,Amazon source-local
NW031-TP-PJ-XXXL,NW031-TP-PJ-XXXL,NW031,Set,3XL,Amazon source-local
NW032-ST-CP-L,NW032-ST-CP-L,NW032,Set,L,Amazon source-local
NW032-ST-CP-M,NW032-ST-CP-M,NW032,Set,M,Amazon source-local
NW032-ST-CP-S,NW032-ST-CP-S,NW032,Set,S,Amazon source-local
NW032-ST-CP-XL,NW032-ST-CP-XL,NW032,Set,XL,Amazon source-local
NW032-ST-CP-XS,NW032-ST-CP-XS,NW032,Set,XS,Amazon source-local
NW032-ST-CP-XXL,NW032-ST-CP-XXL,NW032,Set,XXL,Amazon source-local
NW032-ST-CP-XXXL,NW032-ST-CP-XXXL,NW032,Set,3XL,Amazon source-local
NW033-ST-CP-L,NW033-ST-CP-L,NW033,Set,L,Amazon source-local
NW033-ST-CP-M,NW033-ST-CP-M,NW033,Set,M,Amazon source-local
NW033-ST-CP-S,NW033-ST-CP-S,NW033,Set,S,Amazon source-local
NW033-ST-CP-XL,NW033-ST-CP-XL,NW033,Set,XL,Amazon source-local
NW033-ST-CP-XS,NW033-ST-CP-XS,NW033,Set,XS,Amazon source-local
NW033-ST-CP-XXL,NW033-ST-CP-XXL,NW033,Set,XXL,Amazon source-local
NW033-ST-CP-XXXL,NW033-ST-CP-XXXL,NW033,Set,3XL,Amazon source-local
NW034-TP-PJ-L,NW034-TP-PJ-L,NW034,Set,L,Amazon source-local
NW034-TP-PJ-M,NW034-TP-PJ-M,NW034,Set,M,Amazon source-local
NW034-TP-PJ-S,NW034-TP-PJ-S,NW034,Set,S,Amazon source-local
NW034-TP-PJ-XL,NW034-TP-PJ-XL,NW034,Set,XL,Amazon source-local
NW034-TP-PJ-XS,NW034-TP-PJ-XS,NW034,Set,XS,Amazon source-local
NW034-TP-PJ-XXL,NW034-TP-PJ-XXL,NW034,Set,XXL,Amazon source-local
NW034-TP-PJ-XXXL,NW034-TP-PJ-XXXL,NW034,Set,3XL,Amazon source-local
NW035-ST-CP-L,NW035-ST-CP-L,NW035,Set,L,Amazon source-local
NW035-ST-CP-M,NW035-ST-CP-M,NW035,Set,M,Amazon source-local
NW035-ST-CP-S,NW035-ST-CP-S,NW035,Set,S,Amazon source-local
NW035-ST-CP-XL,NW035-ST-CP-XL,NW035,Set,XL,Amazon source-local
NW035-ST-CP-XS,NW035-ST-CP-XS,NW035,Set,XS,Amazon source-local
NW035-ST-CP-XXL,NW035-ST-CP-XXL,NW035,Set,XXL,Amazon source-local
NW035-ST-CP-XXXL,NW035-ST-CP-XXXL,NW035,Set,3XL,Amazon source-local
NW036-ST-SR-L,NW036-ST-SR-L,NW036,Set,L,Amazon source-local
NW036-ST-SR-M,NW036-ST-SR-M,NW036,Set,M,Amazon source-local
NW036-ST-SR-S,NW036-ST-SR-S,NW036,Set,S,Amazon source-local
NW036-ST-SR-XS,NW036-ST-SR-XS,NW036,Set,XS,Amazon source-local
NW036-ST-SR-XXL,NW036-ST-SR-XXL,NW036,Set,XXL,Amazon source-local
NW036-ST-SR-XXXL,NW036-ST-SR-XXXL,NW036,Set,3XL,Amazon source-local
NW037-TP-SR-L,NW037-TP-SR-L,NW037,Set,L,Amazon source-local
NW037-TP-SR-M,NW037-TP-SR-M,NW037,Set,M,Amazon source-local
NW037-TP-SR-S,NW037-TP-SR-S,NW037,Set,S,Amazon source-local
NW037-TP-SR-XL,NW037-TP-SR-XL,NW037,Set,XL,Amazon source-local
NW037-TP-SR-XS,NW037-TP-SR-XS,NW037,Set,XS,Amazon source-local
NW037-TP-SR-XXL,NW037-TP-SR-XXL,NW037,Set,XXL,Amazon source-local
NW037-TP-SR-XXXL,NW037-TP-SR-XXXL,NW037,Set,3XL,Amazon source-local
NW038-ST-SR-L,NW038-ST-SR-L,NW038,Set,L,Amazon source-local
NW038-ST-SR-M,NW038-ST-SR-M,NW038,Set,M,Amazon source-local
NW038-ST-SR-XL,NW038-ST-SR-XL,NW038,Set,XL,Amazon source-local
NW038-ST-SR-XS,NW038-ST-SR-XS,NW038,Set,XS,Amazon source-local
NW038-ST-SR-XXL,NW038-ST-SR-XXL,NW038,Set,XXL,Amazon source-local
NW038-ST-SR-XXXL,NW038-ST-SR-XXXL,NW038,Set,3XL,Amazon source-local
NW038-TP-SR-L,NW038-TP-SR-L,NW038,Set,L,Amazon source-local
NW039-TP-SR-L,NW039-TP-SR-L,NW039,Set,L,Amazon source-local
NW039-TP-SR-M,NW039-TP-SR-M,NW039,Set,M,Amazon source-local
NW039-TP-SR-S,NW039-TP-SR-S,NW039,Set,S,Amazon source-local
NW039-TP-SR-XL,NW039-TP-SR-XL,NW039,Set,XL,Amazon source-local
NW039-TP-SR-XS,NW039-TP-SR-XS,NW039,Set,XS,Amazon source-local
NW039-TP-SR-XXL,NW039-TP-SR-XXL,NW039,Set,XXL,Amazon source-local
NW039-TP-SR-XXXL,NW039-TP-SR-XXXL,NW039,Set,3XL,Amazon source-local
PJ0096-KR-N-4XL,PJ0096-KR-N-4XL,PJ0096,kurta,4XL,Amazon source-local
PJ0096-KR-N-5XL,PJ0096-KR-N-5XL,PJ0096,kurta,5XL,Amazon source-local
PJ0096-KR-N-6XL,PJ0096-KR-N-6XL,PJ0096,kurta,6XL,Amazon source-local
PJNE1906-KR-N-4XL,PJNE1906-KR-N-4XL,PJNE1906,kurta,4XL,Amazon source-local
PJNE1906-KR-N-5XL,PJNE1906-KR-N-5XL,PJNE1906,kurta,5XL,Amazon source-local
PJNE1906-KR-N-6XL,PJNE1906-KR-N-6XL,PJNE1906,kurta,6XL,Amazon source-local
PJNE2014-KR-N-4XL,PJNE2014-KR-N-4XL,PJNE2014,kurta,4XL,Amazon source-local
PJNE2014-KR-N-5XL,PJNE2014-KR-N-5XL,PJNE2014,kurta,5XL,Amazon source-local
PJNE2014-KR-N-6XL,PJNE2014-KR-N-6XL,PJNE2014,kurta,6XL,Amazon source-local
PJNE2100-KR-N-4XL,PJNE2100-KR-N-4XL,PJNE2100,kurta,4XL,Amazon source-local
PJNE2100-KR-N-5XL,PJNE2100-KR-N-5XL,PJNE2100,kurta,5XL,Amazon source-local
PJNE2100-KR-N-6XL,PJNE2100-KR-N-6XL,PJNE2100,kurta,6XL,Amazon source-local
PJNE2171-KR-N-4XL,PJNE2171-KR-N-4XL,PJNE2171,kurta,4XL,Amazon source-local
PJNE2171-KR-N-5XL,PJNE2171-KR-N-5XL,PJNE2171,kurta,5XL,Amazon source-local
PJNE2171-KR-N-6XL,PJNE2171-KR-N-6XL,PJNE2171,kurta,6XL,Amazon source-local
PJNE2199-KR-N-4XL,PJNE2199-KR-N-4XL,PJNE2199,kurta,4XL,Amazon source-local
PJNE2199-KR-N-5XL,PJNE2199-KR-N-5XL,PJNE2199,kurta,5XL,Amazon source-local
PJNE2199-KR-N-6XL,PJNE2199-KR-N-6XL,PJNE2199,kurta,6XL,Amazon source-local
PJNE2270-KR-N-4XL,PJNE2270-KR-N-4XL,PJNE2270,kurta,4XL,Amazon source-local
PJNE2270-KR-N-5XL,PJNE2270-KR-N-5XL,PJNE2270,kurta,5XL,Amazon source-local
PJNE2270-KR-N-6XL,PJNE2270-KR-N-6XL,PJNE2270,kurta,6XL,Amazon source-local
PJNE3068-KR-4XL,PJNE3068-KR-4XL,PJNE3068,kurta,4XL,Amazon source-local
PJNE3068-KR-5XL,PJNE3068-KR-5XL,PJNE3068,kurta,5XL,Amazon source-local
PJNE3068-KR-6XL,PJNE3068-KR-6XL,PJNE3068,kurta,6XL,Amazon source-local
PJNE3252-KR-N-4XL,PJNE3252-KR-N-4XL,PJNE3252,kurta,4XL,Amazon source-local
PJNE3252-KR-N-5XL,PJNE3252-KR-N-5XL,PJNE3252,kurta,5XL,Amazon source-local
PJNE3252-KR-N-6XL,PJNE3252-KR-N-6XL,PJNE3252,kurta,6XL,Amazon source-local
PJNE3291-KR-4XL,PJNE3291-KR-4XL,PJNE3291,kurta,4XL,Amazon source-local
PJNE3291-KR-5XL,PJNE3291-KR-5XL,PJNE3291,kurta,5XL,Amazon source-local
PJNE3291-KR-6XL,PJNE3291-KR-6XL,PJNE3291,kurta,6XL,Amazon source-local
PJNE3363-KR-N-4XL,PJNE3363-KR-N-4XL,PJNE3363,kurta,4XL,Amazon source-local
PJNE3363-KR-N-5XL,PJNE3363-KR-N-5XL,PJNE3363,kurta,5XL,Amazon source-local
PJNE3363-KR-N-6XL,PJNE3363-KR-N-6XL,PJNE3363,kurta,6XL,Amazon source-local
PJNE3364-KR-4XL,PJNE3364-KR-4XL,PJNE3364,kurta,4XL,Amazon source-local
PJNE3364-KR-5XL,PJNE3364-KR-5XL,PJNE3364,kurta,5XL,Amazon source-local
PJNE3364-KR-6XL,PJNE3364-KR-6XL,PJNE3364,kurta,6XL,Amazon source-local
PJNE3368-KR-4XL,PJNE3368-KR-4XL,PJNE3368,kurta,4XL,Amazon source-local
PJNE3368-KR-5XL,PJNE3368-KR-5XL,PJNE3368,kurta,5XL,Amazon source-local
PJNE3368-KR-6XL,PJNE3368-KR-6XL,PJNE3368,kurta,6XL,Amazon source-local
PJNE3373-KR-N-4XL,PJNE3373-KR-N-4XL,PJNE3373,kurta,4XL,Amazon source-local
PJNE3373-KR-N-5XL,PJNE3373-KR-N-5XL,PJNE3373,kurta,5XL,Amazon source-local
PJNE3373-KR-N-6XL,PJNE3373-KR-N-6XL,PJNE3373,kurta,6XL,Amazon source-local
PJNE3399-KR-N-4XL,PJNE3399-KR-N-4XL,PJNE3399,kurta,4XL,Amazon source-local
PJNE3399-KR-N-5XL,PJNE3399-KR-N-5XL,PJNE3399,kurta,5XL,Amazon source-local
PJNE3399-KR-N-6XL,PJNE3399-KR-N-6XL,PJNE3399,kurta,6XL,Amazon source-local
PJNE3404-KR-N-4XL,PJNE3404-KR-N-4XL,PJNE3404,kurta,4XL,Amazon source-local
PJNE3404-KR-N-5XL,PJNE3404-KR-N-5XL,PJNE3404,kurta,5XL,Amazon source-local
PJNE3404-KR-N-6XL,PJNE3404-KR-N-6XL,PJNE3404,kurta,6XL,Amazon source-local
PJNE3405-KR-N-4XL,PJNE3405-KR-N-4XL,PJNE3405,kurta,4XL,Amazon source-local
PJNE3405-KR-N-5XL,PJNE3405-KR-N-5XL,PJNE3405,kurta,5XL,Amazon source-local
PJNE3405-KR-N-6XL,PJNE3405-KR-N-6XL,PJNE3405,kurta,6XL,Amazon source-local
PJNE3421-KR-N-4XL,PJNE3421-KR-N-4XL,PJNE3421,kurta,4XL,Amazon source-local
PJNE3421-KR-N-5XL,PJNE3421-KR-N-5XL,PJNE3421,kurta,5XL,Amazon source-local
PJNE3421-KR-N-6XL,PJNE3421-KR-N-6XL,PJNE3421,kurta,6XL,Amazon source-local
PJNE3423-KR-N-4XL,PJNE3423-KR-N-4XL,PJNE3423,kurta,4XL,Amazon source-local
PJNE3423-KR-N-5XL,PJNE3423-KR-N-5XL,PJNE3423,kurta,5XL,Amazon source-local
PJNE3423-KR-N-6XL,PJNE3423-KR-N-6XL,PJNE3423,kurta,6XL,Amazon source-local
PJNE3439-KR-N-4XL,PJNE3439-KR-N-4XL,PJNE3439,kurta,4XL,Amazon source-local
PJNE3439-KR-N-5XL,PJNE3439-KR-N-5XL,PJNE3439,kurta,5XL,Amazon source-local
PJNE3439-KR-N-6XL,PJNE3439-KR-N-6XL,PJNE3439,kurta,6XL,Amazon source-local
PJNE3440-KR-N-4XL,PJNE3440-KR-N-4XL,PJNE3440,kurta,4XL,Amazon source-local
PJNE3440-KR-N-5XL,PJNE3440-KR-N-5XL,PJNE3440,kurta,5XL,Amazon source-local
PJNE3440-KR-N-6XL,PJNE3440-KR-N-6XL,PJNE3440,kurta,6XL,Amazon source-local
PJNE3445-KR-N-4XL,PJNE3445-KR-N-4XL,PJNE3445,kurta,4XL,Amazon source-local
PJNE3445-KR-N-5XL,PJNE3445-KR-N-5XL,PJNE3445,kurta,5XL,Amazon source-local
PJNE3445-KR-N-6XL,PJNE3445-KR-N-6XL,PJNE3445,kurta,6XL,Amazon source-local
PJNE3568-KR-N-4XL,PJNE3568-KR-N-4XL,PJNE3568,kurta,4XL,Amazon source-local
PJNE3568-KR-N-5XL,PJNE3568-KR-N-5XL,PJNE3568,kurta,5XL,Amazon source-local
PJNE3568-KR-N-6XL,PJNE3568-KR-N-6XL,PJNE3568,kurta,6XL,Amazon source-local
PJNE3607-KR-4XL,PJNE3607-KR-4XL,PJNE3607,kurta,4XL,Amazon source-local
PJNE3607-KR-5XL,PJNE3607-KR-5XL,PJNE3607,kurta,5XL,Amazon source-local
PJNE3607-KR-6XL,PJNE3607-KR-6XL,PJNE3607,kurta,6XL,Amazon source-local
PSET043-KR-NP-4XL,PSET043-KR-NP-4XL,PSET043,Set,4XL,Amazon source-local
PSET043-KR-NP-5XL,PSET043-KR-NP-5XL,PSET043,Set,5XL,Amazon source-local
PSET043-KR-NP-6XL,PSET043-KR-NP-6XL,PSET043,Set,6XL,Amazon source-local
PSET058-KR-NP-4XL,PSET058-KR-NP-4XL,PSET058,Set,4XL,Amazon source-local
PSET058-KR-NP-5XL,PSET058-KR-NP-5XL,PSET058,Set,5XL,Amazon source-local
PSET058-KR-NP-6XL,PSET058-KR-NP-6XL,PSET058,Set,6XL,Amazon source-local
PSET264-KR-NP-4XL,PSET264-KR-NP-4XL,PSET264,Set,4XL,Amazon source-local
PSET264-KR-NP-5XL,PSET264-KR-NP-5XL,PSET264,Set,5XL,Amazon source-local
PSET264-KR-NP-6XL,PSET264-KR-NP-6XL,PSET264,Set,6XL,Amazon source-local
PSET268-KR-NP-4XL,PSET268-KR-NP-4XL,PSET268,Set,4XL,Amazon source-local
PSET268-KR-NP-5XL,PSET268-KR-NP-5XL,PSET268,Set,5XL,Amazon source-local
PSET268-KR-NP-6XL,PSET268-KR-NP-6XL,PSET268,Set,6XL,Amazon source-local
SAR023,SAR023,SAR023,Saree,Free,Amazon source-local
SAR024,SAR024,SAR024,Saree,Free,Amazon source-local
SAR025,SAR025,SAR025,Saree,Free,Amazon source-local
SAR026,SAR026,SAR026,Saree,Free,Amazon source-local
SAR027,SAR027,SAR027,Saree,Free,Amazon source-local
SAR028,SAR028,SAR028,Saree,Free,Amazon source-local
SAR029,SAR029,SAR029,Saree,Free,Amazon source-local
SAR030,SAR030,SAR030,Saree,Free,Amazon source-local
SAR032,SAR032,SAR032,Saree,Free,Amazon source-local
SAR034,SAR034,SAR034,Saree,Free,Amazon source-local
SAR036,SAR036,SAR036,Saree,Free,Amazon source-local
SAR037,SAR037,SAR037,Saree,Free,Amazon source-local
SAR039,SAR039,SAR039,Saree,Free,Amazon source-local
SAR040,SAR040,SAR040,Saree,Free,Amazon source-local
SAR041,SAR041,SAR041,Saree,Free,Amazon source-local
SAR042,SAR042,SAR042,Saree,Free,Amazon source-local
SAR046,SAR046,SAR046,Saree,Free,Amazon source-local
SAR048,SAR048,SAR048,Saree,Free,Amazon source-local
SAR049,SAR049,SAR049,Saree,Free,Amazon source-local
SAR051,SAR051,SAR051,Saree,Free,Amazon source-local
SAR053,SAR053,SAR053,Saree,Free,Amazon source-local
SAR056,SAR056,SAR056,Saree,Free,Amazon source-local
SAR059,SAR059,SAR059,Saree,Free,Amazon source-local
SAR060,SAR060,SAR060,Saree,Free,Amazon source-local
SAR061,SAR061,SAR061,Saree,Free,Amazon source-local
SAR062,SAR062,SAR062,Saree,Free,Amazon source-local
SAR066,SAR066,SAR066,Saree,Free,Amazon source-local
SAR068,SAR068,SAR068,Saree,Free,Amazon source-local
SAR069,SAR069,SAR069,Saree,Free,Amazon source-local
SAR070,SAR070,SAR070,Saree,Free,Amazon source-local
SAR071,SAR071,SAR071,Saree,Free,Amazon source-local
SAR076,SAR076,SAR076,Saree,Free,Amazon source-local
SAR091,SAR091,SAR091,Saree,Free,Amazon source-local
SAR092,SAR092,SAR092,Saree,Free,Amazon source-local
SAR096,SAR096,SAR096,Saree,Free,Amazon source-local
SAR097,SAR097,SAR097,Saree,Free,Amazon source-local
SAR098,SAR098,SAR098,Saree,Free,Amazon source-local
SAR100,SAR100,SAR100,Saree,Free,Amazon source-local
SAR101,SAR101,SAR101,Saree,Free,Amazon source-local
SAR102,SAR102,SAR102,Saree,Free,Amazon source-local
SAR107,SAR107,SAR107,Saree,Free,Amazon source-local
SAR108,SAR108,SAR108,Saree,Free,Amazon source-local
SAR109,SAR109,SAR109,Saree,Free,Amazon source-local
SAR110,SAR110,SAR110,Saree,Free,Amazon source-local
SAR112,SAR112,SAR112,Saree,Free,Amazon source-local
SAR113,SAR113,SAR113,Saree,Free,Amazon source-local
SAR114,SAR114,SAR114,Saree,Free,Amazon source-local
SAR130,SAR130,SAR130,Saree,Free,Amazon source-local
SAR132,SAR132,SAR132,Saree,Free,Amazon source-local
SAR134,SAR134,SAR134,Saree,Free,Amazon source-local
SAR135,SAR135,SAR135,Saree,Free,Amazon source-local
SAR136,SAR136,SAR136,Saree,Free,Amazon source-local
SAR137,SAR137,SAR137,Saree,Free,Amazon source-local
SAR138,SAR138,SAR138,Saree,Free,Amazon source-local
SAR140,SAR140,SAR140,Saree,Free,Amazon source-local
SAR148,SAR148,SAR148,Saree,Free,Amazon source-local
SAR149,SAR149,SAR149,Saree,Free,Amazon source-local
SAR152,SAR152,SAR152,Saree,Free,Amazon source-local
SAR154,SAR154,SAR154,Saree,Free,Amazon source-local
SAR159,SAR159,SAR159,Saree,Free,Amazon source-local
SAR163,SAR163,SAR163,Saree,Free,Amazon source-local
SAR165,SAR165,SAR165,Saree,Free,Amazon source-local
SAR166,SAR166,SAR166,Saree,Free,Amazon source-local
SAR173,SAR173,SAR173,Saree,Free,Amazon source-local
SAR174,SAR174,SAR174,Saree,Free,Amazon source-local
SAR181,SAR181,SAR181,Saree,Free,Amazon source-local
SAR182,SAR182,SAR182,Saree,Free,Amazon source-local
SET003-KR-NP-A-S,SET003-KR-NP-A-S,SET003,Set,S,Amazon source-local
SET003-KR-NP-A-XXL,SET003-KR-NP-A-XXL,SET003,Set,XXL,Amazon source-local
SET004-KR-SP-A-M,SET004-KR-SP-A-M,SET004,Set,M,Amazon source-local
SET004-KR-SP-A-S,SET004-KR-SP-A-S,SET004,Set,S,Amazon source-local
SET004-KR-SP-A-XL,SET004-KR-SP-A-XL,SET004,Set,XL,Amazon source-local
SET004-KR-SP-A-XS,SET004-KR-SP-A-XS,SET004,Set,XS,Amazon source-local
SET004-KR-SP-A-XXL,SET004-KR-SP-A-XXL,SET004,Set,XXL,Amazon source-local
SET004-KR-SP-A-XXXL,SET004-KR-SP-A-XXXL,SET004,Set,3XL,Amazon source-local
SET004-KR-SP-M,SET004-KR-SP-M,SET004,Set,M,Amazon source-local
SET004-KR-SP-S,SET004-KR-SP-S,SET004,Set,S,Amazon source-local
SET004-KR-SP-XL,SET004-KR-SP-XL,SET004,Set,XL,Amazon source-local
SET004-KR-SP-XXL,SET004-KR-SP-XXL,SET004,Set,XXL,Amazon source-local
SET004-KR-SP-XXXL,SET004-KR-SP-XXXL,SET004,Set,3XL,Amazon source-local
SET014-KR-PP-A-L,SET014-KR-PP-A-L,SET014,Set,L,Amazon source-local
SET014-KR-PP-A-M,SET014-KR-PP-A-M,SET014,Set,M,Amazon source-local
SET014-KR-PP-A-S,SET014-KR-PP-A-S,SET014,Set,S,Amazon source-local
SET014-KR-PP-A-XL,SET014-KR-PP-A-XL,SET014,Set,XL,Amazon source-local
SET014-KR-PP-A-XS,SET014-KR-PP-A-XS,SET014,Set,XS,Amazon source-local
SET014-KR-PP-A-XXL,SET014-KR-PP-A-XXL,SET014,Set,XXL,Amazon source-local
SET014-KR-PP-A-XXXL,SET014-KR-PP-A-XXXL,SET014,Set,3XL,Amazon source-local
SET014-KR-PP-L,SET014-KR-PP-L,SET014,Set,L,Amazon source-local
SET014-KR-PP-M,SET014-KR-PP-M,SET014,Set,M,Amazon source-local
SET014-KR-PP-S,SET014-KR-PP-S,SET014,Set,S,Amazon source-local
SET014-KR-PP-XL,SET014-KR-PP-XL,SET014,Set,XL,Amazon source-local
SET014-KR-PP-XS,SET014-KR-PP-XS,SET014,Set,XS,Amazon source-local
SET014-KR-PP-XXL,SET014-KR-PP-XXL,SET014,Set,XXL,Amazon source-local
SET014-KR-PP-XXXL,SET014-KR-PP-XXXL,SET014,Set,3XL,Amazon source-local
SET019-KR-PP-A-S,SET019-KR-PP-A-S,SET019,Set,S,Amazon source-local
SET022-KR-SP-A-XXL,SET022-KR-SP-A-XXL,SET022,Set,XXL,Amazon source-local
SET024-KR-SP-A-M,SET024-KR-SP-A-M,SET024,kurta,M,Amazon source-local
SET025-KR-SP-A-XS,SET025-KR-SP-A-XS,SET025,Set,XS,Amazon source-local
SET026-KR-PP-A-XS,SET026-KR-PP-A-XS,SET026,Set,XS,Amazon source-local
SET034-KR-NP-S,SET034-KR-NP-S,SET034,Set,S,Amazon source-local
SET034-KR-NP-XL,SET034-KR-NP-XL,SET034,Set,XL,Amazon source-local
SET034-KR-NP-XS,SET034-KR-NP-XS,SET034,Set,XS,Amazon source-local
SET034-KR-NP-XXL,SET034-KR-NP-XXL,SET034,Set,XXL,Amazon source-local
SET034-KR-NP-XXXL,SET034-KR-NP-XXXL,SET034,Set,3XL,Amazon source-local
SET036-KR-NP-XXXL,SET036-KR-NP-XXXL,SET036,Set,3XL,Amazon source-local
SET037-KR-NP-L,SET037-KR-NP-L,SET037,Set,L,Amazon source-local
SET037-KR-NP-M,SET037-KR-NP-M,SET037,Set,M,Amazon source-local
SET037-KR-NP-S,SET037-KR-NP-S,SET037,Set,S,Amazon source-local
SET037-KR-NP-XL,SET037-KR-NP-XL,SET037,Set,XL,Amazon source-local
SET037-KR-NP-XXL,SET037-KR-NP-XXL,SET037,Set,XXL,Amazon source-local
SET037-KR-NP-XXXL,SET037-KR-NP-XXXL,SET037,Set,3XL,Amazon source-local
SET038-KR-PP-L,SET038-KR-PP-L,SET038,Set,L,Amazon source-local
SET038-KR-PP-M,SET038-KR-PP-M,SET038,Set,M,Amazon source-local
SET038-KR-PP-S,SET038-KR-PP-S,SET038,Set,S,Amazon source-local
SET038-KR-PP-XL,SET038-KR-PP-XL,SET038,Set,XL,Amazon source-local
SET038-KR-PP-XS,SET038-KR-PP-XS,SET038,Set,XS,Amazon source-local
SET038-KR-PP-XXL,SET038-KR-PP-XXL,SET038,Set,XXL,Amazon source-local
SET038-KR-PP-XXXL,SET038-KR-PP-XXXL,SET038,Set,3XL,Amazon source-local
SET043-KR-NP-L,SET043-KR-NP-L,SET043,Set,L,Amazon source-local
SET043-KR-NP-M,SET043-KR-NP-M,SET043,Set,M,Amazon source-local
SET043-KR-NP-S,SET043-KR-NP-S,SET043,Set,S,Amazon source-local
SET043-KR-NP-XL,SET043-KR-NP-XL,SET043,Set,XL,Amazon source-local
SET043-KR-NP-XS,SET043-KR-NP-XS,SET043,Set,XS,Amazon source-local
SET043-KR-NP-XXL,SET043-KR-NP-XXL,SET043,Set,XXL,Amazon source-local
SET043-KR-NP-XXXL,SET043-KR-NP-XXXL,SET043,Set,3XL,Amazon source-local
SET044-KR-NP-L,SET044-KR-NP-L,SET044,Set,L,Amazon source-local
SET044-KR-NP-M,SET044-KR-NP-M,SET044,Set,M,Amazon source-local
SET044-KR-NP-S,SET044-KR-NP-S,SET044,Set,S,Amazon source-local
SET044-KR-NP-XL,SET044-KR-NP-XL,SET044,Set,XL,Amazon source-local
SET044-KR-NP-XS,SET044-KR-NP-XS,SET044,Set,XS,Amazon source-local
SET044-KR-NP-XXL,SET044-KR-NP-XXL,SET044,Set,XXL,Amazon source-local
SET044-KR-NP-XXXL,SET044-KR-NP-XXXL,SET044,Set,3XL,Amazon source-local
SET045-KR-NP-M,SET045-KR-NP-M,SET045,Set,M,Amazon source-local
SET048-KR-NP-L,SET048-KR-NP-L,SET048,Set,L,Amazon source-local
SET048-KR-NP-M,SET048-KR-NP-M,SET048,Set,M,Amazon source-local
SET048-KR-NP-S,SET048-KR-NP-S,SET048,Set,S,Amazon source-local
SET048-KR-NP-XL,SET048-KR-NP-XL,SET048,Set,XL,Amazon source-local
SET048-KR-NP-XS,SET048-KR-NP-XS,SET048,Set,XS,Amazon source-local
SET048-KR-NP-XXL,SET048-KR-NP-XXL,SET048,Set,XXL,Amazon source-local
SET048-KR-NP-XXXL,SET048-KR-NP-XXXL,SET048,Set,3XL,Amazon source-local
SET049-KR-NP-S,SET049-KR-NP-S,SET049,Set,S,Amazon source-local
SET051-KR-NP-XXXL,SET051-KR-NP-XXXL,SET051,Set,3XL,Amazon source-local
SET053-KR-NP-L,SET053-KR-NP-L,SET053,Set,L,Amazon source-local
SET053-KR-NP-M,SET053-KR-NP-M,SET053,Set,M,Amazon source-local
SET053-KR-NP-S,SET053-KR-NP-S,SET053,Set,S,Amazon source-local
SET053-KR-NP-XL,SET053-KR-NP-XL,SET053,Set,XL,Amazon source-local
SET053-KR-NP-XS,SET053-KR-NP-XS,SET053,Set,XS,Amazon source-local
SET053-KR-NP-XXL,SET053-KR-NP-XXL,SET053,Set,XXL,Amazon source-local
SET053-KR-NP-XXXL,SET053-KR-NP-XXXL,SET053,Set,3XL,Amazon source-local
SET055-KR-NP-L,SET055-KR-NP-L,SET055,Set,L,Amazon source-local
SET055-KR-NP-M,SET055-KR-NP-M,SET055,Set,M,Amazon source-local
SET055-KR-NP-S,SET055-KR-NP-S,SET055,Set,S,Amazon source-local
SET055-KR-NP-XL,SET055-KR-NP-XL,SET055,Set,XL,Amazon source-local
SET055-KR-NP-XS,SET055-KR-NP-XS,SET055,Set,XS,Amazon source-local
SET055-KR-NP-XXL,SET055-KR-NP-XXL,SET055,Set,XXL,Amazon source-local
SET055-KR-NP-XXXL,SET055-KR-NP-XXXL,SET055,Set,3XL,Amazon source-local
SET058-KR-NP-L,SET058-KR-NP-L,SET058,Set,L,Amazon source-local
SET058-KR-NP-M,SET058-KR-NP-M,SET058,Set,M,Amazon source-local
SET058-KR-NP-S,SET058-KR-NP-S,SET058,Set,S,Amazon source-local
SET058-KR-NP-XL,SET058-KR-NP-XL,SET058,Set,XL,Amazon source-local
SET058-KR-NP-XS,SET058-KR-NP-XS,SET058,Set,XS,Amazon source-local
SET058-KR-NP-XXL,SET058-KR-NP-XXL,SET058,Set,XXL,Amazon source-local
SET058-KR-NP-XXXL,SET058-KR-NP-XXXL,SET058,Set,3XL,Amazon source-local
SET060-KR-NP-XL,SET060-KR-NP-XL,SET060,Set,XL,Amazon source-local
SET062-KR-SP-L,SET062-KR-SP-L,SET062,Set,L,Amazon source-local
SET062-KR-SP-M,SET062-KR-SP-M,SET062,Set,M,Amazon source-local
SET062-KR-SP-S,SET062-KR-SP-S,SET062,Set,S,Amazon source-local
SET062-KR-SP-XL,SET062-KR-SP-XL,SET062,Set,XL,Amazon source-local
SET062-KR-SP-XS,SET062-KR-SP-XS,SET062,Set,XS,Amazon source-local
SET062-KR-SP-XXL,SET062-KR-SP-XXL,SET062,Set,XXL,Amazon source-local
SET062-KR-SP-XXXL,SET062-KR-SP-XXXL,SET062,Set,3XL,Amazon source-local
SET066-KR-PP-M,SET066-KR-PP-M,SET066,Set,M,Amazon source-local
SET069-KR-NP-XS,SET069-KR-NP-XS,SET069,Set,XS,Amazon source-local
SET070-KR-NP-XS,SET070-KR-NP-XS,SET070,Set,XS,Amazon source-local
SET072-KR-SHA-S,SET072-KR-SHA-S,SET072,Set,S,Amazon source-local
SET073-KR-SHA-L,SET073-KR-SHA-L,SET073,Set,L,Amazon source-local
SET073-KR-SHA-M,SET073-KR-SHA-M,SET073,Set,M,Amazon source-local
SET073-KR-SHA-S,SET073-KR-SHA-S,SET073,Set,S,Amazon source-local
SET073-KR-SHA-XL,SET073-KR-SHA-XL,SET073,Set,XL,Amazon source-local
SET073-KR-SHA-XS,SET073-KR-SHA-XS,SET073,Set,XS,Amazon source-local
SET073-KR-SHA-XXL,SET073-KR-SHA-XXL,SET073,Set,XXL,Amazon source-local
SET073-KR-SHA-XXXL,SET073-KR-SHA-XXXL,SET073,Set,3XL,Amazon source-local
SET075-KR-DH-L,SET075-KR-DH-L,SET075,Set,L,Amazon source-local
SET075-KR-DH-S,SET075-KR-DH-S,SET075,Set,S,Amazon source-local
SET075-KR-DH-XS,SET075-KR-DH-XS,SET075,Set,XS,Amazon source-local
SET075-KR-DH-XXL,SET075-KR-DH-XXL,SET075,Set,XXL,Amazon source-local
SET075-KR-DH-XXXL,SET075-KR-DH-XXXL,SET075,Set,3XL,Amazon source-local
SET078-KR-NP-S,SET078-KR-NP-S,SET078,Set,S,Amazon source-local
SET078-KR-NP-XS,SET078-KR-NP-XS,SET078,Set,XS,Amazon source-local
SET083-KR-PP-L,SET083-KR-PP-L,SET083,Set,L,Amazon source-local
SET083-KR-PP-XL,SET083-KR-PP-XL,SET083,Set,XL,Amazon source-local
SET083-KR-PP-XXL,SET083-KR-PP-XXL,SET083,Set,XXL,Amazon source-local
SET083-KR-PP-XXXL,SET083-KR-PP-XXXL,SET083,Set,3XL,Amazon source-local
SET085-KR-PT-S,SET085-KR-PT-S,SET085,Set,S,Amazon source-local
SET085-KR-PT-XS,SET085-KR-PT-XS,SET085,Set,XS,Amazon source-local
SET087-KR-PP-L,SET087-KR-PP-L,SET087,Set,L,Amazon source-local
SET087-KR-PP-M,SET087-KR-PP-M,SET087,Set,M,Amazon source-local
SET087-KR-PP-S,SET087-KR-PP-S,SET087,Set,S,Amazon source-local
SET087-KR-PP-XL,SET087-KR-PP-XL,SET087,Set,XL,Amazon source-local
SET087-KR-PP-XS,SET087-KR-PP-XS,SET087,Set,XS,Amazon source-local
SET087-KR-PP-XXL,SET087-KR-PP-XXL,SET087,Set,XXL,Amazon source-local
SET087-KR-PP-XXXL,SET087-KR-PP-XXXL,SET087,Set,3XL,Amazon source-local
SET091-KR-NP-S,SET091-KR-NP-S,SET091,Set,S,Amazon source-local
SET091-KR-NP-XXL,SET091-KR-NP-XXL,SET091,Set,XXL,Amazon source-local
SET091-KR-NP-XXXL,SET091-KR-NP-XXXL,SET091,Set,3XL,Amazon source-local
SET094-KR-NP-L,SET094-KR-NP-L,SET094,Set,L,Amazon source-local
SET094-KR-NP-M,SET094-KR-NP-M,SET094,Set,M,Amazon source-local
SET094-KR-NP-S,SET094-KR-NP-S,SET094,Set,S,Amazon source-local
SET094-KR-NP-XL,SET094-KR-NP-XL,SET094,Set,XL,Amazon source-local
SET094-KR-NP-XS,SET094-KR-NP-XS,SET094,Set,XS,Amazon source-local
SET094-KR-NP-XXL,SET094-KR-NP-XXL,SET094,Set,XXL,Amazon source-local
SET094-KR-NP-XXXL,SET094-KR-NP-XXXL,SET094,Set,3XL,Amazon source-local
SET097-KR-PP-L,SET097-KR-PP-L,SET097,Set,L,Amazon source-local
SET097-KR-PP-S,SET097-KR-PP-S,SET097,Set,S,Amazon source-local
SET097-KR-PP-XL,SET097-KR-PP-XL,SET097,Set,XL,Amazon source-local
SET097-KR-PP-XS,SET097-KR-PP-XS,SET097,Set,XS,Amazon source-local
SET097-KR-PP-XXL,SET097-KR-PP-XXL,SET097,Set,XXL,Amazon source-local
SET097-KR-PP-XXXL,SET097-KR-PP-XXXL,SET097,Set,3XL,Amazon source-local
SET098-KR-PP-L,SET098-KR-PP-L,SET098,Set,L,Amazon source-local
SET098-KR-PP-M,SET098-KR-PP-M,SET098,Set,M,Amazon source-local
SET098-KR-PP-S,SET098-KR-PP-S,SET098,Set,S,Amazon source-local
SET098-KR-PP-XL,SET098-KR-PP-XL,SET098,Set,XL,Amazon source-local
SET098-KR-PP-XXL,SET098-KR-PP-XXL,SET098,Set,XXL,Amazon source-local
SET098-KR-PP-XXXL,SET098-KR-PP-XXXL,SET098,Set,3XL,Amazon source-local
SET100-KR-PP-L,SET100-KR-PP-L,SET100,Set,L,Amazon source-local
SET100-KR-PP-M,SET100-KR-PP-M,SET100,Set,M,Amazon source-local
SET100-KR-PP-S,SET100-KR-PP-S,SET100,Set,S,Amazon source-local
SET100-KR-PP-XL,SET100-KR-PP-XL,SET100,Set,XL,Amazon source-local
SET100-KR-PP-XS,SET100-KR-PP-XS,SET100,Set,XS,Amazon source-local
SET100-KR-PP-XXL,SET100-KR-PP-XXL,SET100,Set,XXL,Amazon source-local
SET100-KR-PP-XXXL,SET100-KR-PP-XXXL,SET100,Set,3XL,Amazon source-local
SET103-KR-SP-S,SET103-KR-SP-S,SET103,Set,S,Amazon source-local
SET110-KR-PP-L,SET110-KR-PP-L,SET110,Set,L,Amazon source-local
SET110-KR-PP-M,SET110-KR-PP-M,SET110,Set,M,Amazon source-local
SET110-KR-PP-S,SET110-KR-PP-S,SET110,Set,S,Amazon source-local
SET110-KR-PP-XL,SET110-KR-PP-XL,SET110,Set,XL,Amazon source-local
SET110-KR-PP-XS,SET110-KR-PP-XS,SET110,Set,XS,Amazon source-local
SET110-KR-PP-XXL,SET110-KR-PP-XXL,SET110,Set,XXL,Amazon source-local
SET110-KR-PP-XXXL,SET110-KR-PP-XXXL,SET110,Set,3XL,Amazon source-local
SET111-KR-SP-XL,SET111-KR-SP-XL,SET111,Set,XL,Amazon source-local
SET111-KR-SP-XXL,SET111-KR-SP-XXL,SET111,Set,XXL,Amazon source-local
SET112-KR-SP-XS,SET112-KR-SP-XS,SET112,Set,XS,Amazon source-local
SET114-KR-PP-XS,SET114-KR-PP-XS,SET114,Set,XS,Amazon source-local
SET116-KR-NP-L,SET116-KR-NP-L,SET116,Set,L,Amazon source-local
SET116-KR-NP-M,SET116-KR-NP-M,SET116,Set,M,Amazon source-local
SET116-KR-NP-S,SET116-KR-NP-S,SET116,Set,S,Amazon source-local
SET116-KR-NP-XL,SET116-KR-NP-XL,SET116,Set,XL,Amazon source-local
SET116-KR-NP-XS,SET116-KR-NP-XS,SET116,Set,XS,Amazon source-local
SET116-KR-NP-XXL,SET116-KR-NP-XXL,SET116,Set,XXL,Amazon source-local
SET116-KR-NP-XXXL,SET116-KR-NP-XXXL,SET116,Set,3XL,Amazon source-local
SET121-KR-NP-L,SET121-KR-NP-L,SET121,Set,L,Amazon source-local
SET121-KR-NP-XS,SET121-KR-NP-XS,SET121,Set,XS,Amazon source-local
SET121-KR-NP-XXXL,SET121-KR-NP-XXXL,SET121,Set,3XL,Amazon source-local
SET128-KR-DH-L,SET128-KR-DH-L,SET128,Set,L,Amazon source-local
SET128-KR-DH-M,SET128-KR-DH-M,SET128,Set,M,Amazon source-local
SET128-KR-DH-S,SET128-KR-DH-S,SET128,Set,S,Amazon source-local
SET128-KR-DH-XL,SET128-KR-DH-XL,SET128,Set,XL,Amazon source-local
SET128-KR-DH-XS,SET128-KR-DH-XS,SET128,Set,XS,Amazon source-local
SET128-KR-DH-XXL,SET128-KR-DH-XXL,SET128,Set,XXL,Amazon source-local
SET128-KR-DH-XXXL,SET128-KR-DH-XXXL,SET128,Set,3XL,Amazon source-local
SET129-KR-NP-XL,SET129-KR-NP-XL,SET129,Set,XL,Amazon source-local
SET130-KR-NP-L,SET130-KR-NP-L,SET130,Set,L,Amazon source-local
SET130-KR-NP-M,SET130-KR-NP-M,SET130,Set,M,Amazon source-local
SET130-KR-NP-S,SET130-KR-NP-S,SET130,Set,S,Amazon source-local
SET130-KR-NP-XL,SET130-KR-NP-XL,SET130,Set,XL,Amazon source-local
SET130-KR-NP-XS,SET130-KR-NP-XS,SET130,Set,XS,Amazon source-local
SET130-KR-NP-XXL,SET130-KR-NP-XXL,SET130,Set,XXL,Amazon source-local
SET130-KR-NP-XXXL,SET130-KR-NP-XXXL,SET130,Set,3XL,Amazon source-local
SET131-KR-NP-A-L,SET131-KR-NP-A-L,SET131,Set,L,Amazon source-local
SET131-KR-NP-A-M,SET131-KR-NP-A-M,SET131,Set,M,Amazon source-local
SET131-KR-NP-A-S,SET131-KR-NP-A-S,SET131,Set,S,Amazon source-local
SET131-KR-NP-A-XL,SET131-KR-NP-A-XL,SET131,Set,XL,Amazon source-local
SET131-KR-NP-A-XS,SET131-KR-NP-A-XS,SET131,Set,XS,Amazon source-local
SET131-KR-NP-A-XXL,SET131-KR-NP-A-XXL,SET131,Set,XXL,Amazon source-local
SET131-KR-NP-A-XXXL,SET131-KR-NP-A-XXXL,SET131,Set,3XL,Amazon source-local
SET131-KR-NP-L,SET131-KR-NP-L,SET131,Set,L,Amazon source-local
SET131-KR-NP-M,SET131-KR-NP-M,SET131,Set,M,Amazon source-local
SET131-KR-NP-S,SET131-KR-NP-S,SET131,Set,S,Amazon source-local
SET131-KR-NP-XL,SET131-KR-NP-XL,SET131,Set,XL,Amazon source-local
SET131-KR-NP-XS,SET131-KR-NP-XS,SET131,Set,XS,Amazon source-local
SET131-KR-NP-XXL,SET131-KR-NP-XXL,SET131,Set,XXL,Amazon source-local
SET131-KR-NP-XXXL,SET131-KR-NP-XXXL,SET131,Set,3XL,Amazon source-local
SET132-KR-NP-L,SET132-KR-NP-L,SET132,Set,L,Amazon source-local
SET132-KR-NP-M,SET132-KR-NP-M,SET132,Set,M,Amazon source-local
SET132-KR-NP-S,SET132-KR-NP-S,SET132,Set,S,Amazon source-local
SET132-KR-NP-XL,SET132-KR-NP-XL,SET132,Set,XL,Amazon source-local
SET132-KR-NP-XS,SET132-KR-NP-XS,SET132,Set,XS,Amazon source-local
SET132-KR-NP-XXL,SET132-KR-NP-XXL,SET132,Set,XXL,Amazon source-local
SET132-KR-NP-XXXL,SET132-KR-NP-XXXL,SET132,Set,3XL,Amazon source-local
SET135-KR-PP-XL,SET135-KR-PP-XL,SET135,Set,XL,Amazon source-local
SET135-KR-PP-XS,SET135-KR-PP-XS,SET135,Set,XS,Amazon source-local
SET135-KR-PP-XXXL,SET135-KR-PP-XXXL,SET135,Set,3XL,Amazon source-local
SET136-KR-PP-L,SET136-KR-PP-L,SET136,Set,L,Amazon source-local
SET138-KR-PP-L,SET138-KR-PP-L,SET138,Set,L,Amazon source-local
SET138-KR-PP-M,SET138-KR-PP-M,SET138,Set,M,Amazon source-local
SET138-KR-PP-S,SET138-KR-PP-S,SET138,Set,S,Amazon source-local
SET138-KR-PP-XL,SET138-KR-PP-XL,SET138,Set,XL,Amazon source-local
SET138-KR-PP-XS,SET138-KR-PP-XS,SET138,Set,XS,Amazon source-local
SET138-KR-PP-XXL,SET138-KR-PP-XXL,SET138,Set,XXL,Amazon source-local
SET138-KR-PP-XXXL,SET138-KR-PP-XXXL,SET138,Set,3XL,Amazon source-local
SET139-KR-PP-S,SET139-KR-PP-S,SET139,Set,S,Amazon source-local
SET139-KR-PP-XS,SET139-KR-PP-XS,SET139,Set,XS,Amazon source-local
SET139-KR-PP-XXXL,SET139-KR-PP-XXXL,SET139,Set,3XL,Amazon source-local
SET141-KR-NP-S,SET141-KR-NP-S,SET141,Set,S,Amazon source-local
SET142-KR-PP-L,SET142-KR-PP-L,SET142,Set,L,Amazon source-local
SET143-KR-PP-M,SET143-KR-PP-M,SET143,Set,M,Amazon source-local
SET143-KR-PP-S,SET143-KR-PP-S,SET143,Set,S,Amazon source-local
SET143-KR-PP-XS,SET143-KR-PP-XS,SET143,Set,XS,Amazon source-local
SET143-KR-PP-XXL,SET143-KR-PP-XXL,SET143,Set,XXL,Amazon source-local
SET144-KR-NP-L,SET144-KR-NP-L,SET144,Set,L,Amazon source-local
SET144-KR-NP-M,SET144-KR-NP-M,SET144,Set,M,Amazon source-local
SET144-KR-NP-S,SET144-KR-NP-S,SET144,Set,S,Amazon source-local
SET144-KR-NP-XL,SET144-KR-NP-XL,SET144,Set,XL,Amazon source-local
SET144-KR-NP-XS,SET144-KR-NP-XS,SET144,Set,XS,Amazon source-local
SET144-KR-NP-XXL,SET144-KR-NP-XXL,SET144,Set,XXL,Amazon source-local
SET144-KR-NP-XXXL,SET144-KR-NP-XXXL,SET144,Set,3XL,Amazon source-local
SET145-KR-NP-L,SET145-KR-NP-L,SET145,Set,L,Amazon source-local
SET145-KR-NP-M,SET145-KR-NP-M,SET145,Set,M,Amazon source-local
SET145-KR-NP-S,SET145-KR-NP-S,SET145,Set,S,Amazon source-local
SET145-KR-NP-XL,SET145-KR-NP-XL,SET145,Set,XL,Amazon source-local
SET145-KR-NP-XS,SET145-KR-NP-XS,SET145,Set,XS,Amazon source-local
SET145-KR-NP-XXL,SET145-KR-NP-XXL,SET145,Set,XXL,Amazon source-local
SET145-KR-NP-XXXL,SET145-KR-NP-XXXL,SET145,Set,3XL,Amazon source-local
SET147-KR-NP-M,SET147-KR-NP-M,SET147,Set,M,Amazon source-local
SET147-KR-NP-S,SET147-KR-NP-S,SET147,Set,S,Amazon source-local
SET147-KR-NP-XL,SET147-KR-NP-XL,SET147,Set,XL,Amazon source-local
SET147-KR-NP-XS,SET147-KR-NP-XS,SET147,Set,XS,Amazon source-local
SET147-KR-NP-XXL,SET147-KR-NP-XXL,SET147,Set,XXL,Amazon source-local
SET147-KR-NP-XXXL,SET147-KR-NP-XXXL,SET147,Set,3XL,Amazon source-local
SET152-KR-NP-S,SET152-KR-NP-S,SET152,Set,S,Amazon source-local
SET152-KR-NP-XS,SET152-KR-NP-XS,SET152,Set,XS,Amazon source-local
SET153-KR-NP-XS,SET153-KR-NP-XS,SET153,Set,XS,Amazon source-local
SET153-KR-NP-XXL,SET153-KR-NP-XXL,SET153,Set,XXL,Amazon source-local
SET153-KR-NP-XXXL,SET153-KR-NP-XXXL,SET153,Set,3XL,Amazon source-local
SET154-KR-NP-L,SET154-KR-NP-L,SET154,Set,L,Amazon source-local
SET154-KR-NP-M,SET154-KR-NP-M,SET154,Set,M,Amazon source-local
SET154-KR-NP-S,SET154-KR-NP-S,SET154,Set,S,Amazon source-local
SET154-KR-NP-XL,SET154-KR-NP-XL,SET154,Set,XL,Amazon source-local
SET154-KR-NP-XS,SET154-KR-NP-XS,SET154,Set,XS,Amazon source-local
SET154-KR-NP-XXL,SET154-KR-NP-XXL,SET154,Set,XXL,Amazon source-local
SET154-KR-NP-XXXL,SET154-KR-NP-XXXL,SET154,Set,3XL,Amazon source-local
SET155-KR-PP-S,SET155-KR-PP-S,SET155,Set,S,Amazon source-local
SET155-KR-PP-XS,SET155-KR-PP-XS,SET155,Set,XS,Amazon source-local
SET156-KR-NP-L,SET156-KR-NP-L,SET156,Set,L,Amazon source-local
SET156-KR-NP-M,SET156-KR-NP-M,SET156,Set,M,Amazon source-local
SET156-KR-NP-S,SET156-KR-NP-S,SET156,Set,S,Amazon source-local
SET156-KR-NP-XL,SET156-KR-NP-XL,SET156,Set,XL,Amazon source-local
SET156-KR-NP-XS,SET156-KR-NP-XS,SET156,Set,XS,Amazon source-local
SET156-KR-NP-XXL,SET156-KR-NP-XXL,SET156,Set,XXL,Amazon source-local
SET156-KR-NP-XXXL,SET156-KR-NP-XXXL,SET156,Set,3XL,Amazon source-local
SET158-KR-PP-L,SET158-KR-PP-L,SET158,Set,L,Amazon source-local
SET158-KR-PP-M,SET158-KR-PP-M,SET158,Set,M,Amazon source-local
SET158-KR-PP-S,SET158-KR-PP-S,SET158,Set,S,Amazon source-local
SET158-KR-PP-XL,SET158-KR-PP-XL,SET158,Set,XL,Amazon source-local
SET158-KR-PP-XS,SET158-KR-PP-XS,SET158,Set,XS,Amazon source-local
SET158-KR-PP-XXL,SET158-KR-PP-XXL,SET158,Set,XXL,Amazon source-local
SET158-KR-PP-XXXL,SET158-KR-PP-XXXL,SET158,Set,3XL,Amazon source-local
SET159-KR-NP-XS,SET159-KR-NP-XS,SET159,Set,XS,Amazon source-local
SET159-KR-NP-XXL,SET159-KR-NP-XXL,SET159,Set,XXL,Amazon source-local
SET162-KR-PP-XL,SET162-KR-PP-XL,SET162,Set,XL,Amazon source-local
SET165-KR-PP-L,SET165-KR-PP-L,SET165,Set,L,Amazon source-local
SET165-KR-PP-M,SET165-KR-PP-M,SET165,Set,M,Amazon source-local
SET165-KR-PP-S,SET165-KR-PP-S,SET165,Set,S,Amazon source-local
SET165-KR-PP-XL,SET165-KR-PP-XL,SET165,Set,XL,Amazon source-local
SET165-KR-PP-XS,SET165-KR-PP-XS,SET165,Set,XS,Amazon source-local
SET165-KR-PP-XXL,SET165-KR-PP-XXL,SET165,Set,XXL,Amazon source-local
SET165-KR-PP-XXXL,SET165-KR-PP-XXXL,SET165,Set,3XL,Amazon source-local
SET171-KR-NP-L,SET171-KR-NP-L,SET171,Set,L,Amazon source-local
SET171-KR-NP-M,SET171-KR-NP-M,SET171,Set,M,Amazon source-local
SET171-KR-NP-S,SET171-KR-NP-S,SET171,Set,S,Amazon source-local
SET171-KR-NP-XL,SET171-KR-NP-XL,SET171,Set,XL,Amazon source-local
SET171-KR-NP-XS,SET171-KR-NP-XS,SET171,Set,XS,Amazon source-local
SET171-KR-NP-XXL,SET171-KR-NP-XXL,SET171,Set,XXL,Amazon source-local
SET171-KR-NP-XXXL,SET171-KR-NP-XXXL,SET171,Set,3XL,Amazon source-local
SET172-KR-PP-B-L,SET172-KR-PP-B-L,SET172,Set,L,Amazon source-local
SET172-KR-PP-B-M,SET172-KR-PP-B-M,SET172,Set,M,Amazon source-local
SET172-KR-PP-B-S,SET172-KR-PP-B-S,SET172,Set,S,Amazon source-local
SET172-KR-PP-B-XL,SET172-KR-PP-B-XL,SET172,Set,XL,Amazon source-local
SET172-KR-PP-B-XS,SET172-KR-PP-B-XS,SET172,Set,XS,Amazon source-local
SET172-KR-PP-B-XXL,SET172-KR-PP-B-XXL,SET172,Set,XXL,Amazon source-local
SET172-KR-PP-B-XXXL,SET172-KR-PP-B-XXXL,SET172,Set,3XL,Amazon source-local
SET179-KR-PP-L,SET179-KR-PP-L,SET179,Set,L,Amazon source-local
SET179-KR-PP-S,SET179-KR-PP-S,SET179,Set,S,Amazon source-local
SET179-KR-PP-XL,SET179-KR-PP-XL,SET179,Set,XL,Amazon source-local
SET179-KR-PP-XS,SET179-KR-PP-XS,SET179,Set,XS,Amazon source-local
SET179-KR-PP-XXL,SET179-KR-PP-XXL,SET179,Set,XXL,Amazon source-local
SET179-KR-PP-XXXL,SET179-KR-PP-XXXL,SET179,Set,3XL,Amazon source-local
SET182-KR-DH-K-M,SET182-KR-DH-K-M,SET182,Set,M,Amazon source-local
SET182-KR-DH-L,SET182-KR-DH-L,SET182,Set,L,Amazon source-local
SET182-KR-DH-M,SET182-KR-DH-M,SET182,Set,M,Amazon source-local
SET182-KR-DH-S,SET182-KR-DH-S,SET182,Set,S,Amazon source-local
SET182-KR-DH-XL,SET182-KR-DH-XL,SET182,Set,XL,Amazon source-local
SET182-KR-DH-XS,SET182-KR-DH-XS,SET182,Set,XS,Amazon source-local
SET182-KR-DH-XXL,SET182-KR-DH-XXL,SET182,Set,XXL,Amazon source-local
SET182-KR-DH-XXXL,SET182-KR-DH-XXXL,SET182,Set,3XL,Amazon source-local
SET183-KR-DH-L,SET183-KR-DH-L,SET183,Set,L,Amazon source-local
SET183-KR-DH-M,SET183-KR-DH-M,SET183,Set,M,Amazon source-local
SET183-KR-DH-S,SET183-KR-DH-S,SET183,Set,S,Amazon source-local
SET183-KR-DH-XL,SET183-KR-DH-XL,SET183,Set,XL,Amazon source-local
SET183-KR-DH-XS,SET183-KR-DH-XS,SET183,Set,XS,Amazon source-local
SET183-KR-DH-XXL,SET183-KR-DH-XXL,SET183,Set,XXL,Amazon source-local
SET183-KR-DH-XXXL,SET183-KR-DH-XXXL,SET183,Set,3XL,Amazon source-local
SET184-KR-PP-L,SET184-KR-PP-L,SET184,Set,L,Amazon source-local
SET184-KR-PP-M,SET184-KR-PP-M,SET184,Set,M,Amazon source-local
SET184-KR-PP-S,SET184-KR-PP-S,SET184,Set,S,Amazon source-local
SET184-KR-PP-XL,SET184-KR-PP-XL,SET184,Set,XL,Amazon source-local
SET184-KR-PP-XS,SET184-KR-PP-XS,SET184,Set,XS,Amazon source-local
SET184-KR-PP-XXL,SET184-KR-PP-XXL,SET184,Set,XXL,Amazon source-local
SET184-KR-PP-XXXL,SET184-KR-PP-XXXL,SET184,Set,3XL,Amazon source-local
SET185-KR-NP-L,SET185-KR-NP-L,SET185,Set,L,Amazon source-local
SET185-KR-NP-M,SET185-KR-NP-M,SET185,Set,M,Amazon source-local
SET185-KR-NP-S,SET185-KR-NP-S,SET185,Set,S,Amazon source-local
SET185-KR-NP-XL,SET185-KR-NP-XL,SET185,Set,XL,Amazon source-local
SET185-KR-NP-XS,SET185-KR-NP-XS,SET185,Set,XS,Amazon source-local
SET185-KR-NP-XXL,SET185-KR-NP-XXL,SET185,Set,XXL,Amazon source-local
SET185-KR-NP-XXXL,SET185-KR-NP-XXXL,SET185,Set,3XL,Amazon source-local
SET186-KR-DH-K-M,SET186-KR-DH-K-M,SET186,Set,M,Amazon source-local
SET186-KR-DH-L,SET186-KR-DH-L,SET186,Set,L,Amazon source-local
SET186-KR-DH-M,SET186-KR-DH-M,SET186,Set,M,Amazon source-local
SET186-KR-DH-S,SET186-KR-DH-S,SET186,Set,S,Amazon source-local
SET186-KR-DH-XL,SET186-KR-DH-XL,SET186,Set,XL,Amazon source-local
SET186-KR-DH-XS,SET186-KR-DH-XS,SET186,Set,XS,Amazon source-local
SET186-KR-DH-XXL,SET186-KR-DH-XXL,SET186,Set,XXL,Amazon source-local
SET186-KR-DH-XXXL,SET186-KR-DH-XXXL,SET186,Set,3XL,Amazon source-local
SET187-KR-DH-L,SET187-KR-DH-L,SET187,Set,L,Amazon source-local
SET187-KR-DH-M,SET187-KR-DH-M,SET187,Set,M,Amazon source-local
SET187-KR-DH-S,SET187-KR-DH-S,SET187,Set,S,Amazon source-local
SET187-KR-DH-XL,SET187-KR-DH-XL,SET187,Set,XL,Amazon source-local
SET187-KR-DH-XS,SET187-KR-DH-XS,SET187,Set,XS,Amazon source-local
SET187-KR-DH-XXL,SET187-KR-DH-XXL,SET187,Set,XXL,Amazon source-local
SET187-KR-DH-XXXL,SET187-KR-DH-XXXL,SET187,Set,3XL,Amazon source-local
SET188-KR-NP-L,SET188-KR-NP-L,SET188,Set,L,Amazon source-local
SET188-KR-NP-M,SET188-KR-NP-M,SET188,Set,M,Amazon source-local
SET188-KR-NP-S,SET188-KR-NP-S,SET188,Set,S,Amazon source-local
SET188-KR-NP-XL,SET188-KR-NP-XL,SET188,Set,XL,Amazon source-local
SET188-KR-NP-XS,SET188-KR-NP-XS,SET188,Set,XS,Amazon source-local
SET188-KR-NP-XXL,SET188-KR-NP-XXL,SET188,Set,XXL,Amazon source-local
SET188-KR-NP-XXXL,SET188-KR-NP-XXXL,SET188,Set,3XL,Amazon source-local
SET191-KR-PP-M,SET191-KR-PP-M,SET191,Set,M,Amazon source-local
SET191-KR-PP-XL,SET191-KR-PP-XL,SET191,Set,XL,Amazon source-local
SET192-KR-NP-L,SET192-KR-NP-L,SET192,Set,L,Amazon source-local
SET192-KR-NP-M,SET192-KR-NP-M,SET192,Set,M,Amazon source-local
SET192-KR-NP-S,SET192-KR-NP-S,SET192,Set,S,Amazon source-local
SET192-KR-NP-XL,SET192-KR-NP-XL,SET192,Set,XL,Amazon source-local
SET192-KR-NP-XS,SET192-KR-NP-XS,SET192,Set,XS,Amazon source-local
SET192-KR-NP-XXL,SET192-KR-NP-XXL,SET192,Set,XXL,Amazon source-local
SET192-KR-NP-XXXL,SET192-KR-NP-XXXL,SET192,Set,3XL,Amazon source-local
SET193-KR-NP-A-M,SET193-KR-NP-A-M,SET193,Set,M,Amazon source-local
SET193-KR-NP-A-S,SET193-KR-NP-A-S,SET193,Set,S,Amazon source-local
SET193-KR-NP-A-XL,SET193-KR-NP-A-XL,SET193,Set,XL,Amazon source-local
SET193-KR-NP-A-XS,SET193-KR-NP-A-XS,SET193,Set,XS,Amazon source-local
SET193-KR-NP-A-XXL,SET193-KR-NP-A-XXL,SET193,Set,XXL,Amazon source-local
SET193-KR-NP-A-XXXL,SET193-KR-NP-A-XXXL,SET193,Set,3XL,Amazon source-local
SET194-KR-NP-L,SET194-KR-NP-L,SET194,Set,L,Amazon source-local
SET194-KR-NP-M,SET194-KR-NP-M,SET194,Set,M,Amazon source-local
SET194-KR-NP-S,SET194-KR-NP-S,SET194,Set,S,Amazon source-local
SET194-KR-NP-XL,SET194-KR-NP-XL,SET194,Set,XL,Amazon source-local
SET194-KR-NP-XS,SET194-KR-NP-XS,SET194,Set,XS,Amazon source-local
SET194-KR-NP-XXL,SET194-KR-NP-XXL,SET194,Set,XXL,Amazon source-local
SET194-KR-NP-XXXL,SET194-KR-NP-XXXL,SET194,Set,3XL,Amazon source-local
SET195-KR-NP-A-L,SET195-KR-NP-A-L,SET195,Set,L,Amazon source-local
SET195-KR-NP-A-S,SET195-KR-NP-A-S,SET195,Set,S,Amazon source-local
SET195-KR-NP-A-XL,SET195-KR-NP-A-XL,SET195,Set,XL,Amazon source-local
SET195-KR-NP-A-XS,SET195-KR-NP-A-XS,SET195,Set,XS,Amazon source-local
SET195-KR-NP-A-XXL,SET195-KR-NP-A-XXL,SET195,Set,XXL,Amazon source-local
SET196-KR-NP-L,SET196-KR-NP-L,SET196,Set,L,Amazon source-local
SET196-KR-NP-M,SET196-KR-NP-M,SET196,Set,M,Amazon source-local
SET196-KR-NP-S,SET196-KR-NP-S,SET196,Set,S,Amazon source-local
SET196-KR-NP-XL,SET196-KR-NP-XL,SET196,Set,XL,Amazon source-local
SET196-KR-NP-XS,SET196-KR-NP-XS,SET196,Set,XS,Amazon source-local
SET196-KR-NP-XXL,SET196-KR-NP-XXL,SET196,Set,XXL,Amazon source-local
SET196-KR-NP-XXXL,SET196-KR-NP-XXXL,SET196,Set,3XL,Amazon source-local
SET197-KR-NP-L,SET197-KR-NP-L,SET197,Set,L,Amazon source-local
SET197-KR-NP-M,SET197-KR-NP-M,SET197,Set,M,Amazon source-local
SET197-KR-NP-S,SET197-KR-NP-S,SET197,Set,S,Amazon source-local
SET197-KR-NP-XL,SET197-KR-NP-XL,SET197,Set,XL,Amazon source-local
SET197-KR-NP-XS,SET197-KR-NP-XS,SET197,Set,XS,Amazon source-local
SET197-KR-NP-XXL,SET197-KR-NP-XXL,SET197,Set,XXL,Amazon source-local
SET197-KR-NP-XXXL,SET197-KR-NP-XXXL,SET197,Set,3XL,Amazon source-local
SET198-KR-NP-A-L,SET198-KR-NP-A-L,SET198,Set,L,Amazon source-local
SET198-KR-NP-A-M,SET198-KR-NP-A-M,SET198,Set,M,Amazon source-local
SET198-KR-NP-A-S,SET198-KR-NP-A-S,SET198,Set,S,Amazon source-local
SET198-KR-NP-A-XS,SET198-KR-NP-A-XS,SET198,Set,XS,Amazon source-local
SET198-KR-NP-A-XXL,SET198-KR-NP-A-XXL,SET198,Set,XXL,Amazon source-local
SET198-KR-NP-A-XXXL,SET198-KR-NP-A-XXXL,SET198,Set,3XL,Amazon source-local
SET199-KR-NP-L,SET199-KR-NP-L,SET199,Set,L,Amazon source-local
SET199-KR-NP-M,SET199-KR-NP-M,SET199,Set,M,Amazon source-local
SET199-KR-NP-XL,SET199-KR-NP-XL,SET199,Set,XL,Amazon source-local
SET199-KR-NP-XS,SET199-KR-NP-XS,SET199,Set,XS,Amazon source-local
SET199-KR-NP-XXL,SET199-KR-NP-XXL,SET199,Set,XXL,Amazon source-local
SET199-KR-NP-XXXL,SET199-KR-NP-XXXL,SET199,Set,3XL,Amazon source-local
SET200-KR-NP-A-L,SET200-KR-NP-A-L,SET200,Set,L,Amazon source-local
SET200-KR-NP-A-M,SET200-KR-NP-A-M,SET200,Set,M,Amazon source-local
SET200-KR-NP-A-S,SET200-KR-NP-A-S,SET200,Set,S,Amazon source-local
SET200-KR-NP-A-XL,SET200-KR-NP-A-XL,SET200,Set,XL,Amazon source-local
SET200-KR-NP-A-XS,SET200-KR-NP-A-XS,SET200,Set,XS,Amazon source-local
SET200-KR-NP-A-XXL,SET200-KR-NP-A-XXL,SET200,Set,XXL,Amazon source-local
SET200-KR-NP-A-XXXL,SET200-KR-NP-A-XXXL,SET200,Set,3XL,Amazon source-local
SET201-KR-NP-A-L,SET201-KR-NP-A-L,SET201,Set,L,Amazon source-local
SET201-KR-NP-A-M,SET201-KR-NP-A-M,SET201,Set,M,Amazon source-local
SET201-KR-NP-A-S,SET201-KR-NP-A-S,SET201,Set,S,Amazon source-local
SET201-KR-NP-A-XL,SET201-KR-NP-A-XL,SET201,Set,XL,Amazon source-local
SET201-KR-NP-A-XS,SET201-KR-NP-A-XS,SET201,Set,XS,Amazon source-local
SET201-KR-NP-A-XXL,SET201-KR-NP-A-XXL,SET201,Set,XXL,Amazon source-local
SET201-KR-NP-A-XXXL,SET201-KR-NP-A-XXXL,SET201,Set,3XL,Amazon source-local
SET202-KR-NP-M,SET202-KR-NP-M,SET202,Set,M,Amazon source-local
SET202-KR-NP-XL,SET202-KR-NP-XL,SET202,Set,XL,Amazon source-local
SET202-KR-NP-XXXL,SET202-KR-NP-XXXL,SET202,Set,3XL,Amazon source-local
SET203-KR-DPT-L,SET203-KR-DPT-L,SET203,Set,L,Amazon source-local
SET203-KR-DPT-S,SET203-KR-DPT-S,SET203,Set,S,Amazon source-local
SET203-KR-DPT-XL,SET203-KR-DPT-XL,SET203,Set,XL,Amazon source-local
SET203-KR-DPT-XS,SET203-KR-DPT-XS,SET203,Set,XS,Amazon source-local
SET203-KR-DPT-XXL,SET203-KR-DPT-XXL,SET203,Set,XXL,Amazon source-local
SET203-KR-DPT-XXXL,SET203-KR-DPT-XXXL,SET203,Set,3XL,Amazon source-local
SET204-KR-DPT-L,SET204-KR-DPT-L,SET204,Set,L,Amazon source-local
SET204-KR-DPT-M,SET204-KR-DPT-M,SET204,Set,M,Amazon source-local
SET204-KR-DPT-S,SET204-KR-DPT-S,SET204,Set,S,Amazon source-local
SET204-KR-DPT-XL,SET204-KR-DPT-XL,SET204,Set,XL,Amazon source-local
SET204-KR-DPT-XS,SET204-KR-DPT-XS,SET204,Set,XS,Amazon source-local
SET204-KR-DPT-XXL,SET204-KR-DPT-XXL,SET204,Set,XXL,Amazon source-local
SET204-KR-DPT-XXXL,SET204-KR-DPT-XXXL,SET204,Set,3XL,Amazon source-local
SET205-KR-DPT-A-M,SET205-KR-DPT-A-M,SET205,Set,M,Amazon source-local
SET205-KR-DPT-A-S,SET205-KR-DPT-A-S,SET205,Set,S,Amazon source-local
SET205-KR-DPT-A-XL,SET205-KR-DPT-A-XL,SET205,Set,XL,Amazon source-local
SET205-KR-DPT-A-XS,SET205-KR-DPT-A-XS,SET205,Set,XS,Amazon source-local
SET205-KR-DPT-A-XXL,SET205-KR-DPT-A-XXL,SET205,Set,XXL,Amazon source-local
SET205-KR-DPT-A-XXXL,SET205-KR-DPT-A-XXXL,SET205,Set,3XL,Amazon source-local
SET206-KR-PP-S,SET206-KR-PP-S,SET206,Set,S,Amazon source-local
SET209-KR-PP-L,SET209-KR-PP-L,SET209,Set,L,Amazon source-local
SET209-KR-PP-M,SET209-KR-PP-M,SET209,Set,M,Amazon source-local
SET209-KR-PP-S,SET209-KR-PP-S,SET209,Set,S,Amazon source-local
SET209-KR-PP-XL,SET209-KR-PP-XL,SET209,Set,XL,Amazon source-local
SET209-KR-PP-XS,SET209-KR-PP-XS,SET209,Set,XS,Amazon source-local
SET209-KR-PP-XXL,SET209-KR-PP-XXL,SET209,Set,XXL,Amazon source-local
SET209-KR-PP-XXXL,SET209-KR-PP-XXXL,SET209,Set,3XL,Amazon source-local
SET210-KR-PP-L,SET210-KR-PP-L,SET210,Set,L,Amazon source-local
SET210-KR-PP-M,SET210-KR-PP-M,SET210,Set,M,Amazon source-local
SET210-KR-PP-S,SET210-KR-PP-S,SET210,Set,S,Amazon source-local
SET210-KR-PP-XL,SET210-KR-PP-XL,SET210,Set,XL,Amazon source-local
SET210-KR-PP-XS,SET210-KR-PP-XS,SET210,Set,XS,Amazon source-local
SET210-KR-PP-XXXL,SET210-KR-PP-XXXL,SET210,Set,3XL,Amazon source-local
SET211-KR-DPT-XXL,SET211-KR-DPT-XXL,SET211,Set,XXL,Amazon source-local
SET214-KR-DPT-XL,SET214-KR-DPT-XL,SET214,Set,XL,Amazon source-local
SET214-KR-DPT-XXXL,SET214-KR-DPT-XXXL,SET214,Set,3XL,Amazon source-local
SET216-KR-PP-XL,SET216-KR-PP-XL,SET216,Set,XL,Amazon source-local
SET217-KR-PP-L,SET217-KR-PP-L,SET217,Set,L,Amazon source-local
SET217-KR-PP-M,SET217-KR-PP-M,SET217,Set,M,Amazon source-local
SET217-KR-PP-S,SET217-KR-PP-S,SET217,Set,S,Amazon source-local
SET217-KR-PP-XL,SET217-KR-PP-XL,SET217,Set,XL,Amazon source-local
SET217-KR-PP-XS,SET217-KR-PP-XS,SET217,Set,XS,Amazon source-local
SET217-KR-PP-XXL,SET217-KR-PP-XXL,SET217,Set,XXL,Amazon source-local
SET217-KR-PP-XXXL,SET217-KR-PP-XXXL,SET217,Set,3XL,Amazon source-local
SET218-KR-NP-L,SET218-KR-NP-L,SET218,Set,L,Amazon source-local
SET218-KR-NP-M,SET218-KR-NP-M,SET218,Set,M,Amazon source-local
SET218-KR-NP-S,SET218-KR-NP-S,SET218,Set,S,Amazon source-local
SET218-KR-NP-XL,SET218-KR-NP-XL,SET218,Set,XL,Amazon source-local
SET218-KR-NP-XS,SET218-KR-NP-XS,SET218,Set,XS,Amazon source-local
SET218-KR-NP-XXL,SET218-KR-NP-XXL,SET218,Set,XXL,Amazon source-local
SET218-KR-NP-XXXL,SET218-KR-NP-XXXL,SET218,Set,3XL,Amazon source-local
SET219-KR-PP-L,SET219-KR-PP-L,SET219,Set,L,Amazon source-local
SET219-KR-PP-M,SET219-KR-PP-M,SET219,Set,M,Amazon source-local
SET219-KR-PP-S,SET219-KR-PP-S,SET219,Set,S,Amazon source-local
SET219-KR-PP-XL,SET219-KR-PP-XL,SET219,Set,XL,Amazon source-local
SET219-KR-PP-XS,SET219-KR-PP-XS,SET219,Set,XS,Amazon source-local
SET219-KR-PP-XXL,SET219-KR-PP-XXL,SET219,Set,XXL,Amazon source-local
SET219-KR-PP-XXXL,SET219-KR-PP-XXXL,SET219,Set,3XL,Amazon source-local
SET220-KR-PP-L,SET220-KR-PP-L,SET220,Set,L,Amazon source-local
SET220-KR-PP-M,SET220-KR-PP-M,SET220,Set,M,Amazon source-local
SET220-KR-PP-S,SET220-KR-PP-S,SET220,Set,S,Amazon source-local
SET220-KR-PP-XL,SET220-KR-PP-XL,SET220,Set,XL,Amazon source-local
SET220-KR-PP-XS,SET220-KR-PP-XS,SET220,Set,XS,Amazon source-local
SET220-KR-PP-XXL,SET220-KR-PP-XXL,SET220,Set,XXL,Amazon source-local
SET220-KR-PP-XXXL,SET220-KR-PP-XXXL,SET220,Set,3XL,Amazon source-local
SET221-KR-NP-L,SET221-KR-NP-L,SET221,Set,L,Amazon source-local
SET221-KR-NP-M,SET221-KR-NP-M,SET221,Set,M,Amazon source-local
SET221-KR-NP-S,SET221-KR-NP-S,SET221,Set,S,Amazon source-local
SET221-KR-NP-XL,SET221-KR-NP-XL,SET221,Set,XL,Amazon source-local
SET221-KR-NP-XXL,SET221-KR-NP-XXL,SET221,Set,XXL,Amazon source-local
SET221-KR-NP-XXXL,SET221-KR-NP-XXXL,SET221,Set,3XL,Amazon source-local
SET223-KR-NP-S,SET223-KR-NP-S,SET223,Set,S,Amazon source-local
SET223-KR-NP-XS,SET223-KR-NP-XS,SET223,Set,XS,Amazon source-local
SET223-KR-NP-XXL,SET223-KR-NP-XXL,SET223,Set,XXL,Amazon source-local
SET223-KR-NP-XXXL,SET223-KR-NP-XXXL,SET223,Set,3XL,Amazon source-local
SET224-KR-NP-L,SET224-KR-NP-L,SET224,Set,L,Amazon source-local
SET224-KR-NP-S,SET224-KR-NP-S,SET224,Set,S,Amazon source-local
SET224-KR-NP-XL,SET224-KR-NP-XL,SET224,Set,XL,Amazon source-local
SET224-KR-NP-XS,SET224-KR-NP-XS,SET224,Set,XS,Amazon source-local
SET224-KR-NP-XXL,SET224-KR-NP-XXL,SET224,Set,XXL,Amazon source-local
SET224-KR-NP-XXXL,SET224-KR-NP-XXXL,SET224,Set,3XL,Amazon source-local
SET225-KR-NP-M,SET225-KR-NP-M,SET225,Set,M,Amazon source-local
SET225-KR-NP-XXXL,SET225-KR-NP-XXXL,SET225,Set,3XL,Amazon source-local
SET226-KR-PP-L,SET226-KR-PP-L,SET226,Set,L,Amazon source-local
SET226-KR-PP-M,SET226-KR-PP-M,SET226,Set,M,Amazon source-local
SET226-KR-PP-S,SET226-KR-PP-S,SET226,Set,S,Amazon source-local
SET226-KR-PP-XL,SET226-KR-PP-XL,SET226,Set,XL,Amazon source-local
SET226-KR-PP-XS,SET226-KR-PP-XS,SET226,Set,XS,Amazon source-local
SET226-KR-PP-XXL,SET226-KR-PP-XXL,SET226,Set,XXL,Amazon source-local
SET226-KR-PP-XXXL,SET226-KR-PP-XXXL,SET226,Set,3XL,Amazon source-local
SET227-KR-PP-A-L,SET227-KR-PP-A-L,SET227,Set,L,Amazon source-local
SET227-KR-PP-A-M,SET227-KR-PP-A-M,SET227,Set,M,Amazon source-local
SET227-KR-PP-A-S,SET227-KR-PP-A-S,SET227,Set,S,Amazon source-local
SET227-KR-PP-A-XL,SET227-KR-PP-A-XL,SET227,Set,XL,Amazon source-local
SET227-KR-PP-A-XS,SET227-KR-PP-A-XS,SET227,Set,XS,Amazon source-local
SET227-KR-PP-A-XXL,SET227-KR-PP-A-XXL,SET227,Set,XXL,Amazon source-local
SET227-KR-PP-A-XXXL,SET227-KR-PP-A-XXXL,SET227,Set,3XL,Amazon source-local
SET228-KR-PP-A-L,SET228-KR-PP-A-L,SET228,Set,L,Amazon source-local
SET228-KR-PP-A-M,SET228-KR-PP-A-M,SET228,Set,M,Amazon source-local
SET228-KR-PP-A-S,SET228-KR-PP-A-S,SET228,Set,S,Amazon source-local
SET228-KR-PP-A-XL,SET228-KR-PP-A-XL,SET228,Set,XL,Amazon source-local
SET228-KR-PP-A-XS,SET228-KR-PP-A-XS,SET228,Set,XS,Amazon source-local
SET228-KR-PP-A-XXL,SET228-KR-PP-A-XXL,SET228,Set,XXL,Amazon source-local
SET228-KR-PP-A-XXXL,SET228-KR-PP-A-XXXL,SET228,Set,3XL,Amazon source-local
SET229-KR-PP-L,SET229-KR-PP-L,SET229,Set,L,Amazon source-local
SET229-KR-PP-M,SET229-KR-PP-M,SET229,Set,M,Amazon source-local
SET229-KR-PP-XL,SET229-KR-PP-XL,SET229,Set,XL,Amazon source-local
SET229-KR-PP-XS,SET229-KR-PP-XS,SET229,Set,XS,Amazon source-local
SET229-KR-PP-XXL,SET229-KR-PP-XXL,SET229,Set,XXL,Amazon source-local
SET229-KR-PP-XXXL,SET229-KR-PP-XXXL,SET229,Set,3XL,Amazon source-local
SET230-KR-PP-L,SET230-KR-PP-L,SET230,Set,L,Amazon source-local
SET230-KR-PP-S,SET230-KR-PP-S,SET230,Set,S,Amazon source-local
SET230-KR-PP-XL,SET230-KR-PP-XL,SET230,Set,XL,Amazon source-local
SET230-KR-PP-XS,SET230-KR-PP-XS,SET230,Set,XS,Amazon source-local
SET230-KR-PP-XXL,SET230-KR-PP-XXL,SET230,Set,XXL,Amazon source-local
SET230-KR-PP-XXXL,SET230-KR-PP-XXXL,SET230,Set,3XL,Amazon source-local
SET232-KR-PP-L,SET232-KR-PP-L,SET232,Set,L,Amazon source-local
SET232-KR-PP-M,SET232-KR-PP-M,SET232,Set,M,Amazon source-local
SET232-KR-PP-S,SET232-KR-PP-S,SET232,Set,S,Amazon source-local
SET232-KR-PP-XL,SET232-KR-PP-XL,SET232,Set,XL,Amazon source-local
SET232-KR-PP-XS,SET232-KR-PP-XS,SET232,Set,XS,Amazon source-local
SET232-KR-PP-XXL,SET232-KR-PP-XXL,SET232,Set,XXL,Amazon source-local
SET233-KR-PP-L,SET233-KR-PP-L,SET233,Set,L,Amazon source-local
SET233-KR-PP-M,SET233-KR-PP-M,SET233,Set,M,Amazon source-local
SET233-KR-PP-S,SET233-KR-PP-S,SET233,Set,S,Amazon source-local
SET233-KR-PP-XL,SET233-KR-PP-XL,SET233,Set,XL,Amazon source-local
SET233-KR-PP-XS,SET233-KR-PP-XS,SET233,Set,XS,Amazon source-local
SET233-KR-PP-XXL,SET233-KR-PP-XXL,SET233,Set,XXL,Amazon source-local
SET233-KR-PP-XXXL,SET233-KR-PP-XXXL,SET233,Set,3XL,Amazon source-local
SET234-KR-PP-M,SET234-KR-PP-M,SET234,Set,M,Amazon source-local
SET235-KR-PP-S,SET235-KR-PP-S,SET235,Set,S,Amazon source-local
SET236-KR-PP-L,SET236-KR-PP-L,SET236,Set,L,Amazon source-local
SET236-KR-PP-M,SET236-KR-PP-M,SET236,Set,M,Amazon source-local
SET236-KR-PP-S,SET236-KR-PP-S,SET236,Set,S,Amazon source-local
SET236-KR-PP-XL,SET236-KR-PP-XL,SET236,Set,XL,Amazon source-local
SET236-KR-PP-XS,SET236-KR-PP-XS,SET236,Set,XS,Amazon source-local
SET236-KR-PP-XXL,SET236-KR-PP-XXL,SET236,Set,XXL,Amazon source-local
SET236-KR-PP-XXXL,SET236-KR-PP-XXXL,SET236,Set,3XL,Amazon source-local
SET238-KR-PP-M,SET238-KR-PP-M,SET238,Set,M,Amazon source-local
SET238-KR-PP-S,SET238-KR-PP-S,SET238,Set,S,Amazon source-local
SET238-KR-PP-XL,SET238-KR-PP-XL,SET238,Set,XL,Amazon source-local
SET238-KR-PP-XXL,SET238-KR-PP-XXL,SET238,Set,XXL,Amazon source-local
SET239-KR-NP-L,SET239-KR-NP-L,SET239,Set,L,Amazon source-local
SET239-KR-NP-M,SET239-KR-NP-M,SET239,Set,M,Amazon source-local
SET239-KR-NP-S,SET239-KR-NP-S,SET239,Set,S,Amazon source-local
SET239-KR-NP-XL,SET239-KR-NP-XL,SET239,Set,XL,Amazon source-local
SET239-KR-NP-XS,SET239-KR-NP-XS,SET239,Set,XS,Amazon source-local
SET239-KR-NP-XXL,SET239-KR-NP-XXL,SET239,Set,XXL,Amazon source-local
SET239-KR-NP-XXXL,SET239-KR-NP-XXXL,SET239,Set,3XL,Amazon source-local
SET240-KR-PP-L,SET240-KR-PP-L,SET240,Set,L,Amazon source-local
SET240-KR-PP-M,SET240-KR-PP-M,SET240,Set,M,Amazon source-local
SET240-KR-PP-S,SET240-KR-PP-S,SET240,Set,S,Amazon source-local
SET240-KR-PP-XL,SET240-KR-PP-XL,SET240,Set,XL,Amazon source-local
SET240-KR-PP-XS,SET240-KR-PP-XS,SET240,Set,XS,Amazon source-local
SET240-KR-PP-XXL,SET240-KR-PP-XXL,SET240,Set,XXL,Amazon source-local
SET240-KR-PP-XXXL,SET240-KR-PP-XXXL,SET240,Set,3XL,Amazon source-local
SET241-KR-PP-M,SET241-KR-PP-M,SET241,Set,M,Amazon source-local
SET241-KR-PP-S,SET241-KR-PP-S,SET241,Set,S,Amazon source-local
SET241-KR-PP-XS,SET241-KR-PP-XS,SET241,Set,XS,Amazon source-local
SET242-KR-PP-M,SET242-KR-PP-M,SET242,Set,M,Amazon source-local
SET242-KR-PP-S,SET242-KR-PP-S,SET242,Set,S,Amazon source-local
SET242-KR-PP-XS,SET242-KR-PP-XS,SET242,Set,XS,Amazon source-local
SET242-KR-PP-XXL,SET242-KR-PP-XXL,SET242,Set,XXL,Amazon source-local
SET243-KR-PP-L,SET243-KR-PP-L,SET243,Set,L,Amazon source-local
SET243-KR-PP-M,SET243-KR-PP-M,SET243,Set,M,Amazon source-local
SET243-KR-PP-S,SET243-KR-PP-S,SET243,Set,S,Amazon source-local
SET243-KR-PP-XL,SET243-KR-PP-XL,SET243,Set,XL,Amazon source-local
SET243-KR-PP-XS,SET243-KR-PP-XS,SET243,Set,XS,Amazon source-local
SET243-KR-PP-XXL,SET243-KR-PP-XXL,SET243,Set,XXL,Amazon source-local
SET243-KR-PP-XXXL,SET243-KR-PP-XXXL,SET243,Set,3XL,Amazon source-local
SET244-KR-NP-L,SET244-KR-NP-L,SET244,Set,L,Amazon source-local
SET244-KR-NP-M,SET244-KR-NP-M,SET244,Set,M,Amazon source-local
SET244-KR-NP-S,SET244-KR-NP-S,SET244,Set,S,Amazon source-local
SET244-KR-NP-XL,SET244-KR-NP-XL,SET244,Set,XL,Amazon source-local
SET244-KR-NP-XS,SET244-KR-NP-XS,SET244,Set,XS,Amazon source-local
SET244-KR-NP-XXL,SET244-KR-NP-XXL,SET244,Set,XXL,Amazon source-local
SET244-KR-NP-XXXL,SET244-KR-NP-XXXL,SET244,Set,3XL,Amazon source-local
SET245-KR-NP-L,SET245-KR-NP-L,SET245,Set,L,Amazon source-local
SET245-KR-NP-M,SET245-KR-NP-M,SET245,Set,M,Amazon source-local
SET245-KR-NP-S,SET245-KR-NP-S,SET245,Set,S,Amazon source-local
SET245-KR-NP-XL,SET245-KR-NP-XL,SET245,Set,XL,Amazon source-local
SET245-KR-NP-XS,SET245-KR-NP-XS,SET245,Set,XS,Amazon source-local
SET245-KR-NP-XXL,SET245-KR-NP-XXL,SET245,Set,XXL,Amazon source-local
SET245-KR-NP-XXXL,SET245-KR-NP-XXXL,SET245,Set,3XL,Amazon source-local
SET246-KR-PP-L,SET246-KR-PP-L,SET246,Set,L,Amazon source-local
SET246-KR-PP-M,SET246-KR-PP-M,SET246,Set,M,Amazon source-local
SET246-KR-PP-S,SET246-KR-PP-S,SET246,Set,S,Amazon source-local
SET246-KR-PP-XL,SET246-KR-PP-XL,SET246,Set,XL,Amazon source-local
SET246-KR-PP-XS,SET246-KR-PP-XS,SET246,Set,XS,Amazon source-local
SET246-KR-PP-XXL,SET246-KR-PP-XXL,SET246,Set,XXL,Amazon source-local
SET246-KR-PP-XXXL,SET246-KR-PP-XXXL,SET246,Set,3XL,Amazon source-local
SET247-KR-SHA-L,SET247-KR-SHA-L,SET247,Set,L,Amazon source-local
SET247-KR-SHA-M,SET247-KR-SHA-M,SET247,Set,M,Amazon source-local
SET247-KR-SHA-S,SET247-KR-SHA-S,SET247,Set,S,Amazon source-local
SET247-KR-SHA-XL,SET247-KR-SHA-XL,SET247,Set,XL,Amazon source-local
SET247-KR-SHA-XS,SET247-KR-SHA-XS,SET247,Set,XS,Amazon source-local
SET247-KR-SHA-XXL,SET247-KR-SHA-XXL,SET247,Set,XXL,Amazon source-local
SET247-KR-SHA-XXXL,SET247-KR-SHA-XXXL,SET247,Set,3XL,Amazon source-local
SET248-KR-NP-L,SET248-KR-NP-L,SET248,Set,L,Amazon source-local
SET248-KR-NP-M,SET248-KR-NP-M,SET248,Set,M,Amazon source-local
SET248-KR-NP-XL,SET248-KR-NP-XL,SET248,Set,XL,Amazon source-local
SET248-KR-NP-XS,SET248-KR-NP-XS,SET248,Set,XS,Amazon source-local
SET248-KR-NP-XXL,SET248-KR-NP-XXL,SET248,Set,XXL,Amazon source-local
SET248-KR-NP-XXXL,SET248-KR-NP-XXXL,SET248,Set,3XL,Amazon source-local
SET249-KR-NP-L,SET249-KR-NP-L,SET249,Set,L,Amazon source-local
SET249-KR-NP-M,SET249-KR-NP-M,SET249,Set,M,Amazon source-local
SET249-KR-NP-S,SET249-KR-NP-S,SET249,Set,S,Amazon source-local
SET249-KR-NP-XL,SET249-KR-NP-XL,SET249,Set,XL,Amazon source-local
SET249-KR-NP-XS,SET249-KR-NP-XS,SET249,Set,XS,Amazon source-local
SET249-KR-NP-XXL,SET249-KR-NP-XXL,SET249,Set,XXL,Amazon source-local
SET249-KR-NP-XXXL,SET249-KR-NP-XXXL,SET249,Set,3XL,Amazon source-local
SET250-KR-SHA-L,SET250-KR-SHA-L,SET250,Set,L,Amazon source-local
SET250-KR-SHA-M,SET250-KR-SHA-M,SET250,Set,M,Amazon source-local
SET250-KR-SHA-S,SET250-KR-SHA-S,SET250,Set,S,Amazon source-local
SET250-KR-SHA-XL,SET250-KR-SHA-XL,SET250,Set,XL,Amazon source-local
SET250-KR-SHA-XS,SET250-KR-SHA-XS,SET250,Set,XS,Amazon source-local
SET250-KR-SHA-XXL,SET250-KR-SHA-XXL,SET250,Set,XXL,Amazon source-local
SET250-KR-SHA-XXXL,SET250-KR-SHA-XXXL,SET250,Set,3XL,Amazon source-local
SET251-KR-PP-L,SET251-KR-PP-L,SET251,Set,L,Amazon source-local
SET251-KR-PP-M,SET251-KR-PP-M,SET251,Set,M,Amazon source-local
SET251-KR-PP-S,SET251-KR-PP-S,SET251,Set,S,Amazon source-local
SET251-KR-PP-XL,SET251-KR-PP-XL,SET251,Set,XL,Amazon source-local
SET251-KR-PP-XS,SET251-KR-PP-XS,SET251,Set,XS,Amazon source-local
SET251-KR-PP-XXL,SET251-KR-PP-XXL,SET251,Set,XXL,Amazon source-local
SET251-KR-PP-XXXL,SET251-KR-PP-XXXL,SET251,Set,3XL,Amazon source-local
SET252-KR-PP-L,SET252-KR-PP-L,SET252,Set,L,Amazon source-local
SET252-KR-PP-M,SET252-KR-PP-M,SET252,Set,M,Amazon source-local
SET252-KR-PP-S,SET252-KR-PP-S,SET252,Set,S,Amazon source-local
SET252-KR-PP-XL,SET252-KR-PP-XL,SET252,Set,XL,Amazon source-local
SET252-KR-PP-XS,SET252-KR-PP-XS,SET252,Set,XS,Amazon source-local
SET252-KR-PP-XXL,SET252-KR-PP-XXL,SET252,Set,XXL,Amazon source-local
SET252-KR-PP-XXXL,SET252-KR-PP-XXXL,SET252,Set,3XL,Amazon source-local
SET253-KR-NP-L,SET253-KR-NP-L,SET253,Set,L,Amazon source-local
SET253-KR-NP-M,SET253-KR-NP-M,SET253,Set,M,Amazon source-local
SET253-KR-NP-S,SET253-KR-NP-S,SET253,Set,S,Amazon source-local
SET253-KR-NP-XL,SET253-KR-NP-XL,SET253,Set,XL,Amazon source-local
SET253-KR-NP-XS,SET253-KR-NP-XS,SET253,Set,XS,Amazon source-local
SET253-KR-NP-XXL,SET253-KR-NP-XXL,SET253,Set,XXL,Amazon source-local
SET253-KR-NP-XXXL,SET253-KR-NP-XXXL,SET253,Set,3XL,Amazon source-local
SET254-KR-NP-L,SET254-KR-NP-L,SET254,Set,L,Amazon source-local
SET254-KR-NP-M,SET254-KR-NP-M,SET254,Set,M,Amazon source-local
SET254-KR-NP-S,SET254-KR-NP-S,SET254,Set,S,Amazon source-local
SET254-KR-NP-XL,SET254-KR-NP-XL,SET254,Set,XL,Amazon source-local
SET254-KR-NP-XS,SET254-KR-NP-XS,SET254,Set,XS,Amazon source-local
SET254-KR-NP-XXL,SET254-KR-NP-XXL,SET254,Set,XXL,Amazon source-local
SET254-KR-NP-XXXL,SET254-KR-NP-XXXL,SET254,Set,3XL,Amazon source-local
SET257-KR-PP-L,SET257-KR-PP-L,SET257,Set,L,Amazon source-local
SET257-KR-PP-M,SET257-KR-PP-M,SET257,Set,M,Amazon source-local
SET257-KR-PP-S,SET257-KR-PP-S,SET257,Set,S,Amazon source-local
SET257-KR-PP-XL,SET257-KR-PP-XL,SET257,Set,XL,Amazon source-local
SET257-KR-PP-XS,SET257-KR-PP-XS,SET257,Set,XS,Amazon source-local
SET257-KR-PP-XXL,SET257-KR-PP-XXL,SET257,Set,XXL,Amazon source-local
SET257-KR-PP-XXXL,SET257-KR-PP-XXXL,SET257,Set,3XL,Amazon source-local
SET258-KR-PP-L,SET258-KR-PP-L,SET258,Set,L,Amazon source-local
SET258-KR-PP-M,SET258-KR-PP-M,SET258,Set,M,Amazon source-local
SET258-KR-PP-S,SET258-KR-PP-S,SET258,Set,S,Amazon source-local
SET258-KR-PP-XL,SET258-KR-PP-XL,SET258,Set,XL,Amazon source-local
SET258-KR-PP-XS,SET258-KR-PP-XS,SET258,Set,XS,Amazon source-local
SET258-KR-PP-XXL,SET258-KR-PP-XXL,SET258,Set,XXL,Amazon source-local
SET258-KR-PP-XXXL,SET258-KR-PP-XXXL,SET258,Set,3XL,Amazon source-local
SET260-KR-PP-S,SET260-KR-PP-S,SET260,Set,S,Amazon source-local
SET261-KR-PP-S,SET261-KR-PP-S,SET261,Set,S,Amazon source-local
SET262-KR-NP-A-XS,SET262-KR-NP-A-XS,SET262,Set,XS,Amazon source-local
SET262-KR-NP-L,SET262-KR-NP-L,SET262,Set,L,Amazon source-local
SET262-KR-NP-M,SET262-KR-NP-M,SET262,Set,M,Amazon source-local
SET262-KR-NP-XL,SET262-KR-NP-XL,SET262,Set,XL,Amazon source-local
SET262-KR-NP-XXL,SET262-KR-NP-XXL,SET262,Set,XXL,Amazon source-local
SET263-KR-NP-S,SET263-KR-NP-S,SET263,Set,S,Amazon source-local
SET263-KR-NP-XL,SET263-KR-NP-XL,SET263,Set,XL,Amazon source-local
SET263-KR-NP-XS,SET263-KR-NP-XS,SET263,Set,XS,Amazon source-local
SET264-KR-NP-L,SET264-KR-NP-L,SET264,Set,L,Amazon source-local
SET264-KR-NP-M,SET264-KR-NP-M,SET264,Set,M,Amazon source-local
SET264-KR-NP-S,SET264-KR-NP-S,SET264,Set,S,Amazon source-local
SET264-KR-NP-XL,SET264-KR-NP-XL,SET264,Set,XL,Amazon source-local
SET264-KR-NP-XS,SET264-KR-NP-XS,SET264,Set,XS,Amazon source-local
SET264-KR-NP-XXL,SET264-KR-NP-XXL,SET264,Set,XXL,Amazon source-local
SET264-KR-NP-XXXL,SET264-KR-NP-XXXL,SET264,Set,3XL,Amazon source-local
SET265-KR-NP-L,SET265-KR-NP-L,SET265,Set,L,Amazon source-local
SET265-KR-NP-M,SET265-KR-NP-M,SET265,Set,M,Amazon source-local
SET265-KR-NP-S,SET265-KR-NP-S,SET265,Set,S,Amazon source-local
SET265-KR-NP-XL,SET265-KR-NP-XL,SET265,Set,XL,Amazon source-local
SET265-KR-NP-XS,SET265-KR-NP-XS,SET265,Set,XS,Amazon source-local
SET265-KR-NP-XXL,SET265-KR-NP-XXL,SET265,Set,XXL,Amazon source-local
SET265-KR-NP-XXXL,SET265-KR-NP-XXXL,SET265,Set,3XL,Amazon source-local
SET266-KR-NP-L,SET266-KR-NP-L,SET266,Set,L,Amazon source-local
SET266-KR-NP-M,SET266-KR-NP-M,SET266,Set,M,Amazon source-local
SET266-KR-NP-S,SET266-KR-NP-S,SET266,Set,S,Amazon source-local
SET266-KR-NP-XL,SET266-KR-NP-XL,SET266,Set,XL,Amazon source-local
SET266-KR-NP-XS,SET266-KR-NP-XS,SET266,Set,XS,Amazon source-local
SET266-KR-NP-XXL,SET266-KR-NP-XXL,SET266,Set,XXL,Amazon source-local
SET266-KR-NP-XXXL,SET266-KR-NP-XXXL,SET266,Set,3XL,Amazon source-local
SET267-KR-NP-L,SET267-KR-NP-L,SET267,Set,L,Amazon source-local
SET267-KR-NP-M,SET267-KR-NP-M,SET267,Set,M,Amazon source-local
SET267-KR-NP-S,SET267-KR-NP-S,SET267,Set,S,Amazon source-local
SET267-KR-NP-XL,SET267-KR-NP-XL,SET267,Set,XL,Amazon source-local
SET267-KR-NP-XS,SET267-KR-NP-XS,SET267,Set,XS,Amazon source-local
SET267-KR-NP-XXL,SET267-KR-NP-XXL,SET267,Set,XXL,Amazon source-local
SET267-KR-NP-XXXL,SET267-KR-NP-XXXL,SET267,Set,3XL,Amazon source-local
SET268-KR-NP-L,SET268-KR-NP-L,SET268,Set,L,Amazon source-local
SET268-KR-NP-M,SET268-KR-NP-M,SET268,Set,M,Amazon source-local
SET268-KR-NP-S,SET268-KR-NP-S,SET268,Set,S,Amazon source-local
SET268-KR-NP-XL,SET268-KR-NP-XL,SET268,Set,XL,Amazon source-local
SET268-KR-NP-XS,SET268-KR-NP-XS,SET268,Set,XS,Amazon source-local
SET268-KR-NP-XXL,SET268-KR-NP-XXL,SET268,Set,XXL,Amazon source-local
SET268-KR-NP-XXXL,SET268-KR-NP-XXXL,SET268,Set,3XL,Amazon source-local
SET269-KR-NP-L,SET269-KR-NP-L,SET269,Set,L,Amazon source-local
SET269-KR-NP-M,SET269-KR-NP-M,SET269,Set,M,Amazon source-local
SET269-KR-NP-S,SET269-KR-NP-S,SET269,Set,S,Amazon source-local
SET269-KR-NP-XL,SET269-KR-NP-XL,SET269,Set,XL,Amazon source-local
SET269-KR-NP-XS,SET269-KR-NP-XS,SET269,Set,XS,Amazon source-local
SET269-KR-NP-XXL,SET269-KR-NP-XXL,SET269,Set,XXL,Amazon source-local
SET269-KR-NP-XXXL,SET269-KR-NP-XXXL,SET269,Set,3XL,Amazon source-local
SET270-KR-PP-L,SET270-KR-PP-L,SET270,Set,L,Amazon source-local
SET270-KR-PP-M,SET270-KR-PP-M,SET270,Set,M,Amazon source-local
SET270-KR-PP-S,SET270-KR-PP-S,SET270,Set,S,Amazon source-local
SET270-KR-PP-XL,SET270-KR-PP-XL,SET270,Set,XL,Amazon source-local
SET270-KR-PP-XXL,SET270-KR-PP-XXL,SET270,Set,XXL,Amazon source-local
SET271-KR-NP-M,SET271-KR-NP-M,SET271,Set,M,Amazon source-local
SET271-KR-NP-S,SET271-KR-NP-S,SET271,Set,S,Amazon source-local
SET271-KR-NP-XL,SET271-KR-NP-XL,SET271,Set,XL,Amazon source-local
SET271-KR-NP-XS,SET271-KR-NP-XS,SET271,Set,XS,Amazon source-local
SET271-KR-NP-XXL,SET271-KR-NP-XXL,SET271,Set,XXL,Amazon source-local
SET271-KR-NP-XXXL,SET271-KR-NP-XXXL,SET271,Set,3XL,Amazon source-local
SET272-KR-PP-A-S,SET272-KR-PP-A-S,SET272,Set,S,Amazon source-local
SET272-KR-PP-L,SET272-KR-PP-L,SET272,Set,L,Amazon source-local
SET272-KR-PP-M,SET272-KR-PP-M,SET272,Set,M,Amazon source-local
SET272-KR-PP-S,SET272-KR-PP-S,SET272,Set,S,Amazon source-local
SET272-KR-PP-XL,SET272-KR-PP-XL,SET272,Set,XL,Amazon source-local
SET272-KR-PP-XXL,SET272-KR-PP-XXL,SET272,Set,XXL,Amazon source-local
SET273-KR-NP-L,SET273-KR-NP-L,SET273,Set,L,Amazon source-local
SET273-KR-NP-M,SET273-KR-NP-M,SET273,Set,M,Amazon source-local
SET273-KR-NP-S,SET273-KR-NP-S,SET273,Set,S,Amazon source-local
SET273-KR-NP-XL,SET273-KR-NP-XL,SET273,Set,XL,Amazon source-local
SET273-KR-NP-XS,SET273-KR-NP-XS,SET273,Set,XS,Amazon source-local
SET273-KR-NP-XXL,SET273-KR-NP-XXL,SET273,Set,XXL,Amazon source-local
SET273-KR-NP-XXXL,SET273-KR-NP-XXXL,SET273,Set,3XL,Amazon source-local
SET274-KR-PP-L,SET274-KR-PP-L,SET274,Set,L,Amazon source-local
SET274-KR-PP-M,SET274-KR-PP-M,SET274,Set,M,Amazon source-local
SET274-KR-PP-S,SET274-KR-PP-S,SET274,Set,S,Amazon source-local
SET274-KR-PP-XS,SET274-KR-PP-XS,SET274,Set,XS,Amazon source-local
SET274-KR-PP-XXXL,SET274-KR-PP-XXXL,SET274,Set,3XL,Amazon source-local
SET275-KR-NP-L,SET275-KR-NP-L,SET275,Set,L,Amazon source-local
SET275-KR-NP-S,SET275-KR-NP-S,SET275,Set,S,Amazon source-local
SET275-KR-NP-XL,SET275-KR-NP-XL,SET275,Set,XL,Amazon source-local
SET275-KR-NP-XS,SET275-KR-NP-XS,SET275,Set,XS,Amazon source-local
SET275-KR-NP-XXL,SET275-KR-NP-XXL,SET275,Set,XXL,Amazon source-local
SET275-KR-NP-XXXL,SET275-KR-NP-XXXL,SET275,Set,3XL,Amazon source-local
SET276-KR-PP-L,SET276-KR-PP-L,SET276,Set,L,Amazon source-local
SET276-KR-PP-M,SET276-KR-PP-M,SET276,Set,M,Amazon source-local
SET276-KR-PP-S,SET276-KR-PP-S,SET276,Set,S,Amazon source-local
SET276-KR-PP-XL,SET276-KR-PP-XL,SET276,Set,XL,Amazon source-local
SET276-KR-PP-XS,SET276-KR-PP-XS,SET276,Set,XS,Amazon source-local
SET276-KR-PP-XXL,SET276-KR-PP-XXL,SET276,Set,XXL,Amazon source-local
SET276-KR-PP-XXXL,SET276-KR-PP-XXXL,SET276,Set,3XL,Amazon source-local
SET277-KR-NP-L,SET277-KR-NP-L,SET277,Set,L,Amazon source-local
SET277-KR-NP-M,SET277-KR-NP-M,SET277,Set,M,Amazon source-local
SET277-KR-NP-S,SET277-KR-NP-S,SET277,Set,S,Amazon source-local
SET277-KR-NP-XL,SET277-KR-NP-XL,SET277,Set,XL,Amazon source-local
SET277-KR-NP-XS,SET277-KR-NP-XS,SET277,Set,XS,Amazon source-local
SET277-KR-NP-XXL,SET277-KR-NP-XXL,SET277,Set,XXL,Amazon source-local
SET277-KR-NP-XXXL,SET277-KR-NP-XXXL,SET277,Set,3XL,Amazon source-local
SET278-KR-NP-L,SET278-KR-NP-L,SET278,Set,L,Amazon source-local
SET278-KR-NP-M,SET278-KR-NP-M,SET278,Set,M,Amazon source-local
SET278-KR-NP-S,SET278-KR-NP-S,SET278,Set,S,Amazon source-local
SET278-KR-NP-XL,SET278-KR-NP-XL,SET278,Set,XL,Amazon source-local
SET278-KR-NP-XS,SET278-KR-NP-XS,SET278,Set,XS,Amazon source-local
SET278-KR-NP-XXL,SET278-KR-NP-XXL,SET278,Set,XXL,Amazon source-local
SET278-KR-NP-XXXL,SET278-KR-NP-XXXL,SET278,Set,3XL,Amazon source-local
SET279-LC-L,SET279-LC-L,SET279,Set,L,Amazon source-local
SET279-LC-M,SET279-LC-M,SET279,Set,M,Amazon source-local
SET279-LC-S,SET279-LC-S,SET279,Set,S,Amazon source-local
SET279-LC-XL,SET279-LC-XL,SET279,Set,XL,Amazon source-local
SET279-LC-XS,SET279-LC-XS,SET279,Set,XS,Amazon source-local
SET279-LC-XXL,SET279-LC-XXL,SET279,Set,XXL,Amazon source-local
SET279-LC-XXXL,SET279-LC-XXXL,SET279,Set,3XL,Amazon source-local
SET280-KR-PP-L,SET280-KR-PP-L,SET280,Set,L,Amazon source-local
SET280-KR-PP-M,SET280-KR-PP-M,SET280,Set,M,Amazon source-local
SET280-KR-PP-S,SET280-KR-PP-S,SET280,Set,S,Amazon source-local
SET280-KR-PP-XL,SET280-KR-PP-XL,SET280,Set,XL,Amazon source-local
SET280-KR-PP-XS,SET280-KR-PP-XS,SET280,Set,XS,Amazon source-local
SET280-KR-PP-XXL,SET280-KR-PP-XXL,SET280,Set,XXL,Amazon source-local
SET280-KR-PP-XXXL,SET280-KR-PP-XXXL,SET280,Set,3XL,Amazon source-local
SET281-KR-PP-A-S,SET281-KR-PP-A-S,SET281,Set,S,Amazon source-local
SET281-KR-PP-A-XS,SET281-KR-PP-A-XS,SET281,Set,XS,Amazon source-local
SET281-KR-PP-A-XXXL,SET281-KR-PP-A-XXXL,SET281,Set,3XL,Amazon source-local
SET281-KR-PP-L,SET281-KR-PP-L,SET281,Set,L,Amazon source-local
SET281-KR-PP-M,SET281-KR-PP-M,SET281,Set,M,Amazon source-local
SET281-KR-PP-S,SET281-KR-PP-S,SET281,Set,S,Amazon source-local
SET281-KR-PP-XL,SET281-KR-PP-XL,SET281,Set,XL,Amazon source-local
SET281-KR-PP-XXL,SET281-KR-PP-XXL,SET281,Set,XXL,Amazon source-local
SET282-KR-PP-L,SET282-KR-PP-L,SET282,Set,L,Amazon source-local
SET282-KR-PP-M,SET282-KR-PP-M,SET282,Set,M,Amazon source-local
SET282-KR-PP-S,SET282-KR-PP-S,SET282,Set,S,Amazon source-local
SET282-KR-PP-XL,SET282-KR-PP-XL,SET282,Set,XL,Amazon source-local
SET282-KR-PP-XS,SET282-KR-PP-XS,SET282,Set,XS,Amazon source-local
SET282-KR-PP-XXL,SET282-KR-PP-XXL,SET282,Set,XXL,Amazon source-local
SET282-KR-PP-XXXL,SET282-KR-PP-XXXL,SET282,Set,3XL,Amazon source-local
SET285-KR-SHA-L,SET285-KR-SHA-L,SET285,Set,L,Amazon source-local
SET285-KR-SHA-M,SET285-KR-SHA-M,SET285,Set,M,Amazon source-local
SET285-KR-SHA-S,SET285-KR-SHA-S,SET285,Set,S,Amazon source-local
SET285-KR-SHA-XL,SET285-KR-SHA-XL,SET285,Set,XL,Amazon source-local
SET285-KR-SHA-XS,SET285-KR-SHA-XS,SET285,Set,XS,Amazon source-local
SET285-KR-SHA-XXL,SET285-KR-SHA-XXL,SET285,Set,XXL,Amazon source-local
SET285-KR-SHA-XXXL,SET285-KR-SHA-XXXL,SET285,Set,3XL,Amazon source-local
SET286-KR-NP-L,SET286-KR-NP-L,SET286,Set,L,Amazon source-local
SET286-KR-NP-M,SET286-KR-NP-M,SET286,Set,M,Amazon source-local
SET286-KR-NP-S,SET286-KR-NP-S,SET286,Set,S,Amazon source-local
SET286-KR-NP-XL,SET286-KR-NP-XL,SET286,Set,XL,Amazon source-local
SET286-KR-NP-XS,SET286-KR-NP-XS,SET286,Set,XS,Amazon source-local
SET286-KR-NP-XXL,SET286-KR-NP-XXL,SET286,Set,XXL,Amazon source-local
SET286-KR-NP-XXXL,SET286-KR-NP-XXXL,SET286,Set,3XL,Amazon source-local
SET287-KR-NP-L,SET287-KR-NP-L,SET287,Set,L,Amazon source-local
SET287-KR-NP-M,SET287-KR-NP-M,SET287,Set,M,Amazon source-local
SET287-KR-NP-S,SET287-KR-NP-S,SET287,Set,S,Amazon source-local
SET287-KR-NP-XL,SET287-KR-NP-XL,SET287,Set,XL,Amazon source-local
SET287-KR-NP-XS,SET287-KR-NP-XS,SET287,Set,XS,Amazon source-local
SET287-KR-NP-XXL,SET287-KR-NP-XXL,SET287,Set,XXL,Amazon source-local
SET287-KR-NP-XXXL,SET287-KR-NP-XXXL,SET287,Set,3XL,Amazon source-local
SET288-KR-NP-L,SET288-KR-NP-L,SET288,Set,L,Amazon source-local
SET288-KR-NP-M,SET288-KR-NP-M,SET288,Set,M,Amazon source-local
SET288-KR-NP-S,SET288-KR-NP-S,SET288,Set,S,Amazon source-local
SET288-KR-NP-XL,SET288-KR-NP-XL,SET288,Set,XL,Amazon source-local
SET288-KR-NP-XS,SET288-KR-NP-XS,SET288,Set,XS,Amazon source-local
SET288-KR-NP-XXL,SET288-KR-NP-XXL,SET288,Set,XXL,Amazon source-local
SET288-KR-NP-XXXL,SET288-KR-NP-XXXL,SET288,Set,3XL,Amazon source-local
SET289-KR-NP-L,SET289-KR-NP-L,SET289,Set,L,Amazon source-local
SET289-KR-NP-M,SET289-KR-NP-M,SET289,Set,M,Amazon source-local
SET289-KR-NP-S,SET289-KR-NP-S,SET289,Set,S,Amazon source-local
SET289-KR-NP-XL,SET289-KR-NP-XL,SET289,Set,XL,Amazon source-local
SET289-KR-NP-XS,SET289-KR-NP-XS,SET289,Set,XS,Amazon source-local
SET289-KR-NP-XXL,SET289-KR-NP-XXL,SET289,Set,XXL,Amazon source-local
SET289-KR-NP-XXXL,SET289-KR-NP-XXXL,SET289,Set,3XL,Amazon source-local
SET290-KR-DPT-L,SET290-KR-DPT-L,SET290,Set,L,Amazon source-local
SET290-KR-DPT-M,SET290-KR-DPT-M,SET290,Set,M,Amazon source-local
SET290-KR-DPT-S,SET290-KR-DPT-S,SET290,Set,S,Amazon source-local
SET290-KR-DPT-XL,SET290-KR-DPT-XL,SET290,Set,XL,Amazon source-local
SET290-KR-DPT-XS,SET290-KR-DPT-XS,SET290,Set,XS,Amazon source-local
SET290-KR-DPT-XXL,SET290-KR-DPT-XXL,SET290,Set,XXL,Amazon source-local
SET290-KR-DPT-XXXL,SET290-KR-DPT-XXXL,SET290,Set,3XL,Amazon source-local
SET291-KR-PP-L,SET291-KR-PP-L,SET291,Set,L,Amazon source-local
SET291-KR-PP-M,SET291-KR-PP-M,SET291,Set,M,Amazon source-local
SET291-KR-PP-S,SET291-KR-PP-S,SET291,Set,S,Amazon source-local
SET291-KR-PP-XL,SET291-KR-PP-XL,SET291,Set,XL,Amazon source-local
SET291-KR-PP-XS,SET291-KR-PP-XS,SET291,Set,XS,Amazon source-local
SET291-KR-PP-XXL,SET291-KR-PP-XXL,SET291,Set,XXL,Amazon source-local
SET291-KR-PP-XXXL,SET291-KR-PP-XXXL,SET291,Set,3XL,Amazon source-local
SET293-KR-NP-L,SET293-KR-NP-L,SET293,Set,L,Amazon source-local
SET293-KR-NP-M,SET293-KR-NP-M,SET293,Set,M,Amazon source-local
SET293-KR-NP-S,SET293-KR-NP-S,SET293,Set,S,Amazon source-local
SET293-KR-NP-XL,SET293-KR-NP-XL,SET293,Set,XL,Amazon source-local
SET293-KR-NP-XS,SET293-KR-NP-XS,SET293,Set,XS,Amazon source-local
SET293-KR-NP-XXL,SET293-KR-NP-XXL,SET293,Set,XXL,Amazon source-local
SET293-KR-NP-XXXL,SET293-KR-NP-XXXL,SET293,Set,3XL,Amazon source-local
SET295-KR-NP-L,SET295-KR-NP-L,SET295,Set,L,Amazon source-local
SET295-KR-NP-M,SET295-KR-NP-M,SET295,Set,M,Amazon source-local
SET295-KR-NP-S,SET295-KR-NP-S,SET295,Set,S,Amazon source-local
SET295-KR-NP-XL,SET295-KR-NP-XL,SET295,Set,XL,Amazon source-local
SET295-KR-NP-XS,SET295-KR-NP-XS,SET295,Set,XS,Amazon source-local
SET295-KR-NP-XXL,SET295-KR-NP-XXL,SET295,Set,XXL,Amazon source-local
SET295-KR-NP-XXXL,SET295-KR-NP-XXXL,SET295,Set,3XL,Amazon source-local
SET297-KR-NP-L,SET297-KR-NP-L,SET297,Set,L,Amazon source-local
SET297-KR-NP-XXL,SET297-KR-NP-XXL,SET297,Set,XXL,Amazon source-local
SET297-KR-NP-XXXL,SET297-KR-NP-XXXL,SET297,Set,3XL,Amazon source-local
SET299-KR-PP-L,SET299-KR-PP-L,SET299,Set,L,Amazon source-local
SET299-KR-PP-M,SET299-KR-PP-M,SET299,Set,M,Amazon source-local
SET299-KR-PP-S,SET299-KR-PP-S,SET299,Set,S,Amazon source-local
SET299-KR-PP-XL,SET299-KR-PP-XL,SET299,Set,XL,Amazon source-local
SET299-KR-PP-XS,SET299-KR-PP-XS,SET299,Set,XS,Amazon source-local
SET299-KR-PP-XXL,SET299-KR-PP-XXL,SET299,Set,XXL,Amazon source-local
SET299-KR-PP-XXXL,SET299-KR-PP-XXXL,SET299,Set,3XL,Amazon source-local
SET300-KR-NP-L,SET300-KR-NP-L,SET300,Set,L,Amazon source-local
SET300-KR-NP-M,SET300-KR-NP-M,SET300,Set,M,Amazon source-local
SET300-KR-NP-S,SET300-KR-NP-S,SET300,Set,S,Amazon source-local
SET300-KR-NP-XL,SET300-KR-NP-XL,SET300,Set,XL,Amazon source-local
SET300-KR-NP-XS,SET300-KR-NP-XS,SET300,Set,XS,Amazon source-local
SET300-KR-NP-XXL,SET300-KR-NP-XXL,SET300,Set,XXL,Amazon source-local
SET300-KR-NP-XXXL,SET300-KR-NP-XXXL,SET300,Set,3XL,Amazon source-local
SET301-KR-PP-L,SET301-KR-PP-L,SET301,Set,L,Amazon source-local
SET301-KR-PP-M,SET301-KR-PP-M,SET301,Set,M,Amazon source-local
SET301-KR-PP-S,SET301-KR-PP-S,SET301,Set,S,Amazon source-local
SET301-KR-PP-XL,SET301-KR-PP-XL,SET301,Set,XL,Amazon source-local
SET301-KR-PP-XXL,SET301-KR-PP-XXL,SET301,Set,XXL,Amazon source-local
SET302-KR-PP-L,SET302-KR-PP-L,SET302,Set,L,Amazon source-local
SET302-KR-PP-M,SET302-KR-PP-M,SET302,Set,M,Amazon source-local
SET302-KR-PP-S,SET302-KR-PP-S,SET302,Set,S,Amazon source-local
SET302-KR-PP-XL,SET302-KR-PP-XL,SET302,Set,XL,Amazon source-local
SET302-KR-PP-XS,SET302-KR-PP-XS,SET302,Set,XS,Amazon source-local
SET302-KR-PP-XXL,SET302-KR-PP-XXL,SET302,Set,XXL,Amazon source-local
SET302-KR-PP-XXXL,SET302-KR-PP-XXXL,SET302,Set,3XL,Amazon source-local
SET303-KR-NP-L,SET303-KR-NP-L,SET303,Set,L,Amazon source-local
SET303-KR-NP-M,SET303-KR-NP-M,SET303,Set,M,Amazon source-local
SET303-KR-NP-S,SET303-KR-NP-S,SET303,Set,S,Amazon source-local
SET303-KR-NP-XL,SET303-KR-NP-XL,SET303,Set,XL,Amazon source-local
SET303-KR-NP-XS,SET303-KR-NP-XS,SET303,Set,XS,Amazon source-local
SET303-KR-NP-XXL,SET303-KR-NP-XXL,SET303,Set,XXL,Amazon source-local
SET303-KR-NP-XXXL,SET303-KR-NP-XXXL,SET303,Set,3XL,Amazon source-local
SET304-KR-DPT-L,SET304-KR-DPT-L,SET304,Set,L,Amazon source-local
SET304-KR-DPT-M,SET304-KR-DPT-M,SET304,Set,M,Amazon source-local
SET304-KR-DPT-S,SET304-KR-DPT-S,SET304,Set,S,Amazon source-local
SET304-KR-DPT-XL,SET304-KR-DPT-XL,SET304,Set,XL,Amazon source-local
SET304-KR-DPT-XS,SET304-KR-DPT-XS,SET304,Set,XS,Amazon source-local
SET304-KR-DPT-XXL,SET304-KR-DPT-XXL,SET304,Set,XXL,Amazon source-local
SET304-KR-DPT-XXXL,SET304-KR-DPT-XXXL,SET304,Set,3XL,Amazon source-local
SET305-KR-DPT-L,SET305-KR-DPT-L,SET305,Set,L,Amazon source-local
SET305-KR-DPT-M,SET305-KR-DPT-M,SET305,Set,M,Amazon source-local
SET305-KR-DPT-S,SET305-KR-DPT-S,SET305,Set,S,Amazon source-local
SET305-KR-DPT-XL,SET305-KR-DPT-XL,SET305,Set,XL,Amazon source-local
SET305-KR-DPT-XS,SET305-KR-DPT-XS,SET305,Set,XS,Amazon source-local
SET305-KR-DPT-XXL,SET305-KR-DPT-XXL,SET305,Set,XXL,Amazon source-local
SET305-KR-DPT-XXXL,SET305-KR-DPT-XXXL,SET305,Set,3XL,Amazon source-local
SET306-KR-PP-L,SET306-KR-PP-L,SET306,Set,L,Amazon source-local
SET306-KR-PP-M,SET306-KR-PP-M,SET306,Set,M,Amazon source-local
SET306-KR-PP-S,SET306-KR-PP-S,SET306,Set,S,Amazon source-local
SET306-KR-PP-XL,SET306-KR-PP-XL,SET306,Set,XL,Amazon source-local
SET306-KR-PP-XS,SET306-KR-PP-XS,SET306,Set,XS,Amazon source-local
SET306-KR-PP-XXL,SET306-KR-PP-XXL,SET306,Set,XXL,Amazon source-local
SET306-KR-PP-XXXL,SET306-KR-PP-XXXL,SET306,Set,3XL,Amazon source-local
SET307-KR-DPT-L,SET307-KR-DPT-L,SET307,Set,L,Amazon source-local
SET307-KR-DPT-M,SET307-KR-DPT-M,SET307,Set,M,Amazon source-local
SET307-KR-DPT-S,SET307-KR-DPT-S,SET307,Set,S,Amazon source-local
SET307-KR-DPT-XL,SET307-KR-DPT-XL,SET307,Set,XL,Amazon source-local
SET307-KR-DPT-XS,SET307-KR-DPT-XS,SET307,Set,XS,Amazon source-local
SET307-KR-DPT-XXL,SET307-KR-DPT-XXL,SET307,Set,XXL,Amazon source-local
SET307-KR-DPT-XXXL,SET307-KR-DPT-XXXL,SET307,Set,3XL,Amazon source-local
SET308-KR-PP-L,SET308-KR-PP-L,SET308,Set,L,Amazon source-local
SET308-KR-PP-M,SET308-KR-PP-M,SET308,Set,M,Amazon source-local
SET308-KR-PP-S,SET308-KR-PP-S,SET308,Set,S,Amazon source-local
SET308-KR-PP-XL,SET308-KR-PP-XL,SET308,Set,XL,Amazon source-local
SET308-KR-PP-XS,SET308-KR-PP-XS,SET308,Set,XS,Amazon source-local
SET308-KR-PP-XXL,SET308-KR-PP-XXL,SET308,Set,XXL,Amazon source-local
SET308-KR-PP-XXXL,SET308-KR-PP-XXXL,SET308,Set,3XL,Amazon source-local
SET310-KR-NP-L,SET310-KR-NP-L,SET310,Set,L,Amazon source-local
SET310-KR-NP-M,SET310-KR-NP-M,SET310,Set,M,Amazon source-local
SET310-KR-NP-S,SET310-KR-NP-S,SET310,Set,S,Amazon source-local
SET310-KR-NP-XL,SET310-KR-NP-XL,SET310,Set,XL,Amazon source-local
SET310-KR-NP-XS,SET310-KR-NP-XS,SET310,Set,XS,Amazon source-local
SET310-KR-NP-XXL,SET310-KR-NP-XXL,SET310,Set,XXL,Amazon source-local
SET310-KR-NP-XXXL,SET310-KR-NP-XXXL,SET310,Set,3XL,Amazon source-local
SET311-KR-NP-L,SET311-KR-NP-L,SET311,Set,L,Amazon source-local
SET311-KR-NP-S,SET311-KR-NP-S,SET311,Set,S,Amazon source-local
SET311-KR-NP-XL,SET311-KR-NP-XL,SET311,Set,XL,Amazon source-local
SET311-KR-NP-XS,SET311-KR-NP-XS,SET311,Set,XS,Amazon source-local
SET313-KR-NP-L,SET313-KR-NP-L,SET313,Set,L,Amazon source-local
SET313-KR-NP-M,SET313-KR-NP-M,SET313,Set,M,Amazon source-local
SET313-KR-NP-S,SET313-KR-NP-S,SET313,Set,S,Amazon source-local
SET313-KR-NP-XL,SET313-KR-NP-XL,SET313,Set,XL,Amazon source-local
SET313-KR-NP-XS,SET313-KR-NP-XS,SET313,Set,XS,Amazon source-local
SET313-KR-NP-XXL,SET313-KR-NP-XXL,SET313,Set,XXL,Amazon source-local
SET313-KR-NP-XXXL,SET313-KR-NP-XXXL,SET313,Set,3XL,Amazon source-local
SET315-KR-PP-L,SET315-KR-PP-L,SET315,Set,L,Amazon source-local
SET315-KR-PP-M,SET315-KR-PP-M,SET315,Set,M,Amazon source-local
SET315-KR-PP-XL,SET315-KR-PP-XL,SET315,Set,XL,Amazon source-local
SET315-KR-PP-XXXL,SET315-KR-PP-XXXL,SET315,Set,3XL,Amazon source-local
SET316-KR-DPT-L,SET316-KR-DPT-L,SET316,Set,L,Amazon source-local
SET316-KR-DPT-M,SET316-KR-DPT-M,SET316,Set,M,Amazon source-local
SET316-KR-DPT-S,SET316-KR-DPT-S,SET316,Set,S,Amazon source-local
SET316-KR-DPT-XL,SET316-KR-DPT-XL,SET316,Set,XL,Amazon source-local
SET316-KR-DPT-XS,SET316-KR-DPT-XS,SET316,Set,XS,Amazon source-local
SET316-KR-DPT-XXL,SET316-KR-DPT-XXL,SET316,Set,XXL,Amazon source-local
SET316-KR-DPT-XXXL,SET316-KR-DPT-XXXL,SET316,Set,3XL,Amazon source-local
SET317-KR-PP-L,SET317-KR-PP-L,SET317,Set,L,Amazon source-local
SET317-KR-PP-M,SET317-KR-PP-M,SET317,Set,M,Amazon source-local
SET317-KR-PP-S,SET317-KR-PP-S,SET317,Set,S,Amazon source-local
SET317-KR-PP-XL,SET317-KR-PP-XL,SET317,Set,XL,Amazon source-local
SET317-KR-PP-XS,SET317-KR-PP-XS,SET317,Set,XS,Amazon source-local
SET317-KR-PP-XXL,SET317-KR-PP-XXL,SET317,Set,XXL,Amazon source-local
SET317-KR-PP-XXXL,SET317-KR-PP-XXXL,SET317,Set,3XL,Amazon source-local
SET318-KR-SHA-L,SET318-KR-SHA-L,SET318,Set,L,Amazon source-local
SET318-KR-SHA-M,SET318-KR-SHA-M,SET318,Set,M,Amazon source-local
SET318-KR-SHA-S,SET318-KR-SHA-S,SET318,Set,S,Amazon source-local
SET318-KR-SHA-XL,SET318-KR-SHA-XL,SET318,Set,XL,Amazon source-local
SET318-KR-SHA-XS,SET318-KR-SHA-XS,SET318,Set,XS,Amazon source-local
SET318-KR-SHA-XXL,SET318-KR-SHA-XXL,SET318,Set,XXL,Amazon source-local
SET318-KR-SHA-XXXL,SET318-KR-SHA-XXXL,SET318,Set,3XL,Amazon source-local
SET319-KR-NP-L,SET319-KR-NP-L,SET319,Set,L,Amazon source-local
SET319-KR-NP-M,SET319-KR-NP-M,SET319,Set,M,Amazon source-local
SET319-KR-NP-S,SET319-KR-NP-S,SET319,Set,S,Amazon source-local
SET319-KR-NP-XL,SET319-KR-NP-XL,SET319,Set,XL,Amazon source-local
SET319-KR-NP-XS,SET319-KR-NP-XS,SET319,Set,XS,Amazon source-local
SET319-KR-NP-XXL,SET319-KR-NP-XXL,SET319,Set,XXL,Amazon source-local
SET319-KR-NP-XXXL,SET319-KR-NP-XXXL,SET319,Set,3XL,Amazon source-local
SET320-KR-NP-L,SET320-KR-NP-L,SET320,Set,L,Amazon source-local
SET320-KR-NP-M,SET320-KR-NP-M,SET320,Set,M,Amazon source-local
SET320-KR-NP-S,SET320-KR-NP-S,SET320,Set,S,Amazon source-local
SET320-KR-NP-XL,SET320-KR-NP-XL,SET320,Set,XL,Amazon source-local
SET320-KR-NP-XS,SET320-KR-NP-XS,SET320,Set,XS,Amazon source-local
SET320-KR-NP-XXL,SET320-KR-NP-XXL,SET320,Set,XXL,Amazon source-local
SET320-KR-NP-XXXL,SET320-KR-NP-XXXL,SET320,Set,3XL,Amazon source-local
SET321-KR-DPT-L,SET321-KR-DPT-L,SET321,Set,L,Amazon source-local
SET321-KR-DPT-M,SET321-KR-DPT-M,SET321,Set,M,Amazon source-local
SET321-KR-DPT-S,SET321-KR-DPT-S,SET321,Set,S,Amazon source-local
SET321-KR-DPT-XL,SET321-KR-DPT-XL,SET321,Set,XL,Amazon source-local
SET321-KR-DPT-XS,SET321-KR-DPT-XS,SET321,Set,XS,Amazon source-local
SET321-KR-DPT-XXL,SET321-KR-DPT-XXL,SET321,Set,XXL,Amazon source-local
SET321-KR-DPT-XXXL,SET321-KR-DPT-XXXL,SET321,Set,3XL,Amazon source-local
SET322-KR-SHA-L,SET322-KR-SHA-L,SET322,Set,L,Amazon source-local
SET322-KR-SHA-M,SET322-KR-SHA-M,SET322,Set,M,Amazon source-local
SET322-KR-SHA-S,SET322-KR-SHA-S,SET322,Set,S,Amazon source-local
SET322-KR-SHA-XL,SET322-KR-SHA-XL,SET322,Set,XL,Amazon source-local
SET322-KR-SHA-XS,SET322-KR-SHA-XS,SET322,Set,XS,Amazon source-local
SET322-KR-SHA-XXL,SET322-KR-SHA-XXL,SET322,Set,XXL,Amazon source-local
SET322-KR-SHA-XXXL,SET322-KR-SHA-XXXL,SET322,Set,3XL,Amazon source-local
SET323-KR-NP-L,SET323-KR-NP-L,SET323,Set,L,Amazon source-local
SET323-KR-NP-M,SET323-KR-NP-M,SET323,Set,M,Amazon source-local
SET323-KR-NP-S,SET323-KR-NP-S,SET323,Set,S,Amazon source-local
SET323-KR-NP-XL,SET323-KR-NP-XL,SET323,Set,XL,Amazon source-local
SET323-KR-NP-XS,SET323-KR-NP-XS,SET323,Set,XS,Amazon source-local
SET323-KR-NP-XXL,SET323-KR-NP-XXL,SET323,Set,XXL,Amazon source-local
SET323-KR-NP-XXXL,SET323-KR-NP-XXXL,SET323,Set,3XL,Amazon source-local
SET324-KR-NP-L,SET324-KR-NP-L,SET324,Set,L,Amazon source-local
SET324-KR-NP-M,SET324-KR-NP-M,SET324,Set,M,Amazon source-local
SET324-KR-NP-S,SET324-KR-NP-S,SET324,Set,S,Amazon source-local
SET324-KR-NP-XL,SET324-KR-NP-XL,SET324,Set,XL,Amazon source-local
SET324-KR-NP-XS,SET324-KR-NP-XS,SET324,Set,XS,Amazon source-local
SET324-KR-NP-XXL,SET324-KR-NP-XXL,SET324,Set,XXL,Amazon source-local
SET324-KR-NP-XXXL,SET324-KR-NP-XXXL,SET324,Set,3XL,Amazon source-local
SET325-KR-NP-L,SET325-KR-NP-L,SET325,Set,L,Amazon source-local
SET325-KR-NP-M,SET325-KR-NP-M,SET325,Set,M,Amazon source-local
SET325-KR-NP-S,SET325-KR-NP-S,SET325,Set,S,Amazon source-local
SET325-KR-NP-XL,SET325-KR-NP-XL,SET325,Set,XL,Amazon source-local
SET325-KR-NP-XS,SET325-KR-NP-XS,SET325,Set,XS,Amazon source-local
SET325-KR-NP-XXL,SET325-KR-NP-XXL,SET325,Set,XXL,Amazon source-local
SET325-KR-NP-XXXL,SET325-KR-NP-XXXL,SET325,Set,3XL,Amazon source-local
SET326-KR-PP-L,SET326-KR-PP-L,SET326,Set,L,Amazon source-local
SET326-KR-PP-M,SET326-KR-PP-M,SET326,Set,M,Amazon source-local
SET326-KR-PP-S,SET326-KR-PP-S,SET326,Set,S,Amazon source-local
SET326-KR-PP-XL,SET326-KR-PP-XL,SET326,Set,XL,Amazon source-local
SET326-KR-PP-XS,SET326-KR-PP-XS,SET326,Set,XS,Amazon source-local
SET326-KR-PP-XXL,SET326-KR-PP-XXL,SET326,Set,XXL,Amazon source-local
SET326-KR-PP-XXXL,SET326-KR-PP-XXXL,SET326,Set,3XL,Amazon source-local
SET327-KR-DPT-L,SET327-KR-DPT-L,SET327,Set,L,Amazon source-local
SET327-KR-DPT-M,SET327-KR-DPT-M,SET327,Set,M,Amazon source-local
SET327-KR-DPT-S,SET327-KR-DPT-S,SET327,Set,S,Amazon source-local
SET327-KR-DPT-XL,SET327-KR-DPT-XL,SET327,Set,XL,Amazon source-local
SET327-KR-DPT-XS,SET327-KR-DPT-XS,SET327,Set,XS,Amazon source-local
SET327-KR-DPT-XXL,SET327-KR-DPT-XXL,SET327,Set,XXL,Amazon source-local
SET327-KR-DPT-XXXL,SET327-KR-DPT-XXXL,SET327,Set,3XL,Amazon source-local
SET328-KR-NP-L,SET328-KR-NP-L,SET328,Set,L,Amazon source-local
SET328-KR-NP-M,SET328-KR-NP-M,SET328,Set,M,Amazon source-local
SET328-KR-NP-S,SET328-KR-NP-S,SET328,Set,S,Amazon source-local
SET328-KR-NP-XL,SET328-KR-NP-XL,SET328,Set,XL,Amazon source-local
SET328-KR-NP-XS,SET328-KR-NP-XS,SET328,Set,XS,Amazon source-local
SET328-KR-NP-XXL,SET328-KR-NP-XXL,SET328,Set,XXL,Amazon source-local
SET328-KR-NP-XXXL,SET328-KR-NP-XXXL,SET328,Set,3XL,Amazon source-local
SET329-KR-NP-L,SET329-KR-NP-L,SET329,Set,L,Amazon source-local
SET329-KR-NP-M,SET329-KR-NP-M,SET329,Set,M,Amazon source-local
SET329-KR-NP-S,SET329-KR-NP-S,SET329,Set,S,Amazon source-local
SET329-KR-NP-XL,SET329-KR-NP-XL,SET329,Set,XL,Amazon source-local
SET329-KR-NP-XS,SET329-KR-NP-XS,SET329,Set,XS,Amazon source-local
SET329-KR-NP-XXL,SET329-KR-NP-XXL,SET329,Set,XXL,Amazon source-local
SET329-KR-NP-XXXL,SET329-KR-NP-XXXL,SET329,Set,3XL,Amazon source-local
SET330-KR-PP-L,SET330-KR-PP-L,SET330,Set,L,Amazon source-local
SET330-KR-PP-M,SET330-KR-PP-M,SET330,Set,M,Amazon source-local
SET330-KR-PP-S,SET330-KR-PP-S,SET330,Set,S,Amazon source-local
SET330-KR-PP-XL,SET330-KR-PP-XL,SET330,Set,XL,Amazon source-local
SET330-KR-PP-XS,SET330-KR-PP-XS,SET330,Set,XS,Amazon source-local
SET330-KR-PP-XXL,SET330-KR-PP-XXL,SET330,Set,XXL,Amazon source-local
SET330-KR-PP-XXXL,SET330-KR-PP-XXXL,SET330,Set,3XL,Amazon source-local
SET331-KR-NP-L,SET331-KR-NP-L,SET331,Set,L,Amazon source-local
SET331-KR-NP-M,SET331-KR-NP-M,SET331,Set,M,Amazon source-local
SET331-KR-NP-S,SET331-KR-NP-S,SET331,Set,S,Amazon source-local
SET331-KR-NP-XL,SET331-KR-NP-XL,SET331,Set,XL,Amazon source-local
SET331-KR-NP-XS,SET331-KR-NP-XS,SET331,Set,XS,Amazon source-local
SET331-KR-NP-XXL,SET331-KR-NP-XXL,SET331,Set,XXL,Amazon source-local
SET331-KR-NP-XXXL,SET331-KR-NP-XXXL,SET331,Set,3XL,Amazon source-local
SET332-KR-PP-L,SET332-KR-PP-L,SET332,Set,L,Amazon source-local
SET332-KR-PP-M,SET332-KR-PP-M,SET332,Set,M,Amazon source-local
SET332-KR-PP-S,SET332-KR-PP-S,SET332,Set,S,Amazon source-local
SET332-KR-PP-XL,SET332-KR-PP-XL,SET332,Set,XL,Amazon source-local
SET332-KR-PP-XS,SET332-KR-PP-XS,SET332,Set,XS,Amazon source-local
SET332-KR-PP-XXL,SET332-KR-PP-XXL,SET332,Set,XXL,Amazon source-local
SET332-KR-PP-XXXL,SET332-KR-PP-XXXL,SET332,Set,3XL,Amazon source-local
SET333-KR-DPT-L,SET333-KR-DPT-L,SET333,Set,L,Amazon source-local
SET333-KR-DPT-M,SET333-KR-DPT-M,SET333,Set,M,Amazon source-local
SET333-KR-DPT-S,SET333-KR-DPT-S,SET333,Set,S,Amazon source-local
SET333-KR-DPT-XL,SET333-KR-DPT-XL,SET333,Set,XL,Amazon source-local
SET333-KR-DPT-XS,SET333-KR-DPT-XS,SET333,Set,XS,Amazon source-local
SET333-KR-DPT-XXL,SET333-KR-DPT-XXL,SET333,Set,XXL,Amazon source-local
SET333-KR-DPT-XXXL,SET333-KR-DPT-XXXL,SET333,Set,3XL,Amazon source-local
SET334-KR-NP-L,SET334-KR-NP-L,SET334,Set,L,Amazon source-local
SET334-KR-NP-M,SET334-KR-NP-M,SET334,Set,M,Amazon source-local
SET334-KR-NP-S,SET334-KR-NP-S,SET334,Set,S,Amazon source-local
SET334-KR-NP-XL,SET334-KR-NP-XL,SET334,Set,XL,Amazon source-local
SET334-KR-NP-XS,SET334-KR-NP-XS,SET334,Set,XS,Amazon source-local
SET334-KR-NP-XXL,SET334-KR-NP-XXL,SET334,Set,XXL,Amazon source-local
SET334-KR-NP-XXXL,SET334-KR-NP-XXXL,SET334,Set,3XL,Amazon source-local
SET335-KR-NP-L,SET335-KR-NP-L,SET335,Set,L,Amazon source-local
SET335-KR-NP-M,SET335-KR-NP-M,SET335,Set,M,Amazon source-local
SET335-KR-NP-S,SET335-KR-NP-S,SET335,Set,S,Amazon source-local
SET335-KR-NP-XL,SET335-KR-NP-XL,SET335,Set,XL,Amazon source-local
SET335-KR-NP-XS,SET335-KR-NP-XS,SET335,Set,XS,Amazon source-local
SET335-KR-NP-XXL,SET335-KR-NP-XXL,SET335,Set,XXL,Amazon source-local
SET335-KR-NP-XXXL,SET335-KR-NP-XXXL,SET335,Set,3XL,Amazon source-local
SET336-KR-NP-L,SET336-KR-NP-L,SET336,Set,L,Amazon source-local
SET336-KR-NP-M,SET336-KR-NP-M,SET336,Set,M,Amazon source-local
SET336-KR-NP-S,SET336-KR-NP-S,SET336,Set,S,Amazon source-local
SET336-KR-NP-XS,SET336-KR-NP-XS,SET336,Set,XS,Amazon source-local
SET336-KR-NP-XXL,SET336-KR-NP-XXL,SET336,Set,XXL,Amazon source-local
SET337-KR-NP-L,SET337-KR-NP-L,SET337,Set,L,Amazon source-local
SET337-KR-NP-M,SET337-KR-NP-M,SET337,Set,M,Amazon source-local
SET337-KR-NP-S,SET337-KR-NP-S,SET337,Set,S,Amazon source-local
SET337-KR-NP-XL,SET337-KR-NP-XL,SET337,Set,XL,Amazon source-local
SET337-KR-NP-XS,SET337-KR-NP-XS,SET337,Set,XS,Amazon source-local
SET337-KR-NP-XXL,SET337-KR-NP-XXL,SET337,Set,XXL,Amazon source-local
SET338-KR-NP-L,SET338-KR-NP-L,SET338,Set,L,Amazon source-local
SET338-KR-NP-M,SET338-KR-NP-M,SET338,Set,M,Amazon source-local
SET338-KR-NP-S,SET338-KR-NP-S,SET338,Set,S,Amazon source-local
SET338-KR-NP-XL,SET338-KR-NP-XL,SET338,Set,XL,Amazon source-local
SET338-KR-NP-XS,SET338-KR-NP-XS,SET338,Set,XS,Amazon source-local
SET338-KR-NP-XXL,SET338-KR-NP-XXL,SET338,Set,XXL,Amazon source-local
SET339-KR-NP-L,SET339-KR-NP-L,SET339,Set,L,Amazon source-local
SET339-KR-NP-M,SET339-KR-NP-M,SET339,Set,M,Amazon source-local
SET339-KR-NP-S,SET339-KR-NP-S,SET339,Set,S,Amazon source-local
SET339-KR-NP-XL,SET339-KR-NP-XL,SET339,Set,XL,Amazon source-local
SET339-KR-NP-XS,SET339-KR-NP-XS,SET339,Set,XS,Amazon source-local
SET339-KR-NP-XXL,SET339-KR-NP-XXL,SET339,Set,XXL,Amazon source-local
SET339-KR-NP-XXXL,SET339-KR-NP-XXXL,SET339,Set,3XL,Amazon source-local
SET340-KR-NP-L,SET340-KR-NP-L,SET340,Set,L,Amazon source-local
SET340-KR-NP-M,SET340-KR-NP-M,SET340,Set,M,Amazon source-local
SET340-KR-NP-S,SET340-KR-NP-S,SET340,Set,S,Amazon source-local
SET340-KR-NP-XL,SET340-KR-NP-XL,SET340,Set,XL,Amazon source-local
SET340-KR-NP-XS,SET340-KR-NP-XS,SET340,Set,XS,Amazon source-local
SET340-KR-NP-XXL,SET340-KR-NP-XXL,SET340,Set,XXL,Amazon source-local
SET340-KR-NP-XXXL,SET340-KR-NP-XXXL,SET340,Set,3XL,Amazon source-local
SET341-KR-NP-L,SET341-KR-NP-L,SET341,Set,L,Amazon source-local
SET341-KR-NP-M,SET341-KR-NP-M,SET341,Set,M,Amazon source-local
SET341-KR-NP-S,SET341-KR-NP-S,SET341,Set,S,Amazon source-local
SET341-KR-NP-XL,SET341-KR-NP-XL,SET341,Set,XL,Amazon source-local
SET341-KR-NP-XS,SET341-KR-NP-XS,SET341,Set,XS,Amazon source-local
SET341-KR-NP-XXL,SET341-KR-NP-XXL,SET341,Set,XXL,Amazon source-local
SET341-KR-NP-XXXL,SET341-KR-NP-XXXL,SET341,Set,3XL,Amazon source-local
SET342-KR-NP-N-L,SET342-KR-NP-N-L,SET342,Set,L,Amazon source-local
SET342-KR-NP-N-M,SET342-KR-NP-N-M,SET342,Set,M,Amazon source-local
SET342-KR-NP-N-S,SET342-KR-NP-N-S,SET342,Set,S,Amazon source-local
SET342-KR-NP-N-XL,SET342-KR-NP-N-XL,SET342,Set,XL,Amazon source-local
SET342-KR-NP-N-XS,SET342-KR-NP-N-XS,SET342,Set,XS,Amazon source-local
SET342-KR-NP-N-XXL,SET342-KR-NP-N-XXL,SET342,Set,XXL,Amazon source-local
SET342-KR-NP-N-XXXL,SET342-KR-NP-N-XXXL,SET342,Set,3XL,Amazon source-local
SET343-KR-NP-L,SET343-KR-NP-L,SET343,Set,L,Amazon source-local
SET343-KR-NP-M,SET343-KR-NP-M,SET343,Set,M,Amazon source-local
SET343-KR-NP-S,SET343-KR-NP-S,SET343,Set,S,Amazon source-local
SET343-KR-NP-XL,SET343-KR-NP-XL,SET343,Set,XL,Amazon source-local
SET343-KR-NP-XS,SET343-KR-NP-XS,SET343,Set,XS,Amazon source-local
SET343-KR-NP-XXL,SET343-KR-NP-XXL,SET343,Set,XXL,Amazon source-local
SET343-KR-NP-XXXL,SET343-KR-NP-XXXL,SET343,Set,3XL,Amazon source-local
SET344-KR-NP-L,SET344-KR-NP-L,SET344,Set,L,Amazon source-local
SET344-KR-NP-M,SET344-KR-NP-M,SET344,Set,M,Amazon source-local
SET344-KR-NP-S,SET344-KR-NP-S,SET344,Set,S,Amazon source-local
SET344-KR-NP-XL,SET344-KR-NP-XL,SET344,Set,XL,Amazon source-local
SET344-KR-NP-XS,SET344-KR-NP-XS,SET344,Set,XS,Amazon source-local
SET344-KR-NP-XXL,SET344-KR-NP-XXL,SET344,Set,XXL,Amazon source-local
SET344-KR-NP-XXXL,SET344-KR-NP-XXXL,SET344,Set,3XL,Amazon source-local
SET345-KR-NP-L,SET345-KR-NP-L,SET345,Set,L,Amazon source-local
SET345-KR-NP-M,SET345-KR-NP-M,SET345,Set,M,Amazon source-local
SET345-KR-NP-S,SET345-KR-NP-S,SET345,Set,S,Amazon source-local
SET345-KR-NP-XL,SET345-KR-NP-XL,SET345,Set,XL,Amazon source-local
SET345-KR-NP-XS,SET345-KR-NP-XS,SET345,Set,XS,Amazon source-local
SET345-KR-NP-XXL,SET345-KR-NP-XXL,SET345,Set,XXL,Amazon source-local
SET345-KR-NP-XXXL,SET345-KR-NP-XXXL,SET345,Set,3XL,Amazon source-local
SET346-KR-PP-L,SET346-KR-PP-L,SET346,Set,L,Amazon source-local
SET346-KR-PP-M,SET346-KR-PP-M,SET346,Set,M,Amazon source-local
SET346-KR-PP-S,SET346-KR-PP-S,SET346,Set,S,Amazon source-local
SET346-KR-PP-XL,SET346-KR-PP-XL,SET346,Set,XL,Amazon source-local
SET346-KR-PP-XS,SET346-KR-PP-XS,SET346,Set,XS,Amazon source-local
SET346-KR-PP-XXL,SET346-KR-PP-XXL,SET346,Set,XXL,Amazon source-local
SET346-KR-PP-XXXL,SET346-KR-PP-XXXL,SET346,Set,3XL,Amazon source-local
SET347-KR-NP-L,SET347-KR-NP-L,SET347,Set,L,Amazon source-local
SET347-KR-NP-M,SET347-KR-NP-M,SET347,Set,M,Amazon source-local
SET347-KR-NP-S,SET347-KR-NP-S,SET347,Set,S,Amazon source-local
SET347-KR-NP-XL,SET347-KR-NP-XL,SET347,Set,XL,Amazon source-local
SET347-KR-NP-XS,SET347-KR-NP-XS,SET347,Set,XS,Amazon source-local
SET347-KR-NP-XXL,SET347-KR-NP-XXL,SET347,Set,XXL,Amazon source-local
SET347-KR-NP-XXXL,SET347-KR-NP-XXXL,SET347,Set,3XL,Amazon source-local
SET348-KR-NP-L,SET348-KR-NP-L,SET348,Set,L,Amazon source-local
SET348-KR-NP-M,SET348-KR-NP-M,SET348,Set,M,Amazon source-local
SET348-KR-NP-S,SET348-KR-NP-S,SET348,Set,S,Amazon source-local
SET348-KR-NP-XL,SET348-KR-NP-XL,SET348,Set,XL,Amazon source-local
SET348-KR-NP-XS,SET348-KR-NP-XS,SET348,Set,XS,Amazon source-local
SET348-KR-NP-XXL,SET348-KR-NP-XXL,SET348,Set,XXL,Amazon source-local
SET348-KR-NP-XXXL,SET348-KR-NP-XXXL,SET348,Set,3XL,Amazon source-local
SET349-KR-NP-L,SET349-KR-NP-L,SET349,Set,L,Amazon source-local
SET349-KR-NP-M,SET349-KR-NP-M,SET349,Set,M,Amazon source-local
SET349-KR-NP-S,SET349-KR-NP-S,SET349,Set,S,Amazon source-local
SET349-KR-NP-XL,SET349-KR-NP-XL,SET349,Set,XL,Amazon source-local
SET349-KR-NP-XS,SET349-KR-NP-XS,SET349,Set,XS,Amazon source-local
SET349-KR-NP-XXL,SET349-KR-NP-XXL,SET349,Set,XXL,Amazon source-local
SET349-KR-NP-XXXL,SET349-KR-NP-XXXL,SET349,Set,3XL,Amazon source-local
SET350-KR-NP-L,SET350-KR-NP-L,SET350,Set,L,Amazon source-local
SET350-KR-NP-M,SET350-KR-NP-M,SET350,Set,M,Amazon source-local
SET350-KR-NP-S,SET350-KR-NP-S,SET350,Set,S,Amazon source-local
SET350-KR-NP-XL,SET350-KR-NP-XL,SET350,Set,XL,Amazon source-local
SET350-KR-NP-XS,SET350-KR-NP-XS,SET350,Set,XS,Amazon source-local
SET350-KR-NP-XXL,SET350-KR-NP-XXL,SET350,Set,XXL,Amazon source-local
SET350-KR-NP-XXXL,SET350-KR-NP-XXXL,SET350,Set,3XL,Amazon source-local
SET351-KR-NP-L,SET351-KR-NP-L,SET351,Set,L,Amazon source-local
SET351-KR-NP-M,SET351-KR-NP-M,SET351,Set,M,Amazon source-local
SET351-KR-NP-S,SET351-KR-NP-S,SET351,Set,S,Amazon source-local
SET351-KR-NP-XL,SET351-KR-NP-XL,SET351,Set,XL,Amazon source-local
SET351-KR-NP-XS,SET351-KR-NP-XS,SET351,Set,XS,Amazon source-local
SET351-KR-NP-XXL,SET351-KR-NP-XXL,SET351,Set,XXL,Amazon source-local
SET351-KR-NP-XXXL,SET351-KR-NP-XXXL,SET351,Set,3XL,Amazon source-local
SET352-KR-NP-L,SET352-KR-NP-L,SET352,Set,L,Amazon source-local
SET352-KR-NP-M,SET352-KR-NP-M,SET352,Set,M,Amazon source-local
SET352-KR-NP-S,SET352-KR-NP-S,SET352,Set,S,Amazon source-local
SET352-KR-NP-XL,SET352-KR-NP-XL,SET352,Set,XL,Amazon source-local
SET352-KR-NP-XXL,SET352-KR-NP-XXL,SET352,Set,XXL,Amazon source-local
SET352-KR-NP-XXXL,SET352-KR-NP-XXXL,SET352,Set,3XL,Amazon source-local
SET353-KR-NP-L,SET353-KR-NP-L,SET353,Set,L,Amazon source-local
SET353-KR-NP-M,SET353-KR-NP-M,SET353,Set,M,Amazon source-local
SET353-KR-NP-S,SET353-KR-NP-S,SET353,Set,S,Amazon source-local
SET353-KR-NP-XL,SET353-KR-NP-XL,SET353,Set,XL,Amazon source-local
SET353-KR-NP-XS,SET353-KR-NP-XS,SET353,Set,XS,Amazon source-local
SET353-KR-NP-XXL,SET353-KR-NP-XXL,SET353,Set,XXL,Amazon source-local
SET353-KR-NP-XXXL,SET353-KR-NP-XXXL,SET353,Set,3XL,Amazon source-local
SET355-KR-PP-L,SET355-KR-PP-L,SET355,Set,L,Amazon source-local
SET355-KR-PP-M,SET355-KR-PP-M,SET355,Set,M,Amazon source-local
SET355-KR-PP-S,SET355-KR-PP-S,SET355,Set,S,Amazon source-local
SET355-KR-PP-XL,SET355-KR-PP-XL,SET355,Set,XL,Amazon source-local
SET355-KR-PP-XS,SET355-KR-PP-XS,SET355,Set,XS,Amazon source-local
SET355-KR-PP-XXL,SET355-KR-PP-XXL,SET355,Set,XXL,Amazon source-local
SET355-KR-PP-XXXL,SET355-KR-PP-XXXL,SET355,Set,3XL,Amazon source-local
SET356-KR-NP-L,SET356-KR-NP-L,SET356,Set,L,Amazon source-local
SET356-KR-NP-M,SET356-KR-NP-M,SET356,Set,M,Amazon source-local
SET356-KR-NP-S,SET356-KR-NP-S,SET356,Set,S,Amazon source-local
SET356-KR-NP-XL,SET356-KR-NP-XL,SET356,Set,XL,Amazon source-local
SET356-KR-NP-XS,SET356-KR-NP-XS,SET356,Set,XS,Amazon source-local
SET356-KR-NP-XXL,SET356-KR-NP-XXL,SET356,Set,XXL,Amazon source-local
SET356-KR-NP-XXXL,SET356-KR-NP-XXXL,SET356,Set,3XL,Amazon source-local
SET357-KR-NP-L,SET357-KR-NP-L,SET357,Set,L,Amazon source-local
SET357-KR-NP-M,SET357-KR-NP-M,SET357,Set,M,Amazon source-local
SET357-KR-NP-S,SET357-KR-NP-S,SET357,Set,S,Amazon source-local
SET357-KR-NP-XL,SET357-KR-NP-XL,SET357,Set,XL,Amazon source-local
SET357-KR-NP-XS,SET357-KR-NP-XS,SET357,Set,XS,Amazon source-local
SET357-KR-NP-XXL,SET357-KR-NP-XXL,SET357,Set,XXL,Amazon source-local
SET357-KR-NP-XXXL,SET357-KR-NP-XXXL,SET357,Set,3XL,Amazon source-local
SET358-KR-NP-L,SET358-KR-NP-L,SET358,Set,L,Amazon source-local
SET358-KR-NP-M,SET358-KR-NP-M,SET358,Set,M,Amazon source-local
SET358-KR-NP-S,SET358-KR-NP-S,SET358,Set,S,Amazon source-local
SET358-KR-NP-XL,SET358-KR-NP-XL,SET358,Set,XL,Amazon source-local
SET358-KR-NP-XS,SET358-KR-NP-XS,SET358,Set,XS,Amazon source-local
SET358-KR-NP-XXL,SET358-KR-NP-XXL,SET358,Set,XXL,Amazon source-local
SET358-KR-NP-XXXL,SET358-KR-NP-XXXL,SET358,Set,3XL,Amazon source-local
SET359-KR-NP-L,SET359-KR-NP-L,SET359,Set,L,Amazon source-local
SET359-KR-NP-M,SET359-KR-NP-M,SET359,Set,M,Amazon source-local
SET359-KR-NP-S,SET359-KR-NP-S,SET359,Set,S,Amazon source-local
SET359-KR-NP-XL,SET359-KR-NP-XL,SET359,Set,XL,Amazon source-local
SET359-KR-NP-XS,SET359-KR-NP-XS,SET359,Set,XS,Amazon source-local
SET359-KR-NP-XXL,SET359-KR-NP-XXL,SET359,Set,XXL,Amazon source-local
SET359-KR-NP-XXXL,SET359-KR-NP-XXXL,SET359,Set,3XL,Amazon source-local
SET360-KR-NP-L,SET360-KR-NP-L,SET360,Set,L,Amazon source-local
SET360-KR-NP-M,SET360-KR-NP-M,SET360,Set,M,Amazon source-local
SET360-KR-NP-S,SET360-KR-NP-S,SET360,Set,S,Amazon source-local
SET360-KR-NP-XL,SET360-KR-NP-XL,SET360,Set,XL,Amazon source-local
SET360-KR-NP-XS,SET360-KR-NP-XS,SET360,Set,XS,Amazon source-local
SET360-KR-NP-XXL,SET360-KR-NP-XXL,SET360,Set,XXL,Amazon source-local
SET360-KR-NP-XXXL,SET360-KR-NP-XXXL,SET360,Set,3XL,Amazon source-local
SET361-KR-NP-L,SET361-KR-NP-L,SET361,Set,L,Amazon source-local
SET361-KR-NP-M,SET361-KR-NP-M,SET361,Set,M,Amazon source-local
SET361-KR-NP-S,SET361-KR-NP-S,SET361,Set,S,Amazon source-local
SET361-KR-NP-XS,SET361-KR-NP-XS,SET361,Set,XS,Amazon source-local
SET363-KR-NP-L,SET363-KR-NP-L,SET363,Set,L,Amazon source-local
SET363-KR-NP-M,SET363-KR-NP-M,SET363,Set,M,Amazon source-local
SET363-KR-NP-S,SET363-KR-NP-S,SET363,Set,S,Amazon source-local
SET363-KR-NP-XL,SET363-KR-NP-XL,SET363,Set,XL,Amazon source-local
SET363-KR-NP-XS,SET363-KR-NP-XS,SET363,Set,XS,Amazon source-local
SET363-KR-NP-XXL,SET363-KR-NP-XXL,SET363,Set,XXL,Amazon source-local
SET363-KR-NP-XXXL,SET363-KR-NP-XXXL,SET363,Set,3XL,Amazon source-local
SET364-KR-NP-L,SET364-KR-NP-L,SET364,Set,L,Amazon source-local
SET364-KR-NP-M,SET364-KR-NP-M,SET364,Set,M,Amazon source-local
SET364-KR-NP-S,SET364-KR-NP-S,SET364,Set,S,Amazon source-local
SET364-KR-NP-XL,SET364-KR-NP-XL,SET364,Set,XL,Amazon source-local
SET364-KR-NP-XS,SET364-KR-NP-XS,SET364,Set,XS,Amazon source-local
SET364-KR-NP-XXL,SET364-KR-NP-XXL,SET364,Set,XXL,Amazon source-local
SET364-KR-NP-XXXL,SET364-KR-NP-XXXL,SET364,Set,3XL,Amazon source-local
SET365-KR-NP-L,SET365-KR-NP-L,SET365,Set,L,Amazon source-local
SET365-KR-NP-M,SET365-KR-NP-M,SET365,Set,M,Amazon source-local
SET365-KR-NP-S,SET365-KR-NP-S,SET365,Set,S,Amazon source-local
SET365-KR-NP-XL,SET365-KR-NP-XL,SET365,Set,XL,Amazon source-local
SET365-KR-NP-XS,SET365-KR-NP-XS,SET365,Set,XS,Amazon source-local
SET365-KR-NP-XXL,SET365-KR-NP-XXL,SET365,Set,XXL,Amazon source-local
SET365-KR-NP-XXXL,SET365-KR-NP-XXXL,SET365,Set,3XL,Amazon source-local
SET366-KR-NP-L,SET366-KR-NP-L,SET366,Set,L,Amazon source-local
SET366-KR-NP-M,SET366-KR-NP-M,SET366,Set,M,Amazon source-local
SET366-KR-NP-S,SET366-KR-NP-S,SET366,Set,S,Amazon source-local
SET366-KR-NP-XL,SET366-KR-NP-XL,SET366,Set,XL,Amazon source-local
SET366-KR-NP-XS,SET366-KR-NP-XS,SET366,Set,XS,Amazon source-local
SET366-KR-NP-XXL,SET366-KR-NP-XXL,SET366,Set,XXL,Amazon source-local
SET366-KR-NP-XXXL,SET366-KR-NP-XXXL,SET366,Set,3XL,Amazon source-local
SET369-KR-NP-L,SET369-KR-NP-L,SET369,Set,L,Amazon source-local
SET369-KR-NP-M,SET369-KR-NP-M,SET369,Set,M,Amazon source-local
SET369-KR-NP-S,SET369-KR-NP-S,SET369,Set,S,Amazon source-local
SET369-KR-NP-XL,SET369-KR-NP-XL,SET369,Set,XL,Amazon source-local
SET369-KR-NP-XS,SET369-KR-NP-XS,SET369,Set,XS,Amazon source-local
SET369-KR-NP-XXL,SET369-KR-NP-XXL,SET369,Set,XXL,Amazon source-local
SET369-KR-NP-XXXL,SET369-KR-NP-XXXL,SET369,Set,3XL,Amazon source-local
SET372-KR-PP-L,SET372-KR-PP-L,SET372,Set,L,Amazon source-local
SET372-KR-PP-M,SET372-KR-PP-M,SET372,Set,M,Amazon source-local
SET372-KR-PP-S,SET372-KR-PP-S,SET372,Set,S,Amazon source-local
SET372-KR-PP-XL,SET372-KR-PP-XL,SET372,Set,XL,Amazon source-local
SET372-KR-PP-XS,SET372-KR-PP-XS,SET372,Set,XS,Amazon source-local
SET372-KR-PP-XXL,SET372-KR-PP-XXL,SET372,Set,XXL,Amazon source-local
SET372-KR-PP-XXXL,SET372-KR-PP-XXXL,SET372,Set,3XL,Amazon source-local
SET373-KR-PP-L,SET373-KR-PP-L,SET373,Set,L,Amazon source-local
SET373-KR-PP-M,SET373-KR-PP-M,SET373,Set,M,Amazon source-local
SET373-KR-PP-S,SET373-KR-PP-S,SET373,Set,S,Amazon source-local
SET373-KR-PP-XL,SET373-KR-PP-XL,SET373,Set,XL,Amazon source-local
SET373-KR-PP-XS,SET373-KR-PP-XS,SET373,Set,XS,Amazon source-local
SET373-KR-PP-XXL,SET373-KR-PP-XXL,SET373,Set,XXL,Amazon source-local
SET373-KR-PP-XXXL,SET373-KR-PP-XXXL,SET373,Set,3XL,Amazon source-local
SET374-KR-NP-L,SET374-KR-NP-L,SET374,Set,L,Amazon source-local
SET374-KR-NP-M,SET374-KR-NP-M,SET374,Set,M,Amazon source-local
SET374-KR-NP-S,SET374-KR-NP-S,SET374,Set,S,Amazon source-local
SET374-KR-NP-XL,SET374-KR-NP-XL,SET374,Set,XL,Amazon source-local
SET374-KR-NP-XS,SET374-KR-NP-XS,SET374,Set,XS,Amazon source-local
SET374-KR-NP-XXL,SET374-KR-NP-XXL,SET374,Set,XXL,Amazon source-local
SET374-KR-NP-XXXL,SET374-KR-NP-XXXL,SET374,Set,3XL,Amazon source-local
SET375-KR-NP-L,SET375-KR-NP-L,SET375,Set,L,Amazon source-local
SET375-KR-NP-M,SET375-KR-NP-M,SET375,Set,M,Amazon source-local
SET375-KR-NP-S,SET375-KR-NP-S,SET375,Set,S,Amazon source-local
SET375-KR-NP-XL,SET375-KR-NP-XL,SET375,Set,XL,Amazon source-local
SET375-KR-NP-XS,SET375-KR-NP-XS,SET375,Set,XS,Amazon source-local
SET375-KR-NP-XXL,SET375-KR-NP-XXL,SET375,Set,XXL,Amazon source-local
SET375-KR-NP-XXXL,SET375-KR-NP-XXXL,SET375,Set,3XL,Amazon source-local
SET376-KR-NP-L,SET376-KR-NP-L,SET376,Set,L,Amazon source-local
SET376-KR-NP-M,SET376-KR-NP-M,SET376,Set,M,Amazon source-local
SET376-KR-NP-S,SET376-KR-NP-S,SET376,Set,S,Amazon source-local
SET376-KR-NP-XL,SET376-KR-NP-XL,SET376,Set,XL,Amazon source-local
SET376-KR-NP-XS,SET376-KR-NP-XS,SET376,Set,XS,Amazon source-local
SET376-KR-NP-XXL,SET376-KR-NP-XXL,SET376,Set,XXL,Amazon source-local
SET376-KR-NP-XXXL,SET376-KR-NP-XXXL,SET376,Set,3XL,Amazon source-local
SET377-KR-NP-L,SET377-KR-NP-L,SET377,Set,L,Amazon source-local
SET377-KR-NP-M,SET377-KR-NP-M,SET377,Set,M,Amazon source-local
SET377-KR-NP-S,SET377-KR-NP-S,SET377,Set,S,Amazon source-local
SET377-KR-NP-XL,SET377-KR-NP-XL,SET377,Set,XL,Amazon source-local
SET377-KR-NP-XS,SET377-KR-NP-XS,SET377,Set,XS,Amazon source-local
SET377-KR-NP-XXL,SET377-KR-NP-XXL,SET377,Set,XXL,Amazon source-local
SET377-KR-NP-XXXL,SET377-KR-NP-XXXL,SET377,Set,3XL,Amazon source-local
SET378-KR-NP-L,SET378-KR-NP-L,SET378,Set,L,Amazon source-local
SET378-KR-NP-M,SET378-KR-NP-M,SET378,Set,M,Amazon source-local
SET378-KR-NP-S,SET378-KR-NP-S,SET378,Set,S,Amazon source-local
SET378-KR-NP-XL,SET378-KR-NP-XL,SET378,Set,XL,Amazon source-local
SET378-KR-NP-XS,SET378-KR-NP-XS,SET378,Set,XS,Amazon source-local
SET378-KR-NP-XXL,SET378-KR-NP-XXL,SET378,Set,XXL,Amazon source-local
SET378-KR-NP-XXXL,SET378-KR-NP-XXXL,SET378,Set,3XL,Amazon source-local
SET380-KR-NP-L,SET380-KR-NP-L,SET380,Set,L,Amazon source-local
SET380-KR-NP-M,SET380-KR-NP-M,SET380,Set,M,Amazon source-local
SET380-KR-NP-S,SET380-KR-NP-S,SET380,Set,S,Amazon source-local
SET380-KR-NP-XL,SET380-KR-NP-XL,SET380,Set,XL,Amazon source-local
SET380-KR-NP-XS,SET380-KR-NP-XS,SET380,Set,XS,Amazon source-local
SET380-KR-NP-XXL,SET380-KR-NP-XXL,SET380,Set,XXL,Amazon source-local
SET380-KR-NP-XXXL,SET380-KR-NP-XXXL,SET380,Set,3XL,Amazon source-local
SET383-KR-NP-L,SET383-KR-NP-L,SET383,Set,L,Amazon source-local
SET383-KR-NP-M,SET383-KR-NP-M,SET383,Set,M,Amazon source-local
SET383-KR-NP-S,SET383-KR-NP-S,SET383,Set,S,Amazon source-local
SET383-KR-NP-XL,SET383-KR-NP-XL,SET383,Set,XL,Amazon source-local
SET383-KR-NP-XS,SET383-KR-NP-XS,SET383,Set,XS,Amazon source-local
SET383-KR-NP-XXL,SET383-KR-NP-XXL,SET383,Set,XXL,Amazon source-local
SET383-KR-NP-XXXL,SET383-KR-NP-XXXL,SET383,Set,3XL,Amazon source-local
SET384-KR-NP-L,SET384-KR-NP-L,SET384,Set,L,Amazon source-local
SET384-KR-NP-M,SET384-KR-NP-M,SET384,Set,M,Amazon source-local
SET384-KR-NP-S,SET384-KR-NP-S,SET384,Set,S,Amazon source-local
SET384-KR-NP-XL,SET384-KR-NP-XL,SET384,Set,XL,Amazon source-local
SET384-KR-NP-XS,SET384-KR-NP-XS,SET384,Set,XS,Amazon source-local
SET384-KR-NP-XXL,SET384-KR-NP-XXL,SET384,Set,XXL,Amazon source-local
SET384-KR-NP-XXXL,SET384-KR-NP-XXXL,SET384,Set,3XL,Amazon source-local
SET385-KR-NP-L,SET385-KR-NP-L,SET385,Set,L,Amazon source-local
SET385-KR-NP-M,SET385-KR-NP-M,SET385,Set,M,Amazon source-local
SET385-KR-NP-S,SET385-KR-NP-S,SET385,Set,S,Amazon source-local
SET385-KR-NP-XL,SET385-KR-NP-XL,SET385,Set,XL,Amazon source-local
SET385-KR-NP-XS,SET385-KR-NP-XS,SET385,Set,XS,Amazon source-local
SET385-KR-NP-XXL,SET385-KR-NP-XXL,SET385,Set,XXL,Amazon source-local
SET385-KR-NP-XXXL,SET385-KR-NP-XXXL,SET385,Set,3XL,Amazon source-local
SET386-KR-NP-L,SET386-KR-NP-L,SET386,Set,L,Amazon source-local
SET386-KR-NP-M,SET386-KR-NP-M,SET386,Set,M,Amazon source-local
SET386-KR-NP-S,SET386-KR-NP-S,SET386,Set,S,Amazon source-local
SET386-KR-NP-XL,SET386-KR-NP-XL,SET386,Set,XL,Amazon source-local
SET386-KR-NP-XS,SET386-KR-NP-XS,SET386,Set,XS,Amazon source-local
SET386-KR-NP-XXL,SET386-KR-NP-XXL,SET386,Set,XXL,Amazon source-local
SET386-KR-NP-XXXL,SET386-KR-NP-XXXL,SET386,Set,3XL,Amazon source-local
SET388-KR-NP-L,SET388-KR-NP-L,SET388,Set,L,Amazon source-local
SET388-KR-NP-M,SET388-KR-NP-M,SET388,Set,M,Amazon source-local
SET388-KR-NP-S,SET388-KR-NP-S,SET388,Set,S,Amazon source-local
SET388-KR-NP-XL,SET388-KR-NP-XL,SET388,Set,XL,Amazon source-local
SET388-KR-NP-XS,SET388-KR-NP-XS,SET388,Set,XS,Amazon source-local
SET388-KR-NP-XXL,SET388-KR-NP-XXL,SET388,Set,XXL,Amazon source-local
SET388-KR-NP-XXXL,SET388-KR-NP-XXXL,SET388,Set,3XL,Amazon source-local
SET389-KR-NP-L,SET389-KR-NP-L,SET389,Set,L,Amazon source-local
SET389-KR-NP-M,SET389-KR-NP-M,SET389,Set,M,Amazon source-local
SET389-KR-NP-S,SET389-KR-NP-S,SET389,Set,S,Amazon source-local
SET389-KR-NP-XL,SET389-KR-NP-XL,SET389,Set,XL,Amazon source-local
SET389-KR-NP-XS,SET389-KR-NP-XS,SET389,Set,XS,Amazon source-local
SET389-KR-NP-XXL,SET389-KR-NP-XXL,SET389,Set,XXL,Amazon source-local
SET389-KR-NP-XXXL,SET389-KR-NP-XXXL,SET389,Set,3XL,Amazon source-local
SET390-KR-NP-L,SET390-KR-NP-L,SET390,Set,L,Amazon source-local
SET390-KR-NP-M,SET390-KR-NP-M,SET390,Set,M,Amazon source-local
SET390-KR-NP-S,SET390-KR-NP-S,SET390,Set,S,Amazon source-local
SET390-KR-NP-XL,SET390-KR-NP-XL,SET390,Set,XL,Amazon source-local
SET390-KR-NP-XS,SET390-KR-NP-XS,SET390,Set,XS,Amazon source-local
SET390-KR-NP-XXL,SET390-KR-NP-XXL,SET390,Set,XXL,Amazon source-local
SET390-KR-NP-XXXL,SET390-KR-NP-XXXL,SET390,Set,3XL,Amazon source-local
SET392-KR-NP-L,SET392-KR-NP-L,SET392,Set,L,Amazon source-local
SET392-KR-NP-M,SET392-KR-NP-M,SET392,Set,M,Amazon source-local
SET392-KR-NP-S,SET392-KR-NP-S,SET392,Set,S,Amazon source-local
SET392-KR-NP-XL,SET392-KR-NP-XL,SET392,Set,XL,Amazon source-local
SET392-KR-NP-XS,SET392-KR-NP-XS,SET392,Set,XS,Amazon source-local
SET392-KR-NP-XXL,SET392-KR-NP-XXL,SET392,Set,XXL,Amazon source-local
SET392-KR-NP-XXXL,SET392-KR-NP-XXXL,SET392,Set,3XL,Amazon source-local
SET393-KR-NP-L,SET393-KR-NP-L,SET393,Set,L,Amazon source-local
SET393-KR-NP-M,SET393-KR-NP-M,SET393,Set,M,Amazon source-local
SET393-KR-NP-S,SET393-KR-NP-S,SET393,Set,S,Amazon source-local
SET393-KR-NP-XL,SET393-KR-NP-XL,SET393,Set,XL,Amazon source-local
SET393-KR-NP-XS,SET393-KR-NP-XS,SET393,Set,XS,Amazon source-local
SET393-KR-NP-XXL,SET393-KR-NP-XXL,SET393,Set,XXL,Amazon source-local
SET393-KR-NP-XXXL,SET393-KR-NP-XXXL,SET393,Set,3XL,Amazon source-local
SET394-KR-NP-L,SET394-KR-NP-L,SET394,Set,L,Amazon source-local
SET394-KR-NP-M,SET394-KR-NP-M,SET394,Set,M,Amazon source-local
SET394-KR-NP-S,SET394-KR-NP-S,SET394,Set,S,Amazon source-local
SET394-KR-NP-XL,SET394-KR-NP-XL,SET394,Set,XL,Amazon source-local
SET394-KR-NP-XS,SET394-KR-NP-XS,SET394,Set,XS,Amazon source-local
SET394-KR-NP-XXL,SET394-KR-NP-XXL,SET394,Set,XXL,Amazon source-local
SET394-KR-NP-XXXL,SET394-KR-NP-XXXL,SET394,Set,3XL,Amazon source-local
SET395-KR-NP-L,SET395-KR-NP-L,SET395,Set,L,Amazon source-local
SET395-KR-NP-M,SET395-KR-NP-M,SET395,Set,M,Amazon source-local
SET395-KR-NP-S,SET395-KR-NP-S,SET395,Set,S,Amazon source-local
SET395-KR-NP-XL,SET395-KR-NP-XL,SET395,Set,XL,Amazon source-local
SET395-KR-NP-XS,SET395-KR-NP-XS,SET395,Set,XS,Amazon source-local
SET395-KR-NP-XXL,SET395-KR-NP-XXL,SET395,Set,XXL,Amazon source-local
SET395-KR-NP-XXXL,SET395-KR-NP-XXXL,SET395,Set,3XL,Amazon source-local
SET396-KR-PP-L,SET396-KR-PP-L,SET396,Set,L,Amazon source-local
SET396-KR-PP-M,SET396-KR-PP-M,SET396,Set,M,Amazon source-local
SET396-KR-PP-S,SET396-KR-PP-S,SET396,Set,S,Amazon source-local
SET396-KR-PP-XL,SET396-KR-PP-XL,SET396,Set,XL,Amazon source-local
SET396-KR-PP-XS,SET396-KR-PP-XS,SET396,Set,XS,Amazon source-local
SET396-KR-PP-XXL,SET396-KR-PP-XXL,SET396,Set,XXL,Amazon source-local
SET396-KR-PP-XXXL,SET396-KR-PP-XXXL,SET396,Set,3XL,Amazon source-local
SET397-KR-NP -M,SET397-KR-NP -M,SET397,Set,M,Amazon source-local
SET397-KR-NP-L,SET397-KR-NP-L,SET397,Set,L,Amazon source-local
SET397-KR-NP-S,SET397-KR-NP-S,SET397,Set,S,Amazon source-local
SET397-KR-NP-XL,SET397-KR-NP-XL,SET397,Set,XL,Amazon source-local
SET397-KR-NP-XS,SET397-KR-NP-XS,SET397,Set,XS,Amazon source-local
SET397-KR-NP-XXL,SET397-KR-NP-XXL,SET397,Set,XXL,Amazon source-local
SET397-KR-NP-XXXL,SET397-KR-NP-XXXL,SET397,Set,3XL,Amazon source-local
SET398-KR-PP-L,SET398-KR-PP-L,SET398,Set,L,Amazon source-local
SET398-KR-PP-M,SET398-KR-PP-M,SET398,Set,M,Amazon source-local
SET398-KR-PP-S,SET398-KR-PP-S,SET398,Set,S,Amazon source-local
SET398-KR-PP-XL,SET398-KR-PP-XL,SET398,Set,XL,Amazon source-local
SET398-KR-PP-XS,SET398-KR-PP-XS,SET398,Set,XS,Amazon source-local
SET398-KR-PP-XXL,SET398-KR-PP-XXL,SET398,Set,XXL,Amazon source-local
SET398-KR-PP-XXXL,SET398-KR-PP-XXXL,SET398,Set,3XL,Amazon source-local
SET400-KR-NP-L,SET400-KR-NP-L,SET400,Set,L,Amazon source-local
SET400-KR-NP-M,SET400-KR-NP-M,SET400,Set,M,Amazon source-local
SET400-KR-NP-S,SET400-KR-NP-S,SET400,Set,S,Amazon source-local
SET400-KR-NP-XL,SET400-KR-NP-XL,SET400,Set,XL,Amazon source-local
SET400-KR-NP-XS,SET400-KR-NP-XS,SET400,Set,XS,Amazon source-local
SET400-KR-NP-XXL,SET400-KR-NP-XXL,SET400,Set,XXL,Amazon source-local
SET400-KR-NP-XXXL,SET400-KR-NP-XXXL,SET400,Set,3XL,Amazon source-local
SET401-KR-NP-L,SET401-KR-NP-L,SET401,Set,L,Amazon source-local
SET401-KR-NP-M,SET401-KR-NP-M,SET401,Set,M,Amazon source-local
SET401-KR-NP-S,SET401-KR-NP-S,SET401,Set,S,Amazon source-local
SET401-KR-NP-XL,SET401-KR-NP-XL,SET401,Set,XL,Amazon source-local
SET401-KR-NP-XS,SET401-KR-NP-XS,SET401,Set,XS,Amazon source-local
SET401-KR-NP-XXL,SET401-KR-NP-XXL,SET401,Set,XXL,Amazon source-local
SET401-KR-NP-XXXL,SET401-KR-NP-XXXL,SET401,Set,3XL,Amazon source-local
SET402-KR-NP-L,SET402-KR-NP-L,SET402,Set,L,Amazon source-local
SET402-KR-NP-M,SET402-KR-NP-M,SET402,Set,M,Amazon source-local
SET402-KR-NP-S,SET402-KR-NP-S,SET402,Set,S,Amazon source-local
SET402-KR-NP-XL,SET402-KR-NP-XL,SET402,Set,XL,Amazon source-local
SET402-KR-NP-XS,SET402-KR-NP-XS,SET402,Set,XS,Amazon source-local
SET402-KR-NP-XXL,SET402-KR-NP-XXL,SET402,Set,XXL,Amazon source-local
SET402-KR-NP-XXXL,SET402-KR-NP-XXXL,SET402,Set,3XL,Amazon source-local
SET403-KR-NP-L,SET403-KR-NP-L,SET403,Set,L,Amazon source-local
SET403-KR-NP-M,SET403-KR-NP-M,SET403,Set,M,Amazon source-local
SET403-KR-NP-S,SET403-KR-NP-S,SET403,Set,S,Amazon source-local
SET403-KR-NP-XL,SET403-KR-NP-XL,SET403,Set,XL,Amazon source-local
SET403-KR-NP-XXL,SET403-KR-NP-XXL,SET403,Set,XXL,Amazon source-local
SET403-KR-NP-XXXL,SET403-KR-NP-XXXL,SET403,Set,3XL,Amazon source-local
SET404-KR-NP-L,SET404-KR-NP-L,SET404,Set,L,Amazon source-local
SET404-KR-NP-M,SET404-KR-NP-M,SET404,Set,M,Amazon source-local
SET404-KR-NP-S,SET404-KR-NP-S,SET404,Set,S,Amazon source-local
SET404-KR-NP-XL,SET404-KR-NP-XL,SET404,Set,XL,Amazon source-local
SET404-KR-NP-XS,SET404-KR-NP-XS,SET404,Set,XS,Amazon source-local
SET404-KR-NP-XXL,SET404-KR-NP-XXL,SET404,Set,XXL,Amazon source-local
SET404-KR-NP-XXXL,SET404-KR-NP-XXXL,SET404,Set,3XL,Amazon source-local
SET405-KR-NP-L,SET405-KR-NP-L,SET405,Set,L,Amazon source-local
SET405-KR-NP-M,SET405-KR-NP-M,SET405,Set,M,Amazon source-local
SET405-KR-NP-S,SET405-KR-NP-S,SET405,Set,S,Amazon source-local
SET405-KR-NP-XL,SET405-KR-NP-XL,SET405,Set,XL,Amazon source-local
SET405-KR-NP-XS,SET405-KR-NP-XS,SET405,Set,XS,Amazon source-local
SET405-KR-NP-XXL,SET405-KR-NP-XXL,SET405,Set,XXL,Amazon source-local
SET405-KR-NP-XXXL,SET405-KR-NP-XXXL,SET405,Set,3XL,Amazon source-local
SET408-KR-NP-L,SET408-KR-NP-L,SET408,Set,L,Amazon source-local
SET408-KR-NP-M,SET408-KR-NP-M,SET408,Set,M,Amazon source-local
SET408-KR-NP-S,SET408-KR-NP-S,SET408,Set,S,Amazon source-local
SET408-KR-NP-XL,SET408-KR-NP-XL,SET408,Set,XL,Amazon source-local
SET408-KR-NP-XS,SET408-KR-NP-XS,SET408,Set,XS,Amazon source-local
SET408-KR-NP-XXL,SET408-KR-NP-XXL,SET408,Set,XXL,Amazon source-local
SET408-KR-NP-XXXL,SET408-KR-NP-XXXL,SET408,Set,3XL,Amazon source-local
SET409-KR-NP-L,SET409-KR-NP-L,SET409,Set,L,Amazon source-local
SET409-KR-NP-M,SET409-KR-NP-M,SET409,Set,M,Amazon source-local
SET409-KR-NP-S,SET409-KR-NP-S,SET409,Set,S,Amazon source-local
SET409-KR-NP-XL,SET409-KR-NP-XL,SET409,Set,XL,Amazon source-local
SET409-KR-NP-XS,SET409-KR-NP-XS,SET409,Set,XS,Amazon source-local
SET409-KR-NP-XXL,SET409-KR-NP-XXL,SET409,Set,XXL,Amazon source-local
SET409-KR-NP-XXXL,SET409-KR-NP-XXXL,SET409,Set,3XL,Amazon source-local
SET410-KR-NP-L,SET410-KR-NP-L,SET410,Set,L,Amazon source-local
SET410-KR-NP-M,SET410-KR-NP-M,SET410,Set,M,Amazon source-local
SET410-KR-NP-S,SET410-KR-NP-S,SET410,Set,S,Amazon source-local
SET410-KR-NP-XL,SET410-KR-NP-XL,SET410,Set,XL,Amazon source-local
SET410-KR-NP-XS,SET410-KR-NP-XS,SET410,Set,XS,Amazon source-local
SET410-KR-NP-XXL,SET410-KR-NP-XXL,SET410,Set,XXL,Amazon source-local
SET410-KR-NP-XXXL,SET410-KR-NP-XXXL,SET410,Set,3XL,Amazon source-local
SET413-KR-NP-L,SET413-KR-NP-L,SET413,Set,L,Amazon source-local
SET413-KR-NP-M,SET413-KR-NP-M,SET413,Set,M,Amazon source-local
SET413-KR-NP-S,SET413-KR-NP-S,SET413,Set,S,Amazon source-local
SET413-KR-NP-XL,SET413-KR-NP-XL,SET413,Set,XL,Amazon source-local
SET413-KR-NP-XS,SET413-KR-NP-XS,SET413,Set,XS,Amazon source-local
SET413-KR-NP-XXL,SET413-KR-NP-XXL,SET413,Set,XXL,Amazon source-local
SET413-KR-NP-XXXL,SET413-KR-NP-XXXL,SET413,Set,3XL,Amazon source-local
SET414-KR-NP-L,SET414-KR-NP-L,SET414,Set,L,Amazon source-local
SET414-KR-NP-M,SET414-KR-NP-M,SET414,Set,M,Amazon source-local
SET414-KR-NP-S,SET414-KR-NP-S,SET414,Set,S,Amazon source-local
SET414-KR-NP-XL,SET414-KR-NP-XL,SET414,Set,XL,Amazon source-local
SET414-KR-NP-XS,SET414-KR-NP-XS,SET414,Set,XS,Amazon source-local
SET414-KR-NP-XXL,SET414-KR-NP-XXL,SET414,Set,XXL,Amazon source-local
SET414-KR-NP-XXXL,SET414-KR-NP-XXXL,SET414,Set,3XL,Amazon source-local
SET415-KR-NP-L,SET415-KR-NP-L,SET415,Set,L,Amazon source-local
SET415-KR-NP-M,SET415-KR-NP-M,SET415,Set,M,Amazon source-local
SET415-KR-NP-S,SET415-KR-NP-S,SET415,Set,S,Amazon source-local
SET415-KR-NP-XL,SET415-KR-NP-XL,SET415,Set,XL,Amazon source-local
SET415-KR-NP-XS,SET415-KR-NP-XS,SET415,Set,XS,Amazon source-local
SET415-KR-NP-XXL,SET415-KR-NP-XXL,SET415,Set,XXL,Amazon source-local
SET415-KR-NP-XXXL,SET415-KR-NP-XXXL,SET415,Set,3XL,Amazon source-local
SET431-KR-NP-L,SET431-KR-NP-L,SET431,Set,L,Amazon source-local
SET431-KR-NP-M,SET431-KR-NP-M,SET431,Set,M,Amazon source-local
SET431-KR-NP-S,SET431-KR-NP-S,SET431,Set,S,Amazon source-local
SET431-KR-NP-XL,SET431-KR-NP-XL,SET431,Set,XL,Amazon source-local
SET431-KR-NP-XS,SET431-KR-NP-XS,SET431,Set,XS,Amazon source-local
SET431-KR-NP-XXL,SET431-KR-NP-XXL,SET431,Set,XXL,Amazon source-local
SET431-KR-NP-XXXL,SET431-KR-NP-XXXL,SET431,Set,3XL,Amazon source-local
SET432-KR-PP-L,SET432-KR-PP-L,SET432,Set,L,Amazon source-local
SET432-KR-PP-M,SET432-KR-PP-M,SET432,Set,M,Amazon source-local
SET432-KR-PP-S,SET432-KR-PP-S,SET432,Set,S,Amazon source-local
SET432-KR-PP-XL,SET432-KR-PP-XL,SET432,Set,XL,Amazon source-local
SET432-KR-PP-XXL,SET432-KR-PP-XXL,SET432,Set,XXL,Amazon source-local
SET433-KR-NP-L,SET433-KR-NP-L,SET433,Set,L,Amazon source-local
SET433-KR-NP-M,SET433-KR-NP-M,SET433,Set,M,Amazon source-local
SET433-KR-NP-S,SET433-KR-NP-S,SET433,Set,S,Amazon source-local
SET433-KR-NP-XL,SET433-KR-NP-XL,SET433,Set,XL,Amazon source-local
SET433-KR-NP-XS,SET433-KR-NP-XS,SET433,Set,XS,Amazon source-local
SET433-KR-NP-XXL,SET433-KR-NP-XXL,SET433,Set,XXL,Amazon source-local
SET433-KR-NP-XXXL,SET433-KR-NP-XXXL,SET433,Set,3XL,Amazon source-local
SET435-KR-NP-L,SET435-KR-NP-L,SET435,Set,L,Amazon source-local
SET435-KR-NP-M,SET435-KR-NP-M,SET435,Set,M,Amazon source-local
SET435-KR-NP-S,SET435-KR-NP-S,SET435,Set,S,Amazon source-local
SET435-KR-NP-XL,SET435-KR-NP-XL,SET435,Set,XL,Amazon source-local
SET435-KR-NP-XS,SET435-KR-NP-XS,SET435,Set,XS,Amazon source-local
SET435-KR-NP-XXL,SET435-KR-NP-XXL,SET435,Set,XXL,Amazon source-local
SET435-KR-NP-XXXL,SET435-KR-NP-XXXL,SET435,Set,3XL,Amazon source-local
SET436-KR-NP-L,SET436-KR-NP-L,SET436,Set,L,Amazon source-local
SET436-KR-NP-M,SET436-KR-NP-M,SET436,Set,M,Amazon source-local
SET436-KR-NP-S,SET436-KR-NP-S,SET436,Set,S,Amazon source-local
SET436-KR-NP-XL,SET436-KR-NP-XL,SET436,Set,XL,Amazon source-local
SET436-KR-NP-XS,SET436-KR-NP-XS,SET436,Set,XS,Amazon source-local
SET436-KR-NP-XXL,SET436-KR-NP-XXL,SET436,Set,XXL,Amazon source-local
SET436-KR-NP-XXXL,SET436-KR-NP-XXXL,SET436,Set,3XL,Amazon source-local
SET437-KR-PP-L,SET437-KR-PP-L,SET437,Set,L,Amazon source-local
SET437-KR-PP-M,SET437-KR-PP-M,SET437,Set,M,Amazon source-local
SET437-KR-PP-S,SET437-KR-PP-S,SET437,Set,S,Amazon source-local
SET437-KR-PP-XXL,SET437-KR-PP-XXL,SET437,Set,XXL,Amazon source-local
SET437-KR-PP-XXXL,SET437-KR-PP-XXXL,SET437,Set,3XL,Amazon source-local
SET438-KR-NP-M,SET438-KR-NP-M,SET438,Set,M,Amazon source-local
SET438-KR-NP-XL,SET438-KR-NP-XL,SET438,Set,XL,Amazon source-local
SET438-KR-NP-XXL,SET438-KR-NP-XXL,SET438,Set,XXL,Amazon source-local
SET442-KR-NP-L,SET442-KR-NP-L,SET442,Set,L,Amazon source-local
SET442-KR-NP-M,SET442-KR-NP-M,SET442,Set,M,Amazon source-local
SET442-KR-NP-XXXL,SET442-KR-NP-XXXL,SET442,Set,3XL,Amazon source-local
SET444-KR-SH-L,SET444-KR-SH-L,SET444,Set,L,Amazon source-local
SET444-KR-SH-M,SET444-KR-SH-M,SET444,Set,M,Amazon source-local
SET444-KR-SH-S,SET444-KR-SH-S,SET444,Set,S,Amazon source-local
SET444-KR-SH-XL,SET444-KR-SH-XL,SET444,Set,XL,Amazon source-local
SET444-KR-SH-XS,SET444-KR-SH-XS,SET444,Set,XS,Amazon source-local
SET444-KR-SH-XXL,SET444-KR-SH-XXL,SET444,Set,XXL,Amazon source-local
SET444-KR-SH-XXXL,SET444-KR-SH-XXXL,SET444,Set,3XL,Amazon source-local
SET445-KR-NP-S,SET445-KR-NP-S,SET445,Set,S,Amazon source-local
SET446-KR-NP-XS,SET446-KR-NP-XS,SET446,Set,XS,Amazon source-local
SET449-KR-NP-M,SET449-KR-NP-M,SET449,Set,M,Amazon source-local
SET449-KR-NP-S,SET449-KR-NP-S,SET449,Set,S,Amazon source-local
SET461-KR-NP-XL,SET461-KR-NP-XL,SET461,Set,XL,Amazon source-local
SET461-KR-NP-XS,SET461-KR-NP-XS,SET461,Set,XS,Amazon source-local
SET461-KR-NP-XXL,SET461-KR-NP-XXL,SET461,Set,XXL,Amazon source-local
SET462-KR-NP-S,SET462-KR-NP-S,SET462,Set,S,Amazon source-local
