date,date_key,months,style,sku,size,pieces,rate,reported_gross_amount
2021-06-05,20210605,Jun-21,MEN5004,MEN5004-KR-L,L,1.0,616.56,617.0
2021-06-05,20210605,Jun-21,MEN5004,MEN5004-KR-XL,XL,1.0,616.56,617.0
2021-06-05,20210605,Jun-21,MEN5004,MEN5004-KR-XXL,XXL,1.0,616.56,617.0
2021-06-05,20210605,Jun-21,MEN5009,MEN5009-KR-L,L,1.0,616.56,617.0
2021-06-05,20210605,Jun-21,MEN5011,MEN5011-KR-L,L,1.0,616.56,617.0
2021-06-05,20210605,Jun-21,MEN5025,MEN5025-KR-L,L,1.0,649.03,649.0
2021-06-05,20210605,Jun-21,MEN5015,MEN5015-KR-XL,XL,1.0,616.56,617.0
2021-06-05,20210605,Jun-21,MEN5022,MEN5022-KR-XXL,XXL,1.0,649.03,649.0
2021-06-05,20210605,Jun-21,MEN5014,MEN5014-KR-S,S,1.0,649.03,649.0
2021-06-05,20210605,Jun-21,MEN5013,MEN5013-KR-S,S,1.0,649.03,649.0
2021-06-05,20210605,Jun-21,MEN5013,MEN5013-KR-XXL,XXL,1.0,649.03,649.0
2021-06-05,20210605,Jun-21,MEN5003,MEN5003-KR-L,L,1.0,616.56,617.0
2021-06-05,20210605,Jun-21,MEN5003,MEN5003-KR-XXL,XXL,1.0,616.56,617.0
2021-06-05,20210605,Jun-21,MEN5028,MEN5028-KR-L,L,1.0,649.03,649.0
2021-06-05,20210605,Jun-21,MEN5028,MEN5028-KR-XXL,XXL,1.0,649.03,649.0
2021-06-05,20210605,Jun-21,MEN5006,MEN5006-KR-XL,XL,1.0,649.03,649.0
2021-06-05,20210605,Jun-21,BL097,BL097-M,M,1.0,324.35,324.0
2021-06-05,20210605,Jun-21,BL104,BL104-M,M,1.0,421.85,422.0
2021-06-05,20210605,Jun-21,BL104,BL104-XL,XL,1.0,421.85,422.0
2021-06-05,20210605,Jun-21,BL103,BL103-S,S,1.0,389.35,389.0
2021-06-08,20210608,Jun-21,J0001,J0001-DR-L,L,1.0,584.35,584.0
2021-06-08,20210608,Jun-21,JNE3660,JNE3660-TP-L,L,1.0,421.85,422.0
2021-06-08,20210608,Jun-21,JNE3647,JNE3647-TP-XL,XL,1.0,421.85,422.0
2021-06-08,20210608,Jun-21,J0116,J0116-TP-XL,XL,1.0,421.85,422.0
2021-06-08,20210608,Jun-21,J0165,J0165-TP-L,L,1.0,454.35,454.0
2021-06-08,20210608,Jun-21,JNE3656,JNE3656-TP-XL,XL,1.0,454.35,454.0
2021-06-08,20210608,Jun-21,JNE3673,JNE3673-TU-XL,XL,1.0,519.35,519.0
2021-06-08,20210608,Jun-21,JNE3649,JNE3649-TP-L,L,1.0,486.85,487.0
2021-06-08,20210608,Jun-21,JNE3653,JNE3653-TP-L,L,1.0,454.35,454.0
2021-06-08,20210608,Jun-21,JNE3651,JNE3651-TP-L,L,1.0,454.35,454.0
2021-06-08,20210608,Jun-21,JNE3712,JNE3712-TP-L,L,1.0,454.35,454.0
2021-06-08,20210608,Jun-21,J0036,J0036-TP-XL,XL,1.0,531.25,531.0
2021-06-08,20210608,Jun-21,JNE3658,JNE3658-TP-L,L,1.0,421.85,422.0
2021-06-08,20210608,Jun-21,JNE3652,JNE3652-TP-XL,XL,1.0,421.85,422.0
2021-06-08,20210608,Jun-21,JNE3643,JNE3643-TP-L,L,1.0,356.85,357.0
2021-06-08,20210608,Jun-21,JNE3643,JNE3643-TP-XL,XL,1.0,356.85,357.0
2021-06-08,20210608,Jun-21,JNE3672,JNE3672-TU-XL,XL,1.0,486.85,487.0
2021-06-08,20210608,Jun-21,JNE3674,JNE3674-TU-XL,XL,1.0,486.85,487.0
2021-06-08,20210608,Jun-21,JNE3670,JNE3670-TU-L,L,1.0,519.35,519.0
2021-06-08,20210608,Jun-21,J0122,J0122-TP-L,L,1.0,421.85,422.0
2021-06-08,20210608,Jun-21,J0119,J0119-TP-L,L,1.0,421.85,422.0
2021-06-08,20210608,Jun-21,JNE3421,JNE3421-KR-XL,XL,1.0,421.85,422.0
2021-06-08,20210608,Jun-21,JNE3467,JNE3467-KR-XL,XL,1.0,519.35,519.0
2021-06-08,20210608,Jun-21,JNE3030,JNE3030-KR-L,L,1.0,746.85,747.0
2021-06-08,20210608,Jun-21,JNE3657,JNE3657-TP-XL,XL,1.0,421.85,422.0
2021-06-08,20210608,Jun-21,JNE3667,JNE3667-TP-XL,XL,1.0,454.35,454.0
2021-06-08,20210608,Jun-21,J0092,J0092-SET-L,L,1.0,1071.85,1072.0
2021-06-08,20210608,Jun-21,JNE3659,JNE3659-TP-L,L,1.0,389.35,389.0
2021-06-08,20210608,Jun-21,J0214,J0214-TP-L,L,1.0,649.35,649.0
2021-06-08,20210608,Jun-21,J0201,J0201-TP-L,L,1.0,584.35,584.0
2021-06-08,20210608,Jun-21,J0197,J0197-TP-L,L,1.0,584.35,584.0
2021-06-08,20210608,Jun-21,J0213,J0213-TP-L,L,1.0,584.35,584.0
2021-06-08,20210608,Jun-21,JNE3640,JNE3640-TP-XL,XL,1.0,454.35,454.0
2021-06-08,20210608,Jun-21,J0233,J0233-SKD-L,L,1.0,1429.35,1429.0
2021-06-08,20210608,Jun-21,J0237,J0237-SKD-L,L,1.0,1494.35,1494.0
2021-06-08,20210608,Jun-21,J0234,J0234-SKD-L,L,1.0,1201.85,1202.0
2021-06-08,20210608,Jun-21,JNE3535,JNE3535-KR-XL,XL,1.0,389.35,389.0
2021-06-08,20210608,Jun-21,JNE3497,JNE3497-KR-L,L,1.0,454.35,454.0
2021-06-08,20210608,Jun-21,JNE1525,KURTI,Free,1.0,421.85,422.0
2021-06-08,20210608,Jun-21,JNE2305,JNE2305-KR-533-L,L,1.0,421.85,422.0
2021-06-08,20210608,Jun-21,JNE3365,JNE3365-KR-1052-L,L,1.0,421.85,422.0
2021-06-08,20210608,Jun-21,JNE2270,JNE2270-KR-487-L,L,1.0,551.85,552.0
2021-06-08,20210608,Jun-21,SET094,SET094-KR-NP-XL,XL,1.0,941.85,942.0
2021-06-08,20210608,Jun-21,JNE2049,JNE2049-KR-351-XL,XL,1.0,486.85,487.0
2021-06-08,20210608,Jun-21,CH202,CH202-ORANGE-XXL,XXL,1.0,291.85,292.0
2021-06-08,20210608,Jun-21,BTM029,BTM029-NP-XXL,XXL,1.0,356.85,357.0
2021-06-08,20210608,Jun-21,BTM008,BTM008-XXL,XXL,1.0,356.85,357.0
2021-06-08,20210608,Jun-21,BTM035,BTM035-NP-XXL,XXL,1.0,356.85,357.0
2021-06-08,20210608,Jun-21,CH209,CH209-BIEGE-XXL,XXL,1.0,291.85,292.0
2021-06-08,20210608,Jun-21,CH208,CH208-MUSTARD-XXL,XXL,1.0,291.85,292.0
2021-06-08,20210608,Jun-21,CH207,CH207-PINK-XXL,XXL,1.0,291.85,292.0
2021-06-08,20210608,Jun-21,CH205,CH205-YELLOW-XXL,XXL,1.0,291.85,292.0
2021-06-08,20210608,Jun-21,CH213,CH213-BROWN-XXL,XXL,1.0,291.85,292.0
2021-06-08,20210608,Jun-21,J0024,J0024-KR-L,L,1.0,519.35,519.0
2021-06-11,20210611,Jun-21,J0109,J0109-SKD-L,L,1.0,1071.85,1072.0
2021-06-11,20210611,Jun-21,J0109,J0109-SKD-XXL,XXL,1.0,1071.85,1072.0
2021-06-11,20210611,Jun-21,J0109,J0109-SKD-XL,XL,1.0,1071.85,1072.0
2021-06-11,20210611,Jun-21,J0109,J0109-SKD-XS,XS,1.0,1071.85,1072.0
2021-06-11,20210611,Jun-21,J0109,J0109-SKD-S,S,1.0,1071.85,1072.0
2021-06-11,20210611,Jun-21,J0109,J0109-SKD-M,M,1.0,1071.85,1072.0
2021-06-11,20210611,Jun-21,J0109,J0109-SKD-XXXL,XXXL,1.0,1071.85,1072.0
2021-06-11,20210611,Jun-21,J0110,J0110-SKD-L,L,1.0,1169.35,1169.0
2021-06-11,20210611,Jun-21,J0110,J0110-SKD-XL,XL,1.0,1169.35,1169.0
2021-06-11,20210611,Jun-21,J0110,J0110-SKD-M,M,1.0,1169.35,1169.0
2021-06-11,20210611,Jun-21,J0110,J0110-SKD-XS,XS,1.0,1169.35,1169.0
2021-06-11,20210611,Jun-21,J0110,J0110-SKD-S,S,1.0,1169.35,1169.0
2021-06-11,20210611,Jun-21,J0110,J0110-SKD-XXL,XXL,1.0,1169.35,1169.0
2021-06-11,20210611,Jun-21,J0110,J0110-SKD-XXXL,XXXL,1.0,1169.35,1169.0
2021-06-11,20210611,Jun-21,J0127,J0127-SKD-XXL,XXL,1.0,1104.35,1104.0
2021-06-11,20210611,Jun-21,J0127,J0127-SKD-XS,XS,1.0,1104.35,1104.0
2021-06-11,20210611,Jun-21,J0281,J0281-SKD-XS,XS,1.0,1494.35,1494.0
2021-06-11,20210611,Jun-21,J0281,J0281-SKD-S,S,1.0,1494.35,1494.0
2021-06-11,20210611,Jun-21,J0281,J0281-SKD-M,M,1.0,1494.35,1494.0
2021-06-11,20210611,Jun-21,J0281,J0281-SKD-L,L,1.0,1494.35,1494.0
2021-06-11,20210611,Jun-21,J0281,J0281-SKD-XL,XL,1.0,1494.35,1494.0
2021-06-11,20210611,Jun-21,J0281,J0281-SKD-XXL,XXL,1.0,1494.35,1494.0
2021-06-11,20210611,Jun-21,J0281,J0281-SKD-XXXL,XXXL,1.0,1494.35,1494.0
2021-06-11,20210611,Jun-21,J0285,J0285-SKD-XS,XS,1.0,1494.35,1494.0
2021-06-11,20210611,Jun-21,J0285,J0285-SKD-S,S,1.0,1494.35,1494.0
2021-06-11,20210611,Jun-21,J0285,J0285-SKD-M,M,1.0,1494.35,1494.0
2021-06-11,20210611,Jun-21,J0285,J0285-SKD-L,L,1.0,1494.35,1494.0
2021-06-11,20210611,Jun-21,J0285,J0285-SKD-XL,XL,1.0,1494.35,1494.0
2021-06-11,20210611,Jun-21,J0285,J0285-SKD-XXL,XXL,1.0,1494.35,1494.0
2021-06-11,20210611,Jun-21,J0285,J0285-SKD-XXXL,XXXL,1.0,1494.35,1494.0
2021-06-11,20210611,Jun-21,JNE3615,JNE3615-KR-XS,XS,1.0,454.35,454.0
2021-06-11,20210611,Jun-21,JNE3615,JNE3615-KR-S,S,1.0,454.35,454.0
2021-06-11,20210611,Jun-21,JNE3615,JNE3615-KR-M,M,1.0,454.35,454.0
2021-06-11,20210611,Jun-21,JNE3615,JNE3615-KR-L,L,1.0,454.35,454.0
2021-06-11,20210611,Jun-21,JNE3615,JNE3615-KR-XL,XL,1.0,454.35,454.0
2021-06-11,20210611,Jun-21,JNE3615,JNE3615-KR-XXL,XXL,1.0,454.35,454.0
2021-06-11,20210611,Jun-21,JNE3615,JNE3615-KR-XXXL,XXXL,1.0,454.35,454.0
2021-06-11,20210611,Jun-21,JNE3619,JNE3619-KR-XS,XS,1.0,486.85,487.0
2021-06-11,20210611,Jun-21,JNE3619,JNE3619-KR-S,S,1.0,486.85,487.0
2021-06-11,20210611,Jun-21,JNE3619,JNE3619-KR-M,M,1.0,486.85,487.0
2021-06-11,20210611,Jun-21,JNE3619,JNE3619-KR-L,L,1.0,486.85,487.0
2021-06-11,20210611,Jun-21,JNE3619,JNE3619-KR-XL,XL,1.0,486.85,487.0
2021-06-11,20210611,Jun-21,JNE3619,JNE3619-KR-XXL,XXL,1.0,486.85,487.0
2021-06-11,20210611,Jun-21,JNE3619,JNE3619-KR-XXXL,XXXL,1.0,486.85,487.0
2021-06-11,20210611,Jun-21,NW005,NW005-ST-PJ-L,L,1.0,811.85,812.0
2021-06-11,20210611,Jun-21,NW005,NW005-ST-PJ-XL,XL,1.0,811.85,812.0
2021-06-11,20210611,Jun-21,NW006,NW006-ST-SR-L,L,1.0,811.85,812.0
2021-06-11,20210611,Jun-21,NW013,NW013-ST-SR-L,L,1.0,649.35,649.0
2021-06-11,20210611,Jun-21,NW031,NW031-TP-PJ-XL,XL,1.0,779.35,779.0
2021-06-11,20210611,Jun-21,NW032,NW032-ST-CP-L,L,1.0,779.35,779.0
2021-06-11,20210611,Jun-21,SET217,SET217-KR-PP-XS,XS,1.0,1071.85,1072.0
2021-06-11,20210611,Jun-21,SET217,SET217-KR-PP-S,S,1.0,1071.85,1072.0
2021-06-11,20210611,Jun-21,SET217,SET217-KR-PP-M,M,1.0,1071.85,1072.0
2021-06-11,20210611,Jun-21,SET217,SET217-KR-PP-L,L,1.0,1071.85,1072.0
2021-06-11,20210611,Jun-21,SET217,SET217-KR-PP-XL,XL,1.0,1071.85,1072.0
2021-06-11,20210611,Jun-21,SET217,SET217-KR-PP-XXL,XXL,1.0,1071.85,1072.0
2021-06-11,20210611,Jun-21,SET217,SET217-KR-PP-XXXL,XXXL,1.0,1071.85,1072.0
2021-06-11,20210611,Jun-21,SET220,SET220-KR-PP-M,M,1.0,1136.85,1137.0
2021-06-11,20210611,Jun-21,SET220,SET220-KR-PP-XXL,XXL,1.0,1136.85,1137.0
2021-06-11,20210611,Jun-21,SET220,SET220-KR-PP-L,L,1.0,1136.85,1137.0
2021-06-11,20210611,Jun-21,SET220,SET220-KR-PP-XL,XL,1.0,1136.85,1137.0
2021-06-11,20210611,Jun-21,SET220,SET220-KR-PP-XXXL,XXXL,1.0,1136.85,1137.0
2021-06-11,20210611,Jun-21,SET220,SET220-KR-PP-XS,XS,1.0,1136.85,1137.0
2021-06-11,20210611,Jun-21,SET220,SET220-KR-PP-S,S,1.0,1136.85,1137.0
2021-06-15,20210615,Jun-21,SET058,SET058-KR-NP-L,L,1.0,844.35,844.0
2021-06-15,20210615,Jun-21,J0241,J0241-SKD-L,L,1.0,1299.35,1299.0
2021-06-15,20210615,Jun-21,J0140,J0140-SET-XS,XS,1.0,941.85,942.0
2021-06-15,20210615,Jun-21,JNE3669,JNE3669-TU-S,S,1.0,486.85,487.0
2021-06-15,20210615,Jun-21,SET182,SET182-KR-DH-M,M,1.0,779.35,779.0
2021-06-15,20210615,Jun-21,J0239,J0239-SKD-XS,XS,1.0,1364.35,1364.0
2021-06-15,20210615,Jun-21,J0241,J0241-SKD-XL,XL,1.0,1299.35,1299.0
2021-06-15,20210615,Jun-21,JNE3710,JNE3710-DR-S,S,1.0,616.85,617.0
2021-06-15,20210615,Jun-21,JNE3629,JNE3629-KR-S,S,1.0,649.35,649.0
2021-06-15,20210615,Jun-21,J0037,J0037-KR-S,S,1.0,779.35,779.0
2021-06-15,20210615,Jun-21,J0243,J0243-DR-XS,XS,1.0,1039.35,1039.0
2021-06-15,20210615,Jun-21,JNE2100,JNE2100-KR-144-M,M,1.0,454.35,454.0
2021-06-15,20210615,Jun-21,SET048,SET048-KR-NP-XXL,XXL,1.0,909.35,909.0
2021-06-15,20210615,Jun-21,J0037,J0037-KR-M,M,1.0,779.35,779.0
2021-06-15,20210615,Jun-21,JNE3669,JNE3669-TU-XS,XS,1.0,486.85,487.0
2021-06-15,20210615,Jun-21,J0239,J0239-SKD-M,M,1.0,1364.35,1364.0
2021-06-15,20210615,Jun-21,SET182,SET182-KR-DH-XXL,XXL,1.0,779.35,779.0
2021-06-15,20210615,Jun-21,J0244,J0244-SKD-M,M,1.0,1234.35,1234.0
2021-06-15,20210615,Jun-21,J0148,J0148-SET-XXXL,XXXL,1.0,876.85,877.0
2021-06-15,20210615,Jun-21,J0237,J0237-SKD-XXXL,XXXL,1.0,1494.35,1494.0
2021-06-15,20210615,Jun-21,J0143,J0143-SET-L,L,1.0,1039.35,1039.0
2021-06-15,20210615,Jun-21,J0161,J0161-DR-XS.,XS,1.0,714.35,714.0
2021-06-15,20210615,Jun-21,J0186,J0186-SET-XS,XS,1.0,1299.35,1299.0
2021-06-15,20210615,Jun-21,JNE2265,JNE2265-KR-501-S,S,1.0,454.35,454.0
2021-06-17,20210617,Jun-21,BL099,BL099-M,M,1.0,324.35,324.0
2021-06-17,20210617,Jun-21,BL099,BL099-XL,XL,1.0,324.35,324.0
2021-06-17,20210617,Jun-21,BL103,BL103-M,M,2.0,389.35,779.0
2021-06-17,20210617,Jun-21,BL104,BL104-L,L,1.0,421.85,422.0
2021-06-17,20210617,Jun-21,BL104,BL104-S,S,1.0,421.85,422.0
2021-06-17,20210617,Jun-21,BL104,BL104-XL,XL,1.0,421.85,422.0
2021-06-17,20210617,Jun-21,JNE3288,JNE3288-KR-XXXL,XXXL,1.0,584.35,584.0
2021-06-17,20210617,Jun-21,JNE3405,JNE3405-KR-S,S,1.0,389.35,389.0
2021-06-17,20210617,Jun-21,JNE3439,JNE3439-KR-XL,XL,1.0,421.85,422.0
2021-06-17,20210617,Jun-21,JNE3489,JNE3489-KR-S,S,1.0,389.35,389.0
2021-06-17,20210617,Jun-21,JNE3560,JNE3560-KR-XXXL,XXXL,1.0,486.85,487.0
2021-06-17,20210617,Jun-21,JNE3612,JNE3612-KR-XS,XS,1.0,519.35,519.0
2021-06-17,20210617,Jun-21,MEN5003,MEN5003-KR-XL,XL,1.0,616.56,617.0
2021-06-17,20210617,Jun-21,MEN5005,MEN5005-KR-XXL,XXL,1.0,616.56,617.0
2021-06-17,20210617,Jun-21,MEN5014,MEN5014-KR-M,M,1.0,649.03,649.0
2021-06-17,20210617,Jun-21,MEN5014,MEN5014-KR-XL,XL,2.0,649.03,1298.0
2021-06-17,20210617,Jun-21,MEN5015,MEN5015-KR-XL,XL,1.0,616.56,617.0
2021-06-17,20210617,Jun-21,MEN5016,MEN5016-KR-XL,XL,1.0,649.03,649.0
2021-06-17,20210617,Jun-21,MEN5029,MEN5029-KR-XL,XL,1.0,616.56,617.0
2021-06-18,20210618,Jun-21,J0178,J0178-TP-L,L,1.0,356.85,357.0
2021-06-18,20210618,Jun-21,JNE3609,JNE3609-KR-M,M,1.0,551.85,552.0
2021-06-18,20210618,Jun-21,MEN5006,MEN5006-KR-L,L,1.0,649.03,649.0
2021-06-18,20210618,Jun-21,J0204,J0204-TP-XL,XL,1.0,746.85,747.0
2021-06-18,20210618,Jun-21,J0202,J0202-TP-XL,XL,1.0,649.35,649.0
2021-06-18,20210618,Jun-21,J0117,J0117-TP-XXL,XXL,1.0,421.85,422.0
2021-06-18,20210618,Jun-21,J0115,J0115-TP-XXL,XXL,1.0,519.35,519.0
2021-06-18,20210618,Jun-21,J0118,J0118-TP-XXL,XXL,1.0,421.85,422.0
2021-06-18,20210618,Jun-21,J0140,J0140-SET-XXXL,XXXL,1.0,941.85,942.0
2021-06-18,20210618,Jun-21,SET236,SET236-KR-PP-XXXL,XXXL,1.0,779.35,779.0
2021-06-18,20210618,Jun-21,JNE3713,JNE3713-TP-L,L,1.0,421.85,422.0
2021-06-18,20210618,Jun-21,SET196,SET196-KR-NP-M.,M,1.0,811.85,812.0
2021-06-18,20210618,Jun-21,SET196,SET196-KR-NP-XL,XL,1.0,811.85,812.0
2021-06-18,20210618,Jun-21,SET260,SET260-KR-PP-L,L,1.0,811.85,812.0
2021-06-18,20210618,Jun-21,SET260,SET260-KR-PP-XL,XL,1.0,811.85,812.0
2021-06-18,20210618,Jun-21,SET194,SET194-KR-NP-XL,XL,1.0,714.35,714.0
2021-06-18,20210618,Jun-21,SET194,SET194-KR-NP-XXXL,XXXL,1.0,714.35,714.0
2021-06-18,20210618,Jun-21,J0246,J0246-SKD-L,L,1.0,1234.35,1234.0
2021-06-18,20210618,Jun-21,J0242,J0242-SKD-XL,XL,1.0,1234.35,1234.0
2021-06-18,20210618,Jun-21,J0242,J0242-SKD-XXXL,XXXL,1.0,1234.35,1234.0
2021-06-18,20210618,Jun-21,J0239,J0239-SKD-M,M,1.0,1364.35,1364.0
2021-06-18,20210618,Jun-21,J0239,J0239-SKD-XL,XL,1.0,1364.35,1364.0
2021-06-18,20210618,Jun-21,J0130,J0130-SET-M,M,1.0,974.35,974.0
2021-06-18,20210618,Jun-21,J0130,J0130-SET-XL,XL,1.0,974.35,974.0
2021-06-18,20210618,Jun-21,J0130,J0130-SET-XXXL,XXXL,1.0,974.35,974.0
2021-06-18,20210618,Jun-21,SET268,SET268-KR-NP-S,S,1.0,811.85,812.0
2021-06-18,20210618,Jun-21,SET268,SET268-KR-NP-M,M,1.0,811.85,812.0
2021-06-18,20210618,Jun-21,SET268,SET268-KR-NP-L,L,1.0,811.85,812.0
2021-06-18,20210618,Jun-21,SET268,SET268-KR-NP-XL,XL,1.0,811.85,812.0
2021-06-18,20210618,Jun-21,SET268,SET268-KR-NP-XXL,XXL,1.0,811.85,812.0
2021-06-18,20210618,Jun-21,SET268,SET268-KR-NP-XXXL,XXXL,1.0,811.85,812.0
2021-06-19,20210619,Jun-21,SET263,SET263-KR-NP-S,S,1.0,779.35,779.0
2021-06-19,20210619,Jun-21,SET262,SET262-KR-NP-S,S,1.0,844.35,844.0
2021-06-19,20210619,Jun-21,SET229,SET229-KR-PP-S,S,1.0,941.85,942.0
2021-06-19,20210619,Jun-21,JNE3605,JNE3605-KR-S,S,1.0,454.35,454.0
2021-06-19,20210619,Jun-21,J0279,J0279-SET-S,S,1.0,1039.35,1039.0
2021-06-19,20210619,Jun-21,J0138,J0138-KR-S,S,1.0,649.35,649.0
2021-06-19,20210619,Jun-21,J0148,J0148-SET-S,S,1.0,876.85,877.0
2021-06-19,20210619,Jun-21,J0207,J0207-DR-S,S,1.0,811.85,812.0
2021-06-19,20210619,Jun-21,MEN5029,MEN5029-KR-M,M,1.0,616.56,617.0
2021-06-19,20210619,Jun-21,MEN5008,MEN5008-KR-M,M,1.0,616.56,617.0
2021-06-19,20210619,Jun-21,MEN5003,MEN5003-KR-M,M,1.0,616.56,617.0
2021-06-19,20210619,Jun-21,MEN5013,MEN5013-KR-M,M,1.0,649.03,649.0
2021-06-19,20210619,Jun-21,J0202,J0202-TP-S,S,1.0,649.35,649.0
2021-06-19,20210619,Jun-21,J0213,J0213-TP-S,S,1.0,584.35,584.0
2021-06-23,20210623,Jun-21,SET098,SET098-KR-PP-M,M,1.0,779.35,779.0
2021-06-23,20210623,Jun-21,SET098,SET098-KR-PP-L,L,1.0,779.35,779.0
2021-06-23,20210623,Jun-21,SET098,SET098-KR-PP-XL,XL,1.0,779.35,779.0
2021-06-23,20210623,Jun-21,SET062,SET062-KR-SP-M,M,1.0,844.35,844.0
2021-06-23,20210623,Jun-21,SET062,SET062-KR-SP-L,L,1.0,844.35,844.0
2021-06-23,20210623,Jun-21,J0041,J0041-SET-M,M,1.0,876.85,877.0
2021-06-23,20210623,Jun-21,J0041,J0041-SET-L,L,1.0,876.85,877.0
2021-06-23,20210623,Jun-21,J0041,J0041-SET-XL,XL,1.0,876.85,877.0
2021-06-23,20210623,Jun-21,J0041,J0041-SET-XXL,XXL,1.0,876.85,877.0
2021-06-23,20210623,Jun-21,SET182,SET182-KR-DH-L,L,1.0,779.35,779.0
2021-06-23,20210623,Jun-21,SET182,SET182-KR-DH-XL,XL,1.0,779.35,779.0
2021-06-23,20210623,Jun-21,SET144,SET144-KR-NP-XXL,XXL,1.0,876.85,877.0
2021-06-23,20210623,Jun-21,SET144,SET144-KR-NP-XXXL,XXXL,1.0,876.85,877.0
2021-06-23,20210623,Jun-21,SET110,SET110-KR-PP-XL,XL,1.0,876.85,877.0
2021-06-23,20210623,Jun-21,SET110,SET110-KR-PP-XXL,XXL,1.0,876.85,877.0
2021-06-23,20210623,Jun-21,SET250,SET250-KR-SHA-M,M,1.0,844.35,844.0
2021-06-23,20210623,Jun-21,SET073,SET073-KR-SHA-L,L,1.0,844.35,844.0
2021-06-23,20210623,Jun-21,J0234,J0234-SKD-XXL,XXL,1.0,1201.85,1202.0
2021-06-23,20210623,Jun-21,J0007,J0007-SKD-XXL,XXL,1.0,1136.85,1137.0
2021-06-23,20210623,Jun-21,J0244,J0244-SKD-L,L,1.0,1234.35,1234.0
2021-06-23,20210623,Jun-21,J0244,J0244-SKD-XL,XL,1.0,1234.35,1234.0
2021-06-23,20210623,Jun-21,J0246,J0246-SKD-M,M,1.0,1234.35,1234.0
2021-06-23,20210623,Jun-21,J0246,J0246-SKD-L,L,1.0,1234.35,1234.0
2021-06-23,20210623,Jun-21,J0284,J0284-SKD-XXL,XXL,1.0,1494.35,1494.0
2021-06-23,20210623,Jun-21,J0230,J0230-SKD-L,L,1.0,1364.35,1364.0
2021-06-23,20210623,Jun-21,J0230,J0230-SKD-XL,XL,1.0,1364.35,1364.0
2021-06-23,20210623,Jun-21,J0011,J0011-LCD-L,L,1.0,1234.35,1234.0
2021-06-23,20210623,Jun-21,J0011,J0011-LCD-XL,XL,1.0,1234.35,1234.0
2021-06-23,20210623,Jun-21,J0011,J0011-LCD-XXL,XXL,1.0,1234.35,1234.0
2021-06-23,20210623,Jun-21,SET238,SET238-KR-PP-L,L,1.0,649.35,649.0
2021-06-23,20210623,Jun-21,SET227,SET227-KR-PP-L,L,1.0,779.35,779.0
2021-06-23,20210623,Jun-21,SET228,SET228-KR-PP-L,L,1.0,779.35,779.0
2021-06-23,20210623,Jun-21,SET229,SET229-KR-PP-L,L,1.0,941.85,942.0
2021-06-23,20210623,Jun-21,SET234,SET234-KR-PP-L,L,1.0,574.0,574.0
2021-06-23,20210623,Jun-21,SET235,SET235-KR-PP-L,L,1.0,583.33,583.0
2021-06-23,20210623,Jun-21,SET206,SET206-KR-PP-L,L,1.0,993.75,994.0
2021-06-23,20210623,Jun-21,SET231,SET231-KR-PP-L,L,1.0,582.59,583.0
2021-06-23,20210623,Jun-21,SET240,SET240-KR-PP-L,L,1.0,714.35,714.0
2021-06-23,20210623,Jun-21,J0137,J0137-SET-L,L,1.0,844.35,844.0
2021-06-23,20210623,Jun-21,J0148,J0148-SET-L,L,1.0,876.85,877.0
2021-06-23,20210623,Jun-21,SET210,SET210-KR-PP-L,L,1.0,779.35,779.0
2021-06-23,20210623,Jun-21,SET241,SET241-KR-PP-L,L,1.0,500.0,500.0
2021-06-23,20210623,Jun-21,SET225,SET225-KR-NP-L,L,1.0,811.85,812.0
2021-06-23,20210623,Jun-21,SET233,SET233-KR-PP-L,L,1.0,779.35,779.0
2021-06-23,20210623,Jun-21,J0211,J0211-DR-L,L,1.0,779.35,779.0
2021-06-23,20210623,Jun-21,JNE3697,JNE3697-KR-L,L,1.0,454.35,454.0
2021-06-23,20210623,Jun-21,J0035,J0035-KR-L,L,1.0,618.75,619.0
2021-06-23,20210623,Jun-21,JNE3391,JNE3391-KR-L,L,1.0,616.85,617.0
2021-06-23,20210623,Jun-21,JNE3628,JNE3628-KR-L,L,1.0,486.85,487.0
2021-06-23,20210623,Jun-21,J0212,J0212-DR-L,L,1.0,746.85,747.0
2021-06-23,20210623,Jun-21,SET100,SET100-KR-PP-L,L,1.0,1039.35,1039.0
2021-06-23,20210623,Jun-21,J0138,J0138-KR-L,L,1.0,649.35,649.0
2021-06-23,20210623,Jun-21,J0151,J0151-KR-L,L,1.0,714.35,714.0
2021-06-23,20210623,Jun-21,J0283,J0283-SET-L,L,1.0,1039.35,1039.0
2021-06-23,20210623,Jun-21,JNE3364,JNE3364-KR-1051-XL,XL,1.0,421.85,422.0
2021-06-23,20210623,Jun-21,JNE3365,JNE3365-KR-1052-L,L,1.0,421.85,422.0
2021-06-23,20210623,Jun-21,J0037,J0037-KR-XXL,XXL,1.0,779.35,779.0
2021-06-23,20210623,Jun-21,J0037,J0037-KR-XXXL,XXXL,1.0,779.35,779.0
2021-06-23,20210623,Jun-21,JNE3609,JNE3609-KR-L,L,1.0,551.85,552.0
2021-06-23,20210623,Jun-21,JNE3609,JNE3609-KR-XL,XL,1.0,551.85,552.0
2021-06-23,20210623,Jun-21,J0177,J0177-KR-L,L,1.0,551.85,552.0
2021-06-23,20210623,Jun-21,J0177,J0177-KR-XL,XL,1.0,551.85,552.0
2021-06-23,20210623,Jun-21,J0177,J0177-KR-XXXL,XXXL,1.0,551.85,552.0
2021-06-23,20210623,Jun-21,J0104,J0104-KR-XL,XL,1.0,584.35,584.0
2021-06-23,20210623,Jun-21,J0104,J0104-KR-XXL,XXL,1.0,584.35,584.0
2021-06-23,20210623,Jun-21,J0104,J0104-KR-XXXL,XXXL,1.0,584.35,584.0
2021-06-23,20210623,Jun-21,JNE3256,JNE3256-KR-L,L,1.0,486.85,487.0
2021-06-23,20210623,Jun-21,JNE3256,JNE3256-KR-XL,XL,1.0,486.85,487.0
2021-06-23,20210623,Jun-21,JNE3464,JNE3464-KR-XXL,XXL,1.0,519.35,519.0
2021-06-23,20210623,Jun-21,JNE3464,JNE3464-KR-XXXL,XXXL,1.0,519.35,519.0
2021-06-23,20210623,Jun-21,J0033,J0033-KR-L,L,1.0,616.85,617.0
2021-06-23,20210623,Jun-21,J0033,J0033-KR-XXL,XXL,1.0,616.85,617.0
2021-06-23,20210623,Jun-21,JNE2049,JNE2049-KR-351-XXL,XXL,1.0,486.85,487.0
2021-06-23,20210623,Jun-21,JNE2049,JNE2049-KR-351-XXXL,XXXL,1.0,486.85,487.0
2021-06-23,20210623,Jun-21,JNE3637,JNE3637-KR-L,L,1.0,649.35,649.0
2021-06-23,20210623,Jun-21,JNE3523,JNE3523-KR-M,M,1.0,519.35,519.0
2021-06-23,20210623,Jun-21,JNE3523,JNE3523-KR-L,L,1.0,519.35,519.0
2021-06-23,20210623,Jun-21,JNE3688,JNE3688-TU-M,M,1.0,486.85,487.0
2021-06-23,20210623,Jun-21,JNE3688,JNE3688-TU-L,L,1.0,486.85,487.0
2021-06-23,20210623,Jun-21,JNE3669,JNE3669-TU-L,L,1.0,486.85,487.0
2021-06-23,20210623,Jun-21,JNE3669,JNE3669-TU-XL,XL,1.0,486.85,487.0
2021-06-23,20210623,Jun-21,JNE3679,JNE3679-TU-M,M,1.0,486.85,487.0
2021-06-23,20210623,Jun-21,JNE3679,JNE3679-TU-L,L,1.0,486.85,487.0
2021-06-23,20210623,Jun-21,JNE3679,JNE3679-TU-XL,XL,1.0,486.85,487.0
2021-06-23,20210623,Jun-21,JNE3674,JNE3674-TU-L,L,1.0,486.85,487.0
2021-06-23,20210623,Jun-21,JNE3674,JNE3674-TU-XXL,XXL,1.0,486.85,487.0
2021-06-23,20210623,Jun-21,JNE3672,JNE3672-TU-XL,XL,1.0,486.85,487.0
2021-06-23,20210623,Jun-21,JNE3672,JNE3672-TU-XXL,XXL,1.0,486.85,487.0
2021-06-23,20210623,Jun-21,JNE3673,JNE3673-TU-XL,XL,1.0,519.35,519.0
2021-06-23,20210623,Jun-21,JNE3673,JNE3673-TU-XXL,XXL,1.0,519.35,519.0
2021-06-23,20210623,Jun-21,JNE3651,JNE3651-TP-L,L,1.0,454.35,454.0
2021-06-23,20210623,Jun-21,JNE3651,JNE3651-TP-XL,XL,1.0,454.35,454.0
2021-06-23,20210623,Jun-21,J0180,J0180-DR-L,L,1.0,714.35,714.0
2021-06-23,20210623,Jun-21,J0180,J0180-DR-XXL,XXL,1.0,714.35,714.0
2021-06-23,20210623,Jun-21,JNE3709,JNE3709-DR-XL,XL,1.0,941.85,942.0
2021-06-23,20210623,Jun-21,JNE3709,JNE3709-DR-XXL,XXL,1.0,941.85,942.0
2021-06-23,20210623,Jun-21,J0243,J0243-DR-M,M,1.0,1039.35,1039.0
2021-06-23,20210623,Jun-21,J0243,J0243-DR-L,L,1.0,1039.35,1039.0
2021-06-23,20210623,Jun-21,J0093,J0093-DR-M,M,1.0,779.35,779.0
2021-06-23,20210623,Jun-21,J0093,J0093-DR-L,L,1.0,779.35,779.0
2021-06-23,20210623,Jun-21,J0093,J0093-DR-XXL,XXL,1.0,779.35,779.0
2021-06-23,20210623,Jun-21,J0093,J0093-DR-XXXL,XXXL,1.0,779.35,779.0
2021-06-23,20210623,Jun-21,SET038,SET038-KR-PP-XXL,XXL,1.0,746.85,747.0
2021-06-23,20210623,Jun-21,SET038,SET038-KR-PP-XXXL,XXXL,1.0,746.85,747.0
2021-06-23,20210623,Jun-21,SET187,SET187-KR-DH-M,M,1.0,746.85,747.0
2021-06-24,20210624,Jun-21,J0023,J0023-TP-M,M,6.0,486.85,2717.0
2021-06-24,20210624,Jun-21,J0023,J0023-TP-L,L,6.0,486.85,2717.0
2021-06-24,20210624,Jun-21,J0023,J0023-TP-XL,XL,6.0,486.85,2717.0
2021-06-24,20210624,Jun-21,JNE3672,JNE3672-TU-M,M,6.0,486.85,2717.0
2021-06-24,20210624,Jun-21,JNE3672,JNE3672-TU-L,L,6.0,486.85,2717.0
2021-06-24,20210624,Jun-21,JNE3672,JNE3672-TU-XL,XL,6.0,486.85,2717.0
2021-06-24,20210624,Jun-21,JNE3674,JNE3674-TU-M,M,6.0,486.85,2717.0
2021-06-24,20210624,Jun-21,JNE3674,JNE3674-TU-L,L,6.0,486.85,2717.0
2021-06-24,20210624,Jun-21,JNE3674,JNE3674-TU-XL,XL,6.0,486.85,2717.0
2021-06-24,20210624,Jun-21,JNE3673,JNE3673-TU-M,M,6.0,519.35,2898.0
2021-06-24,20210624,Jun-21,JNE3673,JNE3673-TU-L,L,6.0,519.35,2898.0
2021-06-24,20210624,Jun-21,JNE3673,JNE3673-TU-XL,XL,6.0,519.35,2898.0
2021-06-24,20210624,Jun-21,JNE3676,JNE3676-TU-M,M,6.0,454.35,2535.0
2021-06-24,20210624,Jun-21,JNE3676,JNE3676-TU-L,L,6.0,454.35,2535.0
2021-06-24,20210624,Jun-21,JNE3676,JNE3676-TU-XL,XL,6.0,454.35,2535.0
2021-06-24,20210624,Jun-21,JNE3686,JNE3686-TU-M,M,6.0,486.85,2717.0
2021-06-24,20210624,Jun-21,JNE3686,JNE3686-TU-L,L,6.0,486.85,2717.0
2021-06-24,20210624,Jun-21,JNE3686,JNE3686-TU-XL,XL,6.0,486.85,2717.0
2021-06-24,20210624,Jun-21,J0196,J0196-TP-M,M,6.0,519.35,2898.0
2021-06-24,20210624,Jun-21,J0196,J0196-TP-L,L,6.0,519.35,2898.0
2021-06-24,20210624,Jun-21,J0196,J0196-TP-XL,XL,6.0,519.35,2898.0
2021-06-24,20210624,Jun-21,J0197,J0197-TP-M,M,6.0,584.35,3261.0
2021-06-24,20210624,Jun-21,J0197,J0197-TP-L,L,6.0,584.35,3261.0
2021-06-24,20210624,Jun-21,J0197,J0197-TP-XL,XL,6.0,584.35,3261.0
2021-06-24,20210624,Jun-21,J0201,J0201-TP-M,M,6.0,584.35,3261.0
2021-06-24,20210624,Jun-21,J0201,J0201-TP-L,L,6.0,584.35,3261.0
2021-06-24,20210624,Jun-21,J0201,J0201-TP-XL,XL,6.0,584.35,3261.0
2021-06-24,20210624,Jun-21,J0202,J0202-TP-M,M,4.0,649.35,2416.0
2021-06-24,20210624,Jun-21,J0202,J0202-TP-L,L,4.0,649.35,2416.0
2021-06-24,20210624,Jun-21,J0202,J0202-TP-XL,XL,4.0,649.35,2416.0
2021-06-24,20210624,Jun-21,J0204,J0204-TP-M,M,4.0,746.85,2778.0
2021-06-24,20210624,Jun-21,J0204,J0204-TP-L,L,4.0,746.85,2778.0
2021-06-24,20210624,Jun-21,J0204,J0204-TP-XL,XL,4.0,746.85,2778.0
2021-06-24,20210624,Jun-21,J0213,J0213-TP-M,M,6.0,584.35,3261.0
2021-06-24,20210624,Jun-21,J0213,J0213-TP-L,L,6.0,584.35,3261.0
2021-06-24,20210624,Jun-21,J0213,J0213-TP-XL,XL,6.0,584.35,3261.0
2021-06-24,20210624,Jun-21,J0129,J0129-SET-M,M,4.0,1104.35,4108.0
2021-06-24,20210624,Jun-21,J0129,J0129-SET-L,L,4.0,1104.35,4108.0
2021-06-24,20210624,Jun-21,J0129,J0129-SET-XL,XL,4.0,1104.35,4108.0
2021-06-24,20210624,Jun-21,J0130,J0130-SET-M,M,4.0,974.35,3625.0
2021-06-24,20210624,Jun-21,J0130,J0130-SET-L.,L,4.0,974.35,3625.0
2021-06-24,20210624,Jun-21,J0130,J0130-SET-XL,XL,4.0,974.35,3625.0
2021-06-24,20210624,Jun-21,J0098,J0098-TP-M,M,6.0,519.35,2898.0
2021-06-24,20210624,Jun-21,J0098,J0098-TP-L,L,6.0,519.35,2898.0
2021-06-24,20210624,Jun-21,J0098,J0098-TP-XL,XL,6.0,519.35,2898.0
2021-06-24,20210624,Jun-21,JNE3405,JNE3405-KR-M,M,6.0,389.35,2173.0
2021-06-24,20210624,Jun-21,JNE3405,JNE3405-KR-L,L,6.0,389.35,2173.0
2021-06-24,20210624,Jun-21,JNE3405,JNE3405-KR-XL,XL,6.0,389.35,2173.0
2021-06-24,20210624,Jun-21,JNE2170,JNE2170-KR-436-M,M,6.0,551.85,3079.0
2021-06-24,20210624,Jun-21,JNE2170,JNE2170-KR-436-L,L,6.0,551.85,3079.0
2021-06-24,20210624,Jun-21,JNE2170,JNE2170-KR-436-XL,XL,6.0,551.85,3079.0
2021-06-24,20210624,Jun-21,JNE3609,JNE3609-KR-M,M,6.0,551.85,3079.0
2021-06-24,20210624,Jun-21,JNE3609,JNE3609-KR-L,L,6.0,551.85,3079.0
2021-06-24,20210624,Jun-21,JNE3609,JNE3609-KR-XL,XL,6.0,551.85,3079.0
2021-06-24,20210624,Jun-21,SET251,SET251-KR-PP-M,M,4.0,779.35,2899.0
2021-06-24,20210624,Jun-21,SET251,SET251-KR-PP-L,L,4.0,779.35,2899.0
2021-06-24,20210624,Jun-21,SET251,SET251-KR-PP-XL,XL,4.0,779.35,2899.0
2021-06-24,20210624,Jun-21,SET098,SET098-KR-PP-M,M,4.0,779.35,2899.0
2021-06-24,20210624,Jun-21,SET098,SET098-KR-PP-L,L,4.0,779.35,2899.0
2021-06-24,20210624,Jun-21,SET098,SET098-KR-PP-XL,XL,4.0,779.35,2899.0
2021-06-24,20210624,Jun-21,SET058,SET058-KR-NP-M,M,4.0,844.35,3141.0
2021-06-24,20210624,Jun-21,SET058,SET058-KR-NP-L,L,4.0,844.35,3141.0
2021-06-24,20210624,Jun-21,SET058,SET058-KR-NP-XL,XL,4.0,844.35,3141.0
2021-06-24,20210624,Jun-21,SET188,SET188-KR-NP-M,M,4.0,844.35,3141.0
2021-06-24,20210624,Jun-21,SET188,SET188-KR-NP-L,L,4.0,844.35,3141.0
2021-06-24,20210624,Jun-21,SET188,SET188-KR-NP-XL,XL,4.0,844.35,3141.0
2021-06-24,20210624,Jun-21,SET249,SET249-KR-NP-M,M,4.0,844.35,3141.0
2021-06-24,20210624,Jun-21,SET249,SET249-KR-NP-L,L,4.0,844.35,3141.0
2021-06-24,20210624,Jun-21,SET249,SET249-KR-NP-XL,XL,4.0,844.35,3141.0
2021-06-24,20210624,Jun-21,SET043,SET043-KR-NP-M,M,4.0,974.35,3625.0
2021-06-24,20210624,Jun-21,SET043,SET043-KR-NP-L,L,4.0,974.35,3625.0
2021-06-24,20210624,Jun-21,SET043,SET043-KR-NP-XL,XL,4.0,974.35,3625.0
2021-06-24,20210624,Jun-21,SET244,SET244-KR-NP-M,M,4.0,909.35,3383.0
2021-06-24,20210624,Jun-21,SET244,SET244-KR-NP-L,L,4.0,909.35,3383.0
2021-06-24,20210624,Jun-21,SET244,SET244-KR-NP-XL,XL,4.0,909.35,3383.0
2021-06-24,20210624,Jun-21,SET182,SET182-KR-DH-M,M,4.0,779.35,2899.0
2021-06-24,20210624,Jun-21,SET182,SET182-KR-DH-L,L,4.0,779.35,2899.0
2021-06-24,20210624,Jun-21,SET182,SET182-KR-DH-XL,XL,4.0,779.35,2899.0
2021-06-24,20210624,Jun-21,SET210,SET210-KR-PP-M,M,4.0,779.35,2899.0
2021-06-24,20210624,Jun-21,SET210,SET210-KR-PP-L,L,4.0,779.35,2899.0
2021-06-24,20210624,Jun-21,SET210,SET210-KR-PP-XL,XL,4.0,779.35,2899.0
2021-06-24,20210624,Jun-21,SET226,SET226-KR-PP-M,M,4.0,779.35,2899.0
2021-06-24,20210624,Jun-21,SET226,SET226-KR-PP-L,L,4.0,779.35,2899.0
2021-06-24,20210624,Jun-21,SET226,SET226-KR-PP-XL,XL,4.0,779.35,2899.0
2021-06-24,20210624,Jun-21,SET110,SET110-KR-PP-M,M,4.0,876.85,3262.0
2021-06-24,20210624,Jun-21,SET110,SET110-KR-PP-L,L,4.0,876.85,3262.0
2021-06-24,20210624,Jun-21,SET110,SET110-KR-PP-XL,XL,4.0,876.85,3262.0
2021-06-24,20210624,Jun-21,SET186,SET186-KR-DH-M,M,4.0,876.85,3262.0
2021-06-24,20210624,Jun-21,SET186,SET186-KR-DH-L,L,4.0,876.85,3262.0
2021-06-24,20210624,Jun-21,SET186,SET186-KR-DH-XL,XL,4.0,876.85,3262.0
2021-06-24,20210624,Jun-21,J0239,J0239-SKD-M,M,4.0,1364.35,5075.0
2021-06-24,20210624,Jun-21,J0239,J0239-SKD-L,L,4.0,1364.35,5075.0
2021-06-24,20210624,Jun-21,J0239,J0239-SKD-XL,XL,4.0,1364.35,5075.0
2021-06-24,20210624,Jun-21,J0241,J0241-SKD-M,M,4.0,1299.35,4834.0
2021-06-24,20210624,Jun-21,J0241,J0241-SKD-L,L,4.0,1299.35,4834.0
2021-06-24,20210624,Jun-21,J0241,J0241-SKD-XL,XL,4.0,1299.35,4834.0
2021-06-24,20210624,Jun-21,J0245,J0245-SKD-M,M,4.0,1169.35,4350.0
2021-06-24,20210624,Jun-21,J0245,J0245-SKD-L,L,4.0,1169.35,4350.0
2021-06-24,20210624,Jun-21,J0245,J0245-SKD-XL,XL,4.0,1169.35,4350.0
2021-06-24,20210624,Jun-21,J0284,J0284-SKD-M,M,4.0,1494.35,5559.0
2021-06-24,20210624,Jun-21,J0284,J0284-SKD-L,L,4.0,1494.35,5559.0
2021-06-24,20210624,Jun-21,J0284,J0284-SKD-XL,XL,4.0,1494.35,5559.0
2021-06-24,20210624,Jun-21,JNE3479,JNE3479-KR-M,M,6.0,389.35,2173.0
2021-06-24,20210624,Jun-21,JNE3479,JNE3479-KR-L,L,6.0,389.35,2173.0
2021-06-24,20210624,Jun-21,JNE3479,JNE3479-KR-XL,XL,6.0,389.35,2173.0
2021-06-24,20210624,Jun-21,JNE3576,JNE3576-KR-M,M,6.0,454.35,2535.0
2021-06-24,20210624,Jun-21,JNE3576,JNE3576-KR-L,L,6.0,454.35,2535.0
2021-06-24,20210624,Jun-21,JNE3576,JNE3576-KR-XL,XL,6.0,454.35,2535.0
2021-06-24,20210624,Jun-21,JNE3225,JNE3225-KR-M,M,6.0,486.85,2717.0
2021-06-24,20210624,Jun-21,JNE3225,JNE3225-KR-L,L,6.0,486.85,2717.0
2021-06-24,20210624,Jun-21,JNE3225,JNE3225-KR-XL,XL,6.0,486.85,2717.0
2021-06-24,20210624,Jun-21,JNE3523,JNE3523-KR-M,M,6.0,519.35,2898.0
2021-06-24,20210624,Jun-21,JNE3523,JNE3523-KR-L,L,6.0,519.35,2898.0
2021-06-24,20210624,Jun-21,JNE3523,JNE3523-KR-XL,XL,6.0,519.35,2898.0
2021-06-24,20210624,Jun-21,JNE3474,JNE3474-KR-M,M,6.0,486.85,2717.0
2021-06-24,20210624,Jun-21,JNE3474,JNE3474-KR-L,L,6.0,486.85,2717.0
2021-06-24,20210624,Jun-21,JNE3474,JNE3474-KR-XL,XL,6.0,486.85,2717.0
2021-06-24,20210624,Jun-21,JNE3288,JNE3288-KR-M,M,6.0,584.35,3261.0
2021-06-24,20210624,Jun-21,JNE3288,JNE3288-KR-L,L,6.0,584.35,3261.0
2021-06-24,20210624,Jun-21,JNE3288,JNE3288-KR-XL,XL,6.0,584.35,3261.0
2021-06-24,20210624,Jun-21,JNE3273,JNE3273-KR-XS,XS,3.0,649.35,1948.0
2021-06-24,20210624,Jun-21,JNE3273,JNE3273-KR-S,S,3.0,649.35,1948.0
2021-06-24,20210624,Jun-21,JNE3273,JNE3273-KR-M,M,3.0,649.35,1948.0
2021-06-24,20210624,Jun-21,JNE3273,JNE3273-KR-L,L,3.0,649.35,1948.0
2021-06-24,20210624,Jun-21,JNE3273,JNE3273-KR-XL,XL,2.0,649.35,1299.0
2021-06-24,20210624,Jun-21,JNE3273,JNE3273-KR-XXL,XXL,2.0,649.35,1299.0
2021-06-24,20210624,Jun-21,JNE3635,JNE3635-KR-XS,XS,3.0,519.35,1558.0
2021-06-24,20210624,Jun-21,JNE3635,JNE3635-KR-S,S,3.0,519.35,1558.0
2021-06-24,20210624,Jun-21,JNE3635,JNE3635-KR-M,M,3.0,519.35,1558.0
2021-06-24,20210624,Jun-21,JNE3635,JNE3635-KR-L,L,3.0,519.35,1558.0
2021-06-24,20210624,Jun-21,JNE3635,JNE3635-KR-XL,XL,2.0,519.35,1039.0
2021-06-24,20210624,Jun-21,JNE3635,JNE3635-KR-XXL,XXL,2.0,519.35,1039.0
2021-06-24,20210624,Jun-21,JNE3557,JNE3557-KR-S,S,3.0,486.85,1461.0
2021-06-24,20210624,Jun-21,JNE3557,JNE3557-KR-M,M,3.0,486.85,1461.0
2021-06-24,20210624,Jun-21,JNE3557,JNE3557-KR-L,L,3.0,486.85,1461.0
2021-06-24,20210624,Jun-21,JNE3557,JNE3557-KR-XL,XL,2.0,486.85,974.0
2021-06-24,20210624,Jun-21,JNE3557,JNE3557-KR-XXL,XXL,2.0,486.85,974.0
2021-06-24,20210624,Jun-21,JNE3566,JNE3566-KR-S,S,2.0,486.85,974.0
2021-06-24,20210624,Jun-21,JNE3555,JNE3555-KR-S.,S,3.0,486.85,1461.0
2021-06-24,20210624,Jun-21,J0243,J0243-DR-S,S,3.0,1039.35,3118.0
2021-06-24,20210624,Jun-21,J0243,J0243-DR-XL,XL,2.0,1039.35,2079.0
2021-06-24,20210624,Jun-21,J0243,J0243-DR-XXL,XXL,1.0,1039.35,1039.0
2021-06-24,20210624,Jun-21,J0185,J0185-DR-S,S,3.0,1104.35,3313.0
2021-06-24,20210624,Jun-21,JNE3554,JNE3554-KR-S,S,3.0,486.85,1461.0
2021-06-24,20210624,Jun-21,J0285,J0285-SKD-S,S,3.0,1494.35,4483.0
2021-06-24,20210624,Jun-21,J0285,J0285-SKD-M,M,3.0,1494.35,4483.0
2021-06-24,20210624,Jun-21,J0285,J0285-SKD-XL,XL,2.0,1494.35,2989.0
2021-06-24,20210624,Jun-21,J0285,J0285-SKD-XXL,XXL,2.0,1494.35,2989.0
2021-06-24,20210624,Jun-21,SET055,SET055-KR-NP-XS,XS,3.0,746.85,2241.0
2021-06-24,20210624,Jun-21,SET055,SET055-KR-NP-S,S,3.0,746.85,2241.0
2021-06-24,20210624,Jun-21,JNE3547,JNE3547-KR-S,S,3.0,486.85,1461.0
2021-06-24,20210624,Jun-21,JNE3547,JNE3547-KR-M,M,3.0,486.85,1461.0
2021-06-24,20210624,Jun-21,SET110,SET110-KR-PP-S,S,2.0,876.85,1754.0
2021-06-24,20210624,Jun-21,SET110,SET110-KR-PP-M,M,2.0,876.85,1754.0
2021-06-24,20210624,Jun-21,J0279,J0279-SET-S,S,3.0,1039.35,3118.0
2021-06-24,20210624,Jun-21,J0279,J0279-SET-M,M,3.0,1039.35,3118.0
2021-06-24,20210624,Jun-21,J0279,J0279-SET-L,L,3.0,1039.35,3118.0
2021-06-24,20210624,Jun-21,J0279,J0279-SET-XL,XL,2.0,1039.35,2079.0
2021-06-24,20210624,Jun-21,SET171,SET171-KR-NP-S,S,3.0,1169.35,3508.0
2021-06-24,20210624,Jun-21,SET171,SET171-KR-NP-M,M,3.0,1169.35,3508.0
2021-06-24,20210624,Jun-21,SET171,SET171-KR-NP-L,L,3.0,1169.35,3508.0
2021-06-24,20210624,Jun-21,SET171,SET171-KR-NP-XL,XL,2.0,1169.35,2339.0
2021-06-24,20210624,Jun-21,J0277,J0277-SKD-S,S,3.0,1494.35,4483.0
2021-06-24,20210624,Jun-21,J0277,J0277-SKD-M,M,3.0,1494.35,4483.0
2021-06-24,20210624,Jun-21,J0277,J0277-SKD-L,L,3.0,1494.35,4483.0
2021-06-24,20210624,Jun-21,J0282,J0282-SET-S,S,3.0,1039.35,3118.0
2021-06-24,20210624,Jun-21,J0282,J0282-SET-M,M,3.0,1039.35,3118.0
2021-06-24,20210624,Jun-21,J0282,J0282-SET-L,L,2.0,1039.35,2079.0
2021-06-24,20210624,Jun-21,J0282,J0282-SET-XL,XL,2.0,1039.35,2079.0
2021-06-24,20210624,Jun-21,J0284,J0284-SKD-S,S,3.0,1494.35,4483.0
2021-06-24,20210624,Jun-21,J0284,J0284-SKD-M,M,3.0,1494.35,4483.0
2021-06-24,20210624,Jun-21,J0284,J0284-SKD-L,L,3.0,1494.35,4483.0
2021-06-24,20210624,Jun-21,J0284,J0284-SKD-XL,XL,2.0,1494.35,2989.0
2021-06-24,20210624,Jun-21,J0088,J0088-TP-M,M,2.0,519.35,1039.0
2021-06-24,20210624,Jun-21,J0081,J0081-DR-XL,XL,2.0,844.35,1689.0
2021-06-24,20210624,Jun-21,J0084,J0084-TP-M,M,2.0,811.85,1624.0
2021-06-24,20210624,Jun-21,J0090,J0090-TP-M,M,2.0,714.35,1429.0
2021-06-24,20210624,Jun-21,J0118,J0118-TP-XL,XL,1.0,421.85,422.0
2021-06-24,20210624,Jun-21,JNE3686,JNE3686-TU-XL,XL,1.0,486.85,487.0
2021-06-24,20210624,Jun-21,JNE3688,JNE3688-TU-M,M,1.0,486.85,487.0
2021-06-24,20210624,Jun-21,JNE3635,JNE3635-KR-XXXL,XXXL,1.0,519.35,519.0
2021-06-24,20210624,Jun-21,SET171,SET171-KR-NP-XXL,XXL,1.0,1169.35,1169.0
2021-06-24,20210624,Jun-21,SET171,SET171-KR-NP-XXXL,XXXL,1.0,1169.35,1169.0
2021-06-24,20210624,Jun-21,J0283,J0283-SET-S,S,3.0,1039.35,3118.0
2021-06-24,20210624,Jun-21,J0283,J0283-SET-M,M,3.0,1039.35,3118.0
2021-06-24,20210624,Jun-21,J0283,J0283-SET-L,L,2.0,1039.35,2079.0
2021-06-24,20210624,Jun-21,J0283,J0283-SET-XL,XL,2.0,1039.35,2079.0
2021-06-24,20210624,Jun-21,J0283,J0283-SET-XXL,XXL,1.0,1039.35,1039.0
2021-06-24,20210624,Jun-21,J0277,J0277-SKD-XL,XL,1.0,1494.35,1494.0
2021-06-24,20210624,Jun-21,J0277,J0277-SKD-XXL,XXL,1.0,1494.35,1494.0
2021-06-24,20210624,Jun-21,J0277,J0277-SKD-XXXL,XXXL,1.0,1494.35,1494.0
2021-06-28,20210628,Jun-21,MEN5014,MEN5014-KR-S,S,5.0,649.0,3245.0
2021-06-28,20210628,Jun-21,MEN5014,MEN5014-KR-M,M,5.0,649.0,3245.0
2021-06-28,20210628,Jun-21,MEN5014,MEN5014-KR-L,L,2.0,649.0,1298.0
2021-06-28,20210628,Jun-21,MEN5014,MEN5014-KR-XL,XL,2.0,649.0,1298.0
2021-06-28,20210628,Jun-21,MEN5032,MEN5032-KR-S,S,2.0,649.0,1298.0
2021-06-28,20210628,Jun-21,MEN5032,MEN5032-KR-M,M,2.0,649.0,1298.0
2021-06-28,20210628,Jun-21,MEN5032,MEN5032-KR-L,L,2.0,649.0,1298.0
2021-06-28,20210628,Jun-21,MEN5032,MEN5032-KR-XL,XL,2.0,649.0,1298.0
2021-06-28,20210628,Jun-21,MEN5032,MEN5032-KR-XXL,XXL,2.0,649.0,1298.0
2021-06-28,20210628,Jun-21,MEN5021,MEN5021-KR-M,M,15.0,649.0,9735.0
2021-06-28,20210628,Jun-21,MEN5021,MEN5021-KR-S,S,6.0,649.0,3894.0
2021-06-28,20210628,Jun-21,MEN5021,MEN5021-KR-XL,XL,7.0,649.0,4543.0
2021-06-28,20210628,Jun-21,MEN5021,MEN5021-KR-L,L,5.0,649.0,3245.0
2021-06-28,20210628,Jun-21,MEN5021,MEN5021-KR-XXL,XXL,2.0,649.0,1298.0
2021-06-29,20210629,Jun-21,SET195,SET195-KR-NP-L,L,1.0,877.0,877.0
2021-06-29,20210629,Jun-21,SET073,SET073-KR-SHA-M,M,1.0,844.0,844.0
2021-06-29,20210629,Jun-21,J0244,J0244-SKD-L,L,1.0,1234.0,1234.0
2021-06-29,20210629,Jun-21,J0244,J0244-SKD-XXL,XXL,1.0,1234.0,1234.0
2021-06-29,20210629,Jun-21,SET098,SET098-KR-PP-M,M,1.0,779.0,779.0
2021-06-29,20210629,Jun-21,SET182,SET182-KR-DH-M,M,1.0,779.0,779.0
2021-06-29,20210629,Jun-21,SET182,SET182-KR-DH-XL,XL,1.0,779.0,779.0
2021-06-29,20210629,Jun-21,J0177,J0177-KR-L,L,1.0,552.0,552.0
2021-06-29,20210629,Jun-21,J0177,J0177-KR-XXXL,XXXL,1.0,552.0,552.0
2021-06-29,20210629,Jun-21,JNE3365,JNE3365-KR-1052-M,M,1.0,422.0,422.0
2021-06-29,20210629,Jun-21,JNE3523,JNE3523-KR-M,M,1.0,519.0,519.0
2021-06-29,20210629,Jun-21,JNE3523,JNE3523-KR-L,L,1.0,519.0,519.0
2021-06-29,20210629,Jun-21,JNE3523,JNE3523-KR-XL,XL,1.0,519.0,519.0
2021-06-29,20210629,Jun-21,JNE3523,JNE3523-KR-XXL,XXL,1.0,519.0,519.0
2021-06-29,20210629,Jun-21,JNE3523,JNE3523-KR-XXXL,XXXL,1.0,519.0,519.0
2021-06-29,20210629,Jun-21,JNE3554,JNE3554-KR-XL,XL,1.0,487.0,487.0
2021-06-29,20210629,Jun-21,JNE3554,JNE3554-KR-XXL,XXL,1.0,487.0,487.0
2021-06-29,20210629,Jun-21,JNE3225,JNE3225-KR-M,M,1.0,487.0,487.0
2021-06-29,20210629,Jun-21,JNE3555,JNE3555-KR-L,L,1.0,487.0,487.0
2021-06-29,20210629,Jun-21,JNE3555,JNE3555-KR-XXL,XXL,1.0,487.0,487.0
2021-06-29,20210629,Jun-21,JNE3549,JNE3549-KR-L,L,1.0,454.0,454.0
2021-06-29,20210629,Jun-21,JNE3549,JNE3549-KR-XXL,XXL,1.0,454.0,454.0
2021-06-29,20210629,Jun-21,J0104,J0104-KR-L,L,1.0,584.0,584.0
2021-06-29,20210629,Jun-21,JNE3697,JNE3697-KR-M,M,1.0,454.0,454.0
2021-06-29,20210629,Jun-21,JNE3697,JNE3697-KR-XL,XL,1.0,454.0,454.0
2021-06-29,20210629,Jun-21,J0171,J0171-DR-M,M,1.0,617.0,580.0
2021-06-29,20210629,Jun-21,J0171,J0171-DR-L,L,2.0,617.0,1160.0
2021-06-29,20210629,Jun-21,J0171,J0171-DR-XL,XL,2.0,617.0,1160.0
2021-06-29,20210629,Jun-21,J0171,J0171-DR-XXL,XXL,1.0,617.0,580.0
2021-06-29,20210629,Jun-21,J0171,J0171-DR-XXXL,XXXL,2.0,617.0,1160.0
2021-06-29,20210629,Jun-21,J0138,J0138-KR-M,M,2.0,649.0,1220.0
2021-06-29,20210629,Jun-21,J0138,J0138-KR-L,L,3.0,649.0,1830.0
2021-06-29,20210629,Jun-21,J0138,J0138-KR-XL,XL,3.0,649.0,1830.0
2021-06-29,20210629,Jun-21,J0138,J0138-KR-XXL,XXL,2.0,649.0,1220.0
2021-06-29,20210629,Jun-21,J0138,J0138-KR-XXXL,XXXL,2.0,649.0,1220.0
2021-06-29,20210629,Jun-21,J0148,J0148-SET-L,L,2.0,877.0,1649.0
2021-06-29,20210629,Jun-21,J0148,J0148-SET-XL,XL,2.0,877.0,1649.0
2021-06-29,20210629,Jun-21,J0148,J0148-SET-XXL,XXL,1.0,877.0,824.0
2021-06-29,20210629,Jun-21,J0148,J0148-SET-XXXL,XXXL,2.0,877.0,1649.0
2021-06-29,20210629,Jun-21,J0341,J0341-DR-M,M,2.0,747.0,1404.0
2021-06-29,20210629,Jun-21,J0341,J0341-DR-L,L,2.0,747.0,1404.0
2021-06-29,20210629,Jun-21,J0341,J0341-DR-XL,XL,3.0,747.0,2107.0
2021-06-29,20210629,Jun-21,J0341,J0341-DR-XXL,XXL,1.0,747.0,702.0
2021-06-29,20210629,Jun-21,J0335,J0335-DR-M,M,2.0,812.0,1527.0
2021-06-29,20210629,Jun-21,J0335,J0335-DR-L,L,2.0,812.0,1527.0
2021-06-29,20210629,Jun-21,J0335,J0335-DR-XL,XL,2.0,812.0,1527.0
2021-06-29,20210629,Jun-21,J0335,J0335-DR-XXL,XXL,1.0,812.0,763.0
2021-06-29,20210629,Jun-21,J0335,J0335-DR-XXXL,XXXL,1.0,812.0,763.0
2021-06-29,20210629,Jun-21,J0194,J0194-DR-L,L,3.0,974.0,2747.0
2021-06-29,20210629,Jun-21,J0194,J0194-DR-XL,XL,2.0,974.0,1831.0
2021-06-29,20210629,Jun-21,J0194,J0194-DR-XXL,XXL,2.0,974.0,1831.0
2021-06-29,20210629,Jun-21,J0194,J0194-DR-XXXL,XXXL,2.0,974.0,1831.0
2021-06-29,20210629,Jun-21,J0161,J0161-DR-XXL,XXL,1.0,714.0,671.0
2021-06-29,20210629,Jun-21,J0161,J0161-DR-XXXL,XXXL,1.0,714.0,671.0
2021-06-29,20210629,Jun-21,JNE3625,JNE3625-DR-M,M,2.0,649.0,1220.0
2021-06-29,20210629,Jun-21,JNE3625,JNE3625-DR-L,L,2.0,649.0,1220.0
2021-06-29,20210629,Jun-21,JNE3625,JNE3625-DR-XL,XL,2.0,649.0,1220.0
2021-06-29,20210629,Jun-21,JNE3625,JNE3625-DR-XXL,XXL,1.0,649.0,610.0
2021-06-29,20210629,Jun-21,J0081,J0081-DR-M,M,1.0,844.0,793.0
2021-06-29,20210629,Jun-21,J0081,J0081-DR-XL,XL,2.0,844.0,1587.0
2021-06-29,20210629,Jun-21,J0081,J0081-DR-XXL,XXL,1.0,844.0,793.0
2021-06-29,20210629,Jun-21,J0185,J0185-DR-M,M,1.0,1104.0,1038.0
2021-06-29,20210629,Jun-21,J0185,J0185-DR-L,L,2.0,1104.0,2076.0
2021-06-29,20210629,Jun-21,J0185,J0185-DR-XL,XL,1.0,1104.0,1038.0
2021-06-29,20210629,Jun-21,J0034,J0034-SET-L,L,2.0,1072.0,2015.0
2021-06-29,20210629,Jun-21,J0034,J0034-SET-XL,XL,2.0,1072.0,2015.0
2021-06-29,20210629,Jun-21,J0034,J0034-SET-XXL,XXL,1.0,1072.0,1008.0
2021-06-29,20210629,Jun-21,J0177,J0177-KR-M,M,2.0,552.0,1038.0
2021-06-29,20210629,Jun-21,J0177,J0177-KR-L,L,2.0,552.0,1038.0
2021-06-29,20210629,Jun-21,J0177,J0177-KR-XL,XL,3.0,552.0,1557.0
2021-06-29,20210629,Jun-21,J0177,J0177-KR-XXL,XXL,1.0,552.0,519.0
2021-06-29,20210629,Jun-21,J0177,J0177-KR-XXXL,XXXL,2.0,552.0,1038.0
2021-06-29,20210629,Jun-21,J0057,J0057-DR-M,M,6.0,667.0,3762.0
2021-06-29,20210629,Jun-21,J0057,J0057-DR-L,L,6.0,667.0,3762.0
2021-06-29,20210629,Jun-21,J0057,J0057-DR-XL,XL,6.0,667.0,3762.0
2021-06-29,20210629,Jun-21,J0057,J0057-DR-XXL,XXL,7.0,667.0,4389.0
2021-06-29,20210629,Jun-21,JNE3605,JNE3605-KR-M,M,2.0,454.0,854.0
2021-06-29,20210629,Jun-21,JNE3605,JNE3605-KR-L,L,3.0,454.0,1280.0
2021-06-29,20210629,Jun-21,JNE3605,JNE3605-KR-XL,XL,3.0,454.0,1280.0
2021-06-29,20210629,Jun-21,JNE3605,JNE3605-KR-XXL,XXL,2.0,454.0,854.0
2021-06-29,20210629,Jun-21,JNE3605,JNE3605-KR-XXXL,XXXL,2.0,454.0,854.0
2021-06-29,20210629,Jun-21,J0186,J0186-SET-M,M,2.0,1299.0,2442.0
2021-06-29,20210629,Jun-21,J0186,J0186-SET-L,L,2.0,1299.0,2442.0
2021-06-29,20210629,Jun-21,J0186,J0186-SET-XL,XL,2.0,1299.0,2442.0
2021-06-29,20210629,Jun-21,J0186,J0186-SET-XXL,XXL,1.0,1299.0,1221.0
2021-06-29,20210629,Jun-21,J0186,J0186-SET-XXXL,XXXL,1.0,1299.0,1221.0
2021-06-29,20210629,Jun-21,JNE3640,JNE3640-TP-M,M,4.0,454.0,1707.0
2021-06-29,20210629,Jun-21,JNE3640,JNE3640-TP-L,L,8.0,454.0,3414.0
2021-06-29,20210629,Jun-21,JNE3640,JNE3640-TP-XL,XL,8.0,454.0,3414.0
2021-06-29,20210629,Jun-21,JNE3640,JNE3640-TP-XXL,XXL,4.0,454.0,1707.0
2021-06-29,20210629,Jun-21,JNE3683,JNE3683-TU-M,M,3.0,454.0,1280.0
2021-06-29,20210629,Jun-21,JNE3683,JNE3683-TU-L,L,4.0,454.0,1707.0
2021-06-29,20210629,Jun-21,JNE3683,JNE3683-TU-XL,XL,3.0,454.0,1280.0
2021-06-29,20210629,Jun-21,JNE3683,JNE3683-TU-XXL,XXL,2.0,454.0,854.0
2021-06-29,20210629,Jun-21,JNE3683,JNE3683-TU-XXXL,XXXL,2.0,454.0,854.0
2021-06-29,20210629,Jun-21,JNE3686,JNE3686-TU-M,M,3.0,487.0,1373.0
2021-06-29,20210629,Jun-21,JNE3686,JNE3686-TU-L,L,4.0,487.0,1831.0
2021-06-29,20210629,Jun-21,JNE3686,JNE3686-TU-XL,XL,3.0,487.0,1373.0
2021-06-29,20210629,Jun-21,JNE3686,JNE3686-TU-XXL,XXL,2.0,487.0,916.0
2021-06-29,20210629,Jun-21,JNE3686,JNE3686-TU-XXXL,XXXL,2.0,487.0,916.0
2021-06-29,20210629,Jun-21,JNE3680,JNE3680-TU-M,M,2.0,454.0,854.0
2021-06-29,20210629,Jun-21,JNE3680,JNE3680-TU-L,L,3.0,454.0,1280.0
2021-06-29,20210629,Jun-21,JNE3680,JNE3680-TU-XL,XL,2.0,454.0,854.0
2021-06-29,20210629,Jun-21,JNE3680,JNE3680-TU-XXL,XXL,1.0,454.0,427.0
2021-06-29,20210629,Jun-21,J0048,J0048-TP-M,M,2.0,456.0,857.0
2021-06-29,20210629,Jun-21,J0048,J0048-TP-L,L,2.0,456.0,857.0
2021-06-29,20210629,Jun-21,J0048,J0048-TP-XL,XL,1.0,456.0,429.0
2021-06-29,20210629,Jun-21,JNE3672,JNE3672-TU-XL,XL,4.0,487.0,1831.0
2021-06-29,20210629,Jun-21,JNE3672,JNE3672-TU-XXL,XXL,2.0,487.0,916.0
2021-06-29,20210629,Jun-21,JNE3672,JNE3672-TU-XXXL,XXXL,2.0,487.0,916.0
2021-06-29,20210629,Jun-21,JNE3662,JNE3662-TP-M,M,2.0,519.0,976.0
2021-06-29,20210629,Jun-21,JNE3662,JNE3662-TP-L,L,2.0,519.0,976.0
2021-06-29,20210629,Jun-21,JNE3662,JNE3662-TP-XL,XL,1.0,519.0,488.0
2021-06-29,20210629,Jun-21,JNE3674,JNE3674-TU-M,M,3.0,487.0,1373.0
2021-06-29,20210629,Jun-21,JNE3674,JNE3674-TU-L,L,5.0,487.0,2289.0
2021-06-29,20210629,Jun-21,JNE3674,JNE3674-TU-XL,XL,4.0,487.0,1831.0
2021-06-29,20210629,Jun-21,JNE3674,JNE3674-TU-XXL,XXL,3.0,487.0,1373.0
2021-06-29,20210629,Jun-21,JNE3674,JNE3674-TU-XXXL,XXXL,3.0,487.0,1373.0
2021-06-29,20210629,Jun-21,JNE3673,JNE3673-TU-M,M,2.0,519.0,976.0
2021-06-29,20210629,Jun-21,JNE3673,JNE3673-TU-L,L,3.0,519.0,1464.0
2021-06-29,20210629,Jun-21,JNE3673,JNE3673-TU-XL,XL,2.0,519.0,976.0
2021-06-29,20210629,Jun-21,JNE3673,JNE3673-TU-XXL,XXL,1.0,519.0,488.0
2021-06-29,20210629,Jun-21,SET272,SET272-KR-PP-L,L,1.0,844.0,793.0
2021-06-29,20210629,Jun-21,SET272,SET272-KR-PP-XL,XL,2.0,844.0,1587.0
2021-06-29,20210629,Jun-21,SET272,SET272-KR-PP-XXL,XXL,2.0,844.0,1587.0
2021-06-29,20210629,Jun-21,JNE3639,JNE3639-TP-XXL,XXL,4.0,454.0,1707.0
2021-06-29,20210629,Jun-21,JNE3639,JNE3639-TP-S,S,2.0,454.0,854.0
2021-07-01,20210701,Jul-21,J0098,J0098-TP-XXL,XXL,3.0,519.0,1557.0
2021-07-01,20210701,Jul-21,J0084,J0084-TP-XXL,XXL,1.0,812.0,812.0
2021-07-01,20210701,Jul-21,J0115,J0115-TP-XXL,XXL,1.0,519.0,519.0
2021-07-01,20210701,Jul-21,J0196,J0196-TP-XXL,XXL,1.0,519.0,519.0
2021-07-01,20210701,Jul-21,JNE3669,JNE3669-TU-XXL,XXL,1.0,487.0,487.0
2021-07-01,20210701,Jul-21,JNE3672,JNE3672-TU-XXL,XXL,1.0,487.0,487.0
2021-07-01,20210701,Jul-21,JNE3678,JNE3678-TU-XXL,XXL,1.0,422.0,422.0
2021-07-01,20210701,Jul-21,J0202,J0202-TP-XXL,XXL,1.0,649.0,649.0
2021-07-01,20210701,Jul-21,J0214,J0214-TP-XXL,XXL,1.0,649.0,649.0
2021-07-01,20210701,Jul-21,JNE3686,JNE3686-TU-XXL,XXL,1.0,487.0,487.0
2021-07-01,20210701,Jul-21,NW009,NW009-ST-CP-M,M,1.0,812.0,812.0
2021-07-01,20210701,Jul-21,J0201,J0201-TP-XXL,XXL,2.0,584.0,1168.0
2021-07-01,20210701,Jul-21,J0210,J0210-DR-S,S,1.0,877.0,877.0
2021-07-01,20210701,Jul-21,J0210,J0210-DR-M,M,1.0,877.0,877.0
2021-07-01,20210701,Jul-21,J0210,J0210-DR-L,L,1.0,877.0,877.0
2021-07-01,20210701,Jul-21,J0210,J0210-DR-XL1J0210-DR-XL,XL,1.0,877.0,877.0
2021-07-01,20210701,Jul-21,J0210,J0210-DR-XXL,XXL,1.0,877.0,877.0
2021-07-01,20210701,Jul-21,J0211,J0211-DR-S,S,1.0,779.0,779.0
2021-07-01,20210701,Jul-21,J0211,J0211-DR-M,M,1.0,779.0,779.0
2021-07-01,20210701,Jul-21,J0211,J0211-DR-L,L,1.0,779.0,779.0
2021-07-01,20210701,Jul-21,J0211,J0211-DR-XL,XL,1.0,779.0,779.0
2021-07-01,20210701,Jul-21,J0211,J0211-DR-XXL,XXL,1.0,779.0,779.0
2021-07-01,20210701,Jul-21,J0353,J0353-KR-S,S,1.0,617.0,617.0
2021-07-01,20210701,Jul-21,J0353,J0353-KR-M,M,1.0,617.0,617.0
2021-07-01,20210701,Jul-21,J0353,J0353-KR-L,L,1.0,617.0,617.0
2021-07-01,20210701,Jul-21,J0353,J0353-KR-XL,XL,1.0,617.0,617.0
2021-07-01,20210701,Jul-21,J0353,J0353-KR-XXL,XXL,1.0,617.0,617.0
2021-07-01,20210701,Jul-21,J0212,J0212-DR-S,S,1.0,747.0,747.0
2021-07-01,20210701,Jul-21,J0212,J0212-DR-M,M,1.0,747.0,747.0
2021-07-01,20210701,Jul-21,J0212,J0212-DR-L,L,1.0,747.0,747.0
2021-07-01,20210701,Jul-21,J0212,J0212-DR-XL,XL,1.0,747.0,747.0
2021-07-01,20210701,Jul-21,J0212,J0212-DR-XXL,XXL,1.0,747.0,747.0
2021-07-01,20210701,Jul-21,JNE2170,JNE2170-KR-436-S,S,1.0,552.0,552.0
2021-07-01,20210701,Jul-21,JNE2170,JNE2170-KR-436-M,M,1.0,552.0,552.0
2021-07-01,20210701,Jul-21,JNE2170,JNE2170-KR-436-L,L,1.0,552.0,552.0
2021-07-01,20210701,Jul-21,JNE2170,JNE2170-KR-436-XL,XL,1.0,552.0,552.0
2021-07-01,20210701,Jul-21,JNE2170,JNE2170-KR-436-XXL,XXL,1.0,552.0,552.0
2021-07-01,20210701,Jul-21,J0236,J0236-SKD-S,S,1.0,1299.0,1299.0
2021-07-01,20210701,Jul-21,J0236,J0236-SKD-M,M,1.0,1299.0,1299.0
2021-07-01,20210701,Jul-21,J0236,J0236-SKD-L,L,1.0,1299.0,1299.0
2021-07-01,20210701,Jul-21,J0236,J0236-SKD-XL,XL,1.0,1299.0,1299.0
2021-07-01,20210701,Jul-21,J0236,J0236-SKD-XXL,XXL,1.0,1299.0,1299.0
2021-07-01,20210701,Jul-21,J0004,J0004-SKD-S,S,1.0,1234.0,1234.0
2021-07-01,20210701,Jul-21,J0004,J0004-SKD-M,M,1.0,1234.0,1234.0
2021-07-01,20210701,Jul-21,J0004,J0004-SKD-L,L,1.0,1234.0,1234.0
2021-07-01,20210701,Jul-21,J0004,J0004-SKD-XL,XL,1.0,1234.0,1234.0
2021-07-01,20210701,Jul-21,J0004,J0004-SKD-XXL,XXL,1.0,1234.0,1234.0
2021-07-01,20210701,Jul-21,J0011,J0011-LCD-S,S,1.0,1234.0,1234.0
2021-07-01,20210701,Jul-21,J0011,J0011-LCD-M,M,1.0,1234.0,1234.0
2021-07-01,20210701,Jul-21,J0011,J0011-LCD-L,L,1.0,1234.0,1234.0
2021-07-01,20210701,Jul-21,J0011,J0011-LCD-XL,XL,1.0,1234.0,1234.0
2021-07-01,20210701,Jul-21,J0011,J0011-LCD-XXL,XXL,1.0,1234.0,1234.0
2021-07-01,20210701,Jul-21,SET243,SET243-KR-PP-S,S,1.0,649.0,649.0
2021-07-01,20210701,Jul-21,SET243,SET243-KR-PP-M,M,1.0,649.0,649.0
2021-07-01,20210701,Jul-21,SET243,SET243-KR-PP-L,L,1.0,649.0,649.0
2021-07-01,20210701,Jul-21,SET243,SET243-KR-PP-XL,XL,1.0,649.0,649.0
2021-07-01,20210701,Jul-21,SET243,SET243-KR-PP-XXL,XXL,1.0,649.0,649.0
2021-07-01,20210701,Jul-21,SET182,SET182-KR-DH-S,S,1.0,779.0,779.0
2021-07-01,20210701,Jul-21,SET182,SET182-KR-DH-M,M,1.0,779.0,779.0
2021-07-01,20210701,Jul-21,SET182,SET182-KR-DH-L,L,1.0,779.0,779.0
2021-07-01,20210701,Jul-21,SET182,SET182-KR-DH-XL,XL,1.0,779.0,779.0
2021-07-01,20210701,Jul-21,SET182,SET182-KR-DH-XXL,XXL,1.0,779.0,779.0
2021-07-01,20210701,Jul-21,SET229,SET229-KR-PP-S,S,1.0,942.0,942.0
2021-07-01,20210701,Jul-21,SET229,SET229-KR-PP-M,M,1.0,942.0,942.0
2021-07-01,20210701,Jul-21,SET229,SET229-KR-PP-L,L,1.0,942.0,942.0
2021-07-01,20210701,Jul-21,SET229,SET229-KR-PP-XL,XL,1.0,942.0,942.0
2021-07-01,20210701,Jul-21,SET229,SET229-KR-PP-XXL,XXL,1.0,942.0,942.0
2021-07-01,20210701,Jul-21,SET145,SET145-KR-NP-S,S,1.0,877.0,877.0
2021-07-01,20210701,Jul-21,SET145,SET145-KR-NP-M,M,1.0,877.0,877.0
2021-07-01,20210701,Jul-21,SET145,SET145-KR-NP-L,L,1.0,877.0,877.0
2021-07-01,20210701,Jul-21,SET145,SET145-KR-NP-XL,XL,1.0,877.0,877.0
2021-07-01,20210701,Jul-21,SET145,SET145-KR-NP-XXL,XXL,1.0,877.0,877.0
2021-07-01,20210701,Jul-21,SET043,SET043-KR-NP-S,S,1.0,974.0,974.0
2021-07-01,20210701,Jul-21,SET043,SET043-KR-NP-M,M,1.0,974.0,974.0
2021-07-01,20210701,Jul-21,SET043,SET043-KR-NP-L,L,1.0,974.0,974.0
2021-07-01,20210701,Jul-21,SET043,SET043-KR-NP-XL,XL,1.0,974.0,974.0
2021-07-01,20210701,Jul-21,SET043,SET043-KR-NP-XXL,XXL,1.0,974.0,974.0
2021-07-01,20210701,Jul-21,J0135,J0135-SET-S,S,1.0,844.0,844.0
2021-07-01,20210701,Jul-21,J0135,J0135-SET-M,M,1.0,844.0,844.0
2021-07-01,20210701,Jul-21,J0135,J0135-SET-L,L,1.0,844.0,844.0
2021-07-01,20210701,Jul-21,J0135,J0135-SET-XL,XL,1.0,844.0,844.0
2021-07-01,20210701,Jul-21,J0135,J0135-SET-XXL,XXL,1.0,844.0,844.0
2021-07-01,20210701,Jul-21,J0130,J0130-SET-S,S,1.0,974.0,974.0
2021-07-01,20210701,Jul-21,J0130,J0130-SET-M,M,1.0,974.0,974.0
2021-07-01,20210701,Jul-21,J0130,J0130-SET-L.,L,1.0,974.0,974.0
2021-07-01,20210701,Jul-21,J0130,J0130-SET-XL,XL,1.0,974.0,974.0
2021-07-01,20210701,Jul-21,J0130,J0130-SET-XXL,XXL,1.0,974.0,974.0
2021-07-01,20210701,Jul-21,J0129,J0129-SET-S,S,1.0,1104.0,1104.0
2021-07-01,20210701,Jul-21,J0129,J0129-SET-M,M,1.0,1104.0,1104.0
2021-07-01,20210701,Jul-21,J0129,J0129-SET-L,L,1.0,1104.0,1104.0
2021-07-01,20210701,Jul-21,J0129,J0129-SET-XL,XL,1.0,1104.0,1104.0
2021-07-01,20210701,Jul-21,J0129,J0129-SET-XXL,XXL,1.0,1104.0,1104.0
2021-07-08,20210708,Jul-21,SET269,SET269-KR-NP-L,L,1.0,969.0,969.0
2021-07-08,20210708,Jul-21,SET269,SET269-KR-NP-XL,XL,1.0,969.0,969.0
2021-07-08,20210708,Jul-21,SET269,SET269-KR-NP-XXL,XXL,1.0,969.0,969.0
2021-07-08,20210708,Jul-21,SET195,SET195-KR-NP-XXXL,XXXL,1.0,931.0,931.0
2021-07-08,20210708,Jul-21,SET195,SET195-KR-NP-L,L,1.0,931.0,931.0
2021-07-08,20210708,Jul-21,SET195,SET195-KR-NP-XL,XL,1.0,931.0,931.0
2021-07-08,20210708,Jul-21,SET200,SET200-KR-NP-L,L,1.0,894.0,894.0
2021-07-08,20210708,Jul-21,SET200,SET200-KR-NP-XXL,XXL,1.0,894.0,894.0
2021-07-08,20210708,Jul-21,SET200,SET200-KR-NP-XXXL,XXXL,1.0,894.0,894.0
2021-07-08,20210708,Jul-21,SET236,SET236-KR-PP-M,M,1.0,765.0,765.0
2021-07-08,20210708,Jul-21,SET236,SET236-KR-PP-L,L,1.0,765.0,765.0
2021-07-08,20210708,Jul-21,SET236,SET236-KR-PP-XL,XL,1.0,765.0,765.0
2021-07-08,20210708,Jul-21,SET236,SET236-KR-PP-XXL,XXL,1.0,765.0,765.0
2021-07-08,20210708,Jul-21,SET199,SET199-KR-NP-L,L,1.0,744.0,744.0
2021-07-08,20210708,Jul-21,SET199,SET199-KR-NP-XL,XL,1.0,744.0,744.0
2021-07-08,20210708,Jul-21,SET199,SET199-KR-NP-XXL,XXL,1.0,744.0,744.0
2021-07-08,20210708,Jul-21,SET260,SET260-KR-PP-L,L,1.0,582.0,582.0
2021-07-08,20210708,Jul-21,SET260,SET260-KR-PP-XL,XL,1.0,582.0,582.0
2021-07-08,20210708,Jul-21,SET260,SET260-KR-PP-XXL,XXL,1.0,582.0,582.0
2021-07-08,20210708,Jul-21,SET275,SET275-KR-NP-L,L,1.0,1056.0,1056.0
2021-07-08,20210708,Jul-21,SET275,SET275-KR-NP-XL,XL,1.0,1056.0,1056.0
2021-07-08,20210708,Jul-21,SET275,SET275-KR-NP-XXL,XXL,1.0,1056.0,1056.0
2021-07-08,20210708,Jul-21,SET201,SET201-KR-NP-L,L,1.0,894.0,894.0
2021-07-08,20210708,Jul-21,SET201,SET201-KR-NP-XXXL,XXXL,1.0,894.0,894.0
2021-07-09,20210709,Jul-21,SET234,SET234-KR-PP-S,S,1.0,574.0,522.0
2021-07-09,20210709,Jul-21,SET234,SET234-KR-PP-M,M,1.0,574.0,522.0
2021-07-09,20210709,Jul-21,SET234,SET234-KR-PP-L,L,1.0,574.0,522.0
2021-07-09,20210709,Jul-21,SET234,SET234-KR-PP-XL,XL,1.0,574.0,522.0
2021-07-09,20210709,Jul-21,SET234,SET234-KR-PP-XXL,XXL,1.0,574.0,522.0
2021-07-09,20210709,Jul-21,SET131,SET131-KR-NP-XS,XS,1.0,647.19,589.0
2021-07-09,20210709,Jul-21,SET131,SET131-KR-NP-S,S,1.0,647.19,589.0
2021-07-09,20210709,Jul-21,SET131,SET131-KR-NP-M,M,1.0,647.19,589.0
2021-07-09,20210709,Jul-21,SET131,SET131-KR-NP-L,L,1.0,647.19,589.0
2021-07-09,20210709,Jul-21,SET131,SET131-KR-NP-XL,XL,1.0,647.19,589.0
2021-07-09,20210709,Jul-21,SET131,SET131-KR-NP-XXL,XXL,1.0,647.19,589.0
2021-07-09,20210709,Jul-21,SET131,SET131-KR-NP-XXXL,XXXL,1.0,647.19,589.0
2021-07-09,20210709,Jul-21,SET231,SET231-KR-PP-S,S,1.0,582.59,530.0
2021-07-09,20210709,Jul-21,SET231,SET231-KR-PP-M,M,1.0,582.59,530.0
2021-07-09,20210709,Jul-21,SET231,SET231-KR-PP-L,L,1.0,582.59,530.0
2021-07-09,20210709,Jul-21,SET231,SET231-KR-PP-XL,XL,1.0,582.59,530.0
2021-07-09,20210709,Jul-21,SET231,SET231-KR-PP-XXL,XXL,1.0,582.59,530.0
2021-07-09,20210709,Jul-21,SET235,SET235-KR-PP-S,S,1.0,583.33,531.0
2021-07-09,20210709,Jul-21,SET235,SET235-KR-PP-M,M,1.0,583.33,531.0
2021-07-09,20210709,Jul-21,SET235,SET235-KR-PP-L,L,1.0,583.33,531.0
2021-07-09,20210709,Jul-21,SET235,SET235-KR-PP-XL,XL,1.0,583.33,531.0
2021-07-09,20210709,Jul-21,SET235,SET235-KR-PP-XXL,XXL,1.0,583.33,531.0
2021-07-09,20210709,Jul-21,SET037,SET037-KR-NP-XS,XS,1.0,681.25,620.0
2021-07-09,20210709,Jul-21,SET037,SET037-KR-NP-S,S,1.0,681.25,620.0
2021-07-09,20210709,Jul-21,SET037,SET037-KR-NP-M,M,1.0,681.25,620.0
2021-07-09,20210709,Jul-21,SET037,SET037-KR-NP-L,L,1.0,681.25,620.0
2021-07-09,20210709,Jul-21,SET037,SET037-KR-NP-XL,XL,1.0,681.25,620.0
2021-07-09,20210709,Jul-21,SET037,SET037-KR-NP-XXL,XXL,1.0,681.25,620.0
2021-07-09,20210709,Jul-21,SET037,SET037-KR-NP-XXXL,XXXL,1.0,681.25,620.0
2021-07-09,20210709,Jul-21,SET273,SET273-KR-NP-XS,XS,1.0,681.25,620.0
2021-07-09,20210709,Jul-21,SET273,SET273-KR-NP-S,S,1.0,681.25,620.0
2021-07-09,20210709,Jul-21,SET273,SET273-KR-NP-L,L,1.0,681.25,620.0
2021-07-09,20210709,Jul-21,SET273,SET273-KR-NP-XL,XL,1.0,681.25,620.0
2021-07-09,20210709,Jul-21,SET273,SET273-KR-NP-XXL,XXL,1.0,681.25,620.0
2021-07-09,20210709,Jul-21,SET273,SET273-KR-NP-XXXL,XXXL,1.0,681.25,620.0
2021-07-09,20210709,Jul-21,SET164,SET164-KR-NP-XS,XS,1.0,638.89,581.0
2021-07-09,20210709,Jul-21,SET164,SET164-KR-NP-S,S,1.0,638.89,581.0
2021-07-09,20210709,Jul-21,SET164,SET164-KR-NP-XL,XL,1.0,638.89,581.0
2021-07-09,20210709,Jul-21,SET164,SET164-KR-NP-XXL,XXL,1.0,638.89,581.0
2021-07-09,20210709,Jul-21,SET164,SET164-KR-NP-XXXL,XXXL,1.0,638.89,581.0
2021-07-09,20210709,Jul-21,SET038,SET038-KR-PP-XS,XS,1.0,768.75,700.0
2021-07-09,20210709,Jul-21,SET038,SET038-KR-PP-S,S,1.0,768.75,700.0
2021-07-09,20210709,Jul-21,SET038,SET038-KR-PP-M,M,1.0,768.75,700.0
2021-07-09,20210709,Jul-21,SET038,SET038-KR-PP-XL,XL,1.0,768.75,700.0
2021-07-09,20210709,Jul-21,SET038,SET038-KR-PP-XXL,XXL,1.0,768.75,700.0
2021-07-09,20210709,Jul-21,SET038,SET038-KR-PP-XXXL,XXXL,1.0,768.75,700.0
2021-07-09,20210709,Jul-21,SET251,SET251-KR-PP-XS,XS,1.0,806.25,734.0
2021-07-09,20210709,Jul-21,SET251,SET251-KR-PP-S,S,1.0,806.25,734.0
2021-07-09,20210709,Jul-21,SET251,SET251-KR-PP-M,M,1.0,806.25,734.0
2021-07-09,20210709,Jul-21,SET251,SET251-KR-PP-L,L,1.0,806.25,734.0
2021-07-09,20210709,Jul-21,SET251,SET251-KR-PP-XL,XL,1.0,806.25,734.0
2021-07-09,20210709,Jul-21,SET251,SET251-KR-PP-XXL,XXL,1.0,806.25,734.0
2021-07-09,20210709,Jul-21,SET251,SET251-KR-PP-XXXL,XXXL,1.0,806.25,734.0
2021-07-09,20210709,Jul-21,SET205,SET205-KR-DPT-XS,XS,1.0,825.31,751.0
2021-07-09,20210709,Jul-21,SET205,SET205-KR-DPT-S,S,1.0,825.31,751.0
2021-07-09,20210709,Jul-21,SET205,SET205-KR-DPT-M,M,1.0,825.31,751.0
2021-07-09,20210709,Jul-21,SET205,SET205-KR-DPT-XL,XL,1.0,825.31,751.0
2021-07-09,20210709,Jul-21,SET205,SET205-KR-DPT-XXL,XXL,1.0,825.31,751.0
2021-07-09,20210709,Jul-21,SET205,SET205-KR-DPT-XXXL,XXXL,1.0,825.31,751.0
2021-07-09,20210709,Jul-21,J0134,J0134-SET-XS,XS,1.0,843.13,767.0
2021-07-09,20210709,Jul-21,J0134,J0134-SET-S,S,1.0,843.13,767.0
2021-07-09,20210709,Jul-21,J0134,J0134-SET-M,M,1.0,843.13,767.0
2021-07-09,20210709,Jul-21,J0134,J0134-SET-L,L,1.0,843.13,767.0
2021-07-09,20210709,Jul-21,J0134,J0134-SET-XL,XL,1.0,843.13,767.0
2021-07-09,20210709,Jul-21,J0134,J0134-SET-XXL,XXL,1.0,843.13,767.0
2021-07-09,20210709,Jul-21,J0134,J0134-SET-XXXL,XXXL,1.0,843.13,767.0
2021-07-09,20210709,Jul-21,SET197,SET197-KR-NP-XS,XS,1.0,868.75,791.0
2021-07-09,20210709,Jul-21,SET197,SET197-KR-NP-L,L,1.0,868.75,791.0
2021-07-09,20210709,Jul-21,SET197,SET197-KR-NP-XL,XL,1.0,868.75,791.0
2021-07-09,20210709,Jul-21,SET197,SET197-KR-NP-XXL,XXL,1.0,868.75,791.0
2021-07-09,20210709,Jul-21,SET197,SET197-KR-NP-XXXL,XXXL,1.0,868.75,791.0
2021-07-09,20210709,Jul-21,SET270,SET270-KR-PP-S,S,1.0,868.75,791.0
2021-07-09,20210709,Jul-21,SET270,SET270-KR-PP-M,M,1.0,868.75,791.0
2021-07-09,20210709,Jul-21,SET270,SET270-KR-PP-L,L,1.0,868.75,791.0
2021-07-09,20210709,Jul-21,SET270,SET270-KR-PP-XL,XL,1.0,868.75,791.0
2021-07-09,20210709,Jul-21,SET270,SET270-KR-PP-XXL,XXL,1.0,868.75,791.0
2021-07-09,20210709,Jul-21,SET098,SET098-KR-PP-XS,XS,1.0,868.75,791.0
2021-07-09,20210709,Jul-21,SET098,SET098-KR-PP-S,S,1.0,868.75,791.0
2021-07-09,20210709,Jul-21,SET098,SET098-KR-PP-M,M,1.0,868.75,791.0
2021-07-09,20210709,Jul-21,SET098,SET098-KR-PP-L,L,1.0,868.75,791.0
2021-07-09,20210709,Jul-21,SET098,SET098-KR-PP-XL,XL,1.0,868.75,791.0
2021-07-09,20210709,Jul-21,SET098,SET098-KR-PP-XXL,XXL,1.0,868.75,791.0
2021-07-09,20210709,Jul-21,SET098,SET098-KR-PP-XXXL,XXXL,1.0,868.75,791.0
2021-07-09,20210709,Jul-21,SET183,SET183-KR-DH-XS,XS,1.0,868.75,791.0
2021-07-09,20210709,Jul-21,SET183,SET183-KR-DH-S,S,1.0,868.75,791.0
2021-07-09,20210709,Jul-21,SET183,SET183-KR-DH-L,L,1.0,868.75,791.0
2021-07-09,20210709,Jul-21,SET183,SET183-KR-DH-XL,XL,1.0,868.75,791.0
2021-07-09,20210709,Jul-21,SET183,SET183-KR-DH-XXL,XXL,1.0,868.75,791.0
2021-07-09,20210709,Jul-21,SET183,SET183-KR-DH-XXXL,XXXL,1.0,868.75,791.0
2021-07-09,20210709,Jul-21,J0137,J0137-SET-XS,XS,1.0,893.06,813.0
2021-07-09,20210709,Jul-21,J0137,J0137-SET-S,S,1.0,893.06,813.0
2021-07-09,20210709,Jul-21,J0137,J0137-SET-M,M,1.0,893.06,813.0
2021-07-09,20210709,Jul-21,J0137,J0137-SET-L,L,1.0,893.06,813.0
2021-07-09,20210709,Jul-21,J0137,J0137-SET-XL,XL,1.0,893.06,813.0
2021-07-09,20210709,Jul-21,J0137,J0137-SET-XXL,XXL,1.0,893.06,813.0
2021-07-09,20210709,Jul-21,J0137,J0137-SET-XXXL,XXXL,1.0,893.06,813.0
2021-07-09,20210709,Jul-21,J0009,J0009-SKD-XS,XS,1.0,1064.94,969.0
2021-07-09,20210709,Jul-21,J0009,J0009-SKD-S,S,1.0,1064.94,969.0
2021-07-09,20210709,Jul-21,J0009,J0009-SKD-L,L,1.0,1064.94,969.0
2021-07-09,20210709,Jul-21,J0009,J0009-SKD-XL,XL,1.0,1064.94,969.0
2021-07-09,20210709,Jul-21,J0009,J0009-SKD-XXL,XXL,1.0,1064.94,969.0
2021-07-09,20210709,Jul-21,J0009,J0009-SKD-XXXL,XXXL,1.0,1064.94,969.0
2021-07-09,20210709,Jul-21,J0246,J0246-SKD-XS,XS,1.0,1305.56,1188.0
2021-07-09,20210709,Jul-21,J0246,J0246-SKD-S,S,1.0,1305.56,1188.0
2021-07-09,20210709,Jul-21,J0246,J0246-SKD-M,M,1.0,1305.56,1188.0
2021-07-09,20210709,Jul-21,J0246,J0246-SKD-L,L,1.0,1305.56,1188.0
2021-07-09,20210709,Jul-21,J0246,J0246-SKD-XL,XL,1.0,1305.56,1188.0
2021-07-09,20210709,Jul-21,J0246,J0246-SKD-XXL,XXL,1.0,1305.56,1188.0
2021-07-09,20210709,Jul-21,J0246,J0246-SKD-XXXL,XXXL,1.0,1305.56,1188.0
2021-07-09,20210709,Jul-21,SET083,SET083-KR-PP-XS,XS,1.0,931.25,847.0
2021-07-09,20210709,Jul-21,SET083,SET083-KR-PP-S,S,1.0,931.25,847.0
2021-07-09,20210709,Jul-21,SET083,SET083-KR-PP-M,M,1.0,931.25,847.0
2021-07-09,20210709,Jul-21,SET083,SET083-KR-PP-XXXL,XXXL,1.0,931.25,847.0
2021-07-09,20210709,Jul-21,J0148,J0148-SET-XS,XS,1.0,927.44,844.0
2021-07-09,20210709,Jul-21,J0148,J0148-SET-S,S,1.0,927.44,844.0
2021-07-09,20210709,Jul-21,J0148,J0148-SET-M,M,1.0,927.44,844.0
2021-07-09,20210709,Jul-21,J0148,J0148-SET-L,L,1.0,927.44,844.0
2021-07-09,20210709,Jul-21,J0148,J0148-SET-XL,XL,1.0,927.44,844.0
2021-07-09,20210709,Jul-21,J0148,J0148-SET-XXL,XXL,1.0,927.44,844.0
2021-07-09,20210709,Jul-21,J0148,J0148-SET-XXXL,XXXL,1.0,927.44,844.0
2021-07-09,20210709,Jul-21,SET110,SET110-KR-PP-XS,XS,1.0,931.25,847.0
2021-07-09,20210709,Jul-21,SET110,SET110-KR-PP-S,S,1.0,931.25,847.0
2021-07-09,20210709,Jul-21,SET110,SET110-KR-PP-M,M,1.0,931.25,847.0
2021-07-09,20210709,Jul-21,SET110,SET110-KR-PP-L,L,1.0,931.25,847.0
2021-07-09,20210709,Jul-21,SET110,SET110-KR-PP-XL,XL,1.0,931.25,847.0
2021-07-09,20210709,Jul-21,SET110,SET110-KR-PP-XXL,XXL,1.0,931.25,847.0
2021-07-09,20210709,Jul-21,SET110,SET110-KR-PP-XXXL,XXXL,1.0,931.25,847.0
2021-07-09,20210709,Jul-21,J0147,J0147-SET-XS,XS,1.0,1030.56,938.0
2021-07-09,20210709,Jul-21,J0147,J0147-SET-S,S,1.0,1030.56,938.0
2021-07-09,20210709,Jul-21,J0147,J0147-SET-M,M,1.0,1030.56,938.0
2021-07-09,20210709,Jul-21,J0147,J0147-SET-L,L,1.0,1030.56,938.0
2021-07-09,20210709,Jul-21,J0147,J0147-SET-XL,XL,1.0,1030.56,938.0
2021-07-09,20210709,Jul-21,J0147,J0147-SET-XXL,XXL,1.0,1030.56,938.0
2021-07-09,20210709,Jul-21,J0147,J0147-SET-XXXL,XXXL,1.0,1030.56,938.0
2021-07-09,20210709,Jul-21,J0186,J0186-SET-XS,XS,1.0,1374.31,1251.0
2021-07-09,20210709,Jul-21,J0186,J0186-SET-S,S,1.0,1374.31,1251.0
2021-07-09,20210709,Jul-21,J0186,J0186-SET-M,M,1.0,1374.31,1251.0
2021-07-09,20210709,Jul-21,J0186,J0186-SET-L,L,1.0,1374.31,1251.0
2021-07-09,20210709,Jul-21,J0186,J0186-SET-XL,XL,1.0,1374.31,1251.0
2021-07-09,20210709,Jul-21,J0186,J0186-SET-XXL,XXL,1.0,1374.31,1251.0
2021-07-09,20210709,Jul-21,J0186,J0186-SET-XXXL,XXXL,1.0,1374.31,1251.0
2021-07-09,20210709,Jul-21,J0178,J0178-TP-XS,XS,1.0,343.13,312.0
2021-07-09,20210709,Jul-21,J0178,J0178-TP-S,S,1.0,343.13,312.0
2021-07-09,20210709,Jul-21,J0178,J0178-TP-L,L,1.0,343.13,312.0
2021-07-09,20210709,Jul-21,J0178,J0178-TP-XL,XL,1.0,343.13,312.0
2021-07-09,20210709,Jul-21,J0178,J0178-TP-XXL,XXL,1.0,343.13,312.0
2021-07-09,20210709,Jul-21,J0178,J0178-TP-XXXL,XXXL,1.0,343.13,312.0
2021-07-09,20210709,Jul-21,J0121,J0121-TP-XS,XS,1.0,343.13,312.0
2021-07-09,20210709,Jul-21,J0121,J0121-TP-S,S,1.0,343.13,312.0
2021-07-09,20210709,Jul-21,J0121,J0121-TP-M,M,1.0,343.13,312.0
2021-07-09,20210709,Jul-21,J0121,J0121-TP-L,L,1.0,343.13,312.0
2021-07-09,20210709,Jul-21,J0121,J0121-TP-XL,XL,1.0,343.13,312.0
2021-07-09,20210709,Jul-21,J0121,J0121-TP-XXL,XXL,1.0,343.13,312.0
2021-07-09,20210709,Jul-21,J0121,J0121-TP-XXXL,XXXL,1.0,343.13,312.0
2021-07-09,20210709,Jul-21,JNE3713,JNE3713-TP-XS,XS,1.0,387.5,353.0
2021-07-09,20210709,Jul-21,JNE3713,JNE3713-TP-S,S,1.0,387.5,353.0
2021-07-09,20210709,Jul-21,JNE3713,JNE3713-TP-M,M,1.0,387.5,353.0
2021-07-09,20210709,Jul-21,JNE3713,JNE3713-TP-L,L,1.0,387.5,353.0
2021-07-09,20210709,Jul-21,JNE3713,JNE3713-TP-XL,XL,1.0,387.5,353.0
2021-07-09,20210709,Jul-21,JNE3713,JNE3713-TP-XXL,XXL,1.0,387.5,353.0
2021-07-09,20210709,Jul-21,JNE3651,JNE3651-TP-XS,XS,1.0,431.25,392.0
2021-07-09,20210709,Jul-21,JNE3651,JNE3651-TP-S,S,1.0,431.25,392.0
2021-07-09,20210709,Jul-21,JNE3651,JNE3651-TP-M,M,1.0,431.25,392.0
2021-07-09,20210709,Jul-21,JNE3651,JNE3651-TP-L,L,1.0,431.25,392.0
2021-07-09,20210709,Jul-21,JNE3651,JNE3651-TP-XL,XL,1.0,431.25,392.0
2021-07-09,20210709,Jul-21,JNE3651,JNE3651-TP-XXL,XXL,1.0,431.25,392.0
2021-07-09,20210709,Jul-21,JNE3656,JNE3656-TP-XS,XS,1.0,431.25,392.0
2021-07-09,20210709,Jul-21,JNE3656,JNE3656-TP-S,S,1.0,431.25,392.0
2021-07-09,20210709,Jul-21,JNE3656,JNE3656-TP-M,M,1.0,431.25,392.0
2021-07-09,20210709,Jul-21,JNE3656,JNE3656-TP-L,L,1.0,431.25,392.0
2021-07-09,20210709,Jul-21,JNE3656,JNE3656-TP-XL,XL,1.0,431.25,392.0
2021-07-09,20210709,Jul-21,JNE3656,JNE3656-TP-XXL,XXL,1.0,431.25,392.0
2021-07-09,20210709,Jul-21,JNE3712,JNE3712-TP-XS,XS,1.0,431.25,392.0
2021-07-09,20210709,Jul-21,JNE3712,JNE3712-TP-S,S,1.0,431.25,392.0
2021-07-09,20210709,Jul-21,JNE3712,JNE3712-TP-M,M,1.0,431.25,392.0
2021-07-09,20210709,Jul-21,JNE3712,JNE3712-TP-L,L,1.0,431.25,392.0
2021-07-09,20210709,Jul-21,JNE3712,JNE3712-TP-XL,XL,1.0,431.25,392.0
2021-07-09,20210709,Jul-21,JNE3712,JNE3712-TP-XXL,XXL,1.0,431.25,392.0
2021-07-09,20210709,Jul-21,J0176,J0176-TP-XS,XS,1.0,436.88,398.0
2021-07-09,20210709,Jul-21,J0176,J0176-TP-S,S,1.0,436.88,398.0
2021-07-09,20210709,Jul-21,J0176,J0176-TP-M,M,1.0,436.88,398.0
2021-07-09,20210709,Jul-21,J0176,J0176-TP-L,L,1.0,436.88,398.0
2021-07-09,20210709,Jul-21,J0176,J0176-TP-XL,XL,1.0,436.88,398.0
2021-07-09,20210709,Jul-21,J0176,J0176-TP-XXL,XXL,1.0,436.88,398.0
2021-07-09,20210709,Jul-21,J0176,J0176-TP-XXXL,XXXL,1.0,436.88,398.0
2021-07-09,20210709,Jul-21,J0189,J0189-TP-XS,XS,1.0,436.88,398.0
2021-07-09,20210709,Jul-21,J0189,J0189-TP-S,S,1.0,436.88,398.0
2021-07-09,20210709,Jul-21,J0189,J0189-TP-M,M,1.0,436.88,398.0
2021-07-09,20210709,Jul-21,J0189,J0189-TP-L,L,1.0,436.88,398.0
2021-07-09,20210709,Jul-21,J0189,J0189-TP-XL,XL,1.0,436.88,398.0
2021-07-09,20210709,Jul-21,J0189,J0189-TP-XXL,XXL,1.0,436.88,398.0
2021-07-09,20210709,Jul-21,J0189,J0189-TP-XXXL,XXXL,1.0,436.88,398.0
2021-07-09,20210709,Jul-21,J0117,J0117-TP-XS,XS,1.0,446.19,406.0
2021-07-09,20210709,Jul-21,J0117,J0117-TP-S,S,1.0,446.19,406.0
2021-07-09,20210709,Jul-21,J0117,J0117-TP-M,M,1.0,446.19,406.0
2021-07-09,20210709,Jul-21,J0117,J0117-TP-L,L,1.0,446.19,406.0
2021-07-09,20210709,Jul-21,J0117,J0117-TP-XL,XL,1.0,446.19,406.0
2021-07-09,20210709,Jul-21,J0117,J0117-TP-XXL,XXL,1.0,446.19,406.0
2021-07-09,20210709,Jul-21,J0117,J0117-TP-XXXL,XXXL,1.0,446.19,406.0
2021-07-09,20210709,Jul-21,J0118,J0118-TP-XS,XS,1.0,446.19,406.0
2021-07-09,20210709,Jul-21,J0118,J0118-TP-S,S,1.0,446.19,406.0
2021-07-09,20210709,Jul-21,J0118,J0118-TP-M,M,1.0,446.19,406.0
2021-07-09,20210709,Jul-21,J0118,J0118-TP-L,L,1.0,446.19,406.0
2021-07-09,20210709,Jul-21,J0118,J0118-TP-XL,XL,1.0,446.19,406.0
2021-07-09,20210709,Jul-21,J0118,J0118-TP-XXL,XXL,1.0,446.19,406.0
2021-07-09,20210709,Jul-21,J0118,J0118-TP-XXXL,XXXL,1.0,446.19,406.0
2021-07-09,20210709,Jul-21,JNE3672,JNE3672-TU-XS,XS,1.0,450.0,410.0
2021-07-09,20210709,Jul-21,JNE3672,JNE3672-TU-S,S,1.0,450.0,410.0
2021-07-09,20210709,Jul-21,JNE3672,JNE3672-TU-M,M,1.0,450.0,410.0
2021-07-09,20210709,Jul-21,JNE3672,JNE3672-TU-L,L,1.0,450.0,410.0
2021-07-09,20210709,Jul-21,JNE3672,JNE3672-TU-XL,XL,1.0,450.0,410.0
2021-07-09,20210709,Jul-21,JNE3672,JNE3672-TU-XXL,XXL,1.0,450.0,410.0
2021-07-09,20210709,Jul-21,JNE3672,JNE3672-TU-XXXL,XXXL,1.0,450.0,410.0
2021-07-09,20210709,Jul-21,JNE3674,JNE3674-TU-XS,XS,1.0,450.0,410.0
2021-07-09,20210709,Jul-21,JNE3674,JNE3674-TU-S,S,1.0,450.0,410.0
2021-07-09,20210709,Jul-21,JNE3674,JNE3674-TU-M,M,1.0,450.0,410.0
2021-07-09,20210709,Jul-21,JNE3674,JNE3674-TU-L,L,1.0,450.0,410.0
2021-07-09,20210709,Jul-21,JNE3674,JNE3674-TU-XL,XL,1.0,450.0,410.0
2021-07-09,20210709,Jul-21,JNE3674,JNE3674-TU-XXL,XXL,1.0,450.0,410.0
2021-07-09,20210709,Jul-21,JNE3674,JNE3674-TU-XXXL,XXXL,1.0,450.0,410.0
2021-07-09,20210709,Jul-21,JNE3664,JNE3664-TP-XS,XS,1.0,531.25,483.0
2021-07-09,20210709,Jul-21,JNE3664,JNE3664-TP-S,S,1.0,531.25,483.0
2021-07-09,20210709,Jul-21,JNE3664,JNE3664-TP-M,M,1.0,531.25,483.0
2021-07-09,20210709,Jul-21,JNE3664,JNE3664-TP-L,L,1.0,531.25,483.0
2021-07-09,20210709,Jul-21,JNE3664,JNE3664-TP-XL,XL,1.0,531.25,483.0
2021-07-09,20210709,Jul-21,JNE3664,JNE3664-TP-XXL,XXL,1.0,531.25,483.0
2021-07-09,20210709,Jul-21,J0098,J0098-TP-XS,XS,1.0,549.31,500.0
2021-07-09,20210709,Jul-21,J0098,J0098-TP-S,S,1.0,549.31,500.0
2021-07-09,20210709,Jul-21,J0098,J0098-TP-M,M,1.0,549.31,500.0
2021-07-09,20210709,Jul-21,J0098,J0098-TP-L,L,1.0,549.31,500.0
2021-07-09,20210709,Jul-21,J0098,J0098-TP-XL,XL,1.0,549.31,500.0
2021-07-09,20210709,Jul-21,J0098,J0098-TP-XXL,XXL,1.0,549.31,500.0
2021-07-09,20210709,Jul-21,J0098,J0098-TP-XXXL,XXXL,1.0,549.31,500.0
2021-07-09,20210709,Jul-21,J0114,J0114-TP-XS,XS,1.0,549.31,500.0
2021-07-09,20210709,Jul-21,J0114,J0114-TP-S,S,1.0,549.31,500.0
2021-07-09,20210709,Jul-21,J0114,J0114-TP-M,M,1.0,549.31,500.0
2021-07-09,20210709,Jul-21,J0114,J0114-TP-L,L,1.0,549.31,500.0
2021-07-09,20210709,Jul-21,J0114,J0114-TP-XL,XL,1.0,549.31,500.0
2021-07-09,20210709,Jul-21,J0114,J0114-TP-XXL,XXL,1.0,549.31,500.0
2021-07-09,20210709,Jul-21,J0114,J0114-TP-XXXL,XXXL,1.0,549.31,500.0
2021-07-09,20210709,Jul-21,J0080,J0080-TP-XS,XS,1.0,686.81,625.0
2021-07-09,20210709,Jul-21,J0080,J0080-TP-S,S,1.0,686.81,625.0
2021-07-09,20210709,Jul-21,J0080,J0080-TP-M,M,1.0,686.81,625.0
2021-07-09,20210709,Jul-21,J0080,J0080-TP-L,L,1.0,686.81,625.0
2021-07-09,20210709,Jul-21,J0080,J0080-TP-XL,XL,1.0,686.81,625.0
2021-07-09,20210709,Jul-21,J0080,J0080-TP-XXL,XXL,1.0,686.81,625.0
2021-07-09,20210709,Jul-21,J0080,J0080-TP-XXXL,XXXL,1.0,686.81,625.0
2021-07-09,20210709,Jul-21,J0084,J0084-TP-XS,XS,1.0,858.69,781.0
2021-07-09,20210709,Jul-21,J0084,J0084-TP-S,S,1.0,858.69,781.0
2021-07-09,20210709,Jul-21,J0084,J0084-TP-M,M,1.0,858.69,781.0
2021-07-09,20210709,Jul-21,J0084,J0084-TP-L,L,1.0,858.69,781.0
2021-07-09,20210709,Jul-21,J0084,J0084-TP-XL,XL,1.0,858.69,781.0
2021-07-09,20210709,Jul-21,J0084,J0084-TP-XXL,XXL,1.0,858.69,781.0
2021-07-09,20210709,Jul-21,J0084,J0084-TP-XXXL,XXXL,1.0,858.69,781.0
2021-07-09,20210709,Jul-21,JNE3678,JNE3678-TU-XS,XS,1.0,387.5,353.0
2021-07-09,20210709,Jul-21,JNE3678,JNE3678-TU-S,S,1.0,387.5,353.0
2021-07-09,20210709,Jul-21,JNE3678,JNE3678-TU-M,M,1.0,387.5,353.0
2021-07-09,20210709,Jul-21,JNE3678,JNE3678-TU-L,L,1.0,387.5,353.0
2021-07-09,20210709,Jul-21,JNE3678,JNE3678-TU-XL,XL,1.0,387.5,353.0
2021-07-09,20210709,Jul-21,JNE3678,JNE3678-TU-XXL,XXL,1.0,387.5,353.0
2021-07-09,20210709,Jul-21,JNE3678,JNE3678-TU-XXXL,XXXL,1.0,387.5,353.0
2021-07-09,20210709,Jul-21,JNE3684,JNE3684-TU-XS,XS,1.0,387.5,353.0
2021-07-09,20210709,Jul-21,JNE3684,JNE3684-TU-S,S,1.0,387.5,353.0
2021-07-09,20210709,Jul-21,JNE3684,JNE3684-TU-M,M,1.0,387.5,353.0
2021-07-09,20210709,Jul-21,JNE3684,JNE3684-TU-L,L,1.0,387.5,353.0
2021-07-09,20210709,Jul-21,JNE3684,JNE3684-TU-XL,XL,1.0,387.5,353.0
2021-07-09,20210709,Jul-21,JNE3684,JNE3684-TU-XXL,XXL,1.0,387.5,353.0
2021-07-09,20210709,Jul-21,JNE3684,JNE3684-TU-XXXL,XXXL,1.0,387.5,353.0
2021-07-09,20210709,Jul-21,JNE3683,JNE3683-TU-XS,XS,1.0,431.25,392.0
2021-07-09,20210709,Jul-21,JNE3683,JNE3683-TU-S,S,1.0,431.25,392.0
2021-07-09,20210709,Jul-21,JNE3683,JNE3683-TU-M,M,1.0,431.25,392.0
2021-07-09,20210709,Jul-21,JNE3683,JNE3683-TU-L,L,1.0,431.25,392.0
2021-07-09,20210709,Jul-21,JNE3683,JNE3683-TU-XL,XL,1.0,431.25,392.0
2021-07-09,20210709,Jul-21,JNE3683,JNE3683-TU-XXL,XXL,1.0,431.25,392.0
2021-07-09,20210709,Jul-21,JNE3683,JNE3683-TU-XXXL,XXXL,1.0,431.25,392.0
2021-07-09,20210709,Jul-21,JNE3669,JNE3669-TU-XS,XS,1.0,450.0,410.0
2021-07-09,20210709,Jul-21,JNE3669,JNE3669-TU-S,S,1.0,450.0,410.0
2021-07-09,20210709,Jul-21,JNE3669,JNE3669-TU-M,M,1.0,450.0,410.0
2021-07-09,20210709,Jul-21,JNE3669,JNE3669-TU-L,L,1.0,450.0,410.0
2021-07-09,20210709,Jul-21,JNE3669,JNE3669-TU-XL,XL,1.0,450.0,410.0
2021-07-09,20210709,Jul-21,JNE3669,JNE3669-TU-XXL,XXL,1.0,450.0,410.0
2021-07-09,20210709,Jul-21,JNE3669,JNE3669-TU-XXXL,XXXL,1.0,450.0,410.0
2021-07-09,20210709,Jul-21,JNE3679,JNE3679-TU-XS,XS,1.0,450.0,410.0
2021-07-09,20210709,Jul-21,JNE3679,JNE3679-TU-S,S,1.0,450.0,410.0
2021-07-09,20210709,Jul-21,JNE3679,JNE3679-TU-M,M,1.0,450.0,410.0
2021-07-09,20210709,Jul-21,JNE3679,JNE3679-TU-L,L,1.0,450.0,410.0
2021-07-09,20210709,Jul-21,JNE3679,JNE3679-TU-XL,XL,1.0,450.0,410.0
2021-07-09,20210709,Jul-21,JNE3679,JNE3679-TU-XXL,XXL,1.0,450.0,410.0
2021-07-09,20210709,Jul-21,JNE3679,JNE3679-TU-XXXL,XXXL,1.0,450.0,410.0
2021-07-09,20210709,Jul-21,BTM005,BTM005-XS,XS,1.0,343.06,312.0
2021-07-09,20210709,Jul-21,BTM005,BTM005-S,S,1.0,343.06,312.0
2021-07-09,20210709,Jul-21,BTM005,BTM005-M,M,1.0,343.06,312.0
2021-07-09,20210709,Jul-21,BTM005,BTM005-L,L,1.0,343.06,312.0
2021-07-09,20210709,Jul-21,BTM005,BTM005-XL,XL,1.0,343.06,312.0
2021-07-09,20210709,Jul-21,BTM005,BTM005-XXL,XXL,1.0,343.06,312.0
2021-07-09,20210709,Jul-21,BTM005,BTM005-XXXL,XXXL,1.0,343.06,312.0
2021-07-09,20210709,Jul-21,BTM031,BTM031-NP-XS,XS,1.0,343.06,312.0
2021-07-09,20210709,Jul-21,BTM031,BTM031-NP-S,S,1.0,343.06,312.0
2021-07-09,20210709,Jul-21,BTM031,BTM031-NP-M,M,1.0,343.06,312.0
2021-07-09,20210709,Jul-21,BTM031,BTM031-NP-L,L,1.0,343.06,312.0
2021-07-09,20210709,Jul-21,BTM031,BTM031-NP-XL,XL,1.0,343.06,312.0
2021-07-09,20210709,Jul-21,BTM031,BTM031-NP-XXL,XXL,1.0,343.06,312.0
2021-07-09,20210709,Jul-21,BTM031,BTM031-NP-XXXL,XXXL,1.0,343.06,312.0
2021-07-09,20210709,Jul-21,BTM002,BTM002-XS,XS,1.0,343.06,312.0
2021-07-09,20210709,Jul-21,BTM002,BTM002-S,S,1.0,343.06,312.0
2021-07-09,20210709,Jul-21,BTM002,BTM002-M,M,1.0,343.06,312.0
2021-07-09,20210709,Jul-21,BTM002,BTM002-L,L,1.0,343.06,312.0
2021-07-09,20210709,Jul-21,BTM002,BTM002-XL,XL,1.0,343.06,312.0
2021-07-09,20210709,Jul-21,BTM002,BTM002-XXL,XXL,1.0,343.06,312.0
2021-07-09,20210709,Jul-21,BTM002,BTM002-XXXL,XXXL,1.0,343.06,312.0
2021-07-09,20210709,Jul-21,BTM021,BTM021-XS,XS,1.0,343.06,312.0
2021-07-09,20210709,Jul-21,BTM021,BTM021-S,S,1.0,343.06,312.0
2021-07-09,20210709,Jul-21,BTM021,BTM021-M,M,1.0,343.06,312.0
2021-07-09,20210709,Jul-21,BTM021,BTM021-L,L,1.0,343.06,312.0
2021-07-09,20210709,Jul-21,BTM021,BTM021-XL,XL,1.0,343.06,312.0
2021-07-09,20210709,Jul-21,BTM021,BTM021-XXL,XXL,1.0,343.06,312.0
2021-07-09,20210709,Jul-21,BTM021,BTM021-XXXL,XXXL,1.0,343.06,312.0
2021-07-09,20210709,Jul-21,BTM027,BTM027-NP-XS,XS,1.0,343.06,312.0
2021-07-09,20210709,Jul-21,BTM027,BTM027-NP-S,S,1.0,343.06,312.0
2021-07-09,20210709,Jul-21,BTM027,BTM027-NP-M,M,1.0,343.06,312.0
2021-07-09,20210709,Jul-21,BTM027,BTM027-NP-L,L,1.0,343.06,312.0
2021-07-09,20210709,Jul-21,BTM027,BTM027-NP-XL,XL,1.0,343.06,312.0
2021-07-09,20210709,Jul-21,BTM027,BTM027-NP-XXL,XXL,1.0,343.06,312.0
2021-07-09,20210709,Jul-21,BTM027,BTM027-NP-XXXL,XXXL,1.0,343.06,312.0
2021-07-09,20210709,Jul-21,BTM030,BTM030-NP-XS,XS,1.0,343.06,312.0
2021-07-09,20210709,Jul-21,BTM030,BTM030-NP-S,S,1.0,343.06,312.0
2021-07-09,20210709,Jul-21,BTM030,BTM030-NP-M,M,1.0,343.06,312.0
2021-07-09,20210709,Jul-21,BTM030,BTM030-NP-L,L,1.0,343.06,312.0
2021-07-09,20210709,Jul-21,BTM030,BTM030-NP-XL,XL,1.0,343.06,312.0
2021-07-09,20210709,Jul-21,BTM030,BTM030-NP-XXL,XXL,1.0,343.06,312.0
2021-07-09,20210709,Jul-21,BTM030,BTM030-NP-XXXL,XXXL,1.0,343.06,312.0
2021-07-09,20210709,Jul-21,BTM035,BTM035-NP-XS,XS,1.0,343.06,312.0
2021-07-09,20210709,Jul-21,BTM035,BTM035-NP-S,S,1.0,343.06,312.0
2021-07-09,20210709,Jul-21,BTM035,BTM035-NP-M,M,1.0,343.06,312.0
2021-07-09,20210709,Jul-21,BTM035,BTM035-NP-L,L,1.0,343.06,312.0
2021-07-09,20210709,Jul-21,BTM035,BTM035-NP-XL,XL,1.0,343.06,312.0
2021-07-09,20210709,Jul-21,BTM035,BTM035-NP-XXL,XXL,1.0,343.06,312.0
2021-07-09,20210709,Jul-21,BTM035,BTM035-NP-XXXL,XXXL,1.0,343.06,312.0
2021-07-09,20210709,Jul-21,BTM041,BTM041-PP-XS,XS,1.0,446.19,406.0
2021-07-09,20210709,Jul-21,BTM041,BTM041-PP-S,S,1.0,446.19,406.0
2021-07-09,20210709,Jul-21,BTM041,BTM041-PP-M,M,1.0,446.19,406.0
2021-07-09,20210709,Jul-21,BTM041,BTM041-PP-L,L,1.0,446.19,406.0
2021-07-09,20210709,Jul-21,BTM041,BTM041-PP-XL,XL,1.0,446.19,406.0
2021-07-09,20210709,Jul-21,BTM041,BTM041-PP-XXL,XXL,1.0,446.19,406.0
2021-07-09,20210709,Jul-21,BTM041,BTM041-PP-XXXL,XXXL,1.0,446.19,406.0
2021-07-09,20210709,Jul-21,BTM045,BTM045-PP-XS,XS,1.0,446.19,406.0
2021-07-09,20210709,Jul-21,BTM045,BTM045-PP-S,S,1.0,446.19,406.0
2021-07-09,20210709,Jul-21,BTM045,BTM045-PP-M,M,1.0,446.19,406.0
2021-07-09,20210709,Jul-21,BTM045,BTM045-PP-L,L,1.0,446.19,406.0
2021-07-09,20210709,Jul-21,BTM045,BTM045-PP-XL,XL,1.0,446.19,406.0
2021-07-09,20210709,Jul-21,BTM045,BTM045-PP-XXL,XXL,1.0,446.19,406.0
2021-07-09,20210709,Jul-21,BTM045,BTM045-PP-XXXL,XXXL,1.0,446.19,406.0
2021-07-09,20210709,Jul-21,BTM047,BTM047-PP-XS,XS,1.0,446.19,406.0
2021-07-09,20210709,Jul-21,BTM047,BTM047-PP-S,S,1.0,446.19,406.0
2021-07-09,20210709,Jul-21,BTM047,BTM047-PP-M,M,1.0,446.19,406.0
2021-07-09,20210709,Jul-21,BTM047,BTM047-PP-L,L,1.0,446.19,406.0
2021-07-09,20210709,Jul-21,BTM047,BTM047-PP-XL,XL,1.0,446.19,406.0
2021-07-09,20210709,Jul-21,BTM047,BTM047-PP-XXL,XXL,1.0,446.19,406.0
2021-07-09,20210709,Jul-21,BTM047,BTM047-PP-XXXL,XXXL,1.0,446.19,406.0
2021-07-09,20210709,Jul-21,BTM040,BTM040-PP-XS,XS,1.0,446.19,406.0
2021-07-09,20210709,Jul-21,BTM040,BTM040-PP-S,S,1.0,446.19,406.0
2021-07-09,20210709,Jul-21,BTM040,BTM040-PP-M,M,1.0,446.19,406.0
2021-07-09,20210709,Jul-21,BTM040,BTM040-PP-L,L,1.0,446.19,406.0
2021-07-09,20210709,Jul-21,BTM040,BTM040-PP-XL,XL,1.0,446.19,406.0
2021-07-09,20210709,Jul-21,BTM040,BTM040-PP-XXL,XXL,1.0,446.19,406.0
2021-07-09,20210709,Jul-21,BTM040,BTM040-PP-XXXL,XXXL,1.0,446.19,406.0
2021-07-09,20210709,Jul-21,BTM042,BTM042-PP-XS,XS,1.0,446.19,406.0
2021-07-09,20210709,Jul-21,BTM042,BTM042-PP-S,S,1.0,446.19,406.0
2021-07-09,20210709,Jul-21,BTM042,BTM042-PP-M,M,1.0,446.19,406.0
2021-07-09,20210709,Jul-21,BTM042,BTM042-PP-L,L,1.0,446.19,406.0
2021-07-09,20210709,Jul-21,BTM042,BTM042-PP-XL,XL,1.0,446.19,406.0
2021-07-09,20210709,Jul-21,BTM042,BTM042-PP-XXL,XXL,1.0,446.19,406.0
2021-07-09,20210709,Jul-21,BTM042,BTM042-PP-XXXL,XXXL,1.0,446.19,406.0
2021-07-09,20210709,Jul-21,J0016,J0016-DR-XS,XS,1.0,681.25,620.0
2021-07-09,20210709,Jul-21,J0016,J0016-DR-S,S,1.0,681.25,620.0
2021-07-09,20210709,Jul-21,J0016,J0016-DR-M,M,1.0,681.25,620.0
2021-07-09,20210709,Jul-21,J0016,J0016-DR-L,L,1.0,681.25,620.0
2021-07-09,20210709,Jul-21,J0016,J0016-DR-XL,XL,1.0,681.25,620.0
2021-07-09,20210709,Jul-21,J0016,J0016-DR-XXL,XXL,1.0,681.25,620.0
2021-07-09,20210709,Jul-21,J0016,J0016-DR-XXXL,XXXL,1.0,681.25,620.0
2021-07-09,20210709,Jul-21,J0158,J0158-DR-XS,XS,1.0,686.81,625.0
2021-07-09,20210709,Jul-21,J0158,J0158-DR-S,S,1.0,686.81,625.0
2021-07-09,20210709,Jul-21,J0158,J0158-DR-M,M,1.0,686.81,625.0
2021-07-09,20210709,Jul-21,J0158,J0158-DR-L,L,1.0,686.81,625.0
2021-07-09,20210709,Jul-21,J0158,J0158-DR-XL,XL,1.0,686.81,625.0
2021-07-09,20210709,Jul-21,J0158,J0158-DR-XXL,XXL,1.0,686.81,625.0
2021-07-09,20210709,Jul-21,J0158,J0158-DR-XXXL,XXXL,1.0,686.81,625.0
2021-07-09,20210709,Jul-21,J0093,J0093-DR-XS,XS,1.0,765.94,697.0
2021-07-09,20210709,Jul-21,J0093,J0093-DR-S,S,1.0,765.94,697.0
2021-07-09,20210709,Jul-21,J0093,J0093-DR-M,M,1.0,765.94,697.0
2021-07-09,20210709,Jul-21,J0093,J0093-DR-L,L,1.0,765.94,697.0
2021-07-09,20210709,Jul-21,J0093,J0093-DR-XL,XL,1.0,765.94,697.0
2021-07-09,20210709,Jul-21,J0093,J0093-DR-XXL,XXL,1.0,765.94,697.0
2021-07-09,20210709,Jul-21,J0093,J0093-DR-XXXL,XXXL,1.0,765.94,697.0
2021-07-09,20210709,Jul-21,J0154,J0154-DR-XS,XS,1.0,583.69,531.0
2021-07-09,20210709,Jul-21,J0154,J0154-DR-S,S,1.0,583.69,531.0
2021-07-09,20210709,Jul-21,J0154,J0154-DR-M,M,1.0,583.69,531.0
2021-07-09,20210709,Jul-21,J0154,J0154-DR-L,L,1.0,583.69,531.0
2021-07-09,20210709,Jul-21,J0154,J0154-DR-XL,XL,1.0,583.69,531.0
2021-07-09,20210709,Jul-21,J0154,J0154-DR-XXL,XXL,1.0,583.69,531.0
2021-07-09,20210709,Jul-21,J0154,J0154-DR-XXXL,XXXL,1.0,583.69,531.0
2021-07-09,20210709,Jul-21,J0081,J0081-DR-XS,XS,1.0,893.06,813.0
2021-07-09,20210709,Jul-21,J0081,J0081-DR-S,S,1.0,893.06,813.0
2021-07-09,20210709,Jul-21,J0081,J0081-DR-M,M,1.0,893.06,813.0
2021-07-09,20210709,Jul-21,J0081,J0081-DR-L,L,1.0,893.06,813.0
2021-07-09,20210709,Jul-21,J0081,J0081-DR-XL,XL,1.0,893.06,813.0
2021-07-09,20210709,Jul-21,J0081,J0081-DR-XXL,XXL,1.0,893.06,813.0
2021-07-09,20210709,Jul-21,J0081,J0081-DR-XXXL,XXXL,1.0,893.06,813.0
2021-07-09,20210709,Jul-21,JNE3422,JNE3422-KR-S,S,1.0,368.13,335.0
2021-07-09,20210709,Jul-21,JNE3422,JNE3422-KR-M,M,1.0,368.13,335.0
2021-07-09,20210709,Jul-21,JNE3422,JNE3422-KR-L,L,1.0,368.13,335.0
2021-07-09,20210709,Jul-21,JNE3422,JNE3422-KR-XL,XL,1.0,368.13,335.0
2021-07-09,20210709,Jul-21,JNE3422,JNE3422-KR-XXL,XXL,1.0,368.13,335.0
2021-07-09,20210709,Jul-21,JNE3440,JNE3440-KR-S,S,1.0,368.13,335.0
2021-07-09,20210709,Jul-21,JNE3440,JNE3440-KR-M,M,1.0,368.13,335.0
2021-07-09,20210709,Jul-21,JNE3440,JNE3440-KR-L,L,1.0,368.13,335.0
2021-07-09,20210709,Jul-21,JNE3440,JNE3440-KR-XL,XL,1.0,368.13,335.0
2021-07-09,20210709,Jul-21,JNE3440,JNE3440-KR-XXL,XXL,1.0,368.13,335.0
2021-07-09,20210709,Jul-21,JNE3574,JNE3574-KR-S,S,1.0,387.5,353.0
2021-07-09,20210709,Jul-21,JNE3574,JNE3574-KR-M,M,1.0,387.5,353.0
2021-07-09,20210709,Jul-21,JNE3574,JNE3574-KR-L,L,1.0,387.5,353.0
2021-07-09,20210709,Jul-21,JNE3574,JNE3574-KR-XL,XL,1.0,387.5,353.0
2021-07-09,20210709,Jul-21,JNE3574,JNE3574-KR-XXL,XXL,1.0,387.5,353.0
2021-07-09,20210709,Jul-21,JNE3423,JNE3423-KR-S,S,1.0,387.5,353.0
2021-07-09,20210709,Jul-21,JNE3423,JNE3423-KR-M,M,1.0,387.5,353.0
2021-07-09,20210709,Jul-21,JNE3423,JNE3423-KR-L,L,1.0,387.5,353.0
2021-07-09,20210709,Jul-21,JNE3423,JNE3423-KR-XL,XL,1.0,387.5,353.0
2021-07-09,20210709,Jul-21,JNE3423,JNE3423-KR-XXL,XXL,1.0,387.5,353.0
2021-07-09,20210709,Jul-21,JNE3439,JNE3439-KR-S,S,1.0,387.5,353.0
2021-07-09,20210709,Jul-21,JNE3439,JNE3439-KR-M,M,1.0,387.5,353.0
2021-07-09,20210709,Jul-21,JNE3439,JNE3439-KR-L,L,1.0,387.5,353.0
2021-07-09,20210709,Jul-21,JNE3439,JNE3439-KR-XL,XL,1.0,387.5,353.0
2021-07-09,20210709,Jul-21,JNE3439,JNE3439-KR-XXL,XXL,1.0,387.5,353.0
2021-07-09,20210709,Jul-21,JNE3446,JNE3446-KR-S,S,1.0,387.5,353.0
2021-07-09,20210709,Jul-21,JNE3446,JNE3446-KR-M,M,1.0,387.5,353.0
2021-07-09,20210709,Jul-21,JNE3446,JNE3446-KR-L,L,1.0,387.5,353.0
2021-07-09,20210709,Jul-21,JNE3446,JNE3446-KR-XL,XL,1.0,387.5,353.0
2021-07-09,20210709,Jul-21,JNE3446,JNE3446-KR-XXL,XXL,1.0,387.5,353.0
2021-07-09,20210709,Jul-21,JNE1977,JNE1977-KR-237-XS,XS,1.0,396.75,361.0
2021-07-09,20210709,Jul-21,JNE1977,JNE1977-KR-237-S,S,1.0,396.75,361.0
2021-07-09,20210709,Jul-21,JNE1977,JNE1977-KR-237-L,L,1.0,396.75,361.0
2021-07-09,20210709,Jul-21,JNE1977,JNE1977-KR-237-XL,XL,1.0,396.75,361.0
2021-07-09,20210709,Jul-21,JNE1977,JNE1977-KR-237-XXL,XXL,1.0,396.75,361.0
2021-07-09,20210709,Jul-21,JNE1977,JNE1977-KR-237-XXXL,XXXL,1.0,396.75,361.0
2021-07-09,20210709,Jul-21,JNE1978,JNE1978-KR-238-XS,XS,1.0,396.75,361.0
2021-07-09,20210709,Jul-21,JNE1978,JNE1978-KR-238-S,S,1.0,396.75,361.0
2021-07-09,20210709,Jul-21,JNE1978,JNE1978-KR-238-M,M,1.0,396.75,361.0
2021-07-09,20210709,Jul-21,JNE1978,JNE1978-KR-238-L,L,1.0,396.75,361.0
2021-07-09,20210709,Jul-21,JNE1978,JNE1978-KR-238-XL,XL,1.0,396.75,361.0
2021-07-09,20210709,Jul-21,JNE1978,JNE1978-KR-238-XXL,XXL,1.0,396.75,361.0
2021-07-09,20210709,Jul-21,JNE1978,JNE1978-KR-238-XXXL,XXXL,1.0,396.75,361.0
2021-07-09,20210709,Jul-21,JNE3455,JNE3455-KR-XS,XS,1.0,356.89,325.0
2021-07-09,20210709,Jul-21,JNE3455,JNE3455-KR-S,S,1.0,356.89,325.0
2021-07-09,20210709,Jul-21,JNE3455,JNE3455-KR-M,M,1.0,356.89,325.0
2021-07-09,20210709,Jul-21,JNE3455,JNE3455-KR-L,L,1.0,356.89,325.0
2021-07-09,20210709,Jul-21,JNE3455,JNE3455-KR-XL,XL,1.0,356.89,325.0
2021-07-09,20210709,Jul-21,JNE3455,JNE3455-KR-XXL,XXL,1.0,356.89,325.0
2021-07-09,20210709,Jul-21,JNE3455,JNE3455-KR-XXXL,XXXL,1.0,356.89,325.0
2021-07-09,20210709,Jul-21,JNE1998,JNE1998-KR-311-S,S,1.0,409.69,373.0
2021-07-09,20210709,Jul-21,JNE1998,JNE1998-KR-311-M,M,1.0,409.69,373.0
2021-07-09,20210709,Jul-21,JNE1998,JNE1998-KR-311-L,L,1.0,409.69,373.0
2021-07-09,20210709,Jul-21,JNE1998,JNE1998-KR-311-XL,XL,1.0,409.69,373.0
2021-07-09,20210709,Jul-21,JNE1998,JNE1998-KR-311-XXL,XXL,1.0,409.69,373.0
2021-07-09,20210709,Jul-21,JNE3042,JNE3042-KR-XS,XS,1.0,409.69,373.0
2021-07-09,20210709,Jul-21,JNE3042,JNE3042-KR-S,S,1.0,409.69,373.0
2021-07-09,20210709,Jul-21,JNE3042,JNE3042-KR-L,L,1.0,409.69,373.0
2021-07-09,20210709,Jul-21,JNE3042,JNE3042-KR-XL,XL,1.0,409.69,373.0
2021-07-09,20210709,Jul-21,JNE3042,JNE3042-KR-XXL,XXL,1.0,409.69,373.0
2021-07-09,20210709,Jul-21,JNE3042,JNE3042-KR-XXXL,XXXL,1.0,409.69,373.0
2021-07-09,20210709,Jul-21,JNE3489,JNE3489-KR-S,S,1.0,431.25,392.0
2021-07-09,20210709,Jul-21,JNE3489,JNE3489-KR-M,M,1.0,431.25,392.0
2021-07-09,20210709,Jul-21,JNE3489,JNE3489-KR-L,L,1.0,431.25,392.0
2021-07-09,20210709,Jul-21,JNE3489,JNE3489-KR-XL,XL,1.0,431.25,392.0
2021-07-09,20210709,Jul-21,JNE3489,JNE3489-KR-XXL,XXL,1.0,431.25,392.0
2021-07-09,20210709,Jul-21,JNE3575,JNE3575-KR-S,S,1.0,431.25,392.0
2021-07-09,20210709,Jul-21,JNE3575,JNE3575-KR-M,M,1.0,431.25,392.0
2021-07-09,20210709,Jul-21,JNE3575,JNE3575-KR-L,L,1.0,431.25,392.0
2021-07-09,20210709,Jul-21,JNE3575,JNE3575-KR-XL,XL,1.0,431.25,392.0
2021-07-09,20210709,Jul-21,JNE3575,JNE3575-KR-XXL,XXL,1.0,431.25,392.0
2021-07-09,20210709,Jul-21,JNE3627,JNE3627-KR-S,S,1.0,431.25,392.0
2021-07-09,20210709,Jul-21,JNE3627,JNE3627-KR-M,M,1.0,431.25,392.0
2021-07-09,20210709,Jul-21,JNE3627,JNE3627-KR-L,L,1.0,431.25,392.0
2021-07-09,20210709,Jul-21,JNE3627,JNE3627-KR-XL,XL,1.0,431.25,392.0
2021-07-09,20210709,Jul-21,JNE3627,JNE3627-KR-XXL,XXL,1.0,431.25,392.0
2021-07-09,20210709,Jul-21,JNE3606,JNE3606-KR-XS,XS,1.0,431.25,392.0
2021-07-09,20210709,Jul-21,JNE3606,JNE3606-KR-S,S,1.0,431.25,392.0
2021-07-09,20210709,Jul-21,JNE3606,JNE3606-KR-M,M,1.0,431.25,392.0
2021-07-09,20210709,Jul-21,JNE3606,JNE3606-KR-L,L,1.0,431.25,392.0
2021-07-09,20210709,Jul-21,JNE3606,JNE3606-KR-XL,XL,1.0,431.25,392.0
2021-07-09,20210709,Jul-21,JNE3606,JNE3606-KR-XXL,XXL,1.0,431.25,392.0
2021-07-09,20210709,Jul-21,JNE3606,JNE3606-KR-XXXL,XXXL,1.0,431.25,392.0
2021-07-09,20210709,Jul-21,JNE3576,JNE3576-KR-XS,XS,1.0,431.25,392.0
2021-07-09,20210709,Jul-21,JNE3576,JNE3576-KR-S,S,1.0,431.25,392.0
2021-07-09,20210709,Jul-21,JNE3576,JNE3576-KR-M,M,1.0,431.25,392.0
2021-07-09,20210709,Jul-21,JNE3576,JNE3576-KR-L,L,1.0,431.25,392.0
2021-07-09,20210709,Jul-21,JNE3576,JNE3576-KR-XL,XL,1.0,431.25,392.0
2021-07-09,20210709,Jul-21,JNE3576,JNE3576-KR-XXL,XXL,1.0,431.25,392.0
2021-07-09,20210709,Jul-21,JNE3576,JNE3576-KR-XXXL,XXXL,1.0,431.25,392.0
2021-07-09,20210709,Jul-21,JNE3605,JNE3605-KR-XS,XS,1.0,431.25,392.0
2021-07-09,20210709,Jul-21,JNE3605,JNE3605-KR-S,S,1.0,431.25,392.0
2021-07-09,20210709,Jul-21,JNE3605,JNE3605-KR-M,M,1.0,431.25,392.0
2021-07-09,20210709,Jul-21,JNE3605,JNE3605-KR-L,L,1.0,431.25,392.0
2021-07-09,20210709,Jul-21,JNE3605,JNE3605-KR-XL,XL,1.0,431.25,392.0
2021-07-09,20210709,Jul-21,JNE3605,JNE3605-KR-XXL,XXL,1.0,431.25,392.0
2021-07-09,20210709,Jul-21,JNE3605,JNE3605-KR-XXXL,XXXL,1.0,431.25,392.0
2021-07-09,20210709,Jul-21,JNE2014,JNE2014-KR-178-XS,XS,1.0,431.25,392.0
2021-07-09,20210709,Jul-21,JNE2014,JNE2014-KR-178-S,S,1.0,431.25,392.0
2021-07-09,20210709,Jul-21,JNE2014,JNE2014-KR-178-M,M,1.0,431.25,392.0
2021-07-09,20210709,Jul-21,JNE2014,JNE2014-KR-178-L,L,1.0,431.25,392.0
2021-07-09,20210709,Jul-21,JNE2014,JNE2014-KR-178-XL,XL,1.0,431.25,392.0
2021-07-09,20210709,Jul-21,JNE2014,JNE2014-KR-178-XXL,XXL,1.0,431.25,392.0
2021-07-09,20210709,Jul-21,JNE2014,JNE2014-KR-178-XXXL,XXXL,1.0,431.25,392.0
2021-07-09,20210709,Jul-21,JNE3405,JNE3405-KR-XS,XS,1.0,431.25,392.0
2021-07-09,20210709,Jul-21,JNE3405,JNE3405-KR-S,S,1.0,431.25,392.0
2021-07-09,20210709,Jul-21,JNE3405,JNE3405-KR-M,M,1.0,431.25,392.0
2021-07-09,20210709,Jul-21,JNE3405,JNE3405-KR-L,L,1.0,431.25,392.0
2021-07-09,20210709,Jul-21,JNE3405,JNE3405-KR-XL,XL,1.0,431.25,392.0
2021-07-09,20210709,Jul-21,JNE3405,JNE3405-KR-XXL,XXL,1.0,431.25,392.0
2021-07-09,20210709,Jul-21,JNE3405,JNE3405-KR-XXXL,XXXL,1.0,431.25,392.0
2021-07-09,20210709,Jul-21,JNE3420,JNE3420-KR-S,S,1.0,431.25,392.0
2021-07-09,20210709,Jul-21,JNE3420,JNE3420-KR-M,M,1.0,431.25,392.0
2021-07-09,20210709,Jul-21,JNE3420,JNE3420-KR-L,L,1.0,431.25,392.0
2021-07-09,20210709,Jul-21,JNE3420,JNE3420-KR-XL,XL,1.0,431.25,392.0
2021-07-09,20210709,Jul-21,JNE3420,JNE3420-KR-XXL,XXL,1.0,431.25,392.0
2021-07-09,20210709,Jul-21,JNE3443,JNE3443-KR-S,S,1.0,431.25,392.0
2021-07-09,20210709,Jul-21,JNE3443,JNE3443-KR-M,M,1.0,431.25,392.0
2021-07-09,20210709,Jul-21,JNE3443,JNE3443-KR-L,L,1.0,431.25,392.0
2021-07-09,20210709,Jul-21,JNE3443,JNE3443-KR-XL,XL,1.0,431.25,392.0
2021-07-09,20210709,Jul-21,JNE3443,JNE3443-KR-XXL,XXL,1.0,431.25,392.0
2021-07-09,20210709,Jul-21,JNE3386,JNE3386-KR-XS,XS,1.0,431.25,392.0
2021-07-09,20210709,Jul-21,JNE3386,JNE3386-KR-S,S,1.0,431.25,392.0
2021-07-09,20210709,Jul-21,JNE3386,JNE3386-KR-M,M,1.0,431.25,392.0
2021-07-09,20210709,Jul-21,JNE3386,JNE3386-KR-L,L,1.0,431.25,392.0
2021-07-09,20210709,Jul-21,JNE3386,JNE3386-KR-XL,XL,1.0,431.25,392.0
2021-07-09,20210709,Jul-21,JNE3386,JNE3386-KR-XXL,XXL,1.0,431.25,392.0
2021-07-09,20210709,Jul-21,JNE3386,JNE3386-KR-XXXL,XXXL,1.0,431.25,392.0
2021-07-09,20210709,Jul-21,JNE2307,JNE2307-KR-572-S,S,1.0,444.38,404.0
2021-07-09,20210709,Jul-21,JNE2307,JNE2307-KR-572-M,M,1.0,444.38,404.0
2021-07-09,20210709,Jul-21,JNE2307,JNE2307-KR-572-L,L,1.0,444.38,404.0
2021-07-09,20210709,Jul-21,JNE2307,JNE2307-KR-572-XL,XL,1.0,444.38,404.0
2021-07-09,20210709,Jul-21,JNE2307,JNE2307-KR-572-XXL,XXL,1.0,444.38,404.0
2021-07-09,20210709,Jul-21,JNE3560,JNE3560-KR-M,M,1.0,450.0,410.0
2021-07-09,20210709,Jul-21,JNE3560,JNE3560-KR-L,L,1.0,450.0,410.0
2021-07-09,20210709,Jul-21,JNE3560,JNE3560-KR-XL,XL,1.0,450.0,410.0
2021-07-09,20210709,Jul-21,JNE3560,JNE3560-KR-XXL,XXL,1.0,450.0,410.0
2021-07-09,20210709,Jul-21,JNE3547,JNE3547-KR-S,S,1.0,450.0,410.0
2021-07-09,20210709,Jul-21,JNE3547,JNE3547-KR-M,M,1.0,450.0,410.0
2021-07-09,20210709,Jul-21,JNE3547,JNE3547-KR-L,L,1.0,450.0,410.0
2021-07-09,20210709,Jul-21,JNE3547,JNE3547-KR-XL,XL,1.0,450.0,410.0
2021-07-09,20210709,Jul-21,JNE3547,JNE3547-KR-XXL,XXL,1.0,450.0,410.0
2021-07-09,20210709,Jul-21,JNE3554,JNE3554-KR-S,S,1.0,450.0,410.0
2021-07-09,20210709,Jul-21,JNE3554,JNE3554-KR-M,M,1.0,450.0,410.0
2021-07-09,20210709,Jul-21,JNE3554,JNE3554-KR-L,L,1.0,450.0,410.0
2021-07-09,20210709,Jul-21,JNE3554,JNE3554-KR-XL,XL,1.0,450.0,410.0
2021-07-09,20210709,Jul-21,JNE3554,JNE3554-KR-XXL,XXL,1.0,450.0,410.0
2021-07-09,20210709,Jul-21,JNE3256,JNE3256-KR-XS,XS,1.0,556.25,506.0
2021-07-09,20210709,Jul-21,JNE3256,JNE3256-KR-S,S,1.0,556.25,506.0
2021-07-09,20210709,Jul-21,JNE3256,JNE3256-KR-M,M,1.0,556.25,506.0
2021-07-09,20210709,Jul-21,JNE3256,JNE3256-KR-L,L,1.0,556.25,506.0
2021-07-09,20210709,Jul-21,JNE3256,JNE3256-KR-XL,XL,1.0,556.25,506.0
2021-07-09,20210709,Jul-21,JNE3256,JNE3256-KR-XXL,XXL,1.0,556.25,506.0
2021-07-09,20210709,Jul-21,JNE3256,JNE3256-KR-XXXL,XXXL,1.0,556.25,506.0
2021-07-09,20210709,Jul-21,JNE3396,JNE3396-KR-XS,XS,1.0,556.25,506.0
2021-07-09,20210709,Jul-21,JNE3396,JNE3396-KR-S,S,1.0,556.25,506.0
2021-07-09,20210709,Jul-21,JNE3396,JNE3396-KR-M,M,1.0,556.25,506.0
2021-07-09,20210709,Jul-21,JNE3396,JNE3396-KR-L,L,1.0,556.25,506.0
2021-07-09,20210709,Jul-21,JNE3396,JNE3396-KR-XL,XL,1.0,556.25,506.0
2021-07-09,20210709,Jul-21,JNE3396,JNE3396-KR-XXL,XXL,1.0,556.25,506.0
2021-07-09,20210709,Jul-21,JNE3396,JNE3396-KR-XXXL,XXXL,1.0,556.25,506.0
2021-07-09,20210709,Jul-21,J0022,J0022-KR-XS,XS,1.0,500.0,455.0
2021-07-09,20210709,Jul-21,J0022,J0022-KR-S,S,1.0,500.0,455.0
2021-07-09,20210709,Jul-21,J0022,J0022-KR-M,M,1.0,500.0,455.0
2021-07-09,20210709,Jul-21,J0022,J0022-KR-L,L,1.0,500.0,455.0
2021-07-09,20210709,Jul-21,J0022,J0022-KR-XL,XL,1.0,500.0,455.0
2021-07-09,20210709,Jul-21,J0022,J0022-KR-XXL,XXL,1.0,500.0,455.0
2021-07-09,20210709,Jul-21,J0022,J0022-KR-XXXL,XXXL,1.0,500.0,455.0
2021-07-09,20210709,Jul-21,J0142,J0142-KR-XS,XS,1.0,561.88,511.0
2021-07-09,20210709,Jul-21,J0142,J0142-KR-S,S,1.0,561.88,511.0
2021-07-09,20210709,Jul-21,J0142,J0142-KR-M,M,1.0,561.88,511.0
2021-07-09,20210709,Jul-21,J0142,J0142-KR-XL,XL,1.0,561.88,511.0
2021-07-09,20210709,Jul-21,J0142,J0142-KR-XXL,XXL,1.0,561.88,511.0
2021-07-09,20210709,Jul-21,J0142,J0142-KR-XXXL,XXXL,1.0,561.88,511.0
2021-07-09,20210709,Jul-21,JNE3578,JNE3578-KR-S,S,1.0,681.25,620.0
2021-07-09,20210709,Jul-21,JNE3578,JNE3578-KR-L,L,1.0,681.25,620.0
2021-07-09,20210709,Jul-21,JNE3578,JNE3578-KR-XL,XL,1.0,681.25,620.0
2021-07-09,20210709,Jul-21,JNE3578,JNE3578-KR-XXL,XXL,1.0,681.25,620.0
2021-07-09,20210709,Jul-21,JNE3454,JNE3454-KR-XS,XS,1.0,556.25,506.0
2021-07-09,20210709,Jul-21,JNE3454,JNE3454-KR-S,S,1.0,556.25,506.0
2021-07-09,20210709,Jul-21,JNE3454,JNE3454-KR-M,M,1.0,556.25,506.0
2021-07-09,20210709,Jul-21,JNE3454,JNE3454-KR-L,L,1.0,556.25,506.0
2021-07-09,20210709,Jul-21,JNE3454,JNE3454-KR-XL,XL,1.0,556.25,506.0
2021-07-09,20210709,Jul-21,JNE3454,JNE3454-KR-XXL,XXL,1.0,556.25,506.0
2021-07-09,20210709,Jul-21,JNE3454,JNE3454-KR-XXXL,XXXL,1.0,556.25,506.0
2021-07-09,20210709,Jul-21,JNE3562,JNE3562-KR-S,S,1.0,681.25,620.0
2021-07-09,20210709,Jul-21,JNE3562,JNE3562-KR-M,M,1.0,681.25,620.0
2021-07-09,20210709,Jul-21,JNE3562,JNE3562-KR-L,L,1.0,681.25,620.0
2021-07-09,20210709,Jul-21,JNE3562,JNE3562-KR-XL,XL,1.0,681.25,620.0
2021-07-09,20210709,Jul-21,JNE3562,JNE3562-KR-XXL,XXL,1.0,681.25,620.0
2021-07-09,20210709,Jul-21,JNE3577,JNE3577-KR-S,S,1.0,681.25,620.0
2021-07-09,20210709,Jul-21,JNE3577,JNE3577-KR-M,M,1.0,681.25,620.0
2021-07-09,20210709,Jul-21,JNE3577,JNE3577-KR-XL,XL,1.0,681.25,620.0
2021-07-09,20210709,Jul-21,JNE3577,JNE3577-KR-XXL,XXL,1.0,681.25,620.0
2021-07-09,20210709,Jul-21,JNE3609,JNE3609-KR-XS,XS,1.0,681.25,620.0
2021-07-09,20210709,Jul-21,JNE3609,JNE3609-KR-S,S,1.0,681.25,620.0
2021-07-09,20210709,Jul-21,JNE3609,JNE3609-KR-M,M,1.0,681.25,620.0
2021-07-09,20210709,Jul-21,JNE3609,JNE3609-KR-L,L,1.0,681.25,620.0
2021-07-09,20210709,Jul-21,JNE3609,JNE3609-KR-XL,XL,1.0,681.25,620.0
2021-07-09,20210709,Jul-21,JNE3609,JNE3609-KR-XXL,XXL,1.0,681.25,620.0
2021-07-09,20210709,Jul-21,JNE3609,JNE3609-KR-XXXL,XXXL,1.0,681.25,620.0
2021-07-09,20210709,Jul-21,JNE2270,JNE2270-KR-487-XS,XS,1.0,681.25,620.0
2021-07-09,20210709,Jul-21,JNE2270,JNE2270-KR-487-S,S,1.0,681.25,620.0
2021-07-09,20210709,Jul-21,JNE2270,JNE2270-KR-487-M,M,1.0,681.25,620.0
2021-07-09,20210709,Jul-21,JNE2270,JNE2270-KR-487-L,L,1.0,681.25,620.0
2021-07-09,20210709,Jul-21,JNE2270,JNE2270-KR-487-XL,XL,1.0,681.25,620.0
2021-07-09,20210709,Jul-21,JNE2270,JNE2270-KR-487-XXL,XXL,1.0,681.25,620.0
2021-07-09,20210709,Jul-21,JNE3506,JNE3506-KR-XS,XS,1.0,787.5,717.0
2021-07-09,20210709,Jul-21,JNE3506,JNE3506-KR-S,S,1.0,787.5,717.0
2021-07-09,20210709,Jul-21,JNE3506,JNE3506-KR-M,M,1.0,787.5,717.0
2021-07-09,20210709,Jul-21,JNE3506,JNE3506-KR-L,L,1.0,787.5,717.0
2021-07-09,20210709,Jul-21,JNE3506,JNE3506-KR-XL,XL,1.0,787.5,717.0
2021-07-09,20210709,Jul-21,JNE3506,JNE3506-KR-XXL,XXL,1.0,787.5,717.0
2021-07-09,20210709,Jul-21,JNE3506,JNE3506-KR-XXXL,XXXL,1.0,787.5,717.0
2021-07-09,20210709,Jul-21,J0083,J0083-KR-XS,XS,1.0,858.69,781.0
2021-07-09,20210709,Jul-21,J0083,J0083-KR-S,S,1.0,858.69,781.0
2021-07-09,20210709,Jul-21,J0083,J0083-KR-M,M,1.0,858.69,781.0
2021-07-09,20210709,Jul-21,J0083,J0083-KR-L,L,1.0,858.69,781.0
2021-07-09,20210709,Jul-21,J0083,J0083-KR-XL,XL,1.0,858.69,781.0
2021-07-09,20210709,Jul-21,J0083,J0083-KR-XXL,XXL,1.0,858.69,781.0
2021-07-09,20210709,Jul-21,J0083,J0083-KR-XXXL,XXXL,1.0,858.69,781.0
2021-07-09,20210709,Jul-21,JNE3288,JNE3288-KR-XS,XS,1.0,681.25,620.0
2021-07-09,20210709,Jul-21,JNE3288,JNE3288-KR-S,S,1.0,681.25,620.0
2021-07-09,20210709,Jul-21,JNE3288,JNE3288-KR-M,M,1.0,681.25,620.0
2021-07-09,20210709,Jul-21,JNE3288,JNE3288-KR-L,L,1.0,681.25,620.0
2021-07-09,20210709,Jul-21,JNE3288,JNE3288-KR-XL,XL,1.0,681.25,620.0
2021-07-09,20210709,Jul-21,JNE3288,JNE3288-KR-XXL,XXL,1.0,681.25,620.0
2021-07-09,20210709,Jul-21,JNE3288,JNE3288-KR-XXXL,XXXL,1.0,681.25,620.0
2021-07-09,20210709,Jul-21,J0187,J0187-KR-XS,XS,1.0,961.81,875.0
2021-07-09,20210709,Jul-21,J0187,J0187-KR-S,S,1.0,961.81,875.0
2021-07-09,20210709,Jul-21,J0187,J0187-KR-M,M,1.0,961.81,875.0
2021-07-09,20210709,Jul-21,J0187,J0187-KR-L,L,1.0,961.81,875.0
2021-07-09,20210709,Jul-21,J0187,J0187-KR-XL,XL,1.0,961.81,875.0
2021-07-09,20210709,Jul-21,J0187,J0187-KR-XXL,XXL,1.0,961.81,875.0
2021-07-09,20210709,Jul-21,J0187,J0187-KR-XXXL,XXXL,1.0,961.81,875.0
2021-07-09,20210709,Jul-21,J0138,J0138-KR-XS,XS,1.0,686.81,625.0
2021-07-09,20210709,Jul-21,J0138,J0138-KR-S,S,1.0,686.81,625.0
2021-07-09,20210709,Jul-21,J0138,J0138-KR-M,M,1.0,686.81,625.0
2021-07-09,20210709,Jul-21,J0138,J0138-KR-L,L,1.0,686.81,625.0
2021-07-09,20210709,Jul-21,J0138,J0138-KR-XL,XL,1.0,686.81,625.0
2021-07-09,20210709,Jul-21,J0138,J0138-KR-XXL,XXL,1.0,686.81,625.0
2021-07-09,20210709,Jul-21,J0138,J0138-KR-XXXL,XXXL,1.0,686.81,625.0
2021-07-09,20210709,Jul-21,JNE3313,JNE3313-KR-XS,XS,1.0,748.13,681.0
2021-07-09,20210709,Jul-21,JNE3313,JNE3313-KR-S,S,1.0,748.13,681.0
2021-07-09,20210709,Jul-21,JNE3313,JNE3313-KR-M,M,1.0,748.13,681.0
2021-07-09,20210709,Jul-21,JNE3313,JNE3313-KR-L,L,1.0,748.13,681.0
2021-07-09,20210709,Jul-21,JNE3313,JNE3313-KR-XL,XL,1.0,748.13,681.0
2021-07-09,20210709,Jul-21,JNE3313,JNE3313-KR-XXL,XXL,1.0,748.13,681.0
2021-07-09,20210709,Jul-21,JNE3313,JNE3313-KR-XXXL,XXXL,1.0,748.13,681.0
2021-07-10,20210710,Jul-21,J0012,J0012-SKD-XS,XS,1.0,1406.0,1406.0
2021-07-10,20210710,Jul-21,J0012,J0012-SKD-S,S,1.0,1406.0,1406.0
2021-07-10,20210710,Jul-21,J0012,J0012-SKD-L,L,1.0,1406.0,1406.0
2021-07-10,20210710,Jul-21,J0012,J0012-SKD-XL,XL,1.0,1406.0,1406.0
2021-07-10,20210710,Jul-21,J0140,J0140-SET-XXXL,XXXL,1.0,994.0,994.0
2021-07-10,20210710,Jul-21,J0212,J0212-DR-XS,XS,1.0,781.0,781.0
2021-07-10,20210710,Jul-21,J0214,J0214-TP-XS,XS,1.0,703.0,703.0
2021-07-10,20210710,Jul-21,J0243,J0243-DR-XS,XS,1.0,1094.0,1094.0
2021-07-10,20210710,Jul-21,JNE3635,JNE3635-KR-XS,XS,1.0,588.0,588.0
2021-07-10,20210710,Jul-21,JNE3635,JNE3635-KR-XL,XL,1.0,588.0,588.0
2021-07-10,20210710,Jul-21,MEN5008,MEN5008-KR-XL,XL,1.0,561.0,561.0
2021-07-10,20210710,Jul-21,MEN5013,MEN5013-KR-L,L,1.0,599.0,599.0
2021-07-10,20210710,Jul-21,MEN5016,MEN5016-KR-XL,XL,1.0,599.0,599.0
2021-07-10,20210710,Jul-21,MEN5022,MEN5022-KR-L,L,1.0,636.0,636.0
2021-07-10,20210710,Jul-21,MEN5025,MEN5025-KR-L,L,1.0,636.0,636.0
2021-07-10,20210710,Jul-21,MEN5030,MEN5030-KR-L,L,1.0,599.0,599.0
2021-07-10,20210710,Jul-21,MEN5031,MEN5031-KR-L,L,1.0,636.0,636.0
2021-07-10,20210710,Jul-21,SET058,SET058-KR-NP-L,L,1.0,944.0,944.0
2021-07-10,20210710,Jul-21,SET182,SET182-KR-DH-XS,XS,1.0,806.0,806.0
2021-07-10,20210710,Jul-21,SET226,SET226-KR-PP-L,L,1.0,806.0,806.0
2021-07-12,20210712,Jul-21,NW002,NW002-TP-PJ-M,M,1.0,556.0,556.0
2021-07-12,20210712,Jul-21,J0201,J0201-TP-M,M,1.0,585.0,585.0
2021-07-12,20210712,Jul-21,J0336,J0336-TP-M,M,1.0,546.0,546.0
2021-07-12,20210712,Jul-21,J0116,J0116-TP-M,M,1.0,429.0,429.0
2021-07-12,20210712,Jul-21,JNE3708,JNE3708-TU-M,M,1.0,656.0,656.0
2021-07-12,20210712,Jul-21,JNE3665,JNE3665-TP-M,M,1.0,388.0,388.0
2021-07-12,20210712,Jul-21,AN204,AN204-PURPLE-M,M,1.0,281.0,281.0
2021-07-12,20210712,Jul-21,BTM021,BTM021-M,M,1.0,338.0,338.0
2021-07-12,20210712,Jul-21,JNE3706,JNE3706-DR-M,M,1.0,656.0,656.0
2021-07-12,20210712,Jul-21,JNE3625,JNE3625-DR-M,M,1.0,623.0,623.0
2021-07-13,20210713,Jul-21,SET268,SET268-KR-NP-XS,XS,1.0,844.0,844.0
2021-07-13,20210713,Jul-21,J0204,J0204-TP-M,M,1.0,781.0,781.0
2021-07-13,20210713,Jul-21,J0277,J0277-SKD-XS,XS,1.0,1758.0,1758.0
2021-07-13,20210713,Jul-21,J0277,J0277-SKD-S,S,1.0,1758.0,1758.0
2021-07-13,20210713,Jul-21,J0239,J0239-SKD-L,L,1.0,1445.0,1445.0
2021-07-13,20210713,Jul-21,J0212,J0212-DR-S,S,2.0,781.0,1562.0
2021-07-13,20210713,Jul-21,SET268,SET268-KR-NP-S,S,1.0,844.0,844.0
2021-07-13,20210713,Jul-21,SET278,SET278-KR-NP-L,L,1.0,1681.0,1681.0
2021-07-13,20210713,Jul-21,JNE3759,JNE3759-KR-S,S,1.0,513.0,513.0
2021-07-16,20210716,Jul-21,MEN5021,MEN5021-KR-L,L,6.0,636.25,3818.0
2021-07-16,20210716,Jul-21,MEN5021,MEN5021-KR-XL,XL,2.0,636.25,1272.0
2021-07-16,20210716,Jul-21,MEN5021,MEN5021-KR-XXL,XXL,5.0,636.25,3181.0
2021-07-16,20210716,Jul-21,MEN5021,MEN5021-KR-XXXL,XXXL,5.0,636.25,3181.0
2021-07-16,20210716,Jul-21,J0081,J0081-DR-L,L,1.0,897.5,898.0
2021-07-16,20210716,Jul-21,J0279,J0279-SET-M,M,1.0,1210.0,1210.0
2021-07-16,20210716,Jul-21,J0279,J0279-SET-L,L,1.0,1210.0,1210.0
2021-07-16,20210716,Jul-21,J0201,J0201-TP-S,S,1.0,585.0,585.0
2021-07-16,20210716,Jul-21,J0239,J0239-SKD-S,S,1.0,1445.0,1445.0
2021-07-16,20210716,Jul-21,J0241,J0241-SKD-M,M,1.0,1406.25,1406.0
2021-07-16,20210716,Jul-21,J0244,J0244-SKD-L,L,1.0,1366.25,1366.0
2021-07-16,20210716,Jul-21,J0242,J0242-SKD-XL,XL,1.0,1366.25,1366.0
2021-07-16,20210716,Jul-21,J0246,J0246-SKD-M,M,1.0,1327.5,1328.0
2021-07-16,20210716,Jul-21,NW029,NW029-ST-SR-L,L,1.0,656.25,656.0
2021-07-16,20210716,Jul-21,MEN5026,MEN5026-KR-M,M,1.0,598.75,599.0
2021-07-16,20210716,Jul-21,JNE3160,JNE3160-KR-S,S,1.0,850.0,850.0
2021-07-16,20210716,Jul-21,JNE3160,JNE3160-KR-M,M,1.0,850.0,850.0
2021-07-16,20210716,Jul-21,JNE3160,JNE3160-KR-L,L,1.0,850.0,850.0
2021-07-16,20210716,Jul-21,JNE3634,JNE3634-KR-XL,XL,1.0,650.0,650.0
2021-07-16,20210716,Jul-21,JNE3634,JNE3634-KR-M,M,1.0,650.0,650.0
2021-07-16,20210716,Jul-21,JNE3399,JNE3399-KR-M,M,1.0,556.25,556.0
2021-07-16,20210716,Jul-21,JNE3399,JNE3399-KR-L,L,1.0,556.25,556.0
2021-07-16,20210716,Jul-21,JNE3518,JNE3518-KR-M,M,1.0,527.5,528.0
2021-07-16,20210716,Jul-21,JNE3518,JNE3518-KR-L,L,1.0,527.5,528.0
2021-07-16,20210716,Jul-21,JNE3474,JNE3474-KR-M,M,1.0,527.5,528.0
2021-07-16,20210716,Jul-21,JNE3474,JNE3474-KR-XL,XL,1.0,527.5,528.0
2021-07-16,20210716,Jul-21,JNE3471,JNE3471-KR-S,S,1.0,510.0,510.0
2021-07-16,20210716,Jul-21,JNE3471,JNE3471-KR-L,L,1.0,510.0,510.0
2021-07-16,20210716,Jul-21,JNE2305,JNE2305-KR-533-XL,XL,1.0,493.75,494.0
2021-07-16,20210716,Jul-21,JNE2305,JNE2305-KR-533-M,M,1.0,493.75,494.0
2021-07-16,20210716,Jul-21,JNE3556,JNE3556-KR-S,S,1.0,450.0,450.0
2021-07-16,20210716,Jul-21,JNE3556,JNE3556-KR-L,L,1.0,450.0,450.0
2021-07-16,20210716,Jul-21,JNE3526,JNE3526-KR-M,M,1.0,450.0,450.0
2021-07-16,20210716,Jul-21,JNE3526,JNE3526-KR-XL,XL,1.0,450.0,450.0
2021-07-16,20210716,Jul-21,JNE3697,JNE3697-KR-M,M,1.0,431.25,431.0
2021-07-16,20210716,Jul-21,JNE3697,JNE3697-KR-XL,XL,1.0,431.25,431.0
2021-07-16,20210716,Jul-21,JNE3695,JNE3695-KR-L,L,1.0,431.25,431.0
2021-07-16,20210716,Jul-21,JNE3445,JNE3445-KR-L,L,1.0,431.25,431.0
2021-07-16,20210716,Jul-21,JNE3445,JNE3445-KR-XL,XL,1.0,431.25,431.0
2021-07-16,20210716,Jul-21,JNE3435,JNE3435-KR-S,S,1.0,431.25,431.0
2021-07-16,20210716,Jul-21,JNE3435,JNE3435-KR-M,M,1.0,431.25,431.0
2021-07-16,20210716,Jul-21,JNE3557,JNE3557-KR-S,S,1.0,427.5,428.0
2021-07-16,20210716,Jul-21,JNE3557,JNE3557-KR-M,M,1.0,427.5,428.0
2021-07-16,20210716,Jul-21,JNE3557,JNE3557-KR-L,L,1.0,427.5,428.0
2021-07-16,20210716,Jul-21,JNE3555,JNE3555-KR-L,L,1.0,427.5,428.0
2021-07-16,20210716,Jul-21,JNE3555,JNE3555-KR-XL,XL,1.0,427.5,428.0
2021-07-16,20210716,Jul-21,JNE3554,JNE3554-KR-S,S,1.0,427.5,428.0
2021-07-16,20210716,Jul-21,JNE3554,JNE3554-KR-M,M,1.0,427.5,428.0
2021-07-16,20210716,Jul-21,JNE3554,JNE3554-KR-L,L,1.0,427.5,428.0
2021-07-16,20210716,Jul-21,JNE3710,JNE3710-DR-M,M,1.0,618.75,619.0
2021-07-16,20210716,Jul-21,JNE3710,JNE3710-DR-L,L,1.0,618.75,619.0
2021-07-16,20210716,Jul-21,SET278,SET278-KR-NP-M,M,1.0,1681.25,1681.0
2021-07-16,20210716,Jul-21,SET278,SET278-KR-NP-L,L,1.0,1681.25,1681.0
2021-07-16,20210716,Jul-21,SET254,SET254-KR-NP-S,S,1.0,1431.25,1431.0
2021-07-16,20210716,Jul-21,SET254,SET254-KR-NP-L,L,1.0,1431.25,1431.0
2021-07-16,20210716,Jul-21,SET276,SET276-KR-PP-S,S,1.0,1343.75,1344.0
2021-07-16,20210716,Jul-21,SET276,SET276-KR-PP-M,M,1.0,1343.75,1344.0
2021-07-16,20210716,Jul-21,SET276,SET276-KR-PP-L,L,1.0,1343.75,1344.0
2021-07-16,20210716,Jul-21,SET275,SET275-KR-NP-M,M,1.0,1056.25,1056.0
2021-07-16,20210716,Jul-21,SET275,SET275-KR-NP-L,L,1.0,1056.25,1056.0
2021-07-16,20210716,Jul-21,SET270,SET270-KR-PP-S,S,1.0,893.75,894.0
2021-07-16,20210716,Jul-21,SET270,SET270-KR-PP-M,M,1.0,893.75,894.0
2021-07-16,20210716,Jul-21,SET262,SET262-KR-NP-M,M,1.0,893.75,894.0
2021-07-16,20210716,Jul-21,SET262,SET262-KR-NP-L,L,1.0,893.75,894.0
2021-07-16,20210716,Jul-21,SET154,SET154-KR-NP-M,M,1.0,893.75,894.0
2021-07-16,20210716,Jul-21,SET154,SET154-KR-NP-L,L,1.0,893.75,894.0
2021-07-16,20210716,Jul-21,SET154,SET154-KR-NP-XL,XL,1.0,893.75,894.0
2021-07-16,20210716,Jul-21,SET228,SET228-KR-PP-M,M,1.0,850.0,850.0
2021-07-16,20210716,Jul-21,SET228,SET228-KR-PP-L,L,1.0,850.0,850.0
2021-07-16,20210716,Jul-21,SET227,SET227-KR-PP-L,L,1.0,850.0,850.0
2021-07-16,20210716,Jul-21,J0237,J0237-SKD-S,S,1.0,1562.5,1562.0
2021-07-16,20210716,Jul-21,J0237,J0237-SKD-L,L,1.0,1562.5,1562.0
2021-07-22,20210722,Jul-21,JNE3065,JNE3065-KR-L,L,1.0,556.0,556.0
2021-07-22,20210722,Jul-21,JNE2014,JNE2014-KR-178-M,M,1.0,431.0,431.0
2021-07-22,20210722,Jul-21,JNE2014,JNE2014-KR-178-L,L,1.0,431.0,431.0
2021-07-22,20210722,Jul-21,JNE2014,JNE2014-KR-178-XL,XL,1.0,431.0,431.0
2021-07-22,20210722,Jul-21,JNE3555,JNE3555-KR-M,M,1.0,428.0,428.0
2021-07-22,20210722,Jul-21,JNE3555,JNE3555-KR-L,L,1.0,428.0,428.0
2021-07-22,20210722,Jul-21,JNE3555,JNE3555-KR-XL,XL,1.0,428.0,428.0
2021-07-22,20210722,Jul-21,JNE3575,JNE3575-KR-M,M,1.0,431.0,431.0
2021-07-22,20210722,Jul-21,JNE3575,JNE3575-KR-L,L,1.0,431.0,431.0
2021-07-22,20210722,Jul-21,J0139,J0139-KR-M,M,1.0,585.0,585.0
2021-07-22,20210722,Jul-21,J0139,J0139-KR-L,L,1.0,585.0,585.0
2021-07-22,20210722,Jul-21,J0139,J0139-KR-XL,XL,1.0,585.0,585.0
2021-07-22,20210722,Jul-21,JNE3635,JNE3635-KR-L,L,1.0,588.0,588.0
2021-07-22,20210722,Jul-21,J0138,J0138-KR-XXL,XXL,1.0,781.0,781.0
2021-07-22,20210722,Jul-21,JNE3668,JNE3668-TP-L,L,1.0,388.0,388.0
2021-07-22,20210722,Jul-21,JNE3668,JNE3668-TP-XL,XL,1.0,388.0,388.0
2021-07-22,20210722,Jul-21,JNE3672,JNE3672-TU-XL,XL,1.0,450.0,450.0
2021-07-22,20210722,Jul-21,JNE3674,JNE3674-TU-XL,XL,1.0,450.0,450.0
2021-07-22,20210722,Jul-21,JNE3686,JNE3686-TU-M,M,1.0,450.0,450.0
2021-07-22,20210722,Jul-21,J0243,J0243-DR-XL,XL,1.0,1094.0,1094.0
2021-07-24,20210724,Jul-21,JNE3534,JNE3534-KR-S,S,1.0,409.0,409.0
2021-07-24,20210724,Jul-21,JNE3534,JNE3534-KR-M,M,1.0,409.0,409.0
2021-07-24,20210724,Jul-21,JNE3534,JNE3534-KR-L,L,1.0,409.0,409.0
2021-07-24,20210724,Jul-21,JNE3534,JNE3534-KR-XL,XL,1.0,409.0,409.0
2021-07-24,20210724,Jul-21,JNE3534,JNE3534-KR-XXL,XXL,1.0,409.0,409.0
2021-07-24,20210724,Jul-21,JNE3534,JNE3534-KR-XXXL,XXXL,1.0,409.0,409.0
2021-07-24,20210724,Jul-21,JNE3571,JNE3571-KR-S,S,1.0,431.0,431.0
2021-07-24,20210724,Jul-21,JNE3571,JNE3571-KR-M,M,1.0,431.0,431.0
2021-07-24,20210724,Jul-21,JNE3571,JNE3571-KR-L,L,1.0,431.0,431.0
2021-07-24,20210724,Jul-21,JNE3571,JNE3571-KR-XL,XL,1.0,431.0,431.0
2021-07-24,20210724,Jul-21,JNE3571,JNE3571-KR-XXL,XXL,1.0,431.0,431.0
2021-07-24,20210724,Jul-21,JNE3571,JNE3571-KR-XXXL,XXXL,1.0,431.0,431.0
2021-07-24,20210724,Jul-21,BTM002,BTM002-S,S,2.0,338.0,676.0
2021-07-24,20210724,Jul-21,BTM002,BTM002-M,M,2.0,338.0,676.0
2021-07-24,20210724,Jul-21,BTM002,BTM002-L,L,2.0,338.0,676.0
2021-07-24,20210724,Jul-21,BTM002,BTM002-XL,XL,2.0,338.0,676.0
2021-07-24,20210724,Jul-21,BTM002,BTM002-XXL,XXL,2.0,338.0,676.0
2021-07-24,20210724,Jul-21,BTM002,BTM002-XXXL,XXXL,2.0,338.0,676.0
2021-07-24,20210724,Jul-21,SET264,SET264-KR-NP-XXXL,XXXL,1.0,969.0,969.0
2021-07-24,20210724,Jul-21,SET269,SET269-KR-NP-S,S,1.0,969.0,969.0
2021-07-24,20210724,Jul-21,SET269,SET269-KR-NP-M,M,1.0,969.0,969.0
2021-07-24,20210724,Jul-21,SET269,SET269-KR-NP-L,L,1.0,969.0,969.0
2021-07-24,20210724,Jul-21,SET269,SET269-KR-NP-XL,XL,1.0,969.0,969.0
2021-07-24,20210724,Jul-21,SET269,SET269-KR-NP-XXL,XXL,1.0,969.0,969.0
2021-07-24,20210724,Jul-21,SET269,SET269-KR-NP-XXXL,XXXL,1.0,969.0,969.0
2021-07-24,20210724,Jul-21,SET199,SET199-KR-NP-S,S,1.0,744.0,744.0
2021-07-24,20210724,Jul-21,SET199,SET199-KR-NP-M,M,1.0,744.0,744.0
2021-07-24,20210724,Jul-21,SET199,SET199-KR-NP-L,L,1.0,744.0,744.0
2021-07-24,20210724,Jul-21,SET199,SET199-KR-NP-XL,XL,1.0,744.0,744.0
2021-07-24,20210724,Jul-21,SET199,SET199-KR-NP-XXL,XXL,1.0,744.0,744.0
2021-07-24,20210724,Jul-21,SET199,SET199-KR-NP-XXXL,XXXL,1.0,744.0,744.0
2021-07-24,20210724,Jul-21,SET194,SET194-KR-NP-S,S,1.0,744.0,744.0
2021-07-24,20210724,Jul-21,SET194,SET194-KR-NP-M,M,1.0,744.0,744.0
2021-07-24,20210724,Jul-21,SET194,SET194-KR-NP-L,L,1.0,744.0,744.0
2021-07-24,20210724,Jul-21,SET194,SET194-KR-NP-XL,XL,1.0,744.0,744.0
2021-07-24,20210724,Jul-21,SET194,SET194-KR-NP-XXL,XXL,1.0,744.0,744.0
2021-07-24,20210724,Jul-21,SET194,SET194-KR-NP-XXXL,XXXL,1.0,744.0,744.0
2021-07-24,20210724,Jul-21,JNE3722,JNE3722-KR-S,S,1.0,431.0,431.0
2021-07-24,20210724,Jul-21,JNE3722,JNE3722-KR-M,M,1.0,431.0,431.0
2021-07-24,20210724,Jul-21,JNE3722,JNE3722-KR-L,L,1.0,431.0,431.0
2021-07-24,20210724,Jul-21,JNE3722,JNE3722-KR-XL,XL,1.0,431.0,431.0
2021-07-24,20210724,Jul-21,JNE3722,JNE3722-KR-XXL,XXL,1.0,431.0,421.0
2021-07-24,20210724,Jul-21,JNE3555,JNE3555-KR-S.,S,1.0,428.0,428.0
2021-07-24,20210724,Jul-21,JNE3555,JNE3555-KR-M,M,1.0,428.0,428.0
2021-07-24,20210724,Jul-21,JNE3555,JNE3555-KR-L,L,1.0,428.0,428.0
2021-07-24,20210724,Jul-21,JNE3555,JNE3555-KR-XL,XL,1.0,428.0,428.0
2021-07-24,20210724,Jul-21,JNE3555,JNE3555-KR-XXL,XXL,1.0,428.0,428.0
2021-07-24,20210724,Jul-21,JNE3435,JNE3435-KR-XS,XS,1.0,431.0,431.0
2021-07-24,20210724,Jul-21,JNE3435,JNE3435-KR-S,S,2.0,431.0,862.0
2021-07-24,20210724,Jul-21,JNE3435,JNE3435-KR-M,M,1.0,431.0,431.0
2021-07-24,20210724,Jul-21,JNE3435,JNE3435-KR-L,L,1.0,431.0,431.0
2021-07-24,20210724,Jul-21,JNE3435,JNE3435-KR-XL,XL,1.0,431.0,431.0
2021-07-24,20210724,Jul-21,JNE3435,JNE3435-KR-XXL,XXL,1.0,431.0,431.0
2021-07-24,20210724,Jul-21,SET263,SET263-KR-NP-M,M,1.0,806.0,806.0
2021-07-24,20210724,Jul-21,SET263,SET263-KR-NP-L,L,1.0,806.0,806.0
2021-07-24,20210724,Jul-21,J0209,J0209-DR-S,S,2.0,703.0,1406.0
2021-07-24,20210724,Jul-21,J0209,J0209-DR-M,M,1.0,703.0,703.0
2021-07-24,20210724,Jul-21,J0209,J0209-DR-L,L,1.0,703.0,703.0
2021-07-24,20210724,Jul-21,J0209,J0209-DR-XS,XS,1.0,703.0,703.0
2021-07-26,20210726,Jul-21,BL025,BL025-74BLACK,Free,1.0,333.0,333.0
2021-07-26,20210726,Jul-21,BL026,BL026-74BEIGE,Free,1.0,333.0,333.0
2021-07-26,20210726,Jul-21,BL023,BL023-74PINK,Free,1.0,333.0,333.0
2021-07-26,20210726,Jul-21,BL024,BL024-74RED,Free,1.0,333.0,333.0
2021-07-26,20210726,Jul-21,SET272,SET272-KR-PP-S,S,1.0,894.0,894.0
2021-07-26,20210726,Jul-21,SET272,SET272-KR-PP-M,M,1.0,894.0,894.0
2021-07-26,20210726,Jul-21,SET272,SET272-KR-PP-L,L,1.0,894.0,894.0
2021-07-26,20210726,Jul-21,SET272,SET272-KR-PP-XL,XL,1.0,894.0,894.0
2021-07-26,20210726,Jul-21,SET272,SET272-KR-PP-XXL,XXL,1.0,894.0,894.0
2021-07-26,20210726,Jul-21,SET287,SET287-KR-NP-S,S,1.0,681.0,681.0
2021-07-26,20210726,Jul-21,SET287,SET287-KR-NP-M,M,1.0,681.0,681.0
2021-07-26,20210726,Jul-21,SET287,SET287-KR-NP-L,L,1.0,681.0,681.0
2021-07-26,20210726,Jul-21,SET287,SET287-KR-NP-XL,XL,1.0,681.0,681.0
2021-07-26,20210726,Jul-21,SET287,SET287-KR-NP-XXL,XXL,1.0,681.0,681.0
2021-07-26,20210726,Jul-21,SET281,SET281-KR-PP-S,S,1.0,850.0,850.0
2021-07-26,20210726,Jul-21,SET281,SET281-KR-PP-M,M,1.0,850.0,850.0
2021-07-26,20210726,Jul-21,SET281,SET281-KR-PP-L,L,1.0,850.0,850.0
2021-07-26,20210726,Jul-21,SET281,SET281-KR-PP-XL,XL,1.0,850.0,850.0
2021-07-26,20210726,Jul-21,SET281,SET281-KR-PP-XXL,XXL,1.0,850.0,850.0
2021-07-26,20210726,Jul-21,J0143,J0143-SET-S,S,1.0,1133.0,1133.0
2021-07-26,20210726,Jul-21,J0143,J0143-SET-M,M,1.0,1133.0,1133.0
2021-07-26,20210726,Jul-21,J0143,J0143-SET-L,L,1.0,1133.0,1133.0
2021-07-26,20210726,Jul-21,J0143,J0143-SET-XL,XL,1.0,1133.0,1133.0
2021-07-26,20210726,Jul-21,J0143,J0143-SET-XXL,XXL,1.0,1133.0,1133.0
2021-07-26,20210726,Jul-21,SET285,SET285-KR-SHA-S,S,1.0,681.0,681.0
2021-07-26,20210726,Jul-21,SET285,SET285-KR-SHA-M,M,1.0,681.0,681.0
2021-07-26,20210726,Jul-21,SET285,SET285-KR-SHA-L,L,1.0,681.0,681.0
2021-07-26,20210726,Jul-21,SET285,SET285-KR-SHA-XL,XL,1.0,681.0,681.0
2021-07-26,20210726,Jul-21,SET285,SET285-KR-SHA-XXL,XXL,1.0,681.0,681.0
2021-07-26,20210726,Jul-21,J0142,J0142-KR-S,S,1.0,625.0,625.0
2021-07-26,20210726,Jul-21,J0142,J0142-KR-M,M,1.0,625.0,625.0
2021-07-26,20210726,Jul-21,J0142,J0142-KR-L,L,1.0,625.0,625.0
2021-07-26,20210726,Jul-21,J0142,J0142-KR-XL,XL,1.0,625.0,625.0
2021-07-26,20210726,Jul-21,J0142,J0142-KR-XXL,XXL,1.0,625.0,625.0
2021-07-26,20210726,Jul-21,J0081,J0081-DR-S,S,1.0,898.0,898.0
2021-07-26,20210726,Jul-21,J0081,J0081-DR-M,M,1.0,898.0,898.0
2021-07-26,20210726,Jul-21,J0081,J0081-DR-L,L,1.0,898.0,898.0
2021-07-26,20210726,Jul-21,J0081,J0081-DR-XL,XL,1.0,898.0,898.0
2021-07-26,20210726,Jul-21,J0081,J0081-DR-XXL,XXL,1.0,898.0,898.0
2021-07-26,20210726,Jul-21,J0179,J0179-KR-S,S,1.0,741.0,741.0
2021-07-26,20210726,Jul-21,J0179,J0179-KR-M,M,1.0,741.0,741.0
2021-07-26,20210726,Jul-21,J0179,J0179-KR-L,L,1.0,741.0,741.0
2021-07-26,20210726,Jul-21,J0179,J0179-KR-XL,XL,1.0,741.0,741.0
2021-07-26,20210726,Jul-21,J0179,J0179-KR-XXL,XXL,1.0,741.0,741.0
2021-07-26,20210726,Jul-21,J0171,J0171-DR-S,S,1.0,590.0,590.0
2021-07-26,20210726,Jul-21,J0171,J0171-DR-M,M,1.0,590.0,590.0
2021-07-26,20210726,Jul-21,J0171,J0171-DR-L,L,1.0,590.0,590.0
2021-07-26,20210726,Jul-21,J0171,J0171-DR-XL,XL,1.0,590.0,590.0
2021-07-26,20210726,Jul-21,J0171,J0171-DR-XXL,XXL,1.0,590.0,590.0
2021-07-26,20210726,Jul-21,J0341,J0341-DR-S,S,1.0,781.0,781.0
2021-07-26,20210726,Jul-21,J0341,J0341-DR-M,M,1.0,781.0,781.0
2021-07-26,20210726,Jul-21,J0341,J0341-DR-L,L,1.0,781.0,781.0
2021-07-26,20210726,Jul-21,J0341,J0341-DR-XL,XL,1.0,781.0,781.0
2021-07-26,20210726,Jul-21,J0341,J0341-DR-XXL,XXL,1.0,781.0,781.0
2021-07-26,20210726,Jul-21,J0194,J0194-DR-S,S,1.0,938.0,938.0
2021-07-26,20210726,Jul-21,J0194,J0194-DR-M,M,1.0,938.0,938.0
2021-07-26,20210726,Jul-21,J0194,J0194-DR-L,L,1.0,938.0,938.0
2021-07-26,20210726,Jul-21,J0194,J0194-DR-XL,XL,1.0,938.0,938.0
2021-07-26,20210726,Jul-21,J0194,J0194-DR-XXL,XXL,1.0,938.0,938.0
2021-07-26,20210726,Jul-21,J0161,J0161-DR-S,S,1.0,698.0,698.0
2021-07-26,20210726,Jul-21,J0161,J0161-DR-XXL,XXL,1.0,698.0,698.0
2021-07-26,20210726,Jul-21,SET286,SET286-KR-NP-S,S,1.0,681.0,681.0
2021-07-26,20210726,Jul-21,SET286,SET286-KR-NP-M,M,1.0,681.0,681.0
2021-07-26,20210726,Jul-21,SET286,SET286-KR-NP-L,L,1.0,681.0,681.0
2021-07-26,20210726,Jul-21,SET286,SET286-KR-NP-XL,XL,1.0,681.0,681.0
2021-07-26,20210726,Jul-21,SET286,SET286-KR-NP-XXL,XXL,1.0,681.0,681.0
2021-07-26,20210726,Jul-21,SET291,SET291-KR-PP-S,S,1.0,619.0,619.0
2021-07-26,20210726,Jul-21,SET291,SET291-KR-PP-M,M,1.0,619.0,619.0
2021-07-26,20210726,Jul-21,SET291,SET291-KR-PP-L,L,1.0,619.0,619.0
2021-07-26,20210726,Jul-21,SET291,SET291-KR-PP-XL,XL,1.0,619.0,619.0
2021-07-26,20210726,Jul-21,SET291,SET291-KR-PP-XXL,XXL,1.0,619.0,619.0
2021-07-26,20210726,Jul-21,J0130,J0130-SET-S,S,1.0,1094.0,1094.0
2021-07-26,20210726,Jul-21,J0130,J0130-SET-M,M,1.0,1094.0,1094.0
2021-07-26,20210726,Jul-21,J0130,J0130-SET-L.,L,1.0,1094.0,1094.0
2021-07-26,20210726,Jul-21,J0130,J0130-SET-XL,XL,1.0,1094.0,1094.0
2021-07-26,20210726,Jul-21,J0130,J0130-SET-XXL,XXL,1.0,1094.0,1094.0
2021-07-26,20210726,Jul-21,J0129,J0129-SET-S,S,1.0,1289.0,1289.0
2021-07-26,20210726,Jul-21,J0129,J0129-SET-M,M,1.0,1289.0,1289.0
2021-07-26,20210726,Jul-21,J0129,J0129-SET-L,L,1.0,1289.0,1289.0
2021-07-26,20210726,Jul-21,J0129,J0129-SET-XL,XL,1.0,1289.0,1289.0
2021-07-26,20210726,Jul-21,J0129,J0129-SET-XXL,XXL,1.0,1289.0,1289.0
2021-07-26,20210726,Jul-21,J0135,J0135-SET-S,S,1.0,938.0,938.0
2021-07-26,20210726,Jul-21,J0135,J0135-SET-M,M,1.0,938.0,938.0
2021-07-26,20210726,Jul-21,J0135,J0135-SET-L,L,1.0,938.0,938.0
2021-07-26,20210726,Jul-21,J0135,J0135-SET-XL,XL,1.0,938.0,938.0
2021-07-26,20210726,Jul-21,J0135,J0135-SET-XXL,XXL,1.0,938.0,938.0
2021-07-26,20210726,Jul-21,J0242,J0242-SKD-S,S,1.0,1366.0,1366.0
2021-07-26,20210726,Jul-21,J0242,J0242-SKD-M,M,1.0,1366.0,1366.0
2021-07-26,20210726,Jul-21,J0242,J0242-SKD-L,L,1.0,1366.0,1366.0
2021-07-26,20210726,Jul-21,J0242,J0242-SKD-XL,XL,1.0,1366.0,1366.0
2021-07-26,20210726,Jul-21,J0242,J0242-SKD-XXL,XXL,1.0,1366.0,1362.0
2021-07-26,20210726,Jul-21,J0295,J0295-DR-S,S,1.0,741.0,741.0
2021-07-26,20210726,Jul-21,J0295,J0295-DR-M,M,1.0,741.0,741.0
2021-07-26,20210726,Jul-21,J0295,J0295-DR-L,L,1.0,741.0,741.0
2021-07-26,20210726,Jul-21,J0295,J0295-DR-XL,XL,1.0,741.0,741.0
2021-07-26,20210726,Jul-21,J0295,J0295-DR-XXL,XXL,1.0,741.0,741.0
2021-07-26,20210726,Jul-21,J0243,J0243-DR-S,S,1.0,1094.0,1094.0
2021-07-26,20210726,Jul-21,J0243,J0243-DR-M,M,1.0,1094.0,1094.0
2021-07-26,20210726,Jul-21,J0243,J0243-DR-L,L,1.0,1094.0,1094.0
2021-07-26,20210726,Jul-21,J0243,J0243-DR-XL,XL,1.0,1094.0,1094.0
2021-07-26,20210726,Jul-21,J0243,J0243-DR-XXL,XXL,1.0,1094.0,1094.0
2021-07-26,20210726,Jul-21,J0185,J0185-DR-S,S,1.0,1171.0,1171.0
2021-07-26,20210726,Jul-21,J0185,J0185-DR-M,M,1.0,1171.0,1171.0
2021-07-26,20210726,Jul-21,J0185,J0185-DR-L,L,1.0,1171.0,1171.0
2021-07-26,20210726,Jul-21,J0185,J0185-DR-XL,XL,1.0,1171.0,1171.0
2021-07-26,20210726,Jul-21,J0185,J0185-DR-XXL,XXL,1.0,1171.0,1171.0
2021-07-26,20210726,Jul-21,J0283,J0283-SET-S,S,1.0,1171.0,1171.0
2021-07-26,20210726,Jul-21,J0283,J0283-SET-M,M,1.0,1171.0,1171.0
2021-07-26,20210726,Jul-21,J0283,J0283-SET-L,L,1.0,1171.0,1171.0
2021-07-26,20210726,Jul-21,J0283,J0283-SET-XL,XL,1.0,1171.0,1171.0
2021-07-26,20210726,Jul-21,J0283,J0283-SET-XXL,XXL,1.0,1171.0,1171.0
2021-07-26,20210726,Jul-21,J0277,J0277-SKD-S,S,1.0,1758.0,1758.0
2021-07-26,20210726,Jul-21,J0277,J0277-SKD-M,M,1.0,1758.0,1758.0
2021-07-26,20210726,Jul-21,J0277,J0277-SKD-L,L,1.0,1758.0,1758.0
2021-07-26,20210726,Jul-21,J0277,J0277-SKD-XL,XL,1.0,1758.0,1758.0
2021-07-26,20210726,Jul-21,J0277,J0277-SKD-XXL,XXL,1.0,1758.0,1758.0
2021-07-26,20210726,Jul-21,J0284,J0284-SKD-S,S,1.0,1758.0,1758.0
2021-07-26,20210726,Jul-21,J0284,J0284-SKD-M,M,1.0,1758.0,1758.0
2021-07-26,20210726,Jul-21,J0284,J0284-SKD-L,L,1.0,1758.0,1758.0
2021-07-26,20210726,Jul-21,J0284,J0284-SKD-XL,XL,1.0,1758.0,1758.0
2021-07-26,20210726,Jul-21,J0284,J0284-SKD-XXL,XXL,1.0,1758.0,1758.0
2021-07-26,20210726,Jul-21,J0338,J0338-DR-S,S,1.0,781.0,781.0
2021-07-26,20210726,Jul-21,J0338,J0338-DR-M,M,1.0,781.0,781.0
2021-07-26,20210726,Jul-21,J0338,J0338-DR-L,L,1.0,781.0,781.0
2021-07-26,20210726,Jul-21,J0338,J0338-DR-XL,XL,1.0,781.0,781.0
2021-07-26,20210726,Jul-21,J0338,J0338-DR-XXL,XXL,1.0,781.0,777.0
2021-07-28,20210728,Jul-21,J0207,J0207-DR-XL,XL,1.0,859.0,859.0
2021-07-28,20210728,Jul-21,J0161,J0161-DR-XL,XL,1.0,698.0,698.0
2021-07-28,20210728,Jul-21,J0210,J0210-DR-XL,XL,1.0,938.0,938.0
2021-07-28,20210728,Jul-21,J0209,J0209-DR-XL,XL,1.0,703.0,703.0
2021-07-28,20210728,Jul-21,J0084,J0084-TP-XL,XL,1.0,859.0,859.0
2021-07-28,20210728,Jul-21,J0153,J0153-DR-XS,XS,1.0,585.0,585.0
2021-07-28,20210728,Jul-21,J0172,J0172-TP-XS,XS,1.0,390.0,390.0
2021-07-28,20210728,Jul-21,J0203,J0203-TP-XS,XS,1.0,664.0,664.0
2021-07-28,20210728,Jul-21,J0339,J0339-DR-XS,XS,2.0,781.0,1562.0
2021-07-28,20210728,Jul-21,JNE3689,JNE3689-TU-XS,XS,1.0,431.0,431.0
2021-07-28,20210728,Jul-21,JNE3671,JNE3671-TU-XS,XS,1.0,513.0,513.0
2021-07-28,20210728,Jul-21,J0023,J0023-TP-XS,XS,1.0,450.0,450.0
2021-07-28,20210728,Jul-21,J0196,J0196-TP-XS,XS,1.0,585.0,585.0
2021-07-28,20210728,Jul-21,J0211,J0211-DR-XS,XS,1.0,820.0,820.0
2021-07-29,20210729,Jul-21,J0014,J0014-LCD-L,L,1.0,1327.5,1328.0
2021-07-29,20210729,Jul-21,J0014,J0014-LCD-XL,XL,1.0,1327.5,1328.0
2021-07-29,20210729,Jul-21,SET145,SET145-KR-NP-M,M,1.0,931.25,931.0
2021-07-29,20210729,Jul-21,SET145,SET145-KR-NP-L,L,1.0,931.25,931.0
2021-07-29,20210729,Jul-21,SET094,SET094-KR-NP-M,M,1.0,993.75,994.0
2021-07-29,20210729,Jul-21,SET094,SET094-KR-NP-L,L,1.0,993.75,994.0
2021-07-29,20210729,Jul-21,SET094,SET094-KR-NP-XL,XL,1.0,993.75,994.0
2021-07-29,20210729,Jul-21,JNE3688,JNE3688-TU-M,M,1.0,512.5,512.0
2021-07-29,20210729,Jul-21,JNE3688,JNE3688-TU-L,L,1.0,512.5,512.0
2021-07-29,20210729,Jul-21,JNE3688,JNE3688-TU-XL,XL,1.0,512.5,512.0
2021-07-29,20210729,Jul-21,JNE3688,JNE3688-TU-XXL,XXL,1.0,512.5,512.0
2021-07-29,20210729,Jul-21,JNE3676,JNE3676-TU-M,M,1.0,431.25,431.0
2021-07-29,20210729,Jul-21,JNE3676,JNE3676-TU-L,L,1.0,431.25,431.0
2021-07-29,20210729,Jul-21,JNE3676,JNE3676-TU-XL,XL,1.0,431.25,431.0
2021-07-29,20210729,Jul-21,JNE3669,JNE3669-TU-L,L,1.0,450.0,450.0
2021-07-29,20210729,Jul-21,JNE3669,JNE3669-TU-XL,XL,1.0,450.0,450.0
2021-07-29,20210729,Jul-21,JNE3669,JNE3669-TU-XXL,XXL,1.0,450.0,450.0
2021-07-29,20210729,Jul-21,JNE3686,JNE3686-TU-XL,XL,1.0,450.0,450.0
2021-07-29,20210729,Jul-21,JNE3686,JNE3686-TU-XXL,XXL,1.0,450.0,450.0
2021-07-29,20210729,Jul-21,JNE3686,JNE3686-TU-XXXL,XXXL,1.0,450.0,450.0
2021-07-29,20210729,Jul-21,JNE3679,JNE3679-TU-XL,XL,1.0,450.0,450.0
2021-07-29,20210729,Jul-21,JNE3679,JNE3679-TU-XXL,XXL,1.0,450.0,450.0
2021-07-29,20210729,Jul-21,JNE3679,JNE3679-TU-XXXL,XXXL,1.0,450.0,450.0
2021-07-29,20210729,Jul-21,JNE3687,JNE3687-TU-L,L,1.0,450.0,450.0
2021-07-29,20210729,Jul-21,JNE3687,JNE3687-TU-XL,XL,1.0,450.0,450.0
2021-07-29,20210729,Jul-21,JNE3687,JNE3687-TU-XXL,XXL,1.0,450.0,450.0
2021-07-29,20210729,Jul-21,JNE3687,JNE3687-TU-XXXL,XXXL,1.0,450.0,450.0
2021-07-29,20210729,Jul-21,JNE3674,JNE3674-TU-L,L,1.0,450.0,450.0
2021-07-29,20210729,Jul-21,JNE3674,JNE3674-TU-XL,XL,1.0,450.0,450.0
2021-07-29,20210729,Jul-21,JNE3674,JNE3674-TU-XXL,XXL,1.0,450.0,450.0
2021-07-29,20210729,Jul-21,JNE3662,JNE3662-TP-M,M,1.0,512.5,512.0
2021-07-29,20210729,Jul-21,JNE3662,JNE3662-TP-L,L,1.0,512.5,512.0
2021-07-29,20210729,Jul-21,JNE3662,JNE3662-TP-XL,XL,1.0,512.5,512.0
2021-07-29,20210729,Jul-21,JNE3673,JNE3673-TU-M,M,1.0,512.5,512.0
2021-07-29,20210729,Jul-21,JNE3673,JNE3673-TU-XXL,XXL,1.0,512.5,512.0
2021-07-29,20210729,Jul-21,SET094,SET094-KR-NP-XXXL,XXXL,1.0,993.75,994.0
2021-07-29,20210729,Jul-21,SET098,SET098-KR-PP-L,L,1.0,868.75,869.0
2021-07-29,20210729,Jul-21,SET098,SET098-KR-PP-XL,XL,1.0,868.75,869.0
2021-07-29,20210729,Jul-21,SET098,SET098-KR-PP-XXL,XXL,1.0,868.75,869.0
2021-07-29,20210729,Jul-21,JNE2049,JNE2049-KR-351-XL,XL,1.0,556.25,556.0
2021-07-29,20210729,Jul-21,JNE2049,JNE2049-KR-351-XXL,XXL,1.0,556.25,556.0
2021-07-29,20210729,Jul-21,JNE3255,JNE3255-KR-XXL,XXL,1.0,556.25,556.0
2021-07-29,20210729,Jul-21,JNE3255,JNE3255-KR-XXXL,XXXL,1.0,556.25,556.0
2021-07-29,20210729,Jul-21,J0037,J0037-KR-L,L,1.0,850.0,850.0
2021-07-29,20210729,Jul-21,J0037,J0037-KR-XL,XL,1.0,850.0,850.0
2021-07-29,20210729,Jul-21,J0037,J0037-KR-XXL,XXL,1.0,850.0,850.0
2021-07-29,20210729,Jul-21,BTM021,BTM021-L,L,1.0,337.5,338.0
2021-07-29,20210729,Jul-21,BTM021,BTM021-XL,XL,1.0,337.5,338.0
2021-07-29,20210729,Jul-21,BTM033,BTM033-NP-L,L,1.0,337.5,338.0
2021-07-29,20210729,Jul-21,BTM033,BTM033-NP-XL,XL,1.0,337.5,338.0
2021-07-29,20210729,Jul-21,BTM029,BTM029-NP-L,L,1.0,337.5,338.0
2021-07-29,20210729,Jul-21,BTM029,BTM029-NP-XL,XL,1.0,337.5,338.0
2021-07-29,20210729,Jul-21,AN209,AN209-BIEGE-XXL,XXL,1.0,281.25,281.0
2021-07-29,20210729,Jul-21,BTM032,BTM032-NP-XXXL,XXXL,1.0,337.5,338.0
2021-07-29,20210729,Jul-21,SET145,SET145-KR-NP-XXXL,XXXL,1.0,931.25,931.0
2021-07-30,20210730,Jul-21,BL013,BL013-62BLACK,Free,1.0,285.0,285.0
2021-07-30,20210730,Jul-21,BL100,BL100-L,L,1.0,325.0,325.0
2021-07-30,20210730,Jul-21,BL102,BL102-M,M,1.0,325.0,325.0
2021-07-30,20210730,Jul-21,BL098,BL098-M,M,1.0,325.0,325.0
2021-07-30,20210730,Jul-21,BL109,BL109-M,M,1.0,537.5,538.0
2021-07-30,20210730,Jul-21,BL109,BL109-L,L,1.0,537.5,538.0
2021-07-30,20210730,Jul-21,BL109,BL109-XL,XL,1.0,537.5,538.0
2021-07-30,20210730,Jul-21,BL093,BL093-M,M,1.0,431.25,431.0
2021-07-30,20210730,Jul-21,BL093,BL093-L,L,1.0,431.25,431.0
2021-07-30,20210730,Jul-21,BL097,BL097-M,M,1.0,325.0,325.0
2021-07-30,20210730,Jul-21,BL097,BL097-L,L,1.0,325.0,325.0
2021-07-30,20210730,Jul-21,BL097,BL097-XXL,XXL,1.0,325.0,325.0
2021-07-30,20210730,Jul-21,BL055,BL055-164GOLD,Free,2.0,313.75,628.0
2021-07-30,20210730,Jul-21,BL085,BL085-L,L,1.0,431.25,431.0
2021-07-30,20210730,Jul-21,BL099,BL099-L,L,1.0,325.0,325.0
2021-07-30,20210730,Jul-21,BL099,BL099-XL,XL,1.0,325.0,325.0
2021-07-30,20210730,Jul-21,BL099,BL099-XXL,XXL,1.0,325.0,325.0
2021-07-30,20210730,Jul-21,BL091,BL091-XL,XL,1.0,431.25,431.0
2021-07-30,20210730,Jul-21,BL009,BL009-61BLACK,Free,2.0,253.75,508.0
2021-07-30,20210730,Jul-21,BL087,BL087-M,M,1.0,431.25,431.0
2021-07-30,20210730,Jul-21,BL087,BL087-L,L,1.0,431.25,431.0
2021-07-30,20210730,Jul-21,J0025,J0025-DR-L,L,1.0,768.75,769.0
2021-07-30,20210730,Jul-21,J0025,J0025-DR-XL,XL,1.0,768.75,769.0
2021-07-30,20210730,Jul-21,J0025,J0025-DR-XXL,XXL,1.0,768.75,769.0
2021-07-30,20210730,Jul-21,JNE3709,JNE3709-DR-M,M,1.0,993.75,994.0
2021-07-30,20210730,Jul-21,JNE3709,JNE3709-DR-L,L,1.0,993.75,994.0
2021-07-30,20210730,Jul-21,JNE3710,JNE3710-DR-M,M,1.0,618.75,619.0
2021-07-30,20210730,Jul-21,J0033,J0033-KR-L,L,1.0,618.75,619.0
2021-07-30,20210730,Jul-21,J0033,J0033-KR-XL,XL,1.0,618.75,619.0
2021-07-30,20210730,Jul-21,J0024,J0024-KR-M,M,1.0,512.5,512.0
2021-07-30,20210730,Jul-21,J0024,J0024-KR-L,L,1.0,512.5,512.0
2021-07-30,20210730,Jul-21,JNE3697,JNE3697-KR-L,L,1.0,431.25,431.0
2021-07-30,20210730,Jul-21,JNE3697,JNE3697-KR-XL,XL,1.0,431.25,431.0
2021-07-30,20210730,Jul-21,JNE3697,JNE3697-KR-XXL,XXL,1.0,431.25,431.0
2021-07-30,20210730,Jul-21,JNE3637,JNE3637-KR-M,M,1.0,681.25,681.0
2021-07-30,20210730,Jul-21,JNE3637,JNE3637-KR-L,L,1.0,681.25,681.0
2021-07-30,20210730,Jul-21,JNE3637,JNE3637-KR-XL,XL,1.0,681.25,681.0
2021-07-30,20210730,Jul-21,J0170,J0170-TP-M,M,1.0,403.75,404.0
2021-07-30,20210730,Jul-21,J0170,J0170-TP-L,L,1.0,403.75,404.0
2021-07-30,20210730,Jul-21,J0170,J0170-TP-XL,XL,1.0,403.75,404.0
2021-07-30,20210730,Jul-21,J0078,J0078-SET-L,L,1.0,1522.5,1522.0
2021-07-30,20210730,Jul-21,J0078,J0078-SET-XL,XL,1.0,1522.5,1522.0
2021-07-30,20210730,Jul-21,J0078,J0078-SET-XXL,XXL,1.0,1522.5,1522.0
2021-07-30,20210730,Jul-21,J0171,J0171-DR-L,L,1.0,590.0,590.0
2021-07-30,20210730,Jul-21,J0171,J0171-DR-XL,XL,1.0,590.0,590.0
2021-07-30,20210730,Jul-21,J0120,J0120-TP-L,L,1.0,390.0,390.0
2021-07-30,20210730,Jul-21,J0120,J0120-TP-XL,XL,1.0,390.0,390.0
2021-07-30,20210730,Jul-21,J0120,J0120-TP-XXL,XXL,1.0,390.0,390.0
2021-07-30,20210730,Jul-21,J0343,J0343-DR-M,M,1.0,781.25,781.0
2021-07-30,20210730,Jul-21,J0343,J0343-DR-L,L,1.0,781.25,781.0
2021-07-30,20210730,Jul-21,SET268,SET268-KR-NP-L,L,1.0,844.0,844.0
2021-07-30,20210730,Jul-21,SET268,SET268-KR-NP-XXL,XXL,1.0,844.0,844.0
2021-07-30,20210730,Jul-21,J0171,J0171-DR-XXL,XXL,1.0,590.0,590.0
2021-07-30,20210730,Jul-21,J0171,J0171-DR-XXXL,XXXL,1.0,590.0,590.0
2021-07-30,20210730,Jul-21,J0239,J0239-SKD-L,L,1.0,1445.0,1445.0
2021-07-30,20210730,Jul-21,J0239,J0239-SKD-XXL,XXL,1.0,1445.0,1445.0
2021-07-30,20210730,Jul-21,JNE3523,JNE3523-KR-M,M,1.0,513.0,513.0
2021-07-30,20210730,Jul-21,JNE3523,JNE3523-KR-XL,XL,1.0,513.0,513.0
2021-07-30,20210730,Jul-21,J0244,J0244-SKD-L,L,1.0,1366.0,1366.0
2021-07-30,20210730,Jul-21,J0244,J0244-SKD-XXL,XXL,1.0,1366.0,1366.0
2021-07-30,20210730,Jul-21,J0243,J0243-DR-L,L,1.0,1094.0,1094.0
2021-07-30,20210730,Jul-21,J0243,J0243-DR-XXL,XXL,1.0,1094.0,1094.0
2021-07-30,20210730,Jul-21,J0243,J0243-DR-XXXL,XXXL,1.0,1094.0,1094.0
2021-07-30,20210730,Jul-21,JNE3621,JNE3621-KR-L,L,1.0,646.0,646.0
2021-07-30,20210730,Jul-21,JNE3621,JNE3621-KR-XL,XL,1.0,646.0,646.0
2021-07-30,20210730,Jul-21,JNE3256,JNE3256-KR-L,L,1.0,556.0,556.0
2021-07-30,20210730,Jul-21,JNE3256,JNE3256-KR-XL,XL,1.0,556.0,556.0
2021-07-30,20210730,Jul-21,JNE3256,JNE3256-KR-XXL,XXL,1.0,556.0,556.0
2021-07-30,20210730,Jul-21,JNE3709,JNE3709-DR-XL,XL,1.0,994.0,994.0
2021-07-30,20210730,Jul-21,JNE3709,JNE3709-DR-XXXL,XXXL,1.0,994.0,994.0
2021-07-30,20210730,Jul-21,JNE3464,JNE3464-KR-L,L,1.0,588.0,588.0
2021-07-30,20210730,Jul-21,JNE3464,JNE3464-KR-XL,XL,1.0,588.0,588.0
2021-07-30,20210730,Jul-21,JNE3464,JNE3464-KR-XXL,XXL,1.0,588.0,588.0
2021-07-30,20210730,Jul-21,JNE3464,JNE3464-KR-XXXL,XXXL,2.0,588.0,1176.0
2021-07-30,20210730,Jul-21,JNE3651,JNE3651-TP-L,L,1.0,431.0,431.0
2021-07-30,20210730,Jul-21,JNE3651,JNE3651-TP-XL,XL,1.0,431.0,431.0
2021-07-30,20210730,Jul-21,JNE3712,JNE3712-TP-L,L,1.0,431.0,431.0
2021-07-30,20210730,Jul-21,JNE3712,JNE3712-TP-XL,XL,1.0,431.0,431.0
2021-07-30,20210730,Jul-21,J0180,J0180-DR-M,M,1.0,507.0,507.0
2021-07-30,20210730,Jul-21,J0180,J0180-DR-XXL,XXL,1.0,507.0,507.0
2021-07-30,20210730,Jul-21,JNE3672,JNE3672-TU-L,L,1.0,450.0,450.0
2021-07-30,20210730,Jul-21,JNE3672,JNE3672-TU-XXL,XXL,1.0,450.0,450.0
2021-07-30,20210730,Jul-21,SET110,SET110-KR-PP-S,S,1.0,931.0,931.0
2021-07-30,20210730,Jul-21,SET110,SET110-KR-PP-M,M,1.0,931.0,931.0
2021-07-30,20210730,Jul-21,J0210,J0210-DR-L,L,1.0,938.0,938.0
2021-07-30,20210730,Jul-21,J0210,J0210-DR-XL,XL,1.0,938.0,938.0
2021-07-30,20210730,Jul-21,J0210,J0210-DR-XXL,XXL,1.0,938.0,938.0
2021-07-30,20210730,Jul-21,J0212,J0212-DR-L,L,1.0,781.0,781.0
2021-07-30,20210730,Jul-21,J0172,J0172-TP-L,L,1.0,390.0,390.0
2021-07-30,20210730,Jul-21,J0157,J0157-DR-S,S,1.0,585.0,585.0
2021-07-30,20210730,Jul-21,JNE3691,JNE3691-TU-L,L,1.0,556.0,556.0
2021-07-30,20210730,Jul-21,JNE3744,JNE3744-TU-XL,XL,1.0,556.0,556.0
2021-07-30,20210730,Jul-21,JNE3744,JNE3744-TU-XXL,XXL,1.0,556.0,556.0
2021-07-30,20210730,Jul-21,JNE3683,JNE3683-TU-XXXL,XXXL,1.0,431.0,431.0
2021-07-31,20210731,Jul-21,SET262,SET262-KR-NP-S,S,1.0,893.75,894.0
2021-07-31,20210731,Jul-21,JNE3616,JNE3616-KR-XS,XS,1.0,537.5,538.0
2021-07-31,20210731,Jul-21,JNE3616,JNE3616-KR-S,S,1.0,537.5,538.0
2021-07-31,20210731,Jul-21,JNE2266,JNE2266-KR-490-XL,XL,1.0,527.5,528.0
2021-07-31,20210731,Jul-21,JNE3714,JNE3714-KR-XL,XL,1.0,537.5,538.0
2021-07-31,20210731,Jul-21,JNE2291,JNE2291-KR-602-XXXL,XXXL,1.0,493.75,494.0
2021-07-31,20210731,Jul-21,JNE3425,JNE3425-KR-XXXL,XXXL,1.0,556.25,556.0
2021-07-31,20210731,Jul-21,SET058,SET058-KR-NP-XL,XL,1.0,943.75,944.0
2021-07-31,20210731,Jul-21,SET253,SET253-KR-NP-XL,XL,1.0,943.75,944.0
2021-07-31,20210731,Jul-21,JNE3311,JNE3311-KR-M,M,1.0,975.0,975.0
2021-07-31,20210731,Jul-21,JNE3614,JNE3614-KR-M,M,1.0,537.5,538.0
2021-07-31,20210731,Jul-21,JNE3294,JNE3294-KR-L,L,1.0,493.75,494.0
2021-07-31,20210731,Jul-21,JNE3294,JNE3294-KR-XL,XL,1.0,493.75,494.0
2021-07-31,20210731,Jul-21,JNE1525,KURTI,Free,1.0,468.75,469.0
2021-07-31,20210731,Jul-21,JNE3396,JNE3396-KR-XL,XL,1.0,556.25,556.0
2021-07-31,20210731,Jul-21,JNE3363,JNE3363-KR-1032-XL,XL,1.0,493.75,494.0
2021-07-31,20210731,Jul-21,CH209,CH209-BIEGE-S,S,1.0,358.75,359.0
2021-07-31,20210731,Jul-21,JNE3432,JNE3432-KR-L,L,1.0,493.75,494.0
2021-07-31,20210731,Jul-21,JNE2032,JNE2032-KR-205-L,L,1.0,468.75,469.0
2021-07-31,20210731,Jul-21,JNE2014,JNE2014-KR-178-L,L,1.0,431.25,431.0
2021-07-31,20210731,Jul-21,JNE3439,JNE3439-KR-L,L,1.0,408.75,409.0
2021-07-31,20210731,Jul-21,JNE3421,JNE3421-KR-L,L,1.0,408.75,409.0
2021-07-31,20210731,Jul-21,JNE3388,JNE3388-KR-L,L,1.0,300.0,300.0
2021-07-31,20210731,Jul-21,SET036,SET036-KR-NP-L,L,1.0,466.67,467.0
2021-07-31,20210731,Jul-21,JNE3459,JNE3459-KR-L,L,1.0,650.0,650.0
2021-07-31,20210731,Jul-21,JNE3437,JNE3437-KR-L,L,1.0,618.75,619.0
2021-07-31,20210731,Jul-21,JNE3428,JNE3428-KR-L,L,1.0,493.75,494.0
2021-07-31,20210731,Jul-21,JNE3557,JNE3557-KR-L,L,1.0,427.5,428.0
2021-07-31,20210731,Jul-21,SET249,SET249-KR-NP-L,L,1.0,943.75,944.0
2021-07-31,20210731,Jul-21,SET073,SET073-KR-SHA-L,L,1.0,968.75,969.0
2021-07-31,20210731,Jul-21,JNE3555,JNE3555-KR-L,L,1.0,427.5,428.0
2021-07-31,20210731,Jul-21,JNE3479,JNE3479-KR-L,L,1.0,408.75,409.0
2021-07-31,20210731,Jul-21,JNE3579,JNE3579-KR-L,L,1.0,408.75,409.0
2021-07-31,20210731,Jul-21,JNE3423,JNE3423-KR-L,L,1.0,431.25,431.0
2021-07-31,20210731,Jul-21,JNE3717,JNE3717-KR-L,L,1.0,537.5,538.0
2021-07-31,20210731,Jul-21,J0175,J0175-KR-M,M,1.0,702.5,702.0
2021-07-31,20210731,Jul-21,J0174,J0174-TP-M,M,1.0,625.0,625.0
2021-07-31,20210731,Jul-21,JNE2009,JNE2009-KR-310-S,S,1.0,408.75,409.0
2021-07-31,20210731,Jul-21,JNE3425,JNE3425-KR-XXL,XXL,1.0,556.25,556.0
2021-07-31,20210731,Jul-21,CH209,CH209-BIEGE-XXL,XXL,1.0,358.75,359.0
2021-07-31,20210731,Jul-21,JNE3386,JNE3386-KR-S,S,1.0,241.11,241.0
2021-07-31,20210731,Jul-21,JNE3383,JNE3383-KR-M,M,2.0,618.75,1238.0
2021-08-04,20210804,Aug-21,J0001,J0001-DR-L,L,12.0,584.0,6307.0
2021-08-04,20210804,Aug-21,J0001,J0001-DR-M,M,11.0,584.0,5782.0
2021-08-04,20210804,Aug-21,J0001,J0001-DR-S,S,6.0,584.0,3154.0
2021-08-04,20210804,Aug-21,J0001,J0001-DR-XS,XS,2.0,584.0,1051.0
2021-08-04,20210804,Aug-21,J0023,J0023-TP-S,S,4.0,487.0,1753.0
2021-08-04,20210804,Aug-21,J0023,J0023-TP-XL,XL,1.0,487.0,438.0
2021-08-04,20210804,Aug-21,J0023,J0023-TP-XS,XS,2.0,487.0,877.0
2021-08-04,20210804,Aug-21,J0035,J0035-KR-L,L,7.0,619.0,3900.0
2021-08-04,20210804,Aug-21,J0035,J0035-KR-M,M,8.0,619.0,4457.0
2021-08-04,20210804,Aug-21,J0035,J0035-KR-S,S,4.0,619.0,2228.0
2021-08-04,20210804,Aug-21,J0035,J0035-KR-XL,XL,6.0,619.0,3343.0
2021-08-04,20210804,Aug-21,J0035,J0035-KR-XXL,XXL,3.0,619.0,1671.0
2021-08-04,20210804,Aug-21,J0084,J0084-TP-L,L,6.0,812.0,4287.0
2021-08-04,20210804,Aug-21,J0084,J0084-TP-M,M,6.0,812.0,4287.0
2021-08-04,20210804,Aug-21,J0084,J0084-TP-S,S,2.0,812.0,1429.0
2021-08-04,20210804,Aug-21,J0119,J0119-TP-L,L,6.0,422.0,2279.0
2021-08-04,20210804,Aug-21,J0119,J0119-TP-M,M,4.0,422.0,1519.0
2021-08-04,20210804,Aug-21,J0119,J0119-TP-XL,XL,2.0,422.0,760.0
2021-08-04,20210804,Aug-21,J0119,J0119-TP-XXL,XXL,2.0,422.0,760.0
2021-08-04,20210804,Aug-21,J0123,J0123-TP-L,L,4.0,377.0,1357.0
2021-08-04,20210804,Aug-21,J0123,J0123-TP-M,M,6.0,377.0,2036.0
2021-08-04,20210804,Aug-21,J0123,J0123-TP-S,S,5.0,377.0,1696.0
2021-08-04,20210804,Aug-21,J0123,J0123-TP-XL,XL,1.0,377.0,339.0
2021-08-04,20210804,Aug-21,J0123,J0123-TP-XS,XS,2.0,377.0,679.0
2021-08-04,20210804,Aug-21,J0138,J0138-KR-L,L,8.0,649.0,4673.0
2021-08-04,20210804,Aug-21,J0138,J0138-KR-M,M,8.0,649.0,4673.0
2021-08-04,20210804,Aug-21,J0138,J0138-KR-S,S,2.0,649.0,1168.0
2021-08-04,20210804,Aug-21,J0138,J0138-KR-XL,XL,2.0,649.0,1168.0
2021-08-04,20210804,Aug-21,J0152,J0152-DR-L,L,2.0,779.0,1402.0
2021-08-04,20210804,Aug-21,J0152,J0152-DR-M,M,4.0,779.0,2804.0
2021-08-04,20210804,Aug-21,J0152,J0152-DR-S,S,5.0,779.0,3506.0
2021-08-04,20210804,Aug-21,J0152,J0152-DR-XS,XS,2.0,779.0,1402.0
2021-08-04,20210804,Aug-21,J0154,J0154-DR-L,L,6.0,552.0,2981.0
2021-08-04,20210804,Aug-21,J0154,J0154-DR-M,M,8.0,552.0,3974.0
2021-08-04,20210804,Aug-21,J0154,J0154-DR-S,S,4.0,552.0,1987.0
2021-08-04,20210804,Aug-21,J0154,J0154-DR-XL,XL,2.0,552.0,994.0
2021-08-04,20210804,Aug-21,J0154,J0154-DR-XS,XS,1.0,552.0,497.0
2021-08-04,20210804,Aug-21,J0166,J0166-DR-L,L,8.0,790.0,5688.0
2021-08-04,20210804,Aug-21,J0166,J0166-DR-M,M,8.0,790.0,5688.0
2021-08-04,20210804,Aug-21,J0166,J0166-DR-S,S,4.0,790.0,2844.0
2021-08-04,20210804,Aug-21,J0166,J0166-DR-XL,XL,4.0,790.0,2844.0
2021-08-04,20210804,Aug-21,J0166,J0166-DR-XS,XS,2.0,790.0,1422.0
2021-08-04,20210804,Aug-21,J0166,J0166-DR-XXL,XXL,1.0,790.0,711.0
2021-08-04,20210804,Aug-21,J0178,J0178-TP-L,L,2.0,357.0,643.0
2021-08-04,20210804,Aug-21,J0178,J0178-TP-M,M,4.0,357.0,1285.0
2021-08-04,20210804,Aug-21,J0178,J0178-TP-S,S,4.0,357.0,1285.0
2021-08-04,20210804,Aug-21,J0178,J0178-TP-XS,XS,2.0,357.0,643.0
2021-08-04,20210804,Aug-21,J0185,J0185-DR-L,L,4.0,1104.0,3886.0
2021-08-04,20210804,Aug-21,J0185,J0185-DR-M,M,4.0,1104.0,3886.0
2021-08-04,20210804,Aug-21,J0185,J0185-DR-S,S,1.0,1104.0,972.0
2021-08-04,20210804,Aug-21,J0185,J0185-DR-XL,XL,2.0,1104.0,1943.0
2021-08-04,20210804,Aug-21,J0197,J0197-TP-L,L,8.0,584.0,4205.0
2021-08-04,20210804,Aug-21,J0197,J0197-TP-M,M,8.0,584.0,4205.0
2021-08-04,20210804,Aug-21,J0197,J0197-TP-S,S,4.0,584.0,2102.0
2021-08-04,20210804,Aug-21,J0197,J0197-TP-XL,XL,2.0,584.0,1051.0
2021-08-04,20210804,Aug-21,J0197,J0197-TP-XS,XS,2.0,584.0,1051.0
2021-08-04,20210804,Aug-21,J0202,J0202-TP-L,L,6.0,649.0,3505.0
2021-08-04,20210804,Aug-21,J0202,J0202-TP-M,M,6.0,649.0,3505.0
2021-08-04,20210804,Aug-21,J0202,J0202-TP-S,S,4.0,649.0,2336.0
2021-08-04,20210804,Aug-21,J0202,J0202-TP-XL,XL,2.0,649.0,1168.0
2021-08-04,20210804,Aug-21,J0202,J0202-TP-XS,XS,2.0,649.0,1168.0
2021-08-04,20210804,Aug-21,J0202,J0202-TP-XXL,XXL,2.0,649.0,1168.0
2021-08-04,20210804,Aug-21,J0207,J0207-DR-S,S,4.0,812.0,2858.0
2021-08-04,20210804,Aug-21,J0207,J0207-DR-XL,XL,3.0,812.0,2144.0
2021-08-04,20210804,Aug-21,J0207,J0207-DR-XXL,XXL,2.0,812.0,1429.0
2021-08-04,20210804,Aug-21,J0208,J0208-DR-L,L,6.0,747.0,4034.0
2021-08-04,20210804,Aug-21,J0208,J0208-DR-M,M,6.0,747.0,4034.0
2021-08-04,20210804,Aug-21,J0208,J0208-DR-S,S,2.0,747.0,1345.0
2021-08-04,20210804,Aug-21,J0208,J0208-DR-XL,XL,3.0,747.0,2017.0
2021-08-04,20210804,Aug-21,J0239,J0239-SKD-L,L,6.0,1364.0,7202.0
2021-08-04,20210804,Aug-21,J0239,J0239-SKD-S,S,2.0,1364.0,2401.0
2021-08-04,20210804,Aug-21,J0239,J0239-SKD-XL,XL,4.0,1364.0,4801.0
2021-08-04,20210804,Aug-21,J0239,J0239-SKD-XXL,XXL,2.0,1364.0,2401.0
2021-08-04,20210804,Aug-21,J0243,J0243-DR-L,L,4.0,1039.0,3657.0
2021-08-04,20210804,Aug-21,J0243,J0243-DR-M,M,4.0,1039.0,3657.0
2021-08-04,20210804,Aug-21,J0243,J0243-DR-S,S,2.0,1039.0,1829.0
2021-08-04,20210804,Aug-21,J0243,J0243-DR-XL,XL,2.0,1039.0,1829.0
2021-08-04,20210804,Aug-21,J0244,J0244-SKD-L,L,5.0,1234.0,5430.0
2021-08-04,20210804,Aug-21,J0244,J0244-SKD-M,M,4.0,1234.0,4344.0
2021-08-04,20210804,Aug-21,J0244,J0244-SKD-XL,XL,2.0,1234.0,2172.0
2021-08-04,20210804,Aug-21,J0279,J0279-SET-L,L,2.0,1039.0,1829.0
2021-08-04,20210804,Aug-21,J0279,J0279-SET-S,S,3.0,1039.0,2743.0
2021-08-04,20210804,Aug-21,J0279,J0279-SET-XL,XL,1.0,1039.0,914.0
2021-08-04,20210804,Aug-21,J0279,J0279-SET-XXL,XXL,1.0,1039.0,914.0
2021-08-04,20210804,Aug-21,J0283,J0283-SET-L,L,6.0,1039.0,5486.0
2021-08-04,20210804,Aug-21,J0283,J0283-SET-M,M,5.0,1039.0,4572.0
2021-08-04,20210804,Aug-21,J0283,J0283-SET-S,S,2.0,1039.0,1829.0
2021-08-04,20210804,Aug-21,J0283,J0283-SET-XL,XL,4.0,1039.0,3657.0
2021-08-04,20210804,Aug-21,J0283,J0283-SET-XXL,XXL,2.0,1039.0,1829.0
2021-08-04,20210804,Aug-21,JNE2100,JNE2100-KR-144-L,L,4.0,454.0,1634.0
2021-08-04,20210804,Aug-21,JNE2100,JNE2100-KR-144-M,M,4.0,454.0,1634.0
2021-08-04,20210804,Aug-21,JNE2100,JNE2100-KR-144-S,S,2.0,454.0,817.0
2021-08-04,20210804,Aug-21,JNE2100,JNE2100-KR-144-XL,XL,2.0,454.0,817.0
2021-08-04,20210804,Aug-21,JNE2100,JNE2100-KR-144-XXL,XXL,2.0,454.0,817.0
2021-08-04,20210804,Aug-21,JNE3366,JNE3366-KR-1053-L,L,6.0,422.0,2279.0
2021-08-04,20210804,Aug-21,JNE3366,JNE3366-KR-1053-M,M,8.0,422.0,3038.0
2021-08-04,20210804,Aug-21,JNE3366,JNE3366-KR-1053-S,S,4.0,422.0,1519.0
2021-08-04,20210804,Aug-21,JNE3366,JNE3366-KR-1053-XL,XL,5.0,422.0,1899.0
2021-08-04,20210804,Aug-21,JNE3366,JNE3366-KR-1053-XS,XS,1.0,422.0,380.0
2021-08-04,20210804,Aug-21,JNE3366,JNE3366-KR-1053-XXL,XXL,4.0,422.0,1519.0
2021-08-04,20210804,Aug-21,JNE3440,JNE3440-KR-L,L,8.0,389.0,2801.0
2021-08-04,20210804,Aug-21,JNE3440,JNE3440-KR-M,M,4.0,389.0,1400.0
2021-08-04,20210804,Aug-21,JNE3440,JNE3440-KR-S,S,4.0,389.0,1400.0
2021-08-04,20210804,Aug-21,JNE3440,JNE3440-KR-XL,XL,4.0,389.0,1400.0
2021-08-04,20210804,Aug-21,JNE3440,JNE3440-KR-XXL,XXL,2.0,389.0,700.0
2021-08-04,20210804,Aug-21,JNE3501,JNE3501-KR-L,L,6.0,519.0,2803.0
2021-08-04,20210804,Aug-21,JNE3501,JNE3501-KR-M,M,5.0,519.0,2336.0
2021-08-04,20210804,Aug-21,JNE3501,JNE3501-KR-S,S,4.0,519.0,1868.0
2021-08-04,20210804,Aug-21,JNE3501,JNE3501-KR-XL,XL,4.0,519.0,1868.0
2021-08-04,20210804,Aug-21,JNE3501,JNE3501-KR-XS,XS,2.0,519.0,934.0
2021-08-04,20210804,Aug-21,JNE3501,JNE3501-KR-XXL,XXL,4.0,519.0,1868.0
2021-08-04,20210804,Aug-21,JNE3522,JNE3522-KR-L,L,6.0,454.0,2452.0
2021-08-04,20210804,Aug-21,JNE3522,JNE3522-KR-M,M,6.0,454.0,2452.0
2021-08-04,20210804,Aug-21,JNE3522,JNE3522-KR-S,S,3.0,454.0,1226.0
2021-08-04,20210804,Aug-21,JNE3522,JNE3522-KR-XL,XL,4.0,454.0,1634.0
2021-08-04,20210804,Aug-21,JNE3522,JNE3522-KR-XS,XS,1.0,454.0,409.0
2021-08-04,20210804,Aug-21,JNE3522,JNE3522-KR-XXL,XXL,1.0,454.0,409.0
2021-08-04,20210804,Aug-21,JNE3554,JNE3554-KR-L,L,9.0,487.0,3945.0
2021-08-04,20210804,Aug-21,JNE3554,JNE3554-KR-M,M,12.0,487.0,5260.0
2021-08-04,20210804,Aug-21,JNE3554,JNE3554-KR-S,S,6.0,487.0,2630.0
2021-08-04,20210804,Aug-21,JNE3554,JNE3554-KR-XL,XL,8.0,487.0,3506.0
2021-08-04,20210804,Aug-21,JNE3554,JNE3554-KR-XXL,XXL,3.0,487.0,1315.0
2021-08-04,20210804,Aug-21,JNE3555,JNE3555-KR-L,L,5.0,487.0,2192.0
2021-08-04,20210804,Aug-21,JNE3555,JNE3555-KR-M,M,5.0,487.0,2192.0
2021-08-04,20210804,Aug-21,JNE3555,JNE3555-KR-S.,S,3.0,487.0,1315.0
2021-08-04,20210804,Aug-21,JNE3555,JNE3555-KR-XL,XL,2.0,487.0,877.0
2021-08-04,20210804,Aug-21,JNE3555,JNE3555-KR-XXL,XXL,2.0,487.0,877.0
2021-08-04,20210804,Aug-21,JNE3640,JNE3640-TP-L,L,6.0,454.0,2452.0
2021-08-04,20210804,Aug-21,JNE3640,JNE3640-TP-M,M,5.0,454.0,2043.0
2021-08-04,20210804,Aug-21,JNE3640,JNE3640-TP-S,S,4.0,454.0,1634.0
2021-08-04,20210804,Aug-21,JNE3640,JNE3640-TP-XL,XL,4.0,454.0,1634.0
2021-08-04,20210804,Aug-21,JNE3640,JNE3640-TP-XS,XS,1.0,454.0,409.0
2021-08-04,20210804,Aug-21,JNE3640,JNE3640-TP-XXL,XXL,1.0,454.0,409.0
2021-08-04,20210804,Aug-21,JNE3642,JNE3642-TP-L,L,2.0,422.0,760.0
2021-08-04,20210804,Aug-21,JNE3642,JNE3642-TP-M,M,4.0,422.0,1519.0
2021-08-04,20210804,Aug-21,JNE3642,JNE3642-TP-S,S,4.0,422.0,1519.0
2021-08-04,20210804,Aug-21,JNE3642,JNE3642-TP-XS,XS,2.0,422.0,760.0
2021-08-04,20210804,Aug-21,JNE3649,JNE3649-TP-L,L,6.0,487.0,2630.0
2021-08-04,20210804,Aug-21,JNE3649,JNE3649-TP-M,M,6.0,487.0,2630.0
2021-08-04,20210804,Aug-21,JNE3649,JNE3649-TP-S,S,4.0,487.0,1753.0
2021-08-04,20210804,Aug-21,JNE3649,JNE3649-TP-XS,XS,2.0,487.0,877.0
2021-08-04,20210804,Aug-21,JNE3665,JNE3665-TP-L,L,3.0,422.0,1139.0
2021-08-04,20210804,Aug-21,JNE3665,JNE3665-TP-M,M,6.0,422.0,2279.0
2021-08-04,20210804,Aug-21,JNE3665,JNE3665-TP-S,S,6.0,422.0,2279.0
2021-08-04,20210804,Aug-21,JNE3665,JNE3665-TP-XL,XL,2.0,422.0,760.0
2021-08-04,20210804,Aug-21,JNE3665,JNE3665-TP-XS,XS,2.0,422.0,760.0
2021-08-04,20210804,Aug-21,JNE3680,JNE3680-TU-L,L,1.0,454.0,409.0
2021-08-04,20210804,Aug-21,JNE3680,JNE3680-TU-M,M,3.0,454.0,1226.0
2021-08-04,20210804,Aug-21,JNE3680,JNE3680-TU-S,S,2.0,454.0,817.0
2021-08-04,20210804,Aug-21,JNE3680,JNE3680-TU-XXL,XXL,2.0,454.0,817.0
2021-08-04,20210804,Aug-21,SET038,SET038-KR-PP-L,L,3.0,747.0,2017.0
2021-08-04,20210804,Aug-21,SET038,SET038-KR-PP-M,M,6.0,747.0,4034.0
2021-08-04,20210804,Aug-21,SET038,SET038-KR-PP-S,S,6.0,747.0,4034.0
2021-08-04,20210804,Aug-21,SET038,SET038-KR-PP-XL,XL,2.0,747.0,1345.0
2021-08-04,20210804,Aug-21,SET038,SET038-KR-PP-XS,XS,2.0,747.0,1345.0
2021-08-04,20210804,Aug-21,SET038,SET038-KR-PP-XXL,XXL,2.0,747.0,1345.0
2021-08-04,20210804,Aug-21,SET110,SET110-KR-PP-L,L,7.0,877.0,5402.0
2021-08-04,20210804,Aug-21,SET110,SET110-KR-PP-M,M,7.0,877.0,5402.0
2021-08-04,20210804,Aug-21,SET110,SET110-KR-PP-S,S,6.0,877.0,4631.0
2021-08-04,20210804,Aug-21,SET110,SET110-KR-PP-XS,XS,2.0,877.0,1544.0
2021-08-04,20210804,Aug-21,SET186,SET186-KR-DH-L,L,6.0,877.0,4631.0
2021-08-04,20210804,Aug-21,SET186,SET186-KR-DH-M,M,6.0,877.0,4631.0
2021-08-04,20210804,Aug-21,SET186,SET186-KR-DH-S,S,4.0,877.0,3087.0
2021-08-04,20210804,Aug-21,SET186,SET186-KR-DH-XL,XL,2.0,877.0,1544.0
2021-08-04,20210804,Aug-21,SET210,SET210-KR-PP-L,L,7.0,779.0,4908.0
2021-08-04,20210804,Aug-21,SET210,SET210-KR-PP-M,M,5.0,779.0,3506.0
2021-08-04,20210804,Aug-21,SET210,SET210-KR-PP-S,S,2.0,779.0,1402.0
2021-08-04,20210804,Aug-21,SET210,SET210-KR-PP-XL,XL,3.0,779.0,2103.0
2021-08-04,20210804,Aug-21,SET210,SET210-KR-PP-XXL,XXL,2.0,779.0,1402.0
2021-08-04,20210804,Aug-21,SET227,SET227-KR-PP-L,L,4.0,779.0,2804.0
2021-08-04,20210804,Aug-21,SET227,SET227-KR-PP-M,M,4.0,779.0,2804.0
2021-08-04,20210804,Aug-21,SET227,SET227-KR-PP-S,S,1.0,779.0,701.0
2021-08-04,20210804,Aug-21,SET227,SET227-KR-PP-XL,XL,2.0,779.0,1402.0
2021-08-04,20210804,Aug-21,SET227,SET227-KR-PP-XXL,XXL,1.0,779.0,701.0
2021-08-04,20210804,Aug-21,SET228,SET228-KR-PP-L,L,4.0,779.0,2804.0
2021-08-04,20210804,Aug-21,SET228,SET228-KR-PP-M,M,4.0,779.0,2804.0
2021-08-04,20210804,Aug-21,SET228,SET228-KR-PP-S,S,1.0,779.0,701.0
2021-08-04,20210804,Aug-21,SET228,SET228-KR-PP-XL,XL,2.0,779.0,1402.0
2021-08-04,20210804,Aug-21,SET228,SET228-KR-PP-XXL,XXL,1.0,779.0,701.0
2021-08-04,20210804,Aug-21,JNE3671,JNE3671-TU-XXXL,XXXL,1.0,512.5,512.0
2021-08-04,20210804,Aug-21,SET258,SET258-KR-PP-XXXL,XXXL,1.0,1343.75,1344.0
2021-08-04,20210804,Aug-21,SET270,SET270-KR-PP-M,M,1.0,893.75,894.0
2021-08-04,20210804,Aug-21,BTM026,BTM026-NP-XXL,XXL,1.0,337.5,338.0
2021-08-04,20210804,Aug-21,JNE3673,JNE3673-TU-XXXL,XXXL,1.0,512.5,512.0
2021-08-04,20210804,Aug-21,JNE3687,JNE3687-TU-XXL,XXL,1.0,450.0,450.0
2021-08-04,20210804,Aug-21,BTM008,BTM008-XXL,XXL,1.0,337.5,338.0
2021-08-04,20210804,Aug-21,JNE3678,JNE3678-TU-XXL,XXL,1.0,387.5,388.0
2021-08-04,20210804,Aug-21,SET238,SET238-KR-PP-XL,XL,1.0,743.75,744.0
2021-08-04,20210804,Aug-21,J0205,J0205-TP-XXXL,XXXL,1.0,507.5,508.0
2021-08-04,20210804,Aug-21,J0172,J0172-TP-L,L,1.0,390.0,390.0
2021-08-05,20210805,Aug-21,JNE3725,JNE3725-KR-XXL,XXL,1.0,513.0,513.0
2021-08-05,20210805,Aug-21,JNE3616,JNE3616-KR-XXL,XXL,1.0,538.0,538.0
2021-08-05,20210805,Aug-21,SET275,SET275-KR-NP-XXXL,XXXL,1.0,1056.0,1056.0
2021-08-05,20210805,Aug-21,JNE3634,JNE3634-KR-XXL,XXL,1.0,650.0,650.0
2021-08-05,20210805,Aug-21,JNE3614,JNE3614-KR-XL,XL,1.0,538.0,538.0
2021-08-05,20210805,Aug-21,J0108,J0108-SKD-XXL,XXL,1.0,1244.0,1244.0
2021-08-05,20210805,Aug-21,J0202,J0202-TP-XXL,XXL,1.0,703.0,703.0
2021-08-05,20210805,Aug-21,J0138,J0138-KR-XXL,XXL,1.0,781.0,781.0
2021-08-05,20210805,Aug-21,J0209,J0209-DR-XXL,XXL,1.0,703.0,703.0
2021-08-05,20210805,Aug-21,J0242,J0242-SKD-L,L,1.0,1366.0,1366.0
2021-08-05,20210805,Aug-21,MEN5015,MEN5015-KR-XL,XL,1.0,561.0,561.0
2021-08-05,20210805,Aug-21,JNE3548,JNE3548-KR-XS,XS,1.0,450.0,450.0
2021-08-05,20210805,Aug-21,JNE3548,JNE3548-KR-S,S,1.0,450.0,450.0
2021-08-05,20210805,Aug-21,JNE3548,JNE3548-KR-M,M,1.0,450.0,450.0
2021-08-05,20210805,Aug-21,JNE3548,JNE3548-KR-L,L,1.0,450.0,450.0
2021-08-05,20210805,Aug-21,JNE3548,JNE3548-KR-XL,XL,1.0,450.0,450.0
2021-08-05,20210805,Aug-21,JNE3548,JNE3548-KR-XXL,XXL,1.0,450.0,450.0
2021-08-05,20210805,Aug-21,JNE3548,JNE3548-KR-XXXL,XXXL,1.0,450.0,450.0
2021-08-05,20210805,Aug-21,JNE3634,JNE3634-KR-XL,XL,1.0,650.0,650.0
2021-08-05,20210805,Aug-21,SET248,SET248-KR-NP-XL,XL,1.0,681.0,681.0
2021-08-06,20210806,Aug-21,JNE3642,JNE3642-TP-M,M,1.0,387.5,388.0
2021-08-06,20210806,Aug-21,JNE3642,JNE3642-TP-S,S,1.0,387.5,388.0
2021-08-06,20210806,Aug-21,JNE3645,JNE3645-TP-S,S,1.0,356.25,356.0
2021-08-06,20210806,Aug-21,JNE3661,JNE3661-TP-S,S,1.0,387.5,388.0
2021-08-06,20210806,Aug-21,JNE3666,JNE3666-TP-S,S,1.0,431.25,431.0
2021-08-06,20210806,Aug-21,JNE3665,JNE3665-TP-S,S,1.0,387.5,388.0
2021-08-06,20210806,Aug-21,JNE3663,JNE3663-TP-S,S,1.0,431.25,431.0
2021-08-06,20210806,Aug-21,J0176,J0176-TP-S,S,1.0,440.0,440.0
2021-08-06,20210806,Aug-21,J0121,J0121-TP-S,S,1.0,246.67,247.0
2021-08-06,20210806,Aug-21,JNE3651,JNE3651-TP-S,S,1.0,431.25,431.0
2021-08-06,20210806,Aug-21,SET098,SET098-KR-PP-L,L,1.0,868.75,869.0
2021-08-06,20210806,Aug-21,SET252,SET252-KR-PP-XS.,XS,1.0,868.75,869.0
2021-08-06,20210806,Aug-21,J0346,J0346-SET-XL,XL,1.0,781.25,781.0
2021-08-06,20210806,Aug-21,BTM038,BTM038-PP-XS,XS,1.0,427.5,428.0
2021-08-06,20210806,Aug-21,JNE3645,JNE3645-TP-XS,XS,1.0,356.25,356.0
2021-08-06,20210806,Aug-21,JNE3642,JNE3642-TP-XXL,XXL,1.0,387.5,388.0
2021-08-06,20210806,Aug-21,SET270,SET270-KR-PP-XXL,XXL,1.0,893.75,894.0
2021-08-06,20210806,Aug-21,SET243,SET243-KR-PP-XXXL,XXXL,1.0,768.75,769.0
2021-08-06,20210806,Aug-21,SET110,SET110-KR-PP-M,M,1.0,931.25,931.0
2021-08-06,20210806,Aug-21,BTM002,BTM002-S,S,1.0,337.5,338.0
2021-08-06,20210806,Aug-21,SET110,SET110-KR-PP-XL,XL,1.0,931.25,931.0
2021-08-06,20210806,Aug-21,J0147,J0147-SET-M,M,1.0,1015.0,1015.0
2021-08-06,20210806,Aug-21,SET172,SET172-KR-PP-L,L,1.0,1306.25,1306.0
2021-08-06,20210806,Aug-21,SET236,SET236-KR-PP-L,L,1.0,765.0,765.0
2021-08-06,20210806,Aug-21,JNE3642,JNE3642-TP-L,L,1.0,387.5,388.0
2021-08-06,20210806,Aug-21,JNE3713,JNE3713-TP-S,S,1.0,387.5,388.0
2021-08-06,20210806,Aug-21,JNE3581,JNE3581-KR-M,M,1.0,618.75,619.0
2021-08-06,20210806,Aug-21,JNE3581,JNE3581-KR-L,L,1.0,618.75,619.0
2021-08-06,20210806,Aug-21,JNE3581,JNE3581-KR-XL,XL,1.0,618.75,619.0
2021-08-06,20210806,Aug-21,JNE3581,JNE3581-KR-XXL,XXL,1.0,618.75,619.0
2021-08-06,20210806,Aug-21,SET269,SET269-KR-NP-S,S,1.0,968.75,969.0
2021-08-06,20210806,Aug-21,SET269,SET269-KR-NP-XXL,XXL,1.0,968.75,969.0
2021-08-06,20210806,Aug-21,JNE3704,JNE3704-KR-S,S,1.0,556.25,556.0
2021-08-06,20210806,Aug-21,J0246,J0246-SKD-XXXL,XXXL,1.0,1327.5,1328.0
2021-08-06,20210806,Aug-21,J0135,J0135-SET-S,S,1.0,937.5,938.0
2021-08-06,20210806,Aug-21,J0277,J0277-SKD-S,S,1.0,1757.5,1758.0
2021-08-06,20210806,Aug-21,J0277,J0277-SKD-M,M,1.0,1757.5,1758.0
2021-08-06,20210806,Aug-21,J0279,J0279-SET-S,S,1.0,1210.0,1210.0
2021-08-06,20210806,Aug-21,J0278,J0278-SET-XL,XL,1.0,1051.11,1051.0
2021-08-06,20210806,Aug-21,SET232,SET232-KR-PP-XXL,XXL,1.0,850.0,850.0
2021-08-06,20210806,Aug-21,SET289,SET289-KR-NP-M,M,1.0,681.25,681.0
2021-08-06,20210806,Aug-21,SET048,SET048-KR-NP-XXL,XXL,1.0,968.75,969.0
2021-08-06,20210806,Aug-21,J0279,J0279-SET-XXXL,XXXL,1.0,1210.0,1210.0
2021-08-06,20210806,Aug-21,J0212,J0212-DR-M,M,1.0,781.25,781.0
2021-08-06,20210806,Aug-21,J0176,J0176-TP-XXXL,XXXL,1.0,440.0,440.0
2021-08-06,20210806,Aug-21,JNE3672,JNE3672-TU-XXXL,XXXL,1.0,450.0,450.0
2021-08-06,20210806,Aug-21,J0134,J0134-SET-XXXL,XXXL,1.0,881.25,881.0
2021-08-06,20210806,Aug-21,JNE3581,JNE3581-KR-S,S,1.0,618.75,619.0
2021-08-06,20210806,Aug-21,J0023,J0023-TP-M,M,4.0,486.85,1811.0
2021-08-06,20210806,Aug-21,J0023,J0023-TP-L,L,5.0,486.85,2264.0
2021-08-06,20210806,Aug-21,J0023,J0023-TP-XL,XL,6.0,486.85,2717.0
2021-08-06,20210806,Aug-21,JNE3676,JNE3676-TU-M,M,6.0,454.35,2535.0
2021-08-06,20210806,Aug-21,JNE3676,JNE3676-TU-L,L,6.0,454.35,2535.0
2021-08-06,20210806,Aug-21,JNE3676,JNE3676-TU-XL,XL,6.0,454.35,2535.0
2021-08-06,20210806,Aug-21,J0196,J0196-TP-M,M,6.0,519.35,2898.0
2021-08-06,20210806,Aug-21,J0196,J0196-TP-L,L,6.0,519.35,2898.0
2021-08-06,20210806,Aug-21,J0196,J0196-TP-XL,XL,6.0,519.35,2898.0
2021-08-06,20210806,Aug-21,J0197,J0197-TP-M,M,6.0,584.35,3261.0
2021-08-06,20210806,Aug-21,J0197,J0197-TP-L,L,6.0,584.35,3261.0
2021-08-06,20210806,Aug-21,J0197,J0197-TP-XL,XL,6.0,584.35,3261.0
2021-08-06,20210806,Aug-21,J0201,J0201-TP-M,M,3.0,584.35,1630.0
2021-08-06,20210806,Aug-21,J0201,J0201-TP-L,L,2.0,584.35,1087.0
2021-08-06,20210806,Aug-21,J0201,J0201-TP-XL,XL,6.0,584.35,3261.0
2021-08-06,20210806,Aug-21,J0213,J0213-TP-M,M,6.0,584.35,3261.0
2021-08-06,20210806,Aug-21,J0213,J0213-TP-L,L,6.0,584.35,3261.0
2021-08-06,20210806,Aug-21,J0213,J0213-TP-XL,XL,6.0,584.35,3261.0
2021-08-06,20210806,Aug-21,J0129,J0129-SET-M,M,4.0,1104.35,4108.0
2021-08-06,20210806,Aug-21,J0129,J0129-SET-L,L,4.0,1104.35,4108.0
2021-08-06,20210806,Aug-21,J0129,J0129-SET-XL,XL,4.0,1104.35,4108.0
2021-08-06,20210806,Aug-21,J0130,J0130-SET-M,M,4.0,974.35,3625.0
2021-08-06,20210806,Aug-21,J0130,J0130-SET-L.,L,4.0,974.35,3625.0
2021-08-06,20210806,Aug-21,J0130,J0130-SET-XL,XL,4.0,974.35,3625.0
2021-08-06,20210806,Aug-21,JNE3405,JNE3405-KR-M,M,6.0,389.35,2173.0
2021-08-06,20210806,Aug-21,JNE3405,JNE3405-KR-L,L,6.0,389.35,2173.0
2021-08-06,20210806,Aug-21,JNE3405,JNE3405-KR-XL,XL,6.0,389.35,2173.0
2021-08-06,20210806,Aug-21,JNE2170,JNE2170-KR-436-L,L,5.0,551.85,2566.0
2021-08-06,20210806,Aug-21,JNE2170,JNE2170-KR-436-XL,XL,5.0,551.85,2566.0
2021-08-06,20210806,Aug-21,JNE3609,JNE3609-KR-M,M,4.0,551.85,2053.0
2021-08-06,20210806,Aug-21,JNE3609,JNE3609-KR-L,L,6.0,551.85,3079.0
2021-08-06,20210806,Aug-21,SET251,SET251-KR-PP-M,M,2.0,779.35,1450.0
2021-08-06,20210806,Aug-21,SET251,SET251-KR-PP-L,L,4.0,779.35,2899.0
2021-08-06,20210806,Aug-21,SET251,SET251-KR-PP-XL,XL,4.0,779.35,2899.0
2021-08-06,20210806,Aug-21,SET098,SET098-KR-PP-M,M,4.0,779.35,2899.0
2021-08-06,20210806,Aug-21,SET098,SET098-KR-PP-L,L,4.0,779.35,2899.0
2021-08-06,20210806,Aug-21,SET098,SET098-KR-PP-XL,XL,4.0,779.35,2899.0
2021-08-06,20210806,Aug-21,SET058,SET058-KR-NP-M,M,4.0,844.35,3141.0
2021-08-06,20210806,Aug-21,SET058,SET058-KR-NP-L,L,4.0,844.35,3141.0
2021-08-06,20210806,Aug-21,SET058,SET058-KR-NP-XL,XL,4.0,844.35,3141.0
2021-08-06,20210806,Aug-21,SET188,SET188-KR-NP-M,M,4.0,844.35,3141.0
2021-08-06,20210806,Aug-21,SET188,SET188-KR-NP-L,L,4.0,844.35,3141.0
2021-08-06,20210806,Aug-21,SET188,SET188-KR-NP-XL,XL,4.0,844.35,3141.0
2021-08-06,20210806,Aug-21,SET249,SET249-KR-NP-M,M,4.0,844.35,3141.0
2021-08-06,20210806,Aug-21,SET249,SET249-KR-NP-L,L,4.0,844.35,3141.0
2021-08-06,20210806,Aug-21,SET249,SET249-KR-NP-XL,XL,4.0,844.35,3141.0
2021-08-06,20210806,Aug-21,SET043,SET043-KR-NP-M,M,4.0,974.35,3625.0
2021-08-06,20210806,Aug-21,SET043,SET043-KR-NP-L,L,4.0,974.35,3625.0
2021-08-06,20210806,Aug-21,SET043,SET043-KR-NP-XL,XL,4.0,974.35,3625.0
2021-08-06,20210806,Aug-21,SET244,SET244-KR-NP-M,M,4.0,909.35,3383.0
2021-08-06,20210806,Aug-21,SET244,SET244-KR-NP-L,L,4.0,909.35,3383.0
2021-08-06,20210806,Aug-21,SET244,SET244-KR-NP-XL,XL,4.0,909.35,3383.0
2021-08-06,20210806,Aug-21,SET210,SET210-KR-PP-M,M,4.0,779.35,2899.0
2021-08-06,20210806,Aug-21,SET210,SET210-KR-PP-L,L,4.0,779.35,2899.0
2021-08-06,20210806,Aug-21,SET210,SET210-KR-PP-XL,XL,4.0,779.35,2899.0
2021-08-06,20210806,Aug-21,SET110,SET110-KR-PP-M,M,4.0,876.85,3262.0
2021-08-06,20210806,Aug-21,SET110,SET110-KR-PP-L,L,4.0,876.85,3262.0
2021-08-06,20210806,Aug-21,SET110,SET110-KR-PP-XL,XL,4.0,876.85,3262.0
2021-08-06,20210806,Aug-21,SET186,SET186-KR-DH-M,M,4.0,876.85,3262.0
2021-08-06,20210806,Aug-21,SET186,SET186-KR-DH-L,L,4.0,876.85,3262.0
2021-08-06,20210806,Aug-21,SET186,SET186-KR-DH-XL,XL,4.0,876.85,3262.0
2021-08-06,20210806,Aug-21,J0239,J0239-SKD-M,M,3.0,1364.35,3807.0
2021-08-06,20210806,Aug-21,J0239,J0239-SKD-L,L,4.0,1364.35,5075.0
2021-08-06,20210806,Aug-21,J0239,J0239-SKD-XL,XL,4.0,1364.35,5075.0
2021-08-06,20210806,Aug-21,J0245,J0245-SKD-M,M,4.0,1169.35,4350.0
2021-08-06,20210806,Aug-21,J0245,J0245-SKD-L,L,4.0,1169.35,4350.0
2021-08-06,20210806,Aug-21,J0245,J0245-SKD-XL,XL,4.0,1169.35,4350.0
2021-08-06,20210806,Aug-21,JNE3479,JNE3479-KR-M,M,6.0,389.35,2173.0
2021-08-06,20210806,Aug-21,JNE3479,JNE3479-KR-L,L,6.0,389.35,2173.0
2021-08-06,20210806,Aug-21,JNE3479,JNE3479-KR-XL,XL,6.0,389.35,2173.0
2021-08-06,20210806,Aug-21,JNE3576,JNE3576-KR-M,M,6.0,454.35,2535.0
2021-08-06,20210806,Aug-21,JNE3576,JNE3576-KR-L,L,6.0,454.35,2535.0
2021-08-06,20210806,Aug-21,JNE3576,JNE3576-KR-XL,XL,6.0,454.35,2535.0
2021-08-06,20210806,Aug-21,JNE3225,JNE3225-KR-M,M,6.0,486.85,2717.0
2021-08-06,20210806,Aug-21,JNE3225,JNE3225-KR-L,L,6.0,486.85,2717.0
2021-08-06,20210806,Aug-21,JNE3225,JNE3225-KR-XL,XL,6.0,487.0,2717.0
2021-08-06,20210806,Aug-21,JNE3474,JNE3474-KR-M,M,6.0,487.0,2717.0
2021-08-06,20210806,Aug-21,JNE3474,JNE3474-KR-L,L,6.0,487.0,2717.0
2021-08-06,20210806,Aug-21,JNE3474,JNE3474-KR-XL,XL,6.0,487.0,2717.0
2021-08-06,20210806,Aug-21,JNE3288,JNE3288-KR-M,M,6.0,584.0,3259.0
2021-08-06,20210806,Aug-21,JNE3288,JNE3288-KR-L,L,6.0,584.0,3259.0
2021-08-06,20210806,Aug-21,JNE3288,JNE3288-KR-XL,XL,6.0,584.0,3259.0
2021-08-07,20210807,Aug-21,MEN5013,MEN5013-KR-S,S,1.0,598.75,599.0
2021-08-07,20210807,Aug-21,MEN5013,MEN5013-KR-M,M,1.0,598.75,599.0
2021-08-07,20210807,Aug-21,MEN5013,MEN5013-KR-XXL,XXL,1.0,598.75,599.0
2021-08-07,20210807,Aug-21,MEN5013,MEN5013-KR-XXXL,XXXL,1.0,598.75,599.0
2021-08-07,20210807,Aug-21,MEN5003,MEN5003-KR-S,S,1.0,561.25,561.0
2021-08-07,20210807,Aug-21,MEN5003,MEN5003-KR-M,M,1.0,561.25,561.0
2021-08-07,20210807,Aug-21,MEN5003,MEN5003-KR-L,L,1.0,561.25,561.0
2021-08-07,20210807,Aug-21,MEN5003,MEN5003-KR-XL,XL,1.0,561.25,561.0
2021-08-07,20210807,Aug-21,MEN5003,MEN5003-KR-XXL,XXL,1.0,561.25,561.0
2021-08-07,20210807,Aug-21,MEN5003,MEN5003-KR-XXXL,XXXL,1.0,561.25,561.0
2021-08-07,20210807,Aug-21,MEN5027,MEN5027-KR-S,S,1.0,561.25,561.0
2021-08-07,20210807,Aug-21,MEN5027,MEN5027-KR-M,M,1.0,561.25,561.0
2021-08-07,20210807,Aug-21,MEN5027,MEN5027-KR-L,L,1.0,561.25,561.0
2021-08-07,20210807,Aug-21,MEN5027,MEN5027-KR-XL,XL,1.0,561.25,561.0
2021-08-07,20210807,Aug-21,MEN5027,MEN5027-KR-XXL,XXL,1.0,561.25,561.0
2021-08-07,20210807,Aug-21,MEN5027,MEN5027-KR-XXXL,XXXL,1.0,561.25,561.0
2021-08-07,20210807,Aug-21,MEN5007,MEN5007-KR-S,S,1.0,561.25,561.0
2021-08-07,20210807,Aug-21,MEN5007,MEN5007-KR-M,M,1.0,561.25,561.0
2021-08-07,20210807,Aug-21,MEN5007,MEN5007-KR-L,L,1.0,561.25,561.0
2021-08-07,20210807,Aug-21,MEN5007,MEN5007-KR-XL,XL,1.0,561.25,561.0
2021-08-07,20210807,Aug-21,MEN5007,MEN5007-KR-XXL,XXL,1.0,561.25,561.0
2021-08-07,20210807,Aug-21,MEN5007,MEN5007-KR-XXXL,XXXL,1.0,561.25,561.0
2021-08-07,20210807,Aug-21,MEN5029,MEN5029-KR-S,S,1.0,561.25,561.0
2021-08-07,20210807,Aug-21,MEN5029,MEN5029-KR-M,M,1.0,561.25,561.0
2021-08-07,20210807,Aug-21,MEN5029,MEN5029-KR-L,L,1.0,561.25,561.0
2021-08-07,20210807,Aug-21,MEN5029,MEN5029-KR-XL,XL,1.0,561.25,561.0
2021-08-07,20210807,Aug-21,MEN5029,MEN5029-KR-XXL,XXL,1.0,561.25,561.0
2021-08-07,20210807,Aug-21,MEN5029,MEN5029-KR-XXXL,XXXL,1.0,561.25,561.0
2021-08-07,20210807,Aug-21,MEN5016,MEN5016-KR-S,S,1.0,598.75,599.0
2021-08-07,20210807,Aug-21,MEN5016,MEN5016-KR-M,M,1.0,598.75,599.0
2021-08-07,20210807,Aug-21,MEN5016,MEN5016-KR-L,L,1.0,598.75,599.0
2021-08-07,20210807,Aug-21,MEN5016,MEN5016-KR-XL,XL,1.0,598.75,599.0
2021-08-07,20210807,Aug-21,MEN5016,MEN5016-KR-XXL,XXL,1.0,598.75,599.0
2021-08-07,20210807,Aug-21,MEN5016,MEN5016-KR-XXXL,XXXL,1.0,598.75,599.0
2021-08-07,20210807,Aug-21,MEN5019,MEN5019-KR-S,S,2.0,598.75,1198.0
2021-08-07,20210807,Aug-21,MEN5019,MEN5019-KR-M.,M,2.0,598.75,1198.0
2021-08-07,20210807,Aug-21,MEN5019,MEN5019-KR-L,L,2.0,598.75,1198.0
2021-08-07,20210807,Aug-21,MEN5019,MEN5019-KR-XL,XL,2.0,598.75,1198.0
2021-08-07,20210807,Aug-21,MEN5019,MEN5019-KR-XXL,XXL,2.0,598.75,1198.0
2021-08-07,20210807,Aug-21,MEN5019,MEN5019-KR-XXXL,XXXL,2.0,598.75,1198.0
2021-08-07,20210807,Aug-21,MEN5024,MEN5024-KR-S,S,1.0,598.75,599.0
2021-08-07,20210807,Aug-21,MEN5024,MEN5024-KR-M,M,1.0,598.75,599.0
2021-08-07,20210807,Aug-21,MEN5024,MEN5024-KR-L,L,1.0,598.75,599.0
2021-08-07,20210807,Aug-21,MEN5024,MEN5024-KR-XXL,XXL,1.0,598.75,599.0
2021-08-07,20210807,Aug-21,MEN5024,MEN5024-KR-XXXL,XXXL,1.0,598.75,599.0
2021-08-07,20210807,Aug-21,MEN5001,MEN5001-KR-S,S,1.0,598.75,599.0
2021-08-07,20210807,Aug-21,MEN5001,MEN5001-KR-M.,M,1.0,598.75,599.0
2021-08-07,20210807,Aug-21,MEN5001,MEN5001-KR-L,L,1.0,598.75,599.0
2021-08-07,20210807,Aug-21,MEN5001,MEN5001-KR-XL,XL,1.0,598.75,599.0
2021-08-07,20210807,Aug-21,MEN5001,MEN5001-KR-XXL,XXL,1.0,598.75,599.0
2021-08-07,20210807,Aug-21,MEN5001,MEN5001-KR-XXXL,XXXL,1.0,598.75,599.0
2021-08-07,20210807,Aug-21,MEN5031,MEN5031-KR-S,S,1.0,636.25,636.0
2021-08-07,20210807,Aug-21,MEN5031,MEN5031-KR-M,M,1.0,636.25,636.0
2021-08-07,20210807,Aug-21,MEN5031,MEN5031-KR-L,L,1.0,636.25,636.0
2021-08-07,20210807,Aug-21,MEN5031,MEN5031-KR-XL,XL,1.0,636.25,636.0
2021-08-07,20210807,Aug-21,MEN5031,MEN5031-KR-XXL,XXL,1.0,636.25,636.0
2021-08-07,20210807,Aug-21,MEN5031,MEN5031-KR-XXXL,XXXL,1.0,636.25,636.0
2021-08-07,20210807,Aug-21,MEN5021,MEN5021-KR-S,S,1.0,636.25,636.0
2021-08-07,20210807,Aug-21,MEN5021,MEN5021-KR-M,M,1.0,636.25,636.0
2021-08-07,20210807,Aug-21,MEN5021,MEN5021-KR-L,L,1.0,636.25,636.0
2021-08-07,20210807,Aug-21,MEN5021,MEN5021-KR-XL,XL,1.0,636.25,636.0
2021-08-07,20210807,Aug-21,MEN5021,MEN5021-KR-XXL,XXL,1.0,636.25,636.0
2021-08-07,20210807,Aug-21,MEN5021,MEN5021-KR-XXXL,XXXL,1.0,636.25,636.0
2021-08-07,20210807,Aug-21,MEN5026,MEN5026-KR-S,S,1.0,598.75,599.0
2021-08-07,20210807,Aug-21,MEN5026,MEN5026-KR-M,M,1.0,598.75,599.0
2021-08-07,20210807,Aug-21,MEN5026,MEN5026-KR-L,L,1.0,598.75,599.0
2021-08-07,20210807,Aug-21,MEN5026,MEN5026-KR-XXL,XXL,1.0,598.75,599.0
2021-08-07,20210807,Aug-21,MEN5026,MEN5026-KR-XXXL,XXXL,1.0,598.75,599.0
2021-08-10,20210810,Aug-21,JNE3616,JNE3616-KR-XXXL,XXXL,1.0,538.0,538.0
2021-08-10,20210810,Aug-21,JNE3480,JNE3480-KR-XXXL,XXXL,1.0,494.0,494.0
2021-08-10,20210810,Aug-21,JNE2100,JNE2100-KR-144-XXXL,XXXL,1.0,469.0,469.0
2021-08-10,20210810,Aug-21,JNE3425,JNE3425-KR-XXXL,XXXL,1.0,556.0,556.0
2021-08-10,20210810,Aug-21,JNE3553,JNE3553-KR-XXXL,XXXL,1.0,450.0,450.0
2021-08-10,20210810,Aug-21,JNE3546,JNE3546-KR-XXXL,XXXL,1.0,450.0,450.0
2021-08-10,20210810,Aug-21,JNE3622,JNE3622-KR-XXXL,XXXL,1.0,513.0,513.0
2021-08-10,20210810,Aug-21,JNE3439,JNE3439-KR-XXXL,XXXL,1.0,409.0,409.0
2021-08-10,20210810,Aug-21,JNE3547,JNE3547-KR-XXXL,XXXL,1.0,450.0,450.0
2021-08-10,20210810,Aug-21,JNE3030,JNE3030-KR-L,L,1.0,769.0,769.0
2021-08-10,20210810,Aug-21,SET262,SET262-KR-NP-L,L,1.0,894.0,894.0
2021-08-10,20210810,Aug-21,SET287,SET287-KR-NP-L,L,1.0,681.0,681.0
2021-08-10,20210810,Aug-21,SET144,SET144-KR-NP-L,L,1.0,931.0,931.0
2021-08-10,20210810,Aug-21,JNE3516,JNE3516-KR-L,L,1.0,619.0,619.0
2021-08-10,20210810,Aug-21,SET268,SET268-KR-NP-XL,XL,2.0,844.0,1688.0
2021-08-10,20210810,Aug-21,SET268,SET268-KR-NP-XXL,XXL,2.0,844.0,1688.0
2021-08-10,20210810,Aug-21,SET268,SET268-KR-NP-XXXL,XXXL,2.0,844.0,1688.0
2021-08-10,20210810,Aug-21,J0126,J0126-SKD-M,M,1.0,1306.0,1306.0
2021-08-10,20210810,Aug-21,J0126,J0126-SKD-L,L,1.0,1306.0,1306.0
2021-08-10,20210810,Aug-21,J0126,J0126-SKD-XL,XL,1.0,1306.0,1306.0
2021-08-10,20210810,Aug-21,SET236,SET236-KR-PP-M,M,1.0,765.0,765.0
2021-08-10,20210810,Aug-21,SET236,SET236-KR-PP-L,L,2.0,765.0,1530.0
2021-08-10,20210810,Aug-21,SET236,SET236-KR-PP-XXL,XXL,2.0,765.0,1530.0
2021-08-10,20210810,Aug-21,SET243,SET243-KR-PP-M,M,1.0,769.0,769.0
2021-08-10,20210810,Aug-21,SET243,SET243-KR-PP-L,L,1.0,769.0,769.0
2021-08-10,20210810,Aug-21,SET243,SET243-KR-PP-XL,XL,1.0,769.0,769.0
2021-08-14,20210814,Aug-21,SET249,SET249-KR-NP-S,S,1.0,943.75,944.0
2021-08-14,20210814,Aug-21,SET249,SET249-KR-NP-M,M,1.0,943.75,944.0
2021-08-14,20210814,Aug-21,SET249,SET249-KR-NP-L,L,1.0,943.75,944.0
2021-08-14,20210814,Aug-21,SET188,SET188-KR-NP-S,S,1.0,943.75,944.0
2021-08-14,20210814,Aug-21,SET188,SET188-KR-NP-M,M,1.0,943.75,944.0
2021-08-14,20210814,Aug-21,SET188,SET188-KR-NP-L,L,1.0,943.75,944.0
2021-08-14,20210814,Aug-21,SET188,SET188-KR-NP-XL,XL,1.0,943.75,944.0
2021-08-14,20210814,Aug-21,SET058,SET058-KR-NP-S,S,1.0,943.75,944.0
2021-08-14,20210814,Aug-21,SET058,SET058-KR-NP-M,M,1.0,943.75,944.0
2021-08-14,20210814,Aug-21,SET058,SET058-KR-NP-L,L,1.0,943.75,944.0
2021-08-14,20210814,Aug-21,SET198,SET198-KR-NP-S,S,1.0,806.25,806.0
2021-08-14,20210814,Aug-21,SET198,SET198-KR-NP-M,M,2.0,806.25,1612.0
2021-08-14,20210814,Aug-21,SET198,SET198-KR-NP-XL,XL,1.0,806.25,806.0
2021-08-14,20210814,Aug-21,SET194,SET194-KR-NP-S,S,1.0,743.75,744.0
2021-08-14,20210814,Aug-21,J0162,J0162-SKD-M,M,2.0,1156.25,2312.0
2021-08-14,20210814,Aug-21,SET253,SET253-KR-NP-M,M,1.0,943.75,944.0
2021-08-14,20210814,Aug-21,JNE3405,JNE3405-KR-XL,XL,1.0,431.25,431.0
2021-08-14,20210814,Aug-21,JNE3065,JNE3065-KR-XXL,XXL,1.0,556.25,556.0
2021-08-14,20210814,Aug-21,SET094,SET094-KR-NP-M,M,1.0,993.75,994.0
2021-08-14,20210814,Aug-21,SET094,SET094-KR-NP-L,L,1.0,993.75,994.0
2021-08-14,20210814,Aug-21,J0014,J0014-LCD-M,M,1.0,1327.5,1328.0
2021-08-14,20210814,Aug-21,J0014,J0014-LCD-XL,XL,1.0,1327.5,1328.0
2021-08-14,20210814,Aug-21,JNE3634,JNE3634-KR-XXL,XXL,1.0,650.0,650.0
2021-08-14,20210814,Aug-21,JNE3634,JNE3634-KR-XL,XL,1.0,650.0,650.0
2021-08-14,20210814,Aug-21,JNE3634,JNE3634-KR-M,M,1.0,650.0,650.0
2021-08-14,20210814,Aug-21,JNE2170,JNE2170-KR-436-S,S,1.0,556.25,556.0
2021-08-14,20210814,Aug-21,J0131,J0131-KR-XXL,XXL,1.0,507.5,508.0
2021-08-14,20210814,Aug-21,MEN5029,MEN5029-KR-M,M,1.0,561.25,561.0
2021-08-15,20210815,Aug-21,JNE3718,JNE3718-KR-M,M,1.0,493.75,494.0
2021-08-15,20210815,Aug-21,JNE3718,JNE3718-KR-XL,XL,1.0,493.75,494.0
2021-08-15,20210815,Aug-21,JNE3718,JNE3718-KR-XXL,XXL,1.0,493.75,494.0
2021-08-15,20210815,Aug-21,JNE3693,JNE3693-KR-S,S,1.0,431.25,431.0
2021-08-15,20210815,Aug-21,JNE3693,JNE3693-KR-M,M,1.0,431.25,431.0
2021-08-15,20210815,Aug-21,JNE3693,JNE3693-KR-L,L,1.0,431.25,431.0
2021-08-15,20210815,Aug-21,JNE3693,JNE3693-KR-XL,XL,1.0,431.25,431.0
2021-08-15,20210815,Aug-21,JNE3693,JNE3693-KR-XXL,XXL,1.0,431.25,431.0
2021-08-15,20210815,Aug-21,JNE3719,JNE3719-KR-S,S,1.0,431.25,431.0
2021-08-15,20210815,Aug-21,JNE3719,JNE3719-KR-M,M,1.0,431.25,431.0
2021-08-15,20210815,Aug-21,JNE3719,JNE3719-KR-L,L,1.0,431.25,431.0
2021-08-15,20210815,Aug-21,JNE3719,JNE3719-KR-XL,XL,1.0,431.25,431.0
2021-08-15,20210815,Aug-21,JNE3719,JNE3719-KR-XXL,XXL,1.0,431.25,431.0
2021-08-15,20210815,Aug-21,JNE3719,JNE3719-KR-XXXL,XXXL,1.0,431.25,431.0
2021-08-15,20210815,Aug-21,JNE3716,JNE3716-KR-S,S,1.0,431.25,431.0
2021-08-15,20210815,Aug-21,JNE3716,JNE3716-KR-M,M,1.0,431.25,431.0
2021-08-15,20210815,Aug-21,JNE3716,JNE3716-KR-L,L,1.0,431.25,431.0
2021-08-15,20210815,Aug-21,JNE3716,JNE3716-KR-XL,XL,1.0,431.25,431.0
2021-08-15,20210815,Aug-21,JNE3716,JNE3716-KR-XXL,XXL,1.0,431.25,431.0
2021-08-15,20210815,Aug-21,JNE3716,JNE3716-KR-XXXL,XXXL,1.0,431.25,431.0
2021-08-15,20210815,Aug-21,JNE3758,JNE3758-KR-S,S,1.0,493.75,494.0
2021-08-15,20210815,Aug-21,JNE3758,JNE3758-KR-M,M,1.0,493.75,494.0
2021-08-15,20210815,Aug-21,JNE3758,JNE3758-KR-L,L,1.0,493.75,494.0
2021-08-15,20210815,Aug-21,JNE3758,JNE3758-KR-XL,XL,1.0,493.75,494.0
2021-08-15,20210815,Aug-21,JNE3758,JNE3758-KR-XXL,XXL,1.0,493.75,494.0
2021-08-15,20210815,Aug-21,JNE3758,JNE3758-KR-XXXL,XXXL,1.0,493.75,494.0
2021-08-15,20210815,Aug-21,JNE3725,JNE3725-KR-S,S,1.0,512.5,512.0
2021-08-15,20210815,Aug-21,JNE3725,JNE3725-KR-M,M,1.0,512.5,512.0
2021-08-15,20210815,Aug-21,JNE3725,JNE3725-KR-L,L,1.0,512.5,512.0
2021-08-15,20210815,Aug-21,SET267,SET267-KR-NP-S,S,1.0,512.5,512.0
2021-08-15,20210815,Aug-21,SET267,SET267-KR-NP-L,L,1.0,512.5,512.0
2021-08-15,20210815,Aug-21,SET266,SET266-KR-NP-S,S,1.0,512.5,512.0
2021-08-15,20210815,Aug-21,SET266,SET266-KR-NP-M,M,1.0,512.5,512.0
2021-08-15,20210815,Aug-21,SET266,SET266-KR-NP-L,L,1.0,512.5,512.0
2021-08-15,20210815,Aug-21,JNE3728,JNE3728-KR-XL,XL,1.0,512.5,512.0
2021-08-15,20210815,Aug-21,JNE3728,JNE3728-KR-XXL,XXL,1.0,512.5,512.0
2021-08-15,20210815,Aug-21,JNE3729,JNE3729-KR-S,S,1.0,531.25,531.0
2021-08-15,20210815,Aug-21,JNE3729,JNE3729-KR-M,M,1.0,531.25,531.0
2021-08-15,20210815,Aug-21,JNE3729,JNE3729-KR-L,L,1.0,531.25,531.0
2021-08-15,20210815,Aug-21,JNE3729,JNE3729-KR-XL,XL,1.0,531.25,531.0
2021-08-15,20210815,Aug-21,JNE3729,JNE3729-KR-XXL,XXL,1.0,531.25,531.0
2021-08-15,20210815,Aug-21,JNE3729,JNE3729-KR-XXXL,XXXL,1.0,531.25,531.0
2021-08-15,20210815,Aug-21,JNE3614,JNE3614-KR-S,S,1.0,537.5,538.0
2021-08-15,20210815,Aug-21,JNE3614,JNE3614-KR-M,M,1.0,537.5,538.0
2021-08-15,20210815,Aug-21,JNE3614,JNE3614-KR-L,L,1.0,537.5,538.0
2021-08-15,20210815,Aug-21,JNE3614,JNE3614-KR-XL,XL,1.0,537.5,538.0
2021-08-15,20210815,Aug-21,JNE3614,JNE3614-KR-XXL,XXL,1.0,537.5,538.0
2021-08-15,20210815,Aug-21,JNE3614,JNE3614-KR-XXXL,XXXL,1.0,537.5,538.0
2021-08-15,20210815,Aug-21,JNE3616,JNE3616-KR-S,S,1.0,537.5,538.0
2021-08-15,20210815,Aug-21,JNE3616,JNE3616-KR-M,M,1.0,537.5,538.0
2021-08-15,20210815,Aug-21,JNE3616,JNE3616-KR-L,L,1.0,537.5,538.0
2021-08-15,20210815,Aug-21,JNE3616,JNE3616-KR-XL,XL,1.0,537.5,538.0
2021-08-15,20210815,Aug-21,JNE3616,JNE3616-KR-XXL,XXL,1.0,537.5,538.0
2021-08-15,20210815,Aug-21,JNE3616,JNE3616-KR-XXXL,XXXL,1.0,537.5,538.0
2021-08-15,20210815,Aug-21,JNE3717,JNE3717-KR-S,S,1.0,537.5,538.0
2021-08-15,20210815,Aug-21,JNE3717,JNE3717-KR-M,M,1.0,537.5,538.0
2021-08-15,20210815,Aug-21,JNE3717,JNE3717-KR-L,L,1.0,537.5,538.0
2021-08-15,20210815,Aug-21,JNE3717,JNE3717-KR-XL,XL,1.0,537.5,538.0
2021-08-15,20210815,Aug-21,JNE3717,JNE3717-KR-XXL,XXL,1.0,537.5,538.0
2021-08-15,20210815,Aug-21,JNE3717,JNE3717-KR-XXXL,XXXL,1.0,537.5,538.0
2021-08-15,20210815,Aug-21,JNE3721,JNE3721-KR-S,S,1.0,537.5,538.0
2021-08-15,20210815,Aug-21,JNE3721,JNE3721-KR-M,M,1.0,537.5,538.0
2021-08-15,20210815,Aug-21,JNE3721,JNE3721-KR-L,L,1.0,537.5,538.0
2021-08-15,20210815,Aug-21,JNE3721,JNE3721-KR-XL,XL,1.0,537.5,538.0
2021-08-15,20210815,Aug-21,JNE3721,JNE3721-KR-XXL,XXL,1.0,537.5,538.0
2021-08-15,20210815,Aug-21,JNE3721,JNE3721-KR-XXXL,XXXL,1.0,537.5,538.0
2021-08-15,20210815,Aug-21,JNE3739,JNE3739-KR-S,S,1.0,537.5,538.0
2021-08-15,20210815,Aug-21,JNE3739,JNE3739-KR-M,M,1.0,537.5,538.0
2021-08-15,20210815,Aug-21,JNE3739,JNE3739-KR-L,L,1.0,537.5,538.0
2021-08-15,20210815,Aug-21,JNE3739,JNE3739-KR-XL,XL,1.0,537.5,538.0
2021-08-15,20210815,Aug-21,JNE3739,JNE3739-KR-XXL,XXL,1.0,537.5,538.0
2021-08-15,20210815,Aug-21,JNE3739,JNE3739-KR-XXXL,XXXL,1.0,537.5,538.0
2021-08-15,20210815,Aug-21,JNE3740,JNE3740-KR-S,S,1.0,537.5,538.0
2021-08-15,20210815,Aug-21,JNE3740,JNE3740-KR-M,M,1.0,537.5,538.0
2021-08-15,20210815,Aug-21,JNE3740,JNE3740-KR-L,L,1.0,537.5,538.0
2021-08-15,20210815,Aug-21,JNE3740,JNE3740-KR-XL,XL,1.0,537.5,538.0
2021-08-15,20210815,Aug-21,JNE3740,JNE3740-KR-XXL,XXL,1.0,537.5,538.0
2021-08-15,20210815,Aug-21,JNE3740,JNE3740-KR-XXXL,XXXL,1.0,537.5,538.0
2021-08-15,20210815,Aug-21,JNE3504,JNE3504-KR-S,S,1.0,556.25,556.0
2021-08-15,20210815,Aug-21,JNE3504,JNE3504-KR-M,M,1.0,556.25,556.0
2021-08-15,20210815,Aug-21,JNE3504,JNE3504-KR-L,L,1.0,556.25,556.0
2021-08-15,20210815,Aug-21,JNE3504,JNE3504-KR-XL,XL,1.0,556.25,556.0
2021-08-15,20210815,Aug-21,JNE3504,JNE3504-KR-XXL,XXL,1.0,556.25,556.0
2021-08-15,20210815,Aug-21,JNE3504,JNE3504-KR-XXXL,XXXL,1.0,556.25,556.0
2021-08-15,20210815,Aug-21,JNE3704,JNE3704-KR-S,S,1.0,556.25,556.0
2021-08-15,20210815,Aug-21,JNE3704,JNE3704-KR-M,M,1.0,556.25,556.0
2021-08-15,20210815,Aug-21,JNE3704,JNE3704-KR-L,L,1.0,556.25,556.0
2021-08-15,20210815,Aug-21,JNE3704,JNE3704-KR-XL,XL,1.0,556.25,556.0
2021-08-15,20210815,Aug-21,JNE3704,JNE3704-KR-XXL,XXL,1.0,556.25,556.0
2021-08-15,20210815,Aug-21,JNE3704,JNE3704-KR-XXXL,XXXL,1.0,556.25,556.0
2021-08-15,20210815,Aug-21,JNE3756,JNE3756-KR-S,S,1.0,556.25,556.0
2021-08-15,20210815,Aug-21,JNE3756,JNE3756-KR-M,M,1.0,556.25,556.0
2021-08-15,20210815,Aug-21,JNE3756,JNE3756-KR-L,L,1.0,556.25,556.0
2021-08-15,20210815,Aug-21,JNE3756,JNE3756-KR-XL,XL,1.0,556.25,556.0
2021-08-15,20210815,Aug-21,JNE3756,JNE3756-KR-XXL,XXL,1.0,556.25,556.0
2021-08-15,20210815,Aug-21,JNE3756,JNE3756-KR-XXXL,XXXL,1.0,556.25,556.0
2021-08-15,20210815,Aug-21,JNE3757,JNE3757-KR-S,S,1.0,556.25,556.0
2021-08-15,20210815,Aug-21,JNE3757,JNE3757-KR-M,M,1.0,556.25,556.0
2021-08-15,20210815,Aug-21,JNE3757,JNE3757-KR-L,L,1.0,556.25,556.0
2021-08-15,20210815,Aug-21,JNE3757,JNE3757-KR-XL,XL,1.0,556.25,556.0
2021-08-15,20210815,Aug-21,JNE3757,JNE3757-KR-XXL,XXL,1.0,556.25,556.0
2021-08-15,20210815,Aug-21,JNE3757,JNE3757-KR-XXXL,XXXL,1.0,556.25,556.0
2021-08-15,20210815,Aug-21,JNE3581,JNE3581-KR-S,S,1.0,618.75,619.0
2021-08-15,20210815,Aug-21,JNE3581,JNE3581-KR-M,M,1.0,618.75,619.0
2021-08-15,20210815,Aug-21,JNE3581,JNE3581-KR-L,L,1.0,618.75,619.0
2021-08-15,20210815,Aug-21,JNE3581,JNE3581-KR-XL,XL,1.0,618.75,619.0
2021-08-15,20210815,Aug-21,JNE3581,JNE3581-KR-XXL,XXL,1.0,618.75,619.0
2021-08-15,20210815,Aug-21,JNE3638,JNE3638-KR-S,S,1.0,618.75,619.0
2021-08-15,20210815,Aug-21,JNE3638,JNE3638-KR-M,M,1.0,618.75,619.0
2021-08-15,20210815,Aug-21,JNE3638,JNE3638-KR-L,L,1.0,618.75,619.0
2021-08-15,20210815,Aug-21,JNE3638,JNE3638-KR-XL,XL,1.0,618.75,619.0
2021-08-15,20210815,Aug-21,JNE3638,JNE3638-KR-XXL,XXL,1.0,618.75,619.0
2021-08-15,20210815,Aug-21,JNE3638,JNE3638-KR-XXXL,XXXL,1.0,618.75,619.0
2021-08-15,20210815,Aug-21,JNE3500,JNE3500-KR-S,S,1.0,650.0,650.0
2021-08-15,20210815,Aug-21,JNE3500,JNE3500-KR-M,M,1.0,650.0,650.0
2021-08-15,20210815,Aug-21,JNE3500,JNE3500-KR-L,L,1.0,650.0,650.0
2021-08-15,20210815,Aug-21,JNE3500,JNE3500-KR-XL,XL,1.0,650.0,650.0
2021-08-15,20210815,Aug-21,JNE3500,JNE3500-KR-XXL,XXL,1.0,650.0,650.0
2021-08-15,20210815,Aug-21,JNE3500,JNE3500-KR-XXXL,XXXL,1.0,650.0,650.0
2021-08-15,20210815,Aug-21,JNE3637,JNE3637-KR-S,S,1.0,681.25,681.0
2021-08-15,20210815,Aug-21,JNE3637,JNE3637-KR-M,M,1.0,681.25,681.0
2021-08-15,20210815,Aug-21,JNE3637,JNE3637-KR-L,L,1.0,681.25,681.0
2021-08-15,20210815,Aug-21,JNE3637,JNE3637-KR-XL,XL,1.0,681.25,681.0
2021-08-15,20210815,Aug-21,JNE3637,JNE3637-KR-XXL,XXL,1.0,681.25,681.0
2021-08-15,20210815,Aug-21,JNE3724,JNE3724-KR-S,S,1.0,743.75,744.0
2021-08-15,20210815,Aug-21,JNE3724,JNE3724-KR-M,M,1.0,743.75,744.0
2021-08-15,20210815,Aug-21,JNE3724,JNE3724-KR-L,L,1.0,743.75,744.0
2021-08-15,20210815,Aug-21,JNE3724,JNE3724-KR-XL,XL,1.0,743.75,744.0
2021-08-15,20210815,Aug-21,JNE3724,JNE3724-KR-XXL,XXL,1.0,743.75,744.0
2021-08-15,20210815,Aug-21,JNE3724,JNE3724-KR-XXXL,XXXL,1.0,743.75,744.0
2021-08-15,20210815,Aug-21,JNE3439,JNE3439-KR-S,S,1.0,408.75,409.0
2021-08-15,20210815,Aug-21,JNE3439,JNE3439-KR-M,M,1.0,408.75,409.0
2021-08-15,20210815,Aug-21,JNE3439,JNE3439-KR-XXL,XXL,1.0,408.75,409.0
2021-08-15,20210815,Aug-21,JNE3439,JNE3439-KR-XXXL,XXXL,1.0,408.75,409.0
2021-08-15,20210815,Aug-21,JNE3479,JNE3479-KR-S,S,1.0,408.75,409.0
2021-08-15,20210815,Aug-21,JNE3479,JNE3479-KR-M,M,1.0,408.75,409.0
2021-08-15,20210815,Aug-21,JNE3479,JNE3479-KR-L,L,1.0,408.75,409.0
2021-08-15,20210815,Aug-21,JNE3479,JNE3479-KR-XL,XL,1.0,408.75,409.0
2021-08-15,20210815,Aug-21,JNE3479,JNE3479-KR-XXL,XXL,1.0,408.75,409.0
2021-08-15,20210815,Aug-21,JNE3479,JNE3479-KR-XXXL,XXXL,1.0,408.75,409.0
2021-08-15,20210815,Aug-21,JNE3554,JNE3554-KR-S,S,1.0,427.5,428.0
2021-08-15,20210815,Aug-21,JNE3554,JNE3554-KR-M,M,1.0,427.5,428.0
2021-08-15,20210815,Aug-21,JNE3554,JNE3554-KR-XL,XL,1.0,427.5,428.0
2021-08-15,20210815,Aug-21,JNE3555,JNE3555-KR-S.,S,1.0,427.5,428.0
2021-08-15,20210815,Aug-21,JNE3555,JNE3555-KR-M,M,1.0,427.5,428.0
2021-08-15,20210815,Aug-21,JNE3555,JNE3555-KR-L,L,1.0,427.5,428.0
2021-08-15,20210815,Aug-21,JNE3555,JNE3555-KR-XL,XL,1.0,427.5,428.0
2021-08-15,20210815,Aug-21,JNE3555,JNE3555-KR-XXL,XXL,1.0,427.5,428.0
2021-08-15,20210815,Aug-21,JNE3555,JNE3555-KR-XXXL,XXXL,1.0,427.5,428.0
2021-08-16,20210816,Aug-21,JNE3557,JNE3557-KR-S,S,1.0,428.0,428.0
2021-08-16,20210816,Aug-21,JNE3557,JNE3557-KR-M,M,1.0,428.0,428.0
2021-08-16,20210816,Aug-21,JNE3557,JNE3557-KR-L,L,1.0,428.0,428.0
2021-08-16,20210816,Aug-21,JNE3557,JNE3557-KR-XL,XL,1.0,428.0,428.0
2021-08-16,20210816,Aug-21,JNE3566,JNE3566-KR-S,S,1.0,428.0,428.0
2021-08-16,20210816,Aug-21,JNE3566,JNE3566-KR-XL,XL,1.0,428.0,428.0
2021-08-16,20210816,Aug-21,JNE3566,JNE3566-KR-XXL,XXL,1.0,428.0,428.0
2021-08-16,20210816,Aug-21,SET083,SET083-KR-PP-M,M,1.0,931.0,931.0
2021-08-16,20210816,Aug-21,SET083,SET083-KR-PP-XXL,XXL,1.0,931.0,931.0
2021-08-16,20210816,Aug-21,SET083,SET083-KR-PP-XXXL,XXXL,1.0,931.0,931.0
2021-08-16,20210816,Aug-21,SET265,SET265-KR-NP-S,S,1.0,969.0,969.0
2021-08-16,20210816,Aug-21,SET265,SET265-KR-NP-XXXL,XXXL,1.0,969.0,969.0
2021-08-16,20210816,Aug-21,SET276,SET276-KR-PP-XL,XL,1.0,1344.0,1344.0
2021-08-16,20210816,Aug-21,SET276,SET276-KR-PP-XXL,XXL,1.0,1344.0,1344.0
2021-08-16,20210816,Aug-21,SET198,SET198-KR-NP-S,S,1.0,806.0,806.0
2021-08-16,20210816,Aug-21,SET198,SET198-KR-NP-M,M,1.0,806.0,806.0
2021-08-16,20210816,Aug-21,SET198,SET198-KR-NP-L,L,1.0,806.0,806.0
2021-08-16,20210816,Aug-21,SET198,SET198-KR-NP-XL,XL,1.0,806.0,806.0
2021-08-16,20210816,Aug-21,SET198,SET198-KR-NP-XXL,XXL,1.0,806.0,806.0
2021-08-16,20210816,Aug-21,SET198,SET198-KR-NP-XXXL,XXXL,1.0,806.0,806.0
2021-08-16,20210816,Aug-21,SET269,SET269-KR-NP-XL,XL,1.0,969.0,969.0
2021-08-16,20210816,Aug-21,SET269,SET269-KR-NP-XXL,XXL,1.0,969.0,969.0
2021-08-16,20210816,Aug-21,SET269,SET269-KR-NP-XXXL,XXXL,1.0,969.0,969.0
2021-08-16,20210816,Aug-21,SET286,SET286-KR-NP-XL,XL,1.0,681.0,681.0
2021-08-16,20210816,Aug-21,SET286,SET286-KR-NP-XXL,XXL,1.0,681.0,681.0
2021-08-16,20210816,Aug-21,SET286,SET286-KR-NP-XXXL,XXXL,1.0,681.0,681.0
2021-08-16,20210816,Aug-21,BTM002,BTM002-S,S,1.0,338.0,338.0
2021-08-16,20210816,Aug-21,BTM002,BTM002-XL,XL,1.0,338.0,338.0
2021-08-16,20210816,Aug-21,BTM002,BTM002-XXL,XXL,1.0,338.0,338.0
2021-08-16,20210816,Aug-21,BTM002,BTM002-XXXL,XXXL,1.0,338.0,338.0
2021-08-16,20210816,Aug-21,BTM003,BTM003-S,S,1.0,338.0,338.0
2021-08-16,20210816,Aug-21,BTM003,BTM003-M,M,1.0,338.0,338.0
2021-08-16,20210816,Aug-21,BTM003,BTM003-XL,XL,1.0,338.0,338.0
2021-08-16,20210816,Aug-21,BTM003,BTM003-XXL,XXL,1.0,338.0,338.0
2021-08-16,20210816,Aug-21,BTM003,BTM003-XXXL,XXXL,1.0,338.0,338.0
2021-08-16,20210816,Aug-21,BTM005,BTM005-S,S,1.0,338.0,338.0
2021-08-16,20210816,Aug-21,BTM005,BTM005-M,M,1.0,338.0,338.0
2021-08-16,20210816,Aug-21,BTM005,BTM005-L,L,1.0,338.0,338.0
2021-08-16,20210816,Aug-21,BTM005,BTM005-XL,XL,1.0,338.0,338.0
2021-08-16,20210816,Aug-21,BTM005,BTM005-XXL,XXL,1.0,338.0,338.0
2021-08-16,20210816,Aug-21,BTM005,BTM005-XXXL,XXXL,1.0,338.0,338.0
2021-08-16,20210816,Aug-21,CH213,CH213-BROWN-S,S,1.0,359.0,359.0
2021-08-16,20210816,Aug-21,CH213,CH213-BROWN-M,M,1.0,359.0,359.0
2021-08-16,20210816,Aug-21,CH208,CH208-MUSTARD-M,M,1.0,359.0,359.0
2021-08-16,20210816,Aug-21,CH202,CH202-ORANGE-S,S,1.0,359.0,359.0
2021-08-16,20210816,Aug-21,CH202,CH202-ORANGE-M,M,1.0,359.0,359.0
2021-08-16,20210816,Aug-21,CH202,CH202-ORANGE-L,L,1.0,359.0,359.0
2021-08-16,20210816,Aug-21,CH202,CH202-ORANGE-XL,XL,1.0,359.0,359.0
2021-08-16,20210816,Aug-21,AN202,AN202-ORANGE-S,S,1.0,281.0,281.0
2021-08-16,20210816,Aug-21,AN202,AN202-ORANGE-M,M,1.0,281.0,281.0
2021-08-16,20210816,Aug-21,AN202,AN202-ORANGE-L,L,1.0,281.0,281.0
2021-08-16,20210816,Aug-21,AN202,AN202-ORANGE-XL,XL,1.0,281.0,281.0
2021-08-16,20210816,Aug-21,AN202,AN202-ORANGE-XXL,XXL,1.0,281.0,281.0
2021-08-16,20210816,Aug-21,AN205,AN205-YELLOW-S,S,1.0,281.0,281.0
2021-08-16,20210816,Aug-21,AN205,AN205-YELLOW-M,M,1.0,281.0,281.0
2021-08-16,20210816,Aug-21,AN205,AN205-YELLOW-L,L,1.0,281.0,281.0
2021-08-16,20210816,Aug-21,JNE3449,JNE3449-KR-S,S,1.0,510.0,510.0
2021-08-16,20210816,Aug-21,JNE3449,JNE3449-KR-M,M,1.0,510.0,510.0
2021-08-16,20210816,Aug-21,JNE3449,JNE3449-KR-XL,XL,1.0,510.0,510.0
2021-08-16,20210816,Aug-21,JNE3449,JNE3449-KR-XXL,XXL,1.0,510.0,510.0
2021-08-16,20210816,Aug-21,JNE3449,JNE3449-KR-XXXL,XXXL,1.0,510.0,510.0
2021-08-16,20210816,Aug-21,JNE2032,JNE2032-KR-205-S,S,1.0,469.0,469.0
2021-08-16,20210816,Aug-21,JNE2032,JNE2032-KR-205-M,M,1.0,469.0,469.0
2021-08-16,20210816,Aug-21,JNE2032,JNE2032-KR-205-L,L,1.0,469.0,469.0
2021-08-16,20210816,Aug-21,JNE2032,JNE2032-KR-205-XL,XL,1.0,469.0,469.0
2021-08-16,20210816,Aug-21,JNE2032,JNE2032-KR-205-XXL,XXL,1.0,469.0,469.0
2021-08-16,20210816,Aug-21,JNE2032,JNE2032-KR-205-XXXL,XXXL,1.0,469.0,469.0
2021-08-16,20210816,Aug-21,JNE3556,JNE3556-KR-S,S,1.0,450.0,450.0
2021-08-16,20210816,Aug-21,JNE3556,JNE3556-KR-M,M,1.0,450.0,450.0
2021-08-16,20210816,Aug-21,JNE3556,JNE3556-KR-L,L,1.0,450.0,450.0
2021-08-16,20210816,Aug-21,JNE3556,JNE3556-KR-XL,XL,1.0,450.0,450.0
2021-08-16,20210816,Aug-21,JNE3556,JNE3556-KR-XXL,XXL,1.0,450.0,450.0
2021-08-16,20210816,Aug-21,JNE3556,JNE3556-KR-XXXL,XXXL,1.0,450.0,450.0
2021-08-16,20210816,Aug-21,JNE3548,JNE3548-KR-S,S,1.0,450.0,450.0
2021-08-16,20210816,Aug-21,JNE3548,JNE3548-KR-M,M,1.0,450.0,450.0
2021-08-16,20210816,Aug-21,JNE3548,JNE3548-KR-L,L,1.0,450.0,450.0
2021-08-16,20210816,Aug-21,JNE3548,JNE3548-KR-XL,XL,1.0,450.0,450.0
2021-08-16,20210816,Aug-21,JNE3548,JNE3548-KR-XXL,XXL,1.0,450.0,450.0
2021-08-16,20210816,Aug-21,JNE3548,JNE3548-KR-XXXL,XXXL,1.0,450.0,450.0
2021-08-16,20210816,Aug-21,JNE3722,JNE3722-KR-S,S,1.0,431.0,431.0
2021-08-16,20210816,Aug-21,JNE3722,JNE3722-KR-M,M,1.0,431.0,431.0
2021-08-16,20210816,Aug-21,JNE3722,JNE3722-KR-L,L,1.0,431.0,431.0
2021-08-16,20210816,Aug-21,JNE3722,JNE3722-KR-XL,XL,1.0,431.0,431.0
2021-08-16,20210816,Aug-21,JNE3722,JNE3722-KR-XXL,XXL,1.0,431.0,431.0
2021-08-16,20210816,Aug-21,JNE3722,JNE3722-KR-XXXL,XXXL,1.0,431.0,431.0
2021-08-16,20210816,Aug-21,JNE3565,JNE3565-KR-S,S,1.0,431.0,431.0
2021-08-16,20210816,Aug-21,JNE3565,JNE3565-KR-M,M,1.0,431.0,431.0
2021-08-16,20210816,Aug-21,JNE3565,JNE3565-KR-L,L,1.0,431.0,431.0
2021-08-16,20210816,Aug-21,JNE3565,JNE3565-KR-XL,XL,1.0,431.0,431.0
2021-08-16,20210816,Aug-21,JNE3565,JNE3565-KR-XXL,XXL,1.0,431.0,431.0
2021-08-16,20210816,Aug-21,JNE3565,JNE3565-KR-XXXL,XXXL,1.0,431.0,431.0
2021-08-16,20210816,Aug-21,JNE3507,JNE3507-KR-S,S,1.0,431.0,431.0
2021-08-16,20210816,Aug-21,JNE3507,JNE3507-KR-M,M,1.0,431.0,431.0
2021-08-16,20210816,Aug-21,JNE3507,JNE3507-KR-L,L,1.0,431.0,431.0
2021-08-16,20210816,Aug-21,JNE3507,JNE3507-KR-XL,XL,1.0,431.0,431.0
2021-08-16,20210816,Aug-21,JNE3507,JNE3507-KR-XXL,XXL,1.0,431.0,431.0
2021-08-16,20210816,Aug-21,JNE3507,JNE3507-KR-XXXL,XXXL,1.0,431.0,431.0
2021-08-16,20210816,Aug-21,JNE3489,JNE3489-KR-S,S,1.0,431.0,431.0
2021-08-16,20210816,Aug-21,JNE3489,JNE3489-KR-M,M,1.0,431.0,431.0
2021-08-16,20210816,Aug-21,JNE3489,JNE3489-KR-L,L,1.0,431.0,431.0
2021-08-16,20210816,Aug-21,JNE3489,JNE3489-KR-XL,XL,1.0,431.0,431.0
2021-08-16,20210816,Aug-21,JNE3489,JNE3489-KR-XXL,XXL,1.0,431.0,431.0
2021-08-16,20210816,Aug-21,JNE3489,JNE3489-KR-XXXL,XXXL,1.0,431.0,431.0
2021-08-16,20210816,Aug-21,JNE3423,JNE3423-KR-S,S,1.0,431.25,431.0
2021-08-16,20210816,Aug-21,JNE3423,JNE3423-KR-M,M,1.0,431.25,431.0
2021-08-16,20210816,Aug-21,JNE3423,JNE3423-KR-L,L,1.0,431.25,431.0
2021-08-16,20210816,Aug-21,JNE3423,JNE3423-KR-XL,XL,1.0,431.25,431.0
2021-08-16,20210816,Aug-21,JNE3423,JNE3423-KR-XXL,XXL,1.0,431.25,431.0
2021-08-16,20210816,Aug-21,JNE3423,JNE3423-KR-XXXL,XXXL,1.0,431.25,431.0
2021-08-16,20210816,Aug-21,JNE2101,JNE2101-KR-210-S,S,1.0,431.25,431.0
2021-08-16,20210816,Aug-21,JNE2101,JNE2101-KR-210-XXL,XXL,1.0,431.25,431.0
2021-08-16,20210816,Aug-21,JNE2101,JNE2101-KR-210-XXXL,XXXL,1.0,431.25,431.0
2021-08-16,20210816,Aug-21,J0277,J0277-SKD-S,S,1.0,1757.5,1758.0
2021-08-16,20210816,Aug-21,J0277,J0277-SKD-M,M,1.0,1757.5,1758.0
2021-08-16,20210816,Aug-21,J0277,J0277-SKD-L,L,1.0,1757.5,1758.0
2021-08-16,20210816,Aug-21,J0277,J0277-SKD-XL,XL,1.0,1757.5,1758.0
2021-08-16,20210816,Aug-21,J0277,J0277-SKD-XXL,XXL,1.0,1757.5,1758.0
2021-08-16,20210816,Aug-21,J0277,J0277-SKD-XXXL,XXXL,1.0,1757.5,1758.0
2021-08-16,20210816,Aug-21,J0284,J0284-SKD-S,S,1.0,1757.5,1758.0
2021-08-16,20210816,Aug-21,J0284,J0284-SKD-M,M,1.0,1757.5,1758.0
2021-08-16,20210816,Aug-21,J0284,J0284-SKD-XXL,XXL,1.0,1757.5,1758.0
2021-08-16,20210816,Aug-21,J0284,J0284-SKD-XXXL,XXXL,1.0,1757.5,1758.0
2021-08-16,20210816,Aug-21,J0179,J0179-KR-S,S,1.0,741.25,741.0
2021-08-16,20210816,Aug-21,J0179,J0179-KR-M,M,1.0,741.25,741.0
2021-08-16,20210816,Aug-21,J0179,J0179-KR-L,L,1.0,741.25,741.0
2021-08-16,20210816,Aug-21,J0179,J0179-KR-XL,XL,1.0,741.25,741.0
2021-08-16,20210816,Aug-21,J0179,J0179-KR-XXL,XXL,1.0,741.25,741.0
2021-08-16,20210816,Aug-21,J0179,J0179-KR-XXXL,XXXL,1.0,741.25,741.0
2021-08-16,20210816,Aug-21,SET253,SET253-KR-NP-L,L,1.0,943.75,944.0
2021-08-16,20210816,Aug-21,SET253,SET253-KR-NP-XL,XL,1.0,943.75,944.0
2021-08-16,20210816,Aug-21,SET252,SET252-KR-PP-S.,S,1.0,868.75,869.0
2021-08-16,20210816,Aug-21,SET252,SET252-KR-PP-M.,M,1.0,868.75,869.0
2021-08-16,20210816,Aug-21,SET265,SET265-KR-NP-S,S,1.0,968.75,969.0
2021-08-16,20210816,Aug-21,SET267,SET267-KR-NP-S,S,1.0,931.25,931.0
2021-08-16,20210816,Aug-21,SET267,SET267-KR-NP-S,S,2.0,931.25,1862.0
2021-08-16,20210816,Aug-21,SET267,SET267-KR-NP-L,L,1.0,931.25,931.0
2021-08-16,20210816,Aug-21,SET266,SET266-KR-NP-S,S,1.0,931.25,931.0
2021-08-16,20210816,Aug-21,SET266,SET266-KR-NP-M,M,1.0,931.25,931.0
2021-08-16,20210816,Aug-21,SET266,SET266-KR-NP-L,L,1.0,931.25,931.0
2021-08-16,20210816,Aug-21,SET264,SET264-KR-NP-S,S,2.0,968.75,1938.0
2021-08-16,20210816,Aug-21,SET199,SET199-KR-NP-S,S,1.0,743.75,744.0
2021-08-16,20210816,Aug-21,SET199,SET199-KR-NP-M,M,1.0,743.75,744.0
2021-08-16,20210816,Aug-21,SET199,SET199-KR-NP-L,L,1.0,743.75,744.0
2021-08-16,20210816,Aug-21,SET199,SET199-KR-NP-XL,XL,1.0,743.75,744.0
2021-08-19,20210819,Aug-21,J0210,J0210-DR-S,S,1.0,938.0,938.0
2021-08-19,20210819,Aug-21,J0210,J0210-DR-M,M,1.0,938.0,938.0
2021-08-19,20210819,Aug-21,J0210,J0210-DR-L,L,1.0,938.0,938.0
2021-08-19,20210819,Aug-21,J0210,J0210-DR-XL,XL,1.0,938.0,938.0
2021-08-19,20210819,Aug-21,J0210,J0210-DR-XXL,XXL,1.0,938.0,938.0
2021-08-19,20210819,Aug-21,J0210,J0210-DR-XXXL,XXXL,1.0,938.0,938.0
2021-08-19,20210819,Aug-21,JNE3557,JNE3557-KR-S,S,1.0,428.0,428.0
2021-08-19,20210819,Aug-21,JNE3557,JNE3557-KR-M,M,1.0,428.0,428.0
2021-08-19,20210819,Aug-21,JNE3557,JNE3557-KR-L,L,1.0,428.0,428.0
2021-08-19,20210819,Aug-21,J0209,J0209-DR-XL,XL,1.0,703.0,703.0
2021-08-19,20210819,Aug-21,JNE3638,JNE3638-KR-L,L,1.0,619.0,619.0
2021-08-19,20210819,Aug-21,BTM031,BTM031-NP-M,M,1.0,315.0,315.0
2021-08-19,20210819,Aug-21,SET098,SET098-KR-PP-XS,XS,1.0,825.0,825.0
2021-08-19,20210819,Aug-21,JNE3624,JNE3624-KR-S,S,1.0,428.0,428.0
2021-08-19,20210819,Aug-21,SET110,SET110-KR-PP-XXXL,XXXL,1.0,931.0,931.0
2021-08-19,20210819,Aug-21,J0188,J0188-KR-XXXL,XXXL,2.0,585.0,1170.0
2021-08-19,20210819,Aug-21,JNE3567,JNE3567-KR-XXL,XXL,1.0,431.0,431.0
2021-08-19,20210819,Aug-21,BTM002,BTM002-XXL,XXL,1.0,315.0,315.0
2021-08-19,20210819,Aug-21,BTM021,BTM021-XXL,XXL,1.0,315.0,315.0
2021-08-19,20210819,Aug-21,SET252,SET252-KR-PP-XS.,XS,1.0,825.0,825.0
2021-08-19,20210819,Aug-21,BTM002,BTM002-XXXL,XXXL,1.0,315.0,315.0
2021-08-19,20210819,Aug-21,SET110,SET110-KR-PP-S,S,1.0,931.0,931.0
2021-08-19,20210819,Aug-21,JNE3546,JNE3546-KR-XS,XS,2.0,431.0,862.0
2021-08-19,20210819,Aug-21,SET252,SET252-KR-PP-S.,S,1.0,825.0,825.0
2021-08-19,20210819,Aug-21,SET252,SET252-KR-PP-XS.,XS,2.0,825.0,1650.0
2021-08-19,20210819,Aug-21,SET252,SET252-KR-PP-M.,M,1.0,825.0,825.0
2021-08-19,20210819,Aug-21,J0147,J0147-SET-L,L,1.0,903.0,903.0
2021-08-19,20210819,Aug-21,SET252,SET252-KR-PP-L,L,1.0,825.0,825.0
2021-08-19,20210819,Aug-21,JNE3665,JNE3665-TP-S,S,1.0,388.0,388.0
2021-08-19,20210819,Aug-21,JNE3668,JNE3668-TP-M,M,1.0,431.0,431.0
2021-08-19,20210819,Aug-21,JNE3567,JNE3567-KR-XS,XS,1.0,431.0,431.0
2021-08-19,20210819,Aug-21,J0185,J0185-DR-XXL,XXL,1.0,1103.0,1103.0
2021-08-20,20210820,Aug-21,JNE3667,JNE3667-TP-S,S,1.0,431.0,431.0
2021-08-20,20210820,Aug-21,JNE3667,JNE3667-TP-M.,M,1.0,431.0,431.0
2021-08-20,20210820,Aug-21,JNE3667,JNE3667-TP-L,L,1.0,431.0,431.0
2021-08-20,20210820,Aug-21,J0178,J0178-TP-XXL,XXL,1.0,350.0,350.0
2021-08-20,20210820,Aug-21,J0091,J0091-TP-S,S,1.0,381.0,381.0
2021-08-20,20210820,Aug-21,JNE3644,JNE3644-TP-XS,XS,1.0,388.0,388.0
2021-08-20,20210820,Aug-21,JNE3641,JNE3641-TP-M,M,1.0,431.0,431.0
2021-08-20,20210820,Aug-21,JNE3663,JNE3663-TP-XL,XL,1.0,431.0,431.0
2021-08-20,20210820,Aug-21,JNE3648,JNE3648-TP-S,S,1.0,431.0,431.0
2021-08-20,20210820,Aug-21,J0202,J0202-TP-M,M,1.0,703.0,703.0
2021-08-21,20210821,Aug-21,SET241,SET241-KR-PP-S,S,1.0,450.0,450.0
2021-08-21,20210821,Aug-21,SET241,SET241-KR-PP-XL,XL,1.0,450.0,450.0
2021-08-21,20210821,Aug-21,JNE3710,JNE3710-DR-XL,XL,1.0,619.0,619.0
2021-08-21,20210821,Aug-21,JNE3710,JNE3710-DR-XXXL,XXXL,1.0,619.0,619.0
2021-08-21,20210821,Aug-21,JNE3415,JNE3415-KR-S,S,1.0,494.0,494.0
2021-08-21,20210821,Aug-21,J0097,J0097-KR-L,L,1.0,556.0,556.0
2021-08-21,20210821,Aug-21,JNE3437,JNE3437-KR-S,S,1.0,619.0,619.0
2021-08-21,20210821,Aug-21,JNE3437,JNE3437-KR-XL,XL,1.0,619.0,619.0
2021-08-21,20210821,Aug-21,JNE3437,JNE3437-KR-XXXL,XXXL,1.0,619.0,619.0
2021-08-21,20210821,Aug-21,J0236,J0236-SKD-XL,XL,1.0,1366.0,1366.0
2021-08-21,20210821,Aug-21,J0237,J0237-SKD-XXL,XXL,1.0,1470.0,1470.0
2021-08-21,20210821,Aug-21,J0014,J0014-LCD-L,L,1.0,1328.0,1328.0
2021-08-21,20210821,Aug-21,JNE3555,JNE3555-KR-XL,XL,1.0,450.0,450.0
2021-08-21,20210821,Aug-21,JNE3555,JNE3555-KR-XXXL,XXXL,1.0,450.0,450.0
2021-08-25,20210825,Aug-21,J0110,J0110-SKD-L,L,1.0,1406.0,1378.0
2021-08-25,20210825,Aug-21,J0110,J0110-SKD-M,M,1.0,1406.0,1378.0
2021-08-25,20210825,Aug-21,J0110,J0110-SKD-XL,XL,1.0,1406.0,1378.0
2021-08-25,20210825,Aug-21,J0110,J0110-SKD-XXL,XXL,1.0,1406.0,1378.0
2021-08-25,20210825,Aug-21,J0110,J0110-SKD-XXXL,XXXL,1.0,1406.0,1378.0
2021-08-25,20210825,Aug-21,J0144,J0144-SET-L,L,1.0,670.0,657.0
2021-08-25,20210825,Aug-21,J0144,J0144-SET-M,M,1.0,670.0,657.0
2021-08-25,20210825,Aug-21,J0144,J0144-SET-S,S,1.0,670.0,657.0
2021-08-25,20210825,Aug-21,J0144,J0144-SET-XL,XL,1.0,670.0,657.0
2021-08-25,20210825,Aug-21,J0144,J0144-SET-XS,XS,1.0,670.0,657.0
2021-08-25,20210825,Aug-21,J0144,J0144-SET-XXL,XXL,1.0,670.0,657.0
2021-08-25,20210825,Aug-21,J0199,J0199-SET-M,M,1.0,600.0,588.0
2021-08-25,20210825,Aug-21,J0199,J0199-SET-S,S,1.0,600.0,588.0
2021-08-25,20210825,Aug-21,J0199,J0199-SET-XS,XS,1.0,600.0,588.0
2021-08-25,20210825,Aug-21,J0236,J0236-SKD-L,L,1.0,1366.0,1339.0
2021-08-25,20210825,Aug-21,J0236,J0236-SKD-S,S,1.0,1366.0,1339.0
2021-08-25,20210825,Aug-21,J0236,J0236-SKD-XL,XL,1.0,1366.0,1339.0
2021-08-25,20210825,Aug-21,J0236,J0236-SKD-XS,XS,1.0,1366.0,1339.0
2021-08-25,20210825,Aug-21,J0236,J0236-SKD-XXL,XXL,1.0,1366.0,1339.0
2021-08-25,20210825,Aug-21,JNE1234,,Free,1.0,409.0,401.0
2021-08-25,20210825,Aug-21,JNE1234,JNE1234-MULTI-KR-032-XS,XS,1.0,409.0,401.0
2021-08-25,20210825,Aug-21,JNE1408,,Free,1.0,469.0,460.0
2021-08-25,20210825,Aug-21,JNE1408,KURTI,Free,1.0,469.0,460.0
2021-08-25,20210825,Aug-21,JNE1408,JNE1408-GREY-KR-UDF19-XS,XS,1.0,469.0,460.0
2021-08-25,20210825,Aug-21,JNE1525,KURTI,Free,1.0,469.0,460.0
2021-08-25,20210825,Aug-21,JNE1525,JNE1525-KR-UDF19BLACK-XS,XS,1.0,469.0,460.0
2021-08-25,20210825,Aug-21,JNE1998,JNE1998-KR-311-L,L,1.0,409.0,401.0
2021-08-25,20210825,Aug-21,JNE1998,JNE1998-KR-311-M,M,1.0,409.0,401.0
2021-08-25,20210825,Aug-21,JNE1998,JNE1998-KR-311-S,S,1.0,409.0,401.0
2021-08-25,20210825,Aug-21,JNE1998,JNE1998-KR-311-XL,XL,1.0,409.0,401.0
2021-08-25,20210825,Aug-21,JNE1998,JNE1998-KR-311-XS,XS,1.0,409.0,401.0
2021-08-25,20210825,Aug-21,JNE2014,JNE2014-KR-178-L,L,1.0,431.0,422.0
2021-08-25,20210825,Aug-21,JNE2014,JNE2014-KR-178-M,M,1.0,431.0,422.0
2021-08-25,20210825,Aug-21,JNE2014,JNE2014-KR-178-S,S,1.0,431.0,422.0
2021-08-25,20210825,Aug-21,JNE2014,JNE2014-KR-178-XL,XL,1.0,431.0,422.0
2021-08-25,20210825,Aug-21,JNE2014,JNE2014-KR-178-XS,XS,1.0,431.0,422.0
2021-08-25,20210825,Aug-21,JNE2014,JNE2014-KR-178-XXL,XXL,1.0,431.0,422.0
2021-08-25,20210825,Aug-21,JNE2199,JNE2199-KR-411-L,L,1.0,431.0,422.0
2021-08-25,20210825,Aug-21,JNE2199,JNE2199-KR-411-M,M,1.0,431.0,422.0
2021-08-25,20210825,Aug-21,JNE2199,JNE2199-KR-411-S,S,1.0,431.0,422.0
2021-08-25,20210825,Aug-21,JNE2199,JNE2199-KR-411-XL,XL,1.0,431.0,422.0
2021-08-25,20210825,Aug-21,JNE2199,JNE2199-KR-411-XS,XS,1.0,431.0,422.0
2021-08-25,20210825,Aug-21,JNE2266,JNE2266-KR-490-L,L,1.0,528.0,517.0
2021-08-25,20210825,Aug-21,JNE2266,JNE2266-KR-490-M,M,1.0,528.0,517.0
2021-08-25,20210825,Aug-21,JNE2266,JNE2266-KR-490-XL,XL,1.0,528.0,517.0
2021-08-25,20210825,Aug-21,JNE2266,JNE2266-KR-490-XXL,XXL,1.0,528.0,517.0
2021-08-25,20210825,Aug-21,JNE3042,JNE3042-KR-L,L,1.0,409.0,401.0
2021-08-25,20210825,Aug-21,JNE3042,JNE3042-KR-M,M,1.0,409.0,401.0
2021-08-25,20210825,Aug-21,JNE3042,JNE3042-KR-S,S,1.0,409.0,401.0
2021-08-25,20210825,Aug-21,JNE3042,JNE3042-KR-XL,XL,1.0,409.0,401.0
2021-08-25,20210825,Aug-21,JNE3042,JNE3042-KR-XS,XS,1.0,409.0,401.0
2021-08-25,20210825,Aug-21,JNE3373,JNE3373-KR-L,L,1.0,494.0,484.0
2021-08-25,20210825,Aug-21,JNE3373,JNE3373-KR-M,M,1.0,494.0,484.0
2021-08-25,20210825,Aug-21,JNE3373,JNE3373-KR-S,S,1.0,494.0,484.0
2021-08-25,20210825,Aug-21,JNE3373,JNE3373-KR-XS,XS,1.0,494.0,484.0
2021-08-25,20210825,Aug-21,JNE3404,JNE3404-KR-L,L,1.0,450.0,441.0
2021-08-25,20210825,Aug-21,JNE3404,JNE3404-KR-M,M,1.0,450.0,441.0
2021-08-25,20210825,Aug-21,JNE3404,JNE3404-KR-XL,XL,1.0,450.0,441.0
2021-08-25,20210825,Aug-21,JNE3404,JNE3404-KR-XXL,XXL,1.0,450.0,441.0
2021-08-25,20210825,Aug-21,JNE3404,JNE3404-KR-XXXL,XXXL,1.0,450.0,441.0
2021-08-25,20210825,Aug-21,JNE3463,JNE3463-KR-M,M,1.0,681.0,667.0
2021-08-25,20210825,Aug-21,JNE3463,JNE3463-KR-S,S,1.0,681.0,667.0
2021-08-25,20210825,Aug-21,JNE3463,JNE3463-KR-XS,XS,1.0,681.0,667.0
2021-08-25,20210825,Aug-21,JNE3489,JNE3489-KR-L,L,1.0,431.0,422.0
2021-08-25,20210825,Aug-21,JNE3489,JNE3489-KR-M,M,1.0,431.0,422.0
2021-08-25,20210825,Aug-21,JNE3489,JNE3489-KR-S,S,1.0,431.0,422.0
2021-08-25,20210825,Aug-21,JNE3489,JNE3489-KR-XL,XL,1.0,431.0,422.0
2021-08-25,20210825,Aug-21,JNE3489,JNE3489-KR-XS,XS,1.0,431.0,422.0
2021-08-25,20210825,Aug-21,JNE3507,JNE3507-KR-L,L,1.0,306.0,300.0
2021-08-25,20210825,Aug-21,JNE3507,JNE3507-KR-M,M,1.0,306.0,300.0
2021-08-25,20210825,Aug-21,JNE3507,JNE3507-KR-S,S,1.0,306.0,300.0
2021-08-25,20210825,Aug-21,JNE3507,JNE3507-KR-XL,XL,1.0,306.0,300.0
2021-08-25,20210825,Aug-21,JNE3507,JNE3507-KR-XS,XS,1.0,306.0,300.0
2021-08-25,20210825,Aug-21,JNE3537,JNE3537-KR-L,L,1.0,481.0,471.0
2021-08-25,20210825,Aug-21,JNE3537,JNE3537-KR-M,M,1.0,481.0,471.0
2021-08-25,20210825,Aug-21,JNE3537,JNE3537-KR-XL,XL,1.0,481.0,471.0
2021-08-25,20210825,Aug-21,JNE3537,JNE3537-KR-XXL,XXL,1.0,481.0,471.0
2021-08-25,20210825,Aug-21,JNE3547,JNE3547-KR-L,L,1.0,450.0,441.0
2021-08-25,20210825,Aug-21,JNE3547,JNE3547-KR-M,M,1.0,450.0,441.0
2021-08-25,20210825,Aug-21,JNE3547,JNE3547-KR-XL,XL,1.0,450.0,441.0
2021-08-25,20210825,Aug-21,JNE3547,JNE3547-KR-XXL,XXL,1.0,450.0,441.0
2021-08-25,20210825,Aug-21,JNE3547,JNE3547-KR-XXXL,XXXL,1.0,450.0,441.0
2021-08-25,20210825,Aug-21,JNE3567,JNE3567-KR-L,L,1.0,431.0,422.0
2021-08-25,20210825,Aug-21,JNE3567,JNE3567-KR-M,M,1.0,431.0,422.0
2021-08-25,20210825,Aug-21,JNE3567,JNE3567-KR-XL,XL,1.0,431.0,422.0
2021-08-25,20210825,Aug-21,JNE3567,JNE3567-KR-XXL,XXL,1.0,431.0,422.0
2021-08-25,20210825,Aug-21,JNE3571,JNE3571-KR-L,L,1.0,431.0,422.0
2021-08-25,20210825,Aug-21,JNE3571,JNE3571-KR-M,M,1.0,431.0,422.0
2021-08-25,20210825,Aug-21,JNE3571,JNE3571-KR-XL,XL,1.0,431.0,422.0
2021-08-25,20210825,Aug-21,JNE3571,JNE3571-KR-XXL,XXL,1.0,431.0,422.0
2021-08-25,20210825,Aug-21,JNE3571,JNE3571-KR-XXXL,XXXL,1.0,431.0,422.0
2021-08-25,20210825,Aug-21,JNE3614,JNE3614-KR-L,L,1.0,538.0,527.0
2021-08-25,20210825,Aug-21,JNE3614,JNE3614-KR-M,M,1.0,538.0,527.0
2021-08-25,20210825,Aug-21,JNE3614,JNE3614-KR-S,S,1.0,538.0,527.0
2021-08-25,20210825,Aug-21,JNE3614,JNE3614-KR-XS,XS,1.0,538.0,527.0
2021-08-25,20210825,Aug-21,JNE3637,JNE3637-KR-L,L,1.0,681.0,667.0
2021-08-25,20210825,Aug-21,JNE3637,JNE3637-KR-M,M,1.0,681.0,667.0
2021-08-25,20210825,Aug-21,JNE3637,JNE3637-KR-S,S,1.0,681.0,667.0
2021-08-25,20210825,Aug-21,JNE3637,JNE3637-KR-XL,XL,1.0,681.0,667.0
2021-08-25,20210825,Aug-21,JNE3637,JNE3637-KR-XXL,XXL,1.0,681.25,668.0
2021-08-25,20210825,Aug-21,JNE3678,JNE3678-TU-L,L,1.0,431.25,423.0
2021-08-25,20210825,Aug-21,JNE3678,JNE3678-TU-XL,XL,1.0,431.25,423.0
2021-08-25,20210825,Aug-21,JNE3678,JNE3678-TU-XXL,XXL,1.0,431.25,423.0
2021-08-25,20210825,Aug-21,JNE3710,JNE3710-DR-L,L,1.0,618.75,606.0
2021-08-25,20210825,Aug-21,JNE3710,JNE3710-DR-M,M,1.0,618.75,606.0
2021-08-25,20210825,Aug-21,JNE3710,JNE3710-DR-S,S,1.0,618.75,606.0
2021-08-25,20210825,Aug-21,JNE3710,JNE3710-DR-XS,XS,1.0,618.75,606.0
2021-08-25,20210825,Aug-21,JNE3739,JNE3739-KR-L,L,1.0,537.5,527.0
2021-08-25,20210825,Aug-21,JNE3739,JNE3739-KR-M,M,1.0,537.5,527.0
2021-08-25,20210825,Aug-21,JNE3739,JNE3739-KR-S,S,1.0,537.5,527.0
2021-08-25,20210825,Aug-21,JNE3739,JNE3739-KR-XL,XL,1.0,537.5,527.0
2021-08-25,20210825,Aug-21,JNE3739,JNE3739-KR-XS,XS,1.0,537.5,527.0
2021-08-25,20210825,Aug-21,JNE3739,JNE3739-KR-XXL,XXL,1.0,537.5,527.0
2021-08-25,20210825,Aug-21,JNE3739,JNE3739-KR-XXXL,XXXL,1.0,537.5,527.0
2021-08-25,20210825,Aug-21,MEN5015,MEN5015-KR-L,L,1.0,523.75,513.0
2021-08-25,20210825,Aug-21,MEN5015,MEN5015-KR-M,M,1.0,523.75,513.0
2021-08-25,20210825,Aug-21,MEN5015,MEN5015-KR-S,S,1.0,523.75,513.0
2021-08-25,20210825,Aug-21,MEN5023,MEN5023-KR-L,L,1.0,648.75,636.0
2021-08-25,20210825,Aug-21,MEN5023,MEN5023-KR-M,M,1.0,648.75,636.0
2021-08-25,20210825,Aug-21,MEN5023,MEN5023-KR-XL,XL,1.0,648.75,636.0
2021-08-25,20210825,Aug-21,SET062,SET062-KR-SP-L,L,1.0,883.75,866.0
2021-08-25,20210825,Aug-21,SET062,SET062-KR-SP-M,M,1.0,883.75,866.0
2021-08-25,20210825,Aug-21,SET062,SET062-KR-SP-XL,XL,1.0,883.75,866.0
2021-08-25,20210825,Aug-21,SET203,SET203-KR-DPT-L,L,1.0,531.25,521.0
2021-08-25,20210825,Aug-21,SET203,SET203-KR-DPT-M,M,1.0,531.25,521.0
2021-08-25,20210825,Aug-21,SET203,SET203-KR-DPT-S,S,1.0,531.25,521.0
2021-08-25,20210825,Aug-21,SET203,SET203-KR-DPT-XS,XS,1.0,531.25,521.0
2021-08-25,20210825,Aug-21,SET242,SET242-KR-PP-L,L,1.0,763.33,748.0
2021-08-25,20210825,Aug-21,SET242,SET242-KR-PP-M,M,1.0,763.33,748.0
2021-08-25,20210825,Aug-21,SET242,SET242-KR-PP-S,S,1.0,763.33,748.0
2021-08-25,20210825,Aug-21,SET242,SET242-KR-PP-XL,XL,1.0,763.33,748.0
2021-08-25,20210825,Aug-21,SET242,SET242-KR-PP-XXL,XXL,1.0,763.33,748.0
2021-08-25,20210825,Aug-21,SET242,SET242-KR-PP-XXXL,XXXL,1.0,763.33,748.0
2021-08-25,20210825,Aug-21,SET266,SET266-KR-NP-L,L,1.0,931.25,913.0
2021-08-25,20210825,Aug-21,SET266,SET266-KR-NP-M,M,1.0,931.25,913.0
2021-08-25,20210825,Aug-21,SET266,SET266-KR-NP-XL,XL,1.0,931.25,913.0
2021-08-25,20210825,Aug-21,SET266,SET266-KR-NP-XXL,XXL,1.0,931.25,913.0
2021-08-25,20210825,Aug-21,SET267,SET267-KR-NP-L,L,1.0,931.25,913.0
2021-08-25,20210825,Aug-21,SET267,SET267-KR-NP-M,M,1.0,931.25,913.0
2021-08-25,20210825,Aug-21,SET267,SET267-KR-NP-XL,XL,1.0,931.25,913.0
2021-08-25,20210825,Aug-21,SET267,SET267-KR-NP-XXL,XXL,1.0,931.25,913.0
2021-08-25,20210825,Aug-21,SET273,SET273-KR-NP-S,S,1.0,681.25,668.0
2021-08-25,20210825,Aug-21,SET273,SET273-KR-NP-XS,XS,1.0,681.25,668.0
2021-08-25,20210825,Aug-21,SET287,SET287-KR-NP-L,L,1.0,681.25,668.0
2021-08-25,20210825,Aug-21,SET287,SET287-KR-NP-M,M,1.0,681.25,668.0
2021-08-25,20210825,Aug-21,SET287,SET287-KR-NP-S,S,1.0,681.25,668.0
2021-08-25,20210825,Aug-21,SET287,SET287-KR-NP-XL,XL,1.0,681.25,668.0
2021-08-25,20210825,Aug-21,SET287,SET287-KR-NP-XS,XS,1.0,681.25,668.0
2021-08-25,20210825,Aug-21,JNE3672,JNE3672-TU-XXXL,XXXL,1.0,513.0,513.0
2021-08-25,20210825,Aug-21,JNE3665,JNE3665-TP-XXL,XXL,1.0,388.0,388.0
2021-08-25,20210825,Aug-21,SET275,SET275-KR-NP-XXXL,XXXL,1.0,1056.0,1056.0
2021-08-25,20210825,Aug-21,J0210,J0210-DR-XXL,XXL,1.0,938.0,938.0
2021-08-25,20210825,Aug-21,JNE3710,JNE3710-DR-XXXL,XXXL,1.0,619.0,619.0
2021-08-25,20210825,Aug-21,J0122,J0122-TP-XXXL,XXXL,1.0,429.0,429.0
2021-08-25,20210825,Aug-21,J0297,J0297-TP-XXXL,XXXL,1.0,429.0,429.0
2021-08-25,20210825,Aug-21,J0190,J0190-TP-XXXL,XXXL,1.0,469.0,469.0
2021-08-25,20210825,Aug-21,JNE3288,JNE3288-KR-M,M,1.0,681.0,681.0
2021-08-25,20210825,Aug-21,JNE3668,JNE3668-TP-M,M,1.0,431.0,431.0
2021-08-25,20210825,Aug-21,JNE3652,JNE3652-TP-M,M,1.0,368.0,368.0
2021-08-25,20210825,Aug-21,J0170,J0170-TP-M,M,1.0,409.0,409.0
2021-08-25,20210825,Aug-21,J0123,J0123-TP-M,M,1.0,259.0,259.0
2021-08-25,20210825,Aug-21,JNE3678,JNE3678-TU-XXL,XXL,1.0,431.0,431.0
2021-08-25,20210825,Aug-21,J0118,J0118-TP-XXL,XXL,1.0,390.0,390.0
2021-08-25,20210825,Aug-21,J0310,J0310-TP-XXL,XXL,1.0,429.0,429.0
2021-08-25,20210825,Aug-21,JNE3688,JNE3688-TU-XXL,XXL,1.0,450.0,450.0
2021-08-25,20210825,Aug-21,BTM046,BTM046-PP-XXL,XXL,1.0,428.0,428.0
2021-08-25,20210825,Aug-21,SET053,SET053-KR-NP-XXL,XXL,1.0,969.0,969.0
2021-08-25,20210825,Aug-21,SET014,SET014-KR-PP-XXL,XXL,1.0,1306.0,1306.0
2021-08-25,20210825,Aug-21,SET220,SET220-KR-PP-XXL,XXL,1.0,1344.0,1344.0
2021-08-25,20210825,Aug-21,SET242,SET242-KR-PP-XXL,XXL,1.0,763.0,763.0
2021-08-25,20210825,Aug-21,J0127,J0127-SKD-XXL,XXL,1.0,1344.0,1344.0
2021-08-25,20210825,Aug-21,SET230,SET230-KR-PP-XXL,XXL,1.0,850.0,850.0
2021-08-25,20210825,Aug-21,J0182,J0182-SET-M,M,1.0,1133.0,1133.0
2021-08-25,20210825,Aug-21,J0164,J0164-DR-M,M,1.0,556.0,556.0
2021-08-25,20210825,Aug-21,MEN5030,MEN5030-KR-XXXL,XXXL,1.0,561.0,561.0
2021-08-25,20210825,Aug-21,MEN5014,MEN5014-KR-XXXL,XXXL,1.0,561.0,561.0
2021-08-25,20210825,Aug-21,MEN5001,MEN5001-KR-XXXL,XXXL,1.0,536.0,536.0
2021-08-25,20210825,Aug-21,MEN5015,MEN5015-KR-XXXL,XXXL,1.0,524.0,524.0
2021-08-25,20210825,Aug-21,J0346,J0346-SET-L,L,1.0,769.0,769.0
2021-08-25,20210825,Aug-21,JNE3648,JNE3648-TP-L,L,1.0,431.0,431.0
2021-08-25,20210825,Aug-21,JNE3642,JNE3642-TP-XL,XL,1.0,388.0,388.0
2021-08-25,20210825,Aug-21,JNE3728,JNE3728-KR-L,L,1.0,513.0,513.0
2021-08-25,20210825,Aug-21,J0350,J0350-SET-L,L,1.0,744.0,744.0
2021-08-25,20210825,Aug-21,JNE3547,JNE3547-KR-L,L,1.0,450.0,450.0
2021-08-25,20210825,Aug-21,JNE3759,JNE3759-KR-L,L,1.0,513.0,513.0
2021-08-25,20210825,Aug-21,JNE3665,JNE3665-TP-L,L,1.0,388.0,388.0
2021-08-25,20210825,Aug-21,JNE3570,JNE3570-KR-L,L,1.0,367.0,367.0
2021-08-25,20210825,Aug-21,JNE3560,JNE3560-KR-L,L,1.0,450.0,450.0
2021-08-25,20210825,Aug-21,J0188,J0188-KR-L,L,1.0,585.0,585.0
2021-08-25,20210825,Aug-21,SET270,SET270-KR-PP-L,L,1.0,894.0,894.0
2021-08-25,20210825,Aug-21,SET272,SET272-KR-PP-XL,XL,1.0,894.0,894.0
2021-08-26,20210826,Aug-21,J0188,J0188-KR-XXL,XXL,1.0,585.0,585.0
2021-08-26,20210826,Aug-21,J0188,J0188-KR-XS,XS,1.0,585.0,585.0
2021-08-26,20210826,Aug-21,J0188,J0188-KR-L,L,3.0,585.0,1755.0
2021-08-26,20210826,Aug-21,JNE3665,JNE3665-TP-M,M,1.0,388.0,388.0
2021-08-26,20210826,Aug-21,JNE3665,JNE3665-TP-L,L,1.0,388.0,388.0
2021-08-26,20210826,Aug-21,J0350,J0350-SET-XS,XS,1.0,744.0,744.0
2021-08-26,20210826,Aug-21,SET252,SET252-KR-PP-S.,S,1.0,825.0,825.0
2021-08-26,20210826,Aug-21,SET252,SET252-KR-PP-L,L,1.0,825.0,825.0
2021-08-26,20210826,Aug-21,JNE3405,JNE3405-KR-M,M,1.0,431.0,431.0
2021-08-26,20210826,Aug-21,BTM002,BTM002-M,M,2.0,315.0,630.0
2021-08-26,20210826,Aug-21,J0147,J0147-SET-XS,XS,1.0,903.0,903.0
2021-08-26,20210826,Aug-21,J0147,J0147-SET-S,S,1.0,903.0,903.0
2021-08-26,20210826,Aug-21,JNE3645,JNE3645-TP-XXL,XXL,1.0,350.0,350.0
2021-08-26,20210826,Aug-21,SET110,SET110-KR-PP-S,S,1.0,931.0,931.0
2021-09-03,20210903,Sep-21,JNE3686,JNE3686-TU-S,S,1.0,450.0,450.0
2021-09-03,20210903,Sep-21,SET014,SET014-KR-PP-M,M,1.0,1306.0,1306.0
2021-09-03,20210903,Sep-21,SET249,SET249-KR-NP-M,M,1.0,944.0,944.0
2021-09-03,20210903,Sep-21,SET253,SET253-KR-NP-M,M,1.0,944.0,944.0
2021-09-03,20210903,Sep-21,JNE3581,JNE3581-KR-M,M,1.0,619.0,619.0
2021-09-03,20210903,Sep-21,SET272,SET272-KR-PP-S,S,1.0,894.0,894.0
2021-09-03,20210903,Sep-21,SET261,SET261-KR-PP-M,M,1.0,556.0,556.0
2021-09-03,20210903,Sep-21,J0284,J0284-SKD-M,M,1.0,1758.0,1758.0
2021-09-03,20210903,Sep-21,J0127,J0127-SKD-M,M,1.0,1344.0,1344.0
2021-09-03,20210903,Sep-21,SET200,SET200-KR-NP-S,S,1.0,894.0,894.0
2021-09-03,20210903,Sep-21,JNE3557,JNE3557-KR-M,M,1.0,450.0,450.0
2021-09-03,20210903,Sep-21,JNE3621,JNE3621-KR-S,S,1.0,613.0,613.0
2021-09-03,20210903,Sep-21,SET144,SET144-KR-NP-M,M,1.0,931.0,931.0
2021-09-03,20210903,Sep-21,SET236,SET236-KR-PP-M,M,1.0,850.0,850.0
2021-09-03,20210903,Sep-21,JNE3405,JNE3405-KR-L,L,1.0,431.0,431.0
2021-09-03,20210903,Sep-21,JNE3421,JNE3421-KR-L,L,1.0,368.0,368.0
2021-09-03,20210903,Sep-21,JNE3622,JNE3622-KR-L,L,1.0,428.0,428.0
2021-09-03,20210903,Sep-21,JNE2170,JNE2170-KR-436-L,L,1.0,656.0,656.0
2021-09-03,20210903,Sep-21,JNE3030,JNE3030-KR-L,L,1.0,730.0,730.0
2021-09-03,20210903,Sep-21,SET240,SET240-KR-PP-M,M,1.0,769.0,769.0
2021-09-03,20210903,Sep-21,J0240,J0240-SKD-XS,XS,1.0,1758.0,1758.0
2021-09-03,20210903,Sep-21,MEN5019,MEN5019-KR-S,S,1.0,561.0,561.0
2021-09-03,20210903,Sep-21,J0241,J0241-SKD-XS,XS,1.0,1406.0,1406.0
2021-09-03,20210903,Sep-21,SET243,SET243-KR-PP-M,M,1.0,730.0,730.0
2021-09-03,20210903,Sep-21,SET243,SET243-KR-PP-L,L,1.0,730.0,730.0
2021-09-03,20210903,Sep-21,J0246,J0246-SKD-M,M,1.0,1328.0,1328.0
2021-09-03,20210903,Sep-21,J0243,J0243-DR-XS,XS,1.0,1094.0,1094.0
2021-09-03,20210903,Sep-21,JNE3634,JNE3634-KR-L,L,1.0,650.0,650.0
2021-09-03,20210903,Sep-21,SET240,SET240-KR-PP-S,S,1.0,769.0,769.0
2021-09-03,20210903,Sep-21,SET240,SET240-KR-PP-M,M,1.0,769.0,769.0
2021-09-03,20210903,Sep-21,SET238,SET238-KR-PP-S,S,1.0,706.0,706.0
2021-09-03,20210903,Sep-21,SET238,SET238-KR-PP-XL,XL,1.0,706.0,706.0
2021-09-03,20210903,Sep-21,JNE3634,JNE3634-KR-S,S,1.0,650.0,650.0
2021-09-03,20210903,Sep-21,J0178,J0178-TP-XS,XS,2.0,350.0,700.0
2021-09-03,20210903,Sep-21,J0178,J0178-TP-S,S,2.0,350.0,700.0
2021-09-03,20210903,Sep-21,JNE3663,JNE3663-TP-XS,XS,2.0,431.0,862.0
2021-09-03,20210903,Sep-21,JNE3663,JNE3663-TP-S,S,2.0,431.0,862.0
2021-09-03,20210903,Sep-21,JNE3667,JNE3667-TP-XS,XS,2.0,431.0,862.0
2021-09-03,20210903,Sep-21,JNE3667,JNE3667-TP-S,S,2.0,431.0,862.0
2021-09-03,20210903,Sep-21,JNE3667,JNE3667-TP-M.,M,2.0,431.0,862.0
2021-09-03,20210903,Sep-21,JNE3667,JNE3667-TP-L,L,2.0,431.0,862.0
2021-09-03,20210903,Sep-21,JNE3644,JNE3644-TP-XS,XS,2.0,388.0,776.0
2021-09-03,20210903,Sep-21,JNE3644,JNE3644-TP-S,S,2.0,388.0,776.0
2021-09-03,20210903,Sep-21,SET240,SET240-KR-PP-XS,XS,1.0,769.0,769.0
2021-09-03,20210903,Sep-21,JNE2171,JNE2171-KR-437-S,S,1.0,619.0,619.0
2021-09-03,20210903,Sep-21,BTM005,BTM005-XS,XS,1.0,315.0,315.0
2021-09-03,20210903,Sep-21,J0096,J0096-KR-M,M,1.0,619.0,619.0
2021-09-03,20210903,Sep-21,MEN5016,MEN5016-KR-M,M,1.0,536.0,536.0
2021-09-03,20210903,Sep-21,MEN5029,MEN5029-KR-S,S,1.0,499.0,499.0
2021-09-03,20210903,Sep-21,MEN5025,MEN5025-KR-L,L,1.0,649.0,649.0
2021-09-03,20210903,Sep-21,MEN5013,MEN5013-KR-S,S,1.0,561.0,561.0
2021-09-06,20210906,Sep-21,JNE3664,JNE3664-TP-S,S,1.0,531.0,531.0
2021-09-06,20210906,Sep-21,MEN5007,MEN5007-KR-L,L,1.0,499.0,499.0
2021-09-06,20210906,Sep-21,MEN5008,MEN5008-KR-L,L,1.0,524.0,524.0
2021-09-06,20210906,Sep-21,MEN5013,MEN5013-KR-XL,XL,1.0,561.0,561.0
2021-09-06,20210906,Sep-21,MEN5013,MEN5013-KR-XXL,XXL,1.0,561.0,561.0
2021-09-06,20210906,Sep-21,MEN5015,MEN5015-KR-L,L,1.0,524.0,524.0
2021-09-06,20210906,Sep-21,MEN5016,MEN5016-KR-L,L,1.0,536.0,536.0
2021-09-06,20210906,Sep-21,MEN5031,MEN5031-KR-L,L,1.0,599.0,599.0
2021-09-06,20210906,Sep-21,SET276,SET276-KR-PP-S,S,1.0,1344.0,1344.0
2021-09-06,20210906,Sep-21,SET282,SET282-KR-PP-XL,XL,1.0,1244.0,1244.0
2021-09-07,20210907,Sep-21,SET252,SET252-KR-PP-M.,M,3.0,825.0,2475.0
2021-09-07,20210907,Sep-21,SET252,SET252-KR-PP-L,L,4.0,825.0,3300.0
2021-09-07,20210907,Sep-21,SET252,SET252-KR-PP-XL.,XL,1.0,825.0,825.0
2021-09-07,20210907,Sep-21,SET110,SET110-KR-PP-XS,XS,1.0,931.0,931.0
2021-09-07,20210907,Sep-21,SET110,SET110-KR-PP-S,S,2.0,931.0,1862.0
2021-09-07,20210907,Sep-21,SET110,SET110-KR-PP-M,M,1.0,931.0,931.0
2021-09-07,20210907,Sep-21,SET110,SET110-KR-PP-L,L,3.0,931.0,2793.0
2021-09-07,20210907,Sep-21,SET110,SET110-KR-PP-XL,XL,1.0,931.0,931.0
2021-09-07,20210907,Sep-21,J0147,J0147-SET-L,L,1.0,903.0,903.0
2021-09-07,20210907,Sep-21,J0304,J0304-TP-XXXL,XXXL,1.0,359.0,359.0
2021-09-07,20210907,Sep-21,J0205,J0205-TP-XXXL,XXXL,1.0,508.0,508.0
2021-09-07,20210907,Sep-21,J0198,J0198-TP-XXXL,XXXL,1.0,585.0,585.0
2021-09-07,20210907,Sep-21,JNE3500,JNE3500-KR-S,S,1.0,650.0,650.0
2021-09-07,20210907,Sep-21,JNE3577,JNE3577-KR-S,S,1.0,681.0,681.0
2021-09-07,20210907,Sep-21,JNE3688,JNE3688-TU-S,S,1.0,450.0,450.0
2021-09-07,20210907,Sep-21,JNE3668,JNE3668-TP-S,S,1.0,431.0,431.0
2021-09-07,20210907,Sep-21,MEN5018,MEN5018-KR-L,L,1.0,574.0,574.0
2021-09-07,20210907,Sep-21,MEN5023,MEN5023-KR-XL,XL,1.0,649.0,649.0
2021-09-07,20210907,Sep-21,J0214,J0214-TP-M,M,1.0,703.0,703.0
2021-09-07,20210907,Sep-21,JNE3665,JNE3665-TP-M,M,1.0,388.0,388.0
2021-09-07,20210907,Sep-21,J0198,J0198-TP-XXXL,XXXL,1.0,585.0,585.0
2021-09-07,20210907,Sep-21,J0119,J0119-TP-XXXL,XXXL,1.0,469.0,469.0
2021-09-09,20210909,Sep-21,J0196,J0196-TP-S,S,1.0,585.0,585.0
2021-09-09,20210909,Sep-21,JNE3651,JNE3651-TP-S,S,1.0,431.0,431.0
2021-09-09,20210909,Sep-21,J0197,J0197-TP-S,S,1.0,585.0,585.0
2021-09-09,20210909,Sep-21,JNE3713,JNE3713-TP-S,S,1.0,431.0,431.0
2021-09-09,20210909,Sep-21,J0307,J0307-TP-M,M,1.0,390.0,390.0
2021-09-09,20210909,Sep-21,JNE3580,JNE3580-DR-M,M,1.0,619.0,619.0
2021-09-09,20210909,Sep-21,JNE3666,JNE3666-TP-M,M,1.0,431.0,431.0
2021-09-09,20210909,Sep-21,J0302,J0302-DR-L,L,1.0,664.0,664.0
2021-09-09,20210909,Sep-21,J0291,J0291-JS-L,L,1.0,664.0,664.0
2021-09-09,20210909,Sep-21,JNE3648,JNE3648-TP-M,M,1.0,431.0,431.0
2021-09-11,20210911,Sep-21,J0094,J0094-KR-L,L,1.0,894.0,894.0
2021-09-11,20210911,Sep-21,J0094,J0094-KR-M,M,1.0,894.0,894.0
2021-09-11,20210911,Sep-21,J0094,J0094-KR-S,S,1.0,894.0,894.0
2021-09-11,20210911,Sep-21,J0094,J0094-KR-XL,XL,1.0,894.0,894.0
2021-09-11,20210911,Sep-21,J0094,J0094-KR-XXL,XXL,1.0,894.0,894.0
2021-09-11,20210911,Sep-21,J0094,J0094-KR-XXXL,XXXL,1.0,894.0,894.0
2021-09-11,20210911,Sep-21,J0121,J0121-TP-M,M,1.0,247.0,247.0
2021-09-11,20210911,Sep-21,JNE3506,JNE3506-KR-L,L,1.0,788.0,788.0
2021-09-11,20210911,Sep-21,JNE3506,JNE3506-KR-M,M,1.0,788.0,788.0
2021-09-11,20210911,Sep-21,JNE3506,JNE3506-KR-S,S,1.0,788.0,788.0
2021-09-11,20210911,Sep-21,JNE3506,JNE3506-KR-XL,XL,1.0,788.0,788.0
2021-09-11,20210911,Sep-21,JNE3506,JNE3506-KR-XXL,XXL,1.0,788.0,788.0
2021-09-11,20210911,Sep-21,JNE3506,JNE3506-KR-XXXL,XXXL,1.0,788.0,788.0
2021-09-11,20210911,Sep-21,JNE3577,JNE3577-KR-L,L,1.0,681.0,681.0
2021-09-11,20210911,Sep-21,SET271,SET271-KR-NP-L,L,1.0,1244.0,1244.0
2021-09-11,20210911,Sep-21,SET271,SET271-KR-NP-XL,XL,1.0,1244.0,1244.0
2021-09-11,20210911,Sep-21,SET271,SET271-KR-NP-XXL,XXL,1.0,1244.0,1244.0
2021-09-11,20210911,Sep-21,SET280,SET280-KR-PP-L,L,1.0,1306.0,1306.0
2021-09-11,20210911,Sep-21,SET280,SET280-KR-PP-XL,XL,1.0,1306.0,1306.0
2021-09-11,20210911,Sep-21,SET280,SET280-KR-PP-XXL,XXL,1.0,1306.0,1306.0
2021-09-14,20210914,Sep-21,JNE2014,JNE2014-KR-178-S,S,1.0,431.0,409.0
2021-09-14,20210914,Sep-21,JNE2014,JNE2014-KR-178-M,M,1.0,431.0,409.0
2021-09-14,20210914,Sep-21,JNE2014,JNE2014-KR-178-L,L,1.0,431.0,409.0
2021-09-14,20210914,Sep-21,JNE2014,JNE2014-KR-178-XL,XL,1.0,431.0,409.0
2021-09-14,20210914,Sep-21,JNE2014,JNE2014-KR-178-XXL,XXL,1.0,431.0,409.0
2021-09-14,20210914,Sep-21,JNE2014,JNE2014-KR-178-XXXL,XXXL,1.0,431.0,409.0
2021-09-14,20210914,Sep-21,JNE3420,JNE3420-KR-S,S,1.0,431.0,409.0
2021-09-14,20210914,Sep-21,JNE3420,JNE3420-KR-M,M,1.0,431.0,409.0
2021-09-14,20210914,Sep-21,JNE3420,JNE3420-KR-L,L,1.0,431.0,409.0
2021-09-14,20210914,Sep-21,JNE3420,JNE3420-KR-XL,XL,1.0,431.0,409.0
2021-09-14,20210914,Sep-21,JNE3420,JNE3420-KR-XXL,XXL,1.0,431.0,409.0
2021-09-14,20210914,Sep-21,JNE3457,JNE3457-KR-S,S,2.0,431.0,819.0
2021-09-14,20210914,Sep-21,JNE3457,JNE3457-KR-M,M,2.0,431.0,819.0
2021-09-14,20210914,Sep-21,JNE3457,JNE3457-KR-L,L,2.0,431.0,819.0
2021-09-14,20210914,Sep-21,JNE3457,JNE3457-KR-XL,XL,1.0,431.0,409.0
2021-09-14,20210914,Sep-21,JNE3457,JNE3457-KR-XXL,XXL,1.0,431.0,409.0
2021-09-14,20210914,Sep-21,JNE3457,JNE3457-KR-XXXL,XXXL,2.0,431.0,819.0
2021-09-14,20210914,Sep-21,JNE3441,JNE3441-KR-XL,XL,1.0,431.0,409.0
2021-09-14,20210914,Sep-21,JNE3441,JNE3441-KR-XXXL,XXXL,1.0,431.0,409.0
2021-09-14,20210914,Sep-21,JNE3555,JNE3555-KR-S.,S,1.0,450.0,428.0
2021-09-14,20210914,Sep-21,JNE3555,JNE3555-KR-M,M,1.0,450.0,428.0
2021-09-14,20210914,Sep-21,JNE3555,JNE3555-KR-L,L,2.0,450.0,855.0
2021-09-14,20210914,Sep-21,JNE3555,JNE3555-KR-XL,XL,2.0,450.0,855.0
2021-09-14,20210914,Sep-21,JNE3555,JNE3555-KR-XXL,XXL,2.0,450.0,855.0
2021-09-14,20210914,Sep-21,JNE3555,JNE3555-KR-XXXL,XXXL,2.0,450.0,855.0
2021-09-14,20210914,Sep-21,JNE2032,JNE2032-KR-205-S,S,1.0,469.0,446.0
2021-09-14,20210914,Sep-21,JNE2032,JNE2032-KR-205-M,M,1.0,469.0,446.0
2021-09-14,20210914,Sep-21,JNE2032,JNE2032-KR-205-L,L,1.0,469.0,446.0
2021-09-14,20210914,Sep-21,JNE2032,JNE2032-KR-205-XL,XL,1.0,469.0,446.0
2021-09-14,20210914,Sep-21,JNE2032,JNE2032-KR-205-XXL,XXL,1.0,469.0,446.0
2021-09-14,20210914,Sep-21,JNE2032,JNE2032-KR-205-XXXL,XXXL,1.0,469.0,446.0
2021-09-14,20210914,Sep-21,JNE3261,JNE3261-KR-S,S,1.0,469.0,446.0
2021-09-14,20210914,Sep-21,JNE3261,JNE3261-KR-M,M,1.0,469.0,446.0
2021-09-14,20210914,Sep-21,JNE3261,JNE3261-KR-L,L,1.0,469.0,446.0
2021-09-14,20210914,Sep-21,JNE3261,JNE3261-KR-XL,XL,1.0,469.0,446.0
2021-09-14,20210914,Sep-21,JNE3261,JNE3261-KR-XXL,XXL,1.0,469.0,446.0
2021-09-14,20210914,Sep-21,JNE3261,JNE3261-KR-XXXL,XXXL,1.0,469.0,446.0
2021-09-14,20210914,Sep-21,JNE2291,JNE2291-KR-602-XL,XL,1.0,494.0,469.0
2021-09-14,20210914,Sep-21,JNE2291,JNE2291-KR-602-XXXL,XXXL,1.0,494.0,469.0
2021-09-14,20210914,Sep-21,JNE3294,JNE3294-KR-S,S,2.0,469.0,891.0
2021-09-14,20210914,Sep-21,JNE3294,JNE3294-KR-M,M,2.0,469.0,891.0
2021-09-14,20210914,Sep-21,JNE3294,JNE3294-KR-L,L,2.0,469.0,891.0
2021-09-14,20210914,Sep-21,JNE3294,JNE3294-KR-XL,XL,2.0,469.0,891.0
2021-09-14,20210914,Sep-21,JNE3294,JNE3294-KR-XXL,XXL,1.0,469.0,446.0
2021-09-14,20210914,Sep-21,JNE3294,JNE3294-KR-XXXL,XXXL,2.0,469.0,891.0
2021-09-14,20210914,Sep-21,JNE3415,JNE3415-KR-S,S,2.0,494.0,939.0
2021-09-14,20210914,Sep-21,JNE3415,JNE3415-KR-M,M,1.0,494.0,469.0
2021-09-14,20210914,Sep-21,JNE3415,JNE3415-KR-L,L,1.0,494.0,469.0
2021-09-14,20210914,Sep-21,JNE3415,JNE3415-KR-XL,XL,2.0,494.0,939.0
2021-09-14,20210914,Sep-21,JNE3415,JNE3415-KR-XXL,XXL,1.0,494.0,469.0
2021-09-14,20210914,Sep-21,JNE3415,JNE3415-KR-XXXL,XXXL,2.0,494.0,939.0
2021-09-14,20210914,Sep-21,JNE3428,JNE3428-KR-S,S,1.0,494.0,469.0
2021-09-14,20210914,Sep-21,JNE3428,JNE3428-KR-M,M,1.0,494.0,469.0
2021-09-14,20210914,Sep-21,JNE3428,JNE3428-KR-L,L,1.0,494.0,469.0
2021-09-14,20210914,Sep-21,JNE3428,JNE3428-KR-XL,XL,1.0,494.0,469.0
2021-09-14,20210914,Sep-21,JNE3428,JNE3428-KR-XXL,XXL,1.0,494.0,469.0
2021-09-14,20210914,Sep-21,JNE3428,JNE3428-KR-XXXL,XXXL,1.0,494.0,469.0
2021-09-14,20210914,Sep-21,JNE3497,JNE3497-KR-S,S,1.0,291.0,276.0
2021-09-14,20210914,Sep-21,JNE3497,JNE3497-KR-M,M,1.0,291.0,276.0
2021-09-14,20210914,Sep-21,JNE3497,JNE3497-KR-L,L,1.0,291.0,276.0
2021-09-14,20210914,Sep-21,JNE3497,JNE3497-KR-XL,XL,1.0,291.0,276.0
2021-09-14,20210914,Sep-21,JNE3497,JNE3497-KR-XXL,XXL,1.0,291.0,276.0
2021-09-14,20210914,Sep-21,JNE3497,JNE3497-KR-XXXL,XXXL,1.0,291.0,276.0
2021-09-14,20210914,Sep-21,J0024,J0024-KR-S,S,1.0,531.0,504.0
2021-09-14,20210914,Sep-21,J0024,J0024-KR-M,M,1.0,531.0,504.0
2021-09-14,20210914,Sep-21,J0024,J0024-KR-L,L,1.0,531.0,504.0
2021-09-14,20210914,Sep-21,J0024,J0024-KR-XL,XL,1.0,531.0,504.0
2021-09-14,20210914,Sep-21,J0024,J0024-KR-XXL,XXL,1.0,531.0,504.0
2021-09-14,20210914,Sep-21,J0024,J0024-KR-XXXL,XXXL,1.0,531.0,504.0
2021-09-14,20210914,Sep-21,JNE2265,JNE2265-KR-501-S,S,1.0,528.0,502.0
2021-09-14,20210914,Sep-21,JNE2265,JNE2265-KR-501-M,M,1.0,528.0,502.0
2021-09-14,20210914,Sep-21,JNE2265,JNE2265-KR-501-L,L,1.0,528.0,502.0
2021-09-14,20210914,Sep-21,JNE2265,JNE2265-KR-501-XL,XL,1.0,528.0,502.0
2021-09-14,20210914,Sep-21,JNE2265,JNE2265-KR-501-XXL,XXL,1.0,528.0,502.0
2021-09-14,20210914,Sep-21,JNE3438,JNE3438-KR-S,S,2.0,538.0,1022.0
2021-09-14,20210914,Sep-21,JNE3438,JNE3438-KR-M,M,2.0,538.0,1022.0
2021-09-14,20210914,Sep-21,JNE3438,JNE3438-KR-L,L,2.0,538.0,1022.0
2021-09-14,20210914,Sep-21,JNE3438,JNE3438-KR-XL,XL,1.0,538.0,511.0
2021-09-14,20210914,Sep-21,JNE3438,JNE3438-KR-XXL,XXL,1.0,538.0,511.0
2021-09-14,20210914,Sep-21,JNE3438,JNE3438-KR-XXXL,XXXL,2.0,538.0,1022.0
2021-09-14,20210914,Sep-21,JNE3620,JNE3620-KR-S,S,1.0,537.5,511.0
2021-09-14,20210914,Sep-21,JNE3620,JNE3620-KR-M,M,1.0,537.5,511.0
2021-09-14,20210914,Sep-21,JNE3620,JNE3620-KR-L,L,1.0,537.5,511.0
2021-09-14,20210914,Sep-21,JNE3620,JNE3620-KR-XL,XL,1.0,537.5,511.0
2021-09-14,20210914,Sep-21,JNE3620,JNE3620-KR-XXL,XXL,1.0,537.5,511.0
2021-09-14,20210914,Sep-21,JNE3620,JNE3620-KR-XXXL,XXXL,1.0,537.5,511.0
2021-09-14,20210914,Sep-21,JNE3371,JNE3371-KR-S,S,1.0,556.25,528.0
2021-09-14,20210914,Sep-21,JNE3371,JNE3371-KR-M,M,1.0,556.25,528.0
2021-09-14,20210914,Sep-21,JNE3371,JNE3371-KR-L,L,1.0,556.25,528.0
2021-09-14,20210914,Sep-21,JNE3371,JNE3371-KR-XL,XL,1.0,556.25,528.0
2021-09-14,20210914,Sep-21,JNE3371,JNE3371-KR-XXL,XXL,1.0,556.25,528.0
2021-09-14,20210914,Sep-21,JNE3371,JNE3371-KR-XXXL,XXXL,1.0,556.25,528.0
2021-09-14,20210914,Sep-21,JNE3252,JNE3252-KR-S,S,2.0,587.5,1116.0
2021-09-14,20210914,Sep-21,JNE3252,JNE3252-KR-M,M,2.0,587.5,1116.0
2021-09-14,20210914,Sep-21,JNE3252,JNE3252-KR-L,L,2.0,587.5,1116.0
2021-09-14,20210914,Sep-21,JNE3252,JNE3252-KR-XL,XL,2.0,587.5,1116.0
2021-09-14,20210914,Sep-21,JNE3252,JNE3252-KR-XXL,XXL,2.0,587.5,1116.0
2021-09-14,20210914,Sep-21,JNE3252,JNE3252-KR-XXXL,XXXL,2.0,587.5,1116.0
2021-09-14,20210914,Sep-21,J0033,J0033-KR-S,S,1.0,618.75,588.0
2021-09-14,20210914,Sep-21,J0033,J0033-KR-M,M,1.0,618.75,588.0
2021-09-14,20210914,Sep-21,J0033,J0033-KR-L,L,1.0,618.75,588.0
2021-09-14,20210914,Sep-21,J0033,J0033-KR-XL,XL,1.0,618.75,588.0
2021-09-14,20210914,Sep-21,J0033,J0033-KR-XXL,XXL,1.0,618.75,588.0
2021-09-14,20210914,Sep-21,J0033,J0033-KR-XXXL,XXXL,1.0,618.75,588.0
2021-09-14,20210914,Sep-21,JNE3437,JNE3437-KR-S,S,1.0,618.75,588.0
2021-09-14,20210914,Sep-21,JNE3437,JNE3437-KR-M,M,2.0,618.75,1176.0
2021-09-14,20210914,Sep-21,JNE3437,JNE3437-KR-L,L,2.0,618.75,1176.0
2021-09-14,20210914,Sep-21,JNE3437,JNE3437-KR-XL,XL,1.0,618.75,588.0
2021-09-14,20210914,Sep-21,JNE3437,JNE3437-KR-XXL,XXL,1.0,618.75,588.0
2021-09-14,20210914,Sep-21,JNE3437,JNE3437-KR-XXXL,XXXL,2.0,618.75,1176.0
2021-09-14,20210914,Sep-21,JNE3288,JNE3288-KR-S,S,1.0,681.25,647.0
2021-09-14,20210914,Sep-21,JNE3288,JNE3288-KR-M,M,1.0,681.25,647.0
2021-09-14,20210914,Sep-21,JNE3288,JNE3288-KR-L,L,1.0,681.25,647.0
2021-09-14,20210914,Sep-21,JNE3288,JNE3288-KR-XL,XL,1.0,681.25,647.0
2021-09-14,20210914,Sep-21,JNE3288,JNE3288-KR-XXL,XXL,1.0,681.25,647.0
2021-09-14,20210914,Sep-21,JNE3288,JNE3288-KR-XXXL,XXXL,1.0,681.25,647.0
2021-09-14,20210914,Sep-21,JNE3562,JNE3562-KR-S,S,1.0,681.25,647.0
2021-09-14,20210914,Sep-21,JNE3562,JNE3562-KR-M,M,1.0,681.25,647.0
2021-09-14,20210914,Sep-21,JNE3562,JNE3562-KR-L,L,1.0,681.25,647.0
2021-09-14,20210914,Sep-21,JNE3562,JNE3562-KR-XL,XL,1.0,681.25,647.0
2021-09-14,20210914,Sep-21,JNE3562,JNE3562-KR-XXL,XXL,1.0,681.25,647.0
2021-09-14,20210914,Sep-21,JNE3313,JNE3313-KR-S,S,1.0,747.5,710.0
2021-09-14,20210914,Sep-21,JNE3313,JNE3313-KR-M,M,1.0,747.5,710.0
2021-09-14,20210914,Sep-21,JNE3313,JNE3313-KR-L,L,1.0,747.5,710.0
2021-09-14,20210914,Sep-21,JNE3313,JNE3313-KR-XL,XL,1.0,747.5,710.0
2021-09-14,20210914,Sep-21,JNE3313,JNE3313-KR-XXL,XXL,1.0,747.5,710.0
2021-09-14,20210914,Sep-21,JNE3313,JNE3313-KR-XXXL,XXXL,1.0,747.5,710.0
2021-09-14,20210914,Sep-21,J0037,J0037-KR-S,S,1.0,765.0,727.0
2021-09-14,20210914,Sep-21,J0037,J0037-KR-M,M,1.0,765.0,727.0
2021-09-14,20210914,Sep-21,J0037,J0037-KR-L,L,1.0,765.0,727.0
2021-09-14,20210914,Sep-21,J0037,J0037-KR-XL,XL,1.0,765.0,727.0
2021-09-14,20210914,Sep-21,J0037,J0037-KR-XXL,XXL,1.0,765.0,727.0
2021-09-14,20210914,Sep-21,J0037,J0037-KR-XXXL,XXXL,1.0,765.0,727.0
2021-09-14,20210914,Sep-21,SET044,SET044-KR-NP-S,S,2.0,646.25,1228.0
2021-09-14,20210914,Sep-21,SET044,SET044-KR-NP-M,M,2.0,646.25,1228.0
2021-09-14,20210914,Sep-21,SET044,SET044-KR-NP-L,L,2.0,646.25,1228.0
2021-09-14,20210914,Sep-21,SET044,SET044-KR-NP-XL,XL,2.0,646.25,1228.0
2021-09-14,20210914,Sep-21,SET044,SET044-KR-NP-XXL,XXL,2.0,646.25,1228.0
2021-09-14,20210914,Sep-21,SET044,SET044-KR-NP-XXXL,XXXL,2.0,646.25,1228.0
2021-09-14,20210914,Sep-21,SET038,SET038-KR-PP-S,S,2.0,768.75,1461.0
2021-09-14,20210914,Sep-21,SET038,SET038-KR-PP-M,M,2.0,768.75,1461.0
2021-09-14,20210914,Sep-21,SET038,SET038-KR-PP-L,L,2.0,768.75,1461.0
2021-09-14,20210914,Sep-21,SET038,SET038-KR-PP-XL,XL,1.0,768.75,730.0
2021-09-14,20210914,Sep-21,SET038,SET038-KR-PP-XXL,XXL,1.0,768.75,730.0
2021-09-14,20210914,Sep-21,SET038,SET038-KR-PP-XXXL,XXXL,2.0,768.75,1461.0
2021-09-14,20210914,Sep-21,SET193,SET193-KR-NP-S,S,1.0,806.25,766.0
2021-09-14,20210914,Sep-21,SET193,SET193-KR-NP-M,M,1.0,806.25,766.0
2021-09-14,20210914,Sep-21,SET193,SET193-KR-NP-L,L,1.0,806.25,766.0
2021-09-14,20210914,Sep-21,SET193,SET193-KR-NP-XL,XL,1.0,806.25,766.0
2021-09-14,20210914,Sep-21,SET193,SET193-KR-NP-XXL,XXL,1.0,806.25,766.0
2021-09-14,20210914,Sep-21,SET193,SET193-KR-NP-XXXL,XXXL,1.0,806.25,766.0
2021-09-14,20210914,Sep-21,SET210,SET210-KR-PP-S,S,1.0,765.0,727.0
2021-09-14,20210914,Sep-21,SET210,SET210-KR-PP-M,M,1.0,765.0,727.0
2021-09-14,20210914,Sep-21,SET210,SET210-KR-PP-L,L,1.0,765.0,727.0
2021-09-14,20210914,Sep-21,SET210,SET210-KR-PP-XL,XL,1.0,765.0,727.0
2021-09-14,20210914,Sep-21,SET210,SET210-KR-PP-XXL,XXL,1.0,765.0,727.0
2021-09-14,20210914,Sep-21,SET210,SET210-KR-PP-XXXL,XXXL,1.0,765.0,727.0
2021-09-14,20210914,Sep-21,SET251,SET251-KR-PP-S,S,1.0,825.0,784.0
2021-09-14,20210914,Sep-21,SET251,SET251-KR-PP-M,M,1.0,825.0,784.0
2021-09-14,20210914,Sep-21,SET251,SET251-KR-PP-L,L,1.0,825.0,784.0
2021-09-14,20210914,Sep-21,SET251,SET251-KR-PP-XL,XL,1.0,825.0,784.0
2021-09-14,20210914,Sep-21,SET251,SET251-KR-PP-XXL,XXL,1.0,825.0,784.0
2021-09-14,20210914,Sep-21,SET251,SET251-KR-PP-XXXL,XXXL,1.0,825.0,784.0
2021-09-14,20210914,Sep-21,SET236,SET236-KR-PP-S,S,1.0,850.0,808.0
2021-09-14,20210914,Sep-21,SET236,SET236-KR-PP-M,M,1.0,850.0,808.0
2021-09-14,20210914,Sep-21,SET236,SET236-KR-PP-L,L,1.0,850.0,808.0
2021-09-14,20210914,Sep-21,SET236,SET236-KR-PP-XL,XL,1.0,850.0,808.0
2021-09-14,20210914,Sep-21,SET236,SET236-KR-PP-XXL,XXL,1.0,850.0,808.0
2021-09-14,20210914,Sep-21,SET236,SET236-KR-PP-XXXL,XXXL,1.0,850.0,808.0
2021-09-14,20210914,Sep-21,SET098,SET098-KR-PP-S,S,2.0,825.0,1568.0
2021-09-14,20210914,Sep-21,SET098,SET098-KR-PP-M,M,2.0,825.0,1568.0
2021-09-14,20210914,Sep-21,SET098,SET098-KR-PP-L,L,2.0,825.0,1568.0
2021-09-14,20210914,Sep-21,SET098,SET098-KR-PP-XL,XL,1.0,825.0,784.0
2021-09-14,20210914,Sep-21,SET098,SET098-KR-PP-XXL,XXL,1.0,825.0,784.0
2021-09-14,20210914,Sep-21,SET098,SET098-KR-PP-XXXL,XXXL,2.0,825.0,1568.0
2021-09-14,20210914,Sep-21,SET252,SET252-KR-PP-S.,S,1.0,825.0,784.0
2021-09-14,20210914,Sep-21,SET252,SET252-KR-PP-M.,M,1.0,825.0,784.0
2021-09-14,20210914,Sep-21,SET252,SET252-KR-PP-L,L,1.0,825.0,784.0
2021-09-14,20210914,Sep-21,SET252,SET252-KR-PP-XL.,XL,1.0,825.0,784.0
2021-09-14,20210914,Sep-21,SET252,SET252-KR-PP-XXL,XXL,1.0,825.0,784.0
2021-09-14,20210914,Sep-21,SET252,SET252-KR-PP-XXXL,XXXL,1.0,825.0,784.0
2021-09-14,20210914,Sep-21,SET110,SET110-KR-PP-S,S,1.0,931.25,885.0
2021-09-14,20210914,Sep-21,SET110,SET110-KR-PP-M,M,1.0,931.25,885.0
2021-09-14,20210914,Sep-21,SET110,SET110-KR-PP-XXXL,XXXL,1.0,931.25,885.0
2021-09-14,20210914,Sep-21,J0041,J0041-SET-S,S,1.0,883.75,840.0
2021-09-14,20210914,Sep-21,J0041,J0041-SET-M,M,1.0,883.75,840.0
2021-09-14,20210914,Sep-21,J0041,J0041-SET-L,L,1.0,883.75,840.0
2021-09-14,20210914,Sep-21,J0041,J0041-SET-XL,XL,1.0,883.75,840.0
2021-09-14,20210914,Sep-21,J0041,J0041-SET-XXL,XXL,1.0,883.75,840.0
2021-09-14,20210914,Sep-21,J0041,J0041-SET-XXXL,XXXL,1.0,883.75,840.0
2021-09-14,20210914,Sep-21,SET058,SET058-KR-NP-S,S,1.0,943.75,897.0
2021-09-14,20210914,Sep-21,SET058,SET058-KR-NP-M,M,1.0,943.75,897.0
2021-09-14,20210914,Sep-21,SET058,SET058-KR-NP-L,L,1.0,943.75,897.0
2021-09-14,20210914,Sep-21,SET058,SET058-KR-NP-XL,XL,1.0,943.75,897.0
2021-09-14,20210914,Sep-21,SET058,SET058-KR-NP-XXL,XXL,1.0,943.75,897.0
2021-09-14,20210914,Sep-21,SET058,SET058-KR-NP-XXXL,XXXL,1.0,943.75,897.0
2021-09-14,20210914,Sep-21,SET188,SET188-KR-NP-S,S,1.0,943.75,897.0
2021-09-14,20210914,Sep-21,SET188,SET188-KR-NP-M,M,1.0,943.75,897.0
2021-09-14,20210914,Sep-21,SET188,SET188-KR-NP-L,L,1.0,943.75,897.0
2021-09-14,20210914,Sep-21,SET188,SET188-KR-NP-XL,XL,1.0,943.75,897.0
2021-09-14,20210914,Sep-21,SET188,SET188-KR-NP-XXL,XXL,1.0,943.75,897.0
2021-09-14,20210914,Sep-21,SET188,SET188-KR-NP-XXXL,XXXL,1.0,943.75,897.0
2021-09-14,20210914,Sep-21,SET073,SET073-KR-SHA-S,S,2.0,920.0,1748.0
2021-09-14,20210914,Sep-21,SET073,SET073-KR-SHA-M,M,1.0,920.0,874.0
2021-09-14,20210914,Sep-21,SET073,SET073-KR-SHA-L,L,1.0,920.0,874.0
2021-09-14,20210914,Sep-21,SET073,SET073-KR-SHA-XL,XL,2.0,920.0,1748.0
2021-09-14,20210914,Sep-21,SET073,SET073-KR-SHA-XXL,XXL,1.0,920.0,874.0
2021-09-14,20210914,Sep-21,SET073,SET073-KR-SHA-XXXL,XXXL,2.0,920.0,1748.0
2021-09-14,20210914,Sep-21,SET229,SET229-KR-PP-M,M,1.0,993.75,944.0
2021-09-14,20210914,Sep-21,SET229,SET229-KR-PP-XXXL,XXXL,1.0,993.75,944.0
2021-09-14,20210914,Sep-21,SET245,SET245-KR-NP-S,S,1.0,1181.25,1122.0
2021-09-14,20210914,Sep-21,SET245,SET245-KR-NP-M,M,1.0,1181.25,1122.0
2021-09-14,20210914,Sep-21,SET245,SET245-KR-NP-L,L,1.0,1181.25,1122.0
2021-09-14,20210914,Sep-21,SET245,SET245-KR-NP-XL,XL,1.0,1181.25,1122.0
2021-09-14,20210914,Sep-21,SET245,SET245-KR-NP-XXL,XXL,1.0,1181.25,1122.0
2021-09-14,20210914,Sep-21,SET245,SET245-KR-NP-XXXL,XXXL,1.0,1181.25,1122.0
2021-09-14,20210914,Sep-21,SET244,SET244-KR-NP-S,S,1.0,1181.25,1122.0
2021-09-14,20210914,Sep-21,SET244,SET244-KR-NP-M,M,1.0,1181.25,1122.0
2021-09-14,20210914,Sep-21,SET244,SET244-KR-NP-L,L,1.0,1181.25,1122.0
2021-09-14,20210914,Sep-21,SET244,SET244-KR-NP-XL,XL,1.0,1181.25,1122.0
2021-09-14,20210914,Sep-21,SET244,SET244-KR-NP-XXL,XXL,1.0,1181.25,1122.0
2021-09-14,20210914,Sep-21,SET244,SET244-KR-NP-XXXL,XXXL,1.0,1181.25,1122.0
2021-09-14,20210914,Sep-21,J0237,J0237-SKD-S,S,1.0,1470.0,1396.0
2021-09-14,20210914,Sep-21,J0237,J0237-SKD-M,M,1.0,1470.0,1396.0
2021-09-14,20210914,Sep-21,J0237,J0237-SKD-L,L,1.0,1470.0,1396.0
2021-09-14,20210914,Sep-21,J0237,J0237-SKD-XL,XL,1.0,1470.0,1396.0
2021-09-14,20210914,Sep-21,J0237,J0237-SKD-XXL,XXL,1.0,1470.0,1396.0
2021-09-14,20210914,Sep-21,J0237,J0237-SKD-XXXL,XXXL,1.0,1470.0,1396.0
2021-09-14,20210914,Sep-21,J0078,J0078-SET-S,S,1.0,1442.5,1370.0
2021-09-14,20210914,Sep-21,J0078,J0078-SET-M,M,1.0,1442.5,1370.0
2021-09-14,20210914,Sep-21,J0078,J0078-SET-L,L,1.0,1442.5,1370.0
2021-09-14,20210914,Sep-21,J0078,J0078-SET-XL,XL,1.0,1442.5,1370.0
2021-09-14,20210914,Sep-21,J0078,J0078-SET-XXL,XXL,1.0,1442.5,1370.0
2021-09-14,20210914,Sep-21,J0078,J0078-SET-XXXL,XXXL,1.0,1442.5,1370.0
2021-09-14,20210914,Sep-21,J0172,J0172-TP-S,S,1.0,387.5,368.0
2021-09-14,20210914,Sep-21,J0172,J0172-TP-M,M,1.0,387.5,368.0
2021-09-14,20210914,Sep-21,J0172,J0172-TP-L,L,1.0,387.5,368.0
2021-09-14,20210914,Sep-21,J0172,J0172-TP-XL,XL,1.0,387.5,368.0
2021-09-14,20210914,Sep-21,J0172,J0172-TP-XXL,XXL,1.0,387.5,368.0
2021-09-14,20210914,Sep-21,J0172,J0172-TP-XXXL.,XXXL,1.0,387.5,368.0
2021-09-14,20210914,Sep-21,J0173,J0173-DR-S,S,1.0,506.67,481.0
2021-09-14,20210914,Sep-21,J0173,J0173-DR-M,M,1.0,506.67,481.0
2021-09-14,20210914,Sep-21,J0173,J0173-DR-L,L,1.0,506.67,481.0
2021-09-14,20210914,Sep-21,J0173,J0173-DR-XL,XL,1.0,506.67,481.0
2021-09-14,20210914,Sep-21,J0173,J0173-DR-XXL,XXL,1.0,506.67,481.0
2021-09-14,20210914,Sep-21,J0173,J0173-DR-XXXL,XXXL,1.0,506.67,481.0
2021-09-14,20210914,Sep-21,J0197,J0197-TP-S,S,1.0,585.0,556.0
2021-09-14,20210914,Sep-21,J0197,J0197-TP-M,M,1.0,585.0,556.0
2021-09-14,20210914,Sep-21,J0197,J0197-TP-L,L,1.0,585.0,556.0
2021-09-14,20210914,Sep-21,J0197,J0197-TP-XL,XL,1.0,585.0,556.0
2021-09-14,20210914,Sep-21,J0197,J0197-TP-XXL,XXL,1.0,585.0,556.0
2021-09-14,20210914,Sep-21,J0197,J0197-TP-XXXL,XXXL,1.0,585.0,556.0
2021-09-14,20210914,Sep-21,J0201,J0201-TP-S,S,1.0,585.0,556.0
2021-09-14,20210914,Sep-21,J0201,J0201-TP-M,M,1.0,585.0,556.0
2021-09-14,20210914,Sep-21,J0201,J0201-TP-L,L,1.0,585.0,556.0
2021-09-14,20210914,Sep-21,J0201,J0201-TP-XL,XL,1.0,585.0,556.0
2021-09-14,20210914,Sep-21,J0201,J0201-TP-XXL,XXL,1.0,585.0,556.0
2021-09-14,20210914,Sep-21,J0201,J0201-TP-XXXL,XXXL,1.0,585.0,556.0
2021-09-14,20210914,Sep-21,JNE3676,JNE3676-TU-S,S,1.0,408.75,388.0
2021-09-14,20210914,Sep-21,JNE3676,JNE3676-TU-M,M,1.0,408.75,388.0
2021-09-14,20210914,Sep-21,JNE3676,JNE3676-TU-L,L,1.0,408.75,388.0
2021-09-14,20210914,Sep-21,JNE3676,JNE3676-TU-XL,XL,1.0,408.75,388.0
2021-09-14,20210914,Sep-21,JNE3676,JNE3676-TU-XXL,XXL,1.0,408.75,388.0
2021-09-14,20210914,Sep-21,JNE3676,JNE3676-TU-XXXL,XXXL,1.0,408.75,388.0
2021-09-14,20210914,Sep-21,JNE3683,JNE3683-TU-S,S,1.0,431.25,410.0
2021-09-14,20210914,Sep-21,JNE3683,JNE3683-TU-M,M,1.0,431.25,410.0
2021-09-14,20210914,Sep-21,JNE3683,JNE3683-TU-L,L,1.0,431.25,410.0
2021-09-14,20210914,Sep-21,JNE3683,JNE3683-TU-XL,XL,1.0,431.25,410.0
2021-09-14,20210914,Sep-21,JNE3683,JNE3683-TU-XXL,XXL,1.0,431.25,410.0
2021-09-14,20210914,Sep-21,JNE3683,JNE3683-TU-XXXL,XXXL,1.0,431.25,410.0
2021-09-14,20210914,Sep-21,JNE3669,JNE3669-TU-S,S,1.0,450.0,428.0
2021-09-14,20210914,Sep-21,JNE3669,JNE3669-TU-M,M,1.0,450.0,428.0
2021-09-14,20210914,Sep-21,JNE3669,JNE3669-TU-L,L,1.0,450.0,428.0
2021-09-14,20210914,Sep-21,JNE3669,JNE3669-TU-XL,XL,1.0,450.0,428.0
2021-09-14,20210914,Sep-21,JNE3669,JNE3669-TU-XXL,XXL,1.0,450.0,428.0
2021-09-14,20210914,Sep-21,JNE3669,JNE3669-TU-XXXL,XXXL,1.0,450.0,428.0
2021-09-14,20210914,Sep-21,JNE3679,JNE3679-TU-S,S,1.0,450.0,428.0
2021-09-14,20210914,Sep-21,JNE3679,JNE3679-TU-M,M,1.0,450.0,428.0
2021-09-14,20210914,Sep-21,JNE3679,JNE3679-TU-L,L,1.0,450.0,428.0
2021-09-14,20210914,Sep-21,JNE3679,JNE3679-TU-XL,XL,1.0,450.0,428.0
2021-09-14,20210914,Sep-21,JNE3679,JNE3679-TU-XXL,XXL,1.0,450.0,428.0
2021-09-14,20210914,Sep-21,JNE3679,JNE3679-TU-XXXL,XXXL,1.0,450.0,428.0
2021-09-14,20210914,Sep-21,MEN5015,MEN5015-KR-S,S,1.0,523.75,498.0
2021-09-14,20210914,Sep-21,MEN5015,MEN5015-KR-M,M,1.0,523.75,498.0
2021-09-14,20210914,Sep-21,MEN5015,MEN5015-KR-L,L,1.0,523.75,498.0
2021-09-14,20210914,Sep-21,MEN5015,MEN5015-KR-XL,XL,1.0,523.75,498.0
2021-09-14,20210914,Sep-21,MEN5015,MEN5015-KR-XXL,XXL,1.0,523.75,498.0
2021-09-14,20210914,Sep-21,MEN5015,MEN5015-KR-XXXL,XXXL,1.0,523.75,498.0
2021-09-14,20210914,Sep-21,MEN5001,MEN5001-KR-S,S,1.0,536.25,509.0
2021-09-14,20210914,Sep-21,MEN5001,MEN5001-KR-M.,M,1.0,536.25,509.0
2021-09-14,20210914,Sep-21,MEN5001,MEN5001-KR-L,L,1.0,536.25,509.0
2021-09-14,20210914,Sep-21,MEN5001,MEN5001-KR-XL,XL,1.0,536.25,509.0
2021-09-14,20210914,Sep-21,MEN5001,MEN5001-KR-XXL,XXL,1.0,536.25,509.0
2021-09-14,20210914,Sep-21,MEN5001,MEN5001-KR-XXXL,XXXL,1.0,536.25,509.0
2021-09-14,20210914,Sep-21,MEN5014,MEN5014-KR-S,S,1.0,561.25,533.0
2021-09-14,20210914,Sep-21,MEN5014,MEN5014-KR-M,M,1.0,561.25,533.0
2021-09-14,20210914,Sep-21,MEN5014,MEN5014-KR-L,L,1.0,561.25,533.0
2021-09-14,20210914,Sep-21,MEN5014,MEN5014-KR-XL,XL,1.0,561.25,533.0
2021-09-14,20210914,Sep-21,MEN5014,MEN5014-KR-XXL,XXL,1.0,561.25,533.0
2021-09-14,20210914,Sep-21,MEN5014,MEN5014-KR-XXXL,XXXL,1.0,561.25,533.0
2021-09-14,20210914,Sep-21,MEN5021,MEN5021-KR-S,S,1.0,573.75,545.0
2021-09-14,20210914,Sep-21,MEN5021,MEN5021-KR-M,M,1.0,573.75,545.0
2021-09-14,20210914,Sep-21,MEN5021,MEN5021-KR-L,L,1.0,573.75,545.0
2021-09-14,20210914,Sep-21,MEN5021,MEN5021-KR-XL,XL,1.0,573.75,545.0
2021-09-14,20210914,Sep-21,MEN5021,MEN5021-KR-XXL,XXL,1.0,573.75,545.0
2021-09-14,20210914,Sep-21,MEN5021,MEN5021-KR-XXXL,XXXL,1.0,573.75,545.0
2021-09-14,20210914,Sep-21,MEN5022,MEN5022-KR-S,S,1.0,598.75,569.0
2021-09-14,20210914,Sep-21,MEN5022,MEN5022-KR-M,M,1.0,598.75,569.0
2021-09-14,20210914,Sep-21,MEN5022,MEN5022-KR-L,L,1.0,598.75,569.0
2021-09-14,20210914,Sep-21,MEN5022,MEN5022-KR-XL,XL,1.0,598.75,569.0
2021-09-14,20210914,Sep-21,MEN5022,MEN5022-KR-XXL,XXL,1.0,598.75,569.0
2021-09-14,20210914,Sep-21,MEN5022,MEN5022-KR-XXXL,XXXL,1.0,598.75,569.0
2021-09-14,20210914,Sep-21,MEN5027,MEN5027-KR-S,S,1.0,498.75,474.0
2021-09-14,20210914,Sep-21,MEN5027,MEN5027-KR-M,M,1.0,498.75,474.0
2021-09-14,20210914,Sep-21,MEN5027,MEN5027-KR-L,L,1.0,498.75,474.0
2021-09-14,20210914,Sep-21,MEN5027,MEN5027-KR-XL,XL,1.0,498.75,474.0
2021-09-14,20210914,Sep-21,MEN5027,MEN5027-KR-XXL,XXL,1.0,498.75,474.0
2021-09-14,20210914,Sep-21,MEN5027,MEN5027-KR-XXXL,XXXL,1.0,498.75,474.0
2021-09-14,20210914,Sep-21,MEN5003,MEN5003-KR-S,S,1.0,523.75,498.0
2021-09-14,20210914,Sep-21,MEN5003,MEN5003-KR-M,M,1.0,523.75,498.0
2021-09-14,20210914,Sep-21,MEN5003,MEN5003-KR-L,L,1.0,523.75,498.0
2021-09-14,20210914,Sep-21,MEN5003,MEN5003-KR-XL,XL,1.0,523.75,498.0
2021-09-14,20210914,Sep-21,MEN5003,MEN5003-KR-XXL,XXL,1.0,523.75,498.0
2021-09-14,20210914,Sep-21,MEN5003,MEN5003-KR-XXXL,XXXL,1.0,523.75,498.0
2021-09-14,20210914,Sep-21,MEN5010,MEN5010-KR-S,S,1.0,561.25,533.0
2021-09-14,20210914,Sep-21,MEN5010,MEN5010-KR-M,M,1.0,561.25,533.0
2021-09-14,20210914,Sep-21,MEN5010,MEN5010-KR-L,L,1.0,561.25,533.0
2021-09-14,20210914,Sep-21,MEN5010,MEN5010-KR-XL,XL,1.0,561.25,533.0
2021-09-14,20210914,Sep-21,MEN5010,MEN5010-KR-XXL,XXL,1.0,561.25,533.0
2021-09-14,20210914,Sep-21,MEN5010,MEN5010-KR-XXXL,XXXL,1.0,561.25,533.0
2021-09-14,20210914,Sep-21,MEN5012,MEN5012-KR-S,S,1.0,536.25,509.0
2021-09-14,20210914,Sep-21,MEN5012,MEN5012-KR-M,M,1.0,536.25,509.0
2021-09-14,20210914,Sep-21,MEN5012,MEN5012-KR-L,L,1.0,536.25,509.0
2021-09-14,20210914,Sep-21,MEN5012,MEN5012-KR-XL,XL,1.0,536.25,509.0
2021-09-14,20210914,Sep-21,MEN5012,MEN5012-KR-XXL,XXL,1.0,536.25,509.0
2021-09-14,20210914,Sep-21,MEN5012,MEN5012-KR-XXXL,XXXL,1.0,536.25,509.0
2021-09-14,20210914,Sep-21,SET217,SET217-KR-PP-S,S,2.0,1243.75,2363.0
2021-09-14,20210914,Sep-21,SET217,SET217-KR-PP-M,M,2.0,1243.75,2363.0
2021-09-14,20210914,Sep-21,SET217,SET217-KR-PP-L,L,2.0,1243.75,2363.0
2021-09-14,20210914,Sep-21,SET217,SET217-KR-PP-XL,XL,2.0,1243.75,2363.0
2021-09-14,20210914,Sep-21,SET217,SET217-KR-PP-XXL,XXL,2.0,1243.75,2363.0
2021-09-14,20210914,Sep-21,SET217,SET217-KR-PP-XXXL,XXXL,2.0,1243.75,2363.0
2021-09-14,20210914,Sep-21,JNE3455,JNE3455-KR-S,S,2.0,445.0,846.0
2021-09-14,20210914,Sep-21,JNE3455,JNE3455-KR-M,M,2.0,445.0,846.0
2021-09-14,20210914,Sep-21,JNE3455,JNE3455-KR-L,L,2.0,445.0,846.0
2021-09-14,20210914,Sep-21,JNE3455,JNE3455-KR-XL,XL,2.0,445.0,846.0
2021-09-14,20210914,Sep-21,JNE3455,JNE3455-KR-XXL,XXL,2.0,445.0,846.0
2021-09-14,20210914,Sep-21,JNE3455,JNE3455-KR-XXXL,XXXL,2.0,445.0,846.0
2021-09-14,20210914,Sep-21,JNE3373,JNE3373-KR-S,S,2.0,493.75,938.0
2021-09-14,20210914,Sep-21,JNE3373,JNE3373-KR-M,M,2.0,493.75,938.0
2021-09-14,20210914,Sep-21,JNE3373,JNE3373-KR-L,L,2.0,493.75,938.0
2021-09-14,20210914,Sep-21,JNE3373,JNE3373-KR-XL,XL,2.0,493.75,938.0
2021-09-14,20210914,Sep-21,JNE3373,JNE3373-KR-XXL,XXL,1.0,493.75,469.0
2021-09-14,20210914,Sep-21,JNE3373,JNE3373-KR-XXXL,XXXL,2.0,493.75,938.0
2021-09-14,20210914,Sep-21,JNE3516,JNE3516-KR-S,S,2.0,618.75,1176.0
2021-09-14,20210914,Sep-21,JNE3516,JNE3516-KR-M,M,2.0,618.75,1176.0
2021-09-14,20210914,Sep-21,JNE3516,JNE3516-KR-L,L,2.0,618.75,1176.0
2021-09-14,20210914,Sep-21,JNE3516,JNE3516-KR-XL,XL,2.0,618.75,1176.0
2021-09-14,20210914,Sep-21,JNE3516,JNE3516-KR-XXL,XXL,1.0,618.75,588.0
2021-09-14,20210914,Sep-21,JNE3516,JNE3516-KR-XXXL,XXXL,2.0,618.75,1176.0
2021-09-14,20210914,Sep-21,JNE3563,JNE3563-KR-S,S,1.0,681.25,647.0
2021-09-14,20210914,Sep-21,JNE3563,JNE3563-KR-M,M,2.0,681.25,1294.0
2021-09-14,20210914,Sep-21,JNE3563,JNE3563-KR-L,L,2.0,681.25,1294.0
2021-09-14,20210914,Sep-21,JNE3563,JNE3563-KR-XL,XL,2.0,681.25,1294.0
2021-09-14,20210914,Sep-21,JNE3563,JNE3563-KR-XXL,XXL,2.0,681.25,1294.0
2021-09-14,20210914,Sep-21,JNE3563,JNE3563-KR-XXXL,XXXL,2.0,681.25,1294.0
2021-09-14,20210914,Sep-21,JNE2205,JNE2205-KR-467-S,S,1.0,527.5,501.0
2021-09-14,20210914,Sep-21,JNE2205,JNE2205-KR-467-M,M,2.0,527.5,1002.0
2021-09-14,20210914,Sep-21,JNE2205,JNE2205-KR-467-L,L,2.0,527.5,1002.0
2021-09-14,20210914,Sep-21,JNE2205,JNE2205-KR-467-XL,XL,2.0,527.5,1002.0
2021-09-14,20210914,Sep-21,JNE2205,JNE2205-KR-467-XXL,XXL,2.0,527.5,1002.0
2021-09-14,20210914,Sep-21,JNE2205,JNE2205-KR-467-XXXL,XXXL,2.0,527.5,1002.0
2021-09-14,20210914,Sep-21,JNE2100,JNE2100-KR-144-S,S,1.0,468.75,445.0
2021-09-14,20210914,Sep-21,JNE2100,JNE2100-KR-144-M,M,2.0,468.75,891.0
2021-09-14,20210914,Sep-21,JNE2100,JNE2100-KR-144-L,L,2.0,468.75,891.0
2021-09-14,20210914,Sep-21,JNE2100,JNE2100-KR-144-XL,XL,2.0,468.75,891.0
2021-09-14,20210914,Sep-21,JNE2100,JNE2100-KR-144-XXL,XXL,2.0,468.75,891.0
2021-09-14,20210914,Sep-21,JNE2100,JNE2100-KR-144-XXXL,XXXL,2.0,468.75,891.0
2021-09-14,20210914,Sep-21,JNE2132,JNE2132-KR-398-S,S,1.0,743.75,707.0
2021-09-14,20210914,Sep-21,JNE2132,JNE2132-KR-398-M,M,2.0,743.75,1413.0
2021-09-14,20210914,Sep-21,JNE2132,JNE2132-KR-398-L,L,2.0,743.75,1413.0
2021-09-14,20210914,Sep-21,JNE2132,JNE2132-KR-398-XL,XL,2.0,743.75,1413.0
2021-09-14,20210914,Sep-21,JNE2132,JNE2132-KR-398-XXL,XXL,2.0,743.75,1413.0
2021-09-14,20210914,Sep-21,JNE2132,JNE2132-KR-398-XXXL,XXXL,2.0,743.75,1413.0
2021-09-14,20210914,Sep-21,SET094,SET094-KR-NP-S,S,1.0,993.75,944.0
2021-09-14,20210914,Sep-21,SET094,SET094-KR-NP-M,M,2.0,993.75,1888.0
2021-09-14,20210914,Sep-21,SET094,SET094-KR-NP-L,L,2.0,993.75,1888.0
2021-09-14,20210914,Sep-21,SET094,SET094-KR-NP-XL,XL,2.0,993.75,1888.0
2021-09-14,20210914,Sep-21,SET094,SET094-KR-NP-XXL,XXL,2.0,993.75,1888.0
2021-09-14,20210914,Sep-21,SET094,SET094-KR-NP-XXXL,XXXL,2.0,993.75,1888.0
2021-09-14,20210914,Sep-21,JNE2251,JNE2251-KR-537-S,S,2.0,587.5,1116.0
2021-09-14,20210914,Sep-21,JNE2251,JNE2251-KR-537-M,M,2.0,587.5,1116.0
2021-09-14,20210914,Sep-21,JNE2251,JNE2251-KR-537-L,L,1.0,587.5,558.0
2021-09-14,20210914,Sep-21,JNE2251,JNE2251-KR-537-XL,XL,2.0,587.5,1116.0
2021-09-14,20210914,Sep-21,JNE2251,JNE2251-KR-537-XXL,XXL,2.0,587.5,1116.0
2021-09-14,20210914,Sep-21,JNE2251,JNE2251-KR-537-XXXL,XXXL,2.0,587.5,1116.0
2021-09-14,20210914,Sep-21,SET186,SET186-KR-DH-S,S,2.0,931.25,1769.0
2021-09-14,20210914,Sep-21,SET186,SET186-KR-DH-M,M,2.0,931.25,1769.0
2021-09-14,20210914,Sep-21,SET186,SET186-KR-DH-L,L,2.0,931.25,1769.0
2021-09-14,20210914,Sep-21,SET186,SET186-KR-DH-XL,XL,2.0,931.25,1769.0
2021-09-14,20210914,Sep-21,SET186,SET186-KR-DH-XXL,XXL,1.0,931.25,885.0
2021-09-14,20210914,Sep-21,SET186,SET186-KR-DH-XXXL,XXXL,2.0,931.25,1769.0
2021-09-14,20210914,Sep-21,JNE3383,JNE3383-KR-S,S,1.0,618.75,588.0
2021-09-14,20210914,Sep-21,JNE3383,JNE3383-KR-M,M,1.0,618.75,588.0
2021-09-14,20210914,Sep-21,JNE3383,JNE3383-KR-L,L,1.0,618.75,588.0
2021-09-14,20210914,Sep-21,JNE3383,JNE3383-KR-XL,XL,1.0,618.75,588.0
2021-09-14,20210914,Sep-21,JNE3383,JNE3383-KR-XXL,XXL,1.0,618.75,588.0
2021-09-14,20210914,Sep-21,JNE3383,JNE3383-KR-XXXL,XXXL,2.0,618.75,1176.0
2021-09-14,20210914,Sep-21,JNE2113,JNE2113-KR-381-S,S,2.0,743.75,1413.0
2021-09-14,20210914,Sep-21,JNE2113,JNE2113-KR-381-M,M,2.0,743.75,1413.0
2021-09-14,20210914,Sep-21,JNE2113,JNE2113-KR-381-L,L,1.0,743.75,707.0
2021-09-14,20210914,Sep-21,JNE2113,JNE2113-KR-381-XL,XL,1.0,743.75,707.0
2021-09-14,20210914,Sep-21,JNE2113,JNE2113-KR-381-XXL,XXL,1.0,743.75,707.0
2021-09-14,20210914,Sep-21,JNE3577,JNE3577-KR-S,S,1.0,681.25,647.0
2021-09-14,20210914,Sep-21,JNE3577,JNE3577-KR-M,M,2.0,681.25,1294.0
2021-09-14,20210914,Sep-21,JNE3577,JNE3577-KR-L,L,2.0,681.25,1294.0
2021-09-14,20210914,Sep-21,JNE3577,JNE3577-KR-XL,XL,2.0,681.25,1294.0
2021-09-14,20210914,Sep-21,JNE3577,JNE3577-KR-XXL,XXL,1.0,681.25,647.0
2021-09-14,20210914,Sep-21,JNE3577,JNE3577-KR-XXXL,XXXL,2.0,681.25,1294.0
2021-09-14,20210914,Sep-21,SET131,SET131-KR-NP-S,S,2.0,681.25,1294.0
2021-09-14,20210914,Sep-21,SET131,SET131-KR-NP-M,M,2.0,681.25,1294.0
2021-09-14,20210914,Sep-21,SET131,SET131-KR-NP-L,L,1.0,681.25,647.0
2021-09-14,20210914,Sep-21,SET131,SET131-KR-NP-XL,XL,1.0,681.25,647.0
2021-09-14,20210914,Sep-21,SET131,SET131-KR-NP-XXL,XXL,2.0,681.25,1294.0
2021-09-14,20210914,Sep-21,SET131,SET131-KR-NP-XXXL,XXXL,2.0,681.25,1294.0
2021-09-14,20210914,Sep-21,SET219,SET219-KR-PP-S,S,2.0,1243.75,2363.0
2021-09-14,20210914,Sep-21,SET219,SET219-KR-PP-M,M,2.0,1243.75,2363.0
2021-09-14,20210914,Sep-21,SET219,SET219-KR-PP-L,L,1.0,1243.75,1182.0
2021-09-14,20210914,Sep-21,SET219,SET219-KR-PP-XL,XL,2.0,1243.75,2363.0
2021-09-14,20210914,Sep-21,SET219,SET219-KR-PP-XXL,XXL,1.0,1243.75,1182.0
2021-09-14,20210914,Sep-21,SET219,SET219-KR-PP-XXXL,XXXL,2.0,1243.75,2363.0
2021-09-14,20210914,Sep-21,SET014,SET014-KR-PP-S,S,1.0,1306.25,1241.0
2021-09-14,20210914,Sep-21,SET014,SET014-KR-PP-M,M,1.0,1306.25,1241.0
2021-09-14,20210914,Sep-21,SET014,SET014-KR-PP-L,L,2.0,1306.25,2482.0
2021-09-14,20210914,Sep-21,SET014,SET014-KR-PP-XL,XL,2.0,1306.25,2482.0
2021-09-14,20210914,Sep-21,SET014,SET014-KR-PP-XXL,XXL,2.0,1306.25,2482.0
2021-09-14,20210914,Sep-21,SET014,SET014-KR-PP-XXXL,XXXL,2.0,1306.25,2482.0
2021-09-14,20210914,Sep-21,SET183,SET183-KR-DH-S,S,2.0,868.75,1651.0
2021-09-14,20210914,Sep-21,SET183,SET183-KR-DH-M,M,2.0,868.75,1651.0
2021-09-14,20210914,Sep-21,SET183,SET183-KR-DH-L,L,1.0,868.75,825.0
2021-09-14,20210914,Sep-21,SET183,SET183-KR-DH-XL,XL,1.0,868.75,825.0
2021-09-14,20210914,Sep-21,SET183,SET183-KR-DH-XXL,XXL,2.0,868.75,1651.0
2021-09-14,20210914,Sep-21,SET183,SET183-KR-DH-XXXL,XXXL,2.0,868.75,1651.0
2021-09-14,20210914,Sep-21,SET191,SET191-KR-PP-S,S,1.0,1118.75,1063.0
2021-09-14,20210914,Sep-21,SET191,SET191-KR-PP-M,M,1.0,1118.75,1063.0
2021-09-14,20210914,Sep-21,SET191,SET191-KR-PP-L,L,2.0,1118.75,2126.0
2021-09-14,20210914,Sep-21,SET191,SET191-KR-PP-XL,XL,2.0,1118.75,2126.0
2021-09-14,20210914,Sep-21,SET191,SET191-KR-PP-XXL,XXL,2.0,1118.75,2126.0
2021-09-14,20210914,Sep-21,SET191,SET191-KR-PP-XXXL,XXXL,2.0,1118.75,2126.0
2021-09-14,20210914,Sep-21,JNE3030,JNE3030-KR-S,S,2.0,730.0,1387.0
2021-09-14,20210914,Sep-21,JNE3030,JNE3030-KR-M,M,2.0,730.0,1387.0
2021-09-14,20210914,Sep-21,JNE3030,JNE3030-KR-L,L,1.0,730.0,694.0
2021-09-14,20210914,Sep-21,JNE3030,JNE3030-KR-XL,XL,1.0,730.0,694.0
2021-09-14,20210914,Sep-21,JNE3030,JNE3030-KR-XXL,XXL,1.0,730.0,694.0
2021-09-14,20210914,Sep-21,JNE3030,JNE3030-KR-XXXL,XXXL,2.0,730.0,1387.0
2021-09-14,20210914,Sep-21,JNE3570,JNE3570-KR-S,S,2.0,366.67,697.0
2021-09-14,20210914,Sep-21,JNE3570,JNE3570-KR-M,M,1.0,366.67,348.0
2021-09-14,20210914,Sep-21,JNE3570,JNE3570-KR-L,L,1.0,366.67,348.0
2021-09-14,20210914,Sep-21,JNE3570,JNE3570-KR-XL,XL,2.0,366.67,697.0
2021-09-14,20210914,Sep-21,JNE3570,JNE3570-KR-XXL,XXL,1.0,366.67,348.0
2021-09-14,20210914,Sep-21,JNE3570,JNE3570-KR-XXXL,XXXL,2.0,366.67,697.0
2021-09-14,20210914,Sep-21,JNE2307,JNE2307-KR-572-S,S,1.0,493.75,469.0
2021-09-14,20210914,Sep-21,JNE2307,JNE2307-KR-572-M,M,1.0,493.75,469.0
2021-09-14,20210914,Sep-21,JNE2307,JNE2307-KR-572-L,L,1.0,493.75,469.0
2021-09-14,20210914,Sep-21,JNE2307,JNE2307-KR-572-XL,XL,2.0,493.75,938.0
2021-09-14,20210914,Sep-21,JNE2307,JNE2307-KR-572-XXL,XXL,2.0,493.75,938.0
2021-09-14,20210914,Sep-21,JNE3449,JNE3449-KR-S,S,2.0,537.5,1021.0
2021-09-14,20210914,Sep-21,JNE3449,JNE3449-KR-M,M,1.0,537.5,511.0
2021-09-14,20210914,Sep-21,JNE3449,JNE3449-KR-L,L,2.0,537.5,1021.0
2021-09-14,20210914,Sep-21,JNE3449,JNE3449-KR-XL,XL,1.0,537.5,511.0
2021-09-14,20210914,Sep-21,JNE3449,JNE3449-KR-XXL,XXL,1.0,537.5,511.0
2021-09-14,20210914,Sep-21,JNE3449,JNE3449-KR-XXXL,XXXL,2.0,537.5,1021.0
2021-09-14,20210914,Sep-21,JNE3469,JNE3469-KR-S,S,1.0,1156.25,1098.0
2021-09-14,20210914,Sep-21,JNE3469,JNE3469-KR-M,M,2.0,1156.25,2197.0
2021-09-14,20210914,Sep-21,JNE3469,JNE3469-KR-L,L,2.0,1156.25,2197.0
2021-09-14,20210914,Sep-21,JNE3469,JNE3469-KR-XL,XL,1.0,1156.25,1098.0
2021-09-14,20210914,Sep-21,JNE3469,JNE3469-KR-XXL,XXL,1.0,1156.25,1098.0
2021-09-14,20210914,Sep-21,JNE3469,JNE3469-KR-XXXL,XXXL,2.0,1156.25,2197.0
2021-09-14,20210914,Sep-21,JNE3364,JNE3364-KR-1051-S,S,2.0,493.75,938.0
2021-09-14,20210914,Sep-21,JNE3364,JNE3364-KR-1051-M,M,1.0,493.75,469.0
2021-09-14,20210914,Sep-21,JNE3364,JNE3364-KR-1051-L,L,2.0,493.75,938.0
2021-09-14,20210914,Sep-21,JNE3364,JNE3364-KR-1051-XL,XL,1.0,493.75,469.0
2021-09-14,20210914,Sep-21,JNE3364,JNE3364-KR-1051-XXL,XXL,1.0,493.75,469.0
2021-09-14,20210914,Sep-21,JNE3364,JNE3364-KR-1051-XXXL,XXXL,2.0,493.75,938.0
2021-09-14,20210914,Sep-21,JNE3390,JNE3390-KR-S,S,1.0,410.0,390.0
2021-09-14,20210914,Sep-21,JNE3390,JNE3390-KR-M,M,1.0,410.0,390.0
2021-09-14,20210914,Sep-21,JNE3390,JNE3390-KR-L,L,1.0,410.0,390.0
2021-09-14,20210914,Sep-21,JNE3390,JNE3390-KR-XL,XL,2.0,410.0,779.0
2021-09-14,20210914,Sep-21,JNE3390,JNE3390-KR-XXL,XXL,2.0,410.0,779.0
2021-09-14,20210914,Sep-21,JNE3390,JNE3390-KR-XXXL,XXXL,2.0,410.0,779.0
2021-09-14,20210914,Sep-21,SET100,SET100-KR-PP-S,S,1.0,1118.75,1063.0
2021-09-14,20210914,Sep-21,SET100,SET100-KR-PP-M,M,1.0,1118.75,1063.0
2021-09-14,20210914,Sep-21,SET100,SET100-KR-PP-L,L,2.0,1118.75,2126.0
2021-09-14,20210914,Sep-21,SET100,SET100-KR-PP-XL,XL,2.0,1118.75,2126.0
2021-09-14,20210914,Sep-21,SET100,SET100-KR-PP-XXL,XXL,1.0,1118.75,1063.0
2021-09-14,20210914,Sep-21,SET100,SET100-KR-PP-XXXL,XXXL,2.0,1118.75,2126.0
2021-09-14,20210914,Sep-21,SET097,SET097-KR-PP-S,S,1.0,1243.75,1182.0
2021-09-14,20210914,Sep-21,SET097,SET097-KR-PP-M,M,1.0,1243.75,1182.0
2021-09-14,20210914,Sep-21,SET097,SET097-KR-PP-L,L,1.0,1243.75,1182.0
2021-09-14,20210914,Sep-21,SET097,SET097-KR-PP-XL,XL,2.0,1243.75,2363.0
2021-09-14,20210914,Sep-21,SET097,SET097-KR-PP-XXL,XXL,2.0,1243.75,2363.0
2021-09-14,20210914,Sep-21,SET097,SET097-KR-PP-XXXL,XXXL,2.0,1243.75,2363.0
2021-09-14,20210914,Sep-21,JNE3348,JNE3348-KR-S,S,1.0,587.5,558.0
2021-09-14,20210914,Sep-21,JNE3348,JNE3348-KR-M,M,1.0,587.5,558.0
2021-09-14,20210914,Sep-21,JNE3348,JNE3348-KR-L,L,2.0,587.5,1116.0
2021-09-14,20210914,Sep-21,JNE3348,JNE3348-KR-XL,XL,1.0,587.5,558.0
2021-09-14,20210914,Sep-21,JNE3348,JNE3348-KR-XXL,XXL,2.0,587.5,1116.0
2021-09-14,20210914,Sep-21,JNE3348,JNE3348-KR-XXXL,XXXL,2.0,587.5,1116.0
2021-09-14,20210914,Sep-21,J0182,J0182-SET-M,M,1.0,1133.0,1099.0
2021-09-14,20210914,Sep-21,J0092,J0092-SET-L,L,1.0,1244.0,1207.0
2021-09-14,20210914,Sep-21,JNE3679,JNE3679-TU-S,S,1.0,450.0,436.0
2021-09-14,20210914,Sep-21,J0182,J0182-SET-XXL,XXL,1.0,1133.0,1099.0
2021-09-14,20210914,Sep-21,J0021,J0021-TP-XL,XL,1.0,362.0,351.0
2021-09-14,20210914,Sep-21,JNE3676,JNE3676-TU-M,M,1.0,409.0,397.0
2021-09-14,20210914,Sep-21,J0042,J0042-DR-L,L,1.0,823.0,798.0
2021-09-14,20210914,Sep-21,J0173,J0173-DR-L,L,1.0,507.0,492.0
2021-09-14,20210914,Sep-21,JNE3744,JNE3744-TU-XXL,XXL,1.0,556.0,539.0
2021-09-14,20210914,Sep-21,JNE3674,JNE3674-TU-XXXL,XXXL,1.0,513.0,498.0
2021-09-14,20210914,Sep-21,JNE3744,JNE3744-TU-XL,XL,1.0,556.0,539.0
2021-09-14,20210914,Sep-21,J0042,J0042-DR-XL,XL,1.0,823.0,798.0
2021-09-14,20210914,Sep-21,JNE3524,JNE3524-KR-XL,XL,1.0,513.0,498.0
2021-09-14,20210914,Sep-21,J0171,J0171-DR-XXXL,XXXL,1.0,623.0,604.0
2021-09-14,20210914,Sep-21,J0118,J0118-TP-L,L,1.0,390.0,378.0
2021-09-14,20210914,Sep-21,J0118,J0118-TP-XXL,XXL,1.0,390.0,378.0
2021-09-14,20210914,Sep-21,JNE3678,JNE3678-TU-S,S,1.0,431.0,418.0
2021-09-14,20210914,Sep-21,JNE3256,JNE3256-KR-XL,XL,1.0,556.0,539.0
2021-09-14,20210914,Sep-21,SET250,SET250-KR-SHA-S,S,1.0,920.0,892.0
2021-09-14,20210914,Sep-21,JNE3678,JNE3678-TU-L,L,1.0,431.0,418.0
2021-09-14,20210914,Sep-21,J0021,J0021-TP-S,S,1.0,362.0,351.0
2021-09-14,20210914,Sep-21,J0171,J0171-DR-XXL,XXL,1.0,623.0,604.0
2021-09-14,20210914,Sep-21,JNE3678,JNE3678-TU-XL,XL,1.0,431.0,418.0
2021-09-14,20210914,Sep-21,JNE3676,JNE3676-TU-S,S,1.0,409.0,397.0
2021-09-14,20210914,Sep-21,JNE3687,JNE3687-TU-XXL,XXL,1.0,450.0,436.0
2021-09-14,20210914,Sep-21,J0182,J0182-SET-L,L,1.0,1133.0,1099.0
2021-09-14,20210914,Sep-21,JNE3673,JNE3673-TU-XL,XL,1.0,531.0,515.0
2021-09-14,20210914,Sep-21,J0097,J0097-KR-S,S,1.0,556.0,539.0
2021-09-14,20210914,Sep-21,JNE3524,JNE3524-KR-XXL,XXL,1.0,513.0,498.0
2021-09-14,20210914,Sep-21,SET273,SET273-KR-NP-M,M,1.0,681.0,661.0
2021-09-14,20210914,Sep-21,JNE3674,JNE3674-TU-S,S,1.0,512.5,497.0
2021-09-14,20210914,Sep-21,J0042,J0042-DR-M,M,1.0,823.33,799.0
2021-09-14,20210914,Sep-21,SET250,SET250-KR-SHA-M,M,1.0,920.0,892.0
2021-09-14,20210914,Sep-21,JNE3683,JNE3683-TU-XXL,XXL,1.0,431.25,418.0
2021-09-14,20210914,Sep-21,JNE3683,JNE3683-TU-XXXL,XXXL,1.0,431.25,418.0
2021-09-14,20210914,Sep-21,J0093,J0093-DR-XXXL,XXXL,1.0,893.75,867.0
2021-09-14,20210914,Sep-21,J0118,J0118-TP-S,S,1.0,390.0,378.0
2021-09-14,20210914,Sep-21,J0118,J0118-TP-M,M,1.0,390.0,378.0
2021-09-14,20210914,Sep-21,JNE3559,JNE3559-KR-XXL,XXL,1.0,405.0,393.0
2021-09-14,20210914,Sep-21,SET290,SET290-KR-DPT-XL,XL,1.0,806.25,782.0
2021-09-14,20210914,Sep-21,JNE3523,JNE3523-KR-S,S,1.0,531.25,515.0
2021-09-14,20210914,Sep-21,J0308,J0308-DR-M,M,1.0,663.75,644.0
2021-09-14,20210914,Sep-21,SET290,SET290-KR-DPT-L,L,1.0,806.25,782.0
2021-09-14,20210914,Sep-21,JNE3687,JNE3687-TU-S,S,1.0,450.0,436.0
2021-09-14,20210914,Sep-21,J0307,J0307-TP-M,M,1.0,390.0,378.0
2021-09-14,20210914,Sep-21,J0093,J0093-DR-L,L,1.0,893.75,867.0
2021-09-14,20210914,Sep-21,JNE3672,JNE3672-TU-L,L,1.0,512.5,497.0
2021-09-14,20210914,Sep-21,JNE3559,JNE3559-KR-L,L,1.0,405.0,393.0
2021-09-14,20210914,Sep-21,JNE3559,JNE3559-KR-XL,XL,1.0,405.0,393.0
2021-09-14,20210914,Sep-21,J0307,J0307-TP-S,S,1.0,390.0,378.0
2021-09-14,20210914,Sep-21,JNE3672,JNE3672-TU-XXL,XXL,1.0,512.5,497.0
2021-09-14,20210914,Sep-21,JNE3672,JNE3672-TU-S,S,1.0,512.5,497.0
2021-09-14,20210914,Sep-21,JNE3523,JNE3523-KR-M,M,1.0,531.25,515.0
2021-09-14,20210914,Sep-21,J0097,J0097-KR-L,L,1.0,556.25,540.0
2021-09-14,20210914,Sep-21,JNE3651,JNE3651-TP-M,M,1.0,431.25,418.0
2021-09-14,20210914,Sep-21,SET098,SET098-KR-PP-M,M,1.0,825.0,800.0
2021-09-14,20210914,Sep-21,JNE3651,JNE3651-TP-L,L,1.0,431.25,418.0
2021-09-14,20210914,Sep-21,JNE3523,JNE3523-KR-XL,XL,1.0,531.25,515.0
2021-09-14,20210914,Sep-21,JNE3674,JNE3674-TU-XL,XL,1.0,512.5,497.0
2021-09-14,20210914,Sep-21,JNE3672,JNE3672-TU-XL,XL,1.0,512.5,497.0
2021-09-14,20210914,Sep-21,J0093,J0093-DR-XXL,XXL,1.0,893.75,867.0
2021-09-14,20210914,Sep-21,JNE3640,JNE3640-TP-S,S,1.0,431.25,418.0
2021-09-14,20210914,Sep-21,J0093,J0093-DR-XL,XL,1.0,893.75,867.0
2021-09-14,20210914,Sep-21,J0097,J0097-KR-M,M,1.0,556.25,540.0
2021-09-14,20210914,Sep-21,JNE3523,JNE3523-KR-L,L,1.0,531.25,515.0
2021-09-14,20210914,Sep-21,SET110,SET110-KR-PP-S,S,1.0,931.25,903.0
2021-09-14,20210914,Sep-21,J0093,J0093-DR-M,M,1.0,893.75,867.0
2021-09-14,20210914,Sep-21,JNE3672,JNE3672-TU-M,M,1.0,512.5,497.0
2021-09-14,20210914,Sep-21,JNE3640,JNE3640-TP-L,L,1.0,431.25,418.0
2021-09-14,20210914,Sep-21,JNE3256,JNE3256-KR-XXL,XXL,1.0,556.25,540.0
2021-09-14,20210914,Sep-21,J0024,J0024-KR-L,L,1.0,531.25,515.0
2021-09-14,20210914,Sep-21,J0024,J0024-KR-XL,XL,1.0,531.25,515.0
2021-09-14,20210914,Sep-21,JNE3640,JNE3640-TP-M,M,1.0,431.25,418.0
2021-09-14,20210914,Sep-21,J0024,J0024-KR-XXL,XXL,1.0,531.25,515.0
2021-09-14,20210914,Sep-21,JNE3256,JNE3256-KR-L,L,1.0,556.25,540.0
2021-09-14,20210914,Sep-21,J0024,J0024-KR-M,M,1.0,531.25,515.0
2021-09-14,20210914,Sep-21,J0024,J0024-KR-S,S,1.0,531.25,515.0
2021-09-14,20210914,Sep-21,JNE3160,JNE3160-KR-XL,XL,1.0,850.0,824.0
2021-09-14,20210914,Sep-21,JNE3160,JNE3160-KR-L,L,1.0,850.0,824.0
2021-09-14,20210914,Sep-21,J0284,J0284-SKD-L,L,1.0,1757.5,1705.0
2021-09-14,20210914,Sep-21,J0092,J0092-SET-M,M,1.0,1243.75,1206.0
2021-09-14,20210914,Sep-21,JNE3744,JNE3744-TU-L,L,1.0,556.25,540.0
2021-09-14,20210914,Sep-21,JNE3678,JNE3678-TU-M,M,1.0,431.25,418.0
2021-09-14,20210914,Sep-21,J0173,J0173-DR-XXL,XXL,1.0,506.67,491.0
2021-09-14,20210914,Sep-21,J0238,J0238-LCD-M,M,1.0,1757.5,1705.0
2021-09-14,20210914,Sep-21,J0021,J0021-TP-M,M,1.0,362.22,351.0
2021-09-14,20210914,Sep-21,J0285,J0285-SKD-XL,XL,1.0,1718.75,1667.0
2021-09-14,20210914,Sep-21,J0118,J0118-TP-XL,XL,1.0,390.0,378.0
2021-09-14,20210914,Sep-21,J0077,J0077-SKD-S,S,1.0,1619.0,1619.0
2021-09-14,20210914,Sep-21,J0077,J0077-SKD-L,L,1.0,1619.0,1619.0
2021-09-14,20210914,Sep-21,J0077,J0077-SKD-XXL,XXL,1.0,1619.0,1619.0
2021-09-14,20210914,Sep-21,J0077,J0077-SKD-XXXL,XXXL,1.0,1619.0,1619.0
2021-09-14,20210914,Sep-21,J0007,J0007-SKD-S,S,1.0,1289.0,1289.0
2021-09-14,20210914,Sep-21,J0007,J0007-SKD-M,M,1.0,1289.0,1289.0
2021-09-14,20210914,Sep-21,J0007,J0007-SKD-L,L,1.0,1289.0,1289.0
2021-09-14,20210914,Sep-21,J0007,J0007-SKD-XL,XL,1.0,1289.0,1289.0
2021-09-14,20210914,Sep-21,J0007,J0007-SKD-XXL,XXL,1.0,1289.0,1289.0
2021-09-14,20210914,Sep-21,J0007,J0007-SKD-XXXL,XXXL,1.0,1289.0,1289.0
2021-09-14,20210914,Sep-21,J0092,J0092-SET-S,S,1.0,1244.0,1244.0
2021-09-14,20210914,Sep-21,J0092,J0092-SET-L,L,1.0,1244.0,1244.0
2021-09-14,20210914,Sep-21,J0092,J0092-SET-XL,XL,1.0,1244.0,1244.0
2021-09-14,20210914,Sep-21,J0092,J0092-SET-XXL,XXL,1.0,1244.0,1244.0
2021-09-14,20210914,Sep-21,J0092,J0092-SET-XXXL,XXXL,1.0,1244.0,1244.0
2021-09-14,20210914,Sep-21,SET245,SET245-KR-NP-XL,XL,1.0,1181.25,1181.0
2021-09-14,20210914,Sep-21,SET245,SET245-KR-NP-XXL,XXL,1.0,1181.25,1181.0
2021-09-14,20210914,Sep-21,SET245,SET245-KR-NP-XXXL,XXXL,1.0,1181.25,1181.0
2021-09-14,20210914,Sep-21,SET053,SET053-KR-NP-S,S,1.0,968.75,969.0
2021-09-14,20210914,Sep-21,SET053,SET053-KR-NP-M,M,1.0,968.75,969.0
2021-09-14,20210914,Sep-21,SET053,SET053-KR-NP-L,L,1.0,968.75,969.0
2021-09-14,20210914,Sep-21,SET053,SET053-KR-NP-XL,XL,1.0,968.75,969.0
2021-09-14,20210914,Sep-21,SET053,SET053-KR-NP-XXL,XXL,1.0,968.75,969.0
2021-09-14,20210914,Sep-21,SET053,SET053-KR-NP-XXXL,XXXL,1.0,968.75,969.0
2021-09-14,20210914,Sep-21,SET144,SET144-KR-NP-S,S,1.0,931.25,931.0
2021-09-14,20210914,Sep-21,SET144,SET144-KR-NP-M,M,1.0,931.25,931.0
2021-09-14,20210914,Sep-21,SET144,SET144-KR-NP-L,L,1.0,931.25,931.0
2021-09-14,20210914,Sep-21,SET144,SET144-KR-NP-XL,XL,1.0,931.25,931.0
2021-09-14,20210914,Sep-21,SET144,SET144-KR-NP-XXL,XXL,1.0,931.25,931.0
2021-09-14,20210914,Sep-21,SET144,SET144-KR-NP-XXXL,XXXL,1.0,931.25,931.0
2021-09-14,20210914,Sep-21,SET156,SET156-KR-NP-S,S,1.0,931.25,931.0
2021-09-14,20210914,Sep-21,SET156,SET156-KR-NP-XXL,XXL,1.0,931.25,931.0
2021-09-14,20210914,Sep-21,SET156,SET156-KR-NP-XXXL,XXXL,1.0,931.25,931.0
2021-09-14,20210914,Sep-21,SET193,SET193-KR-NP-S,S,1.0,806.25,806.0
2021-09-14,20210914,Sep-21,SET193,SET193-KR-NP-M,M,1.0,806.25,806.0
2021-09-14,20210914,Sep-21,SET193,SET193-KR-NP-L,L,1.0,806.25,806.0
2021-09-14,20210914,Sep-21,SET193,SET193-KR-NP-XL,XL,1.0,806.25,806.0
2021-09-14,20210914,Sep-21,SET193,SET193-KR-NP-XXL,XXL,1.0,806.25,806.0
2021-09-14,20210914,Sep-21,SET193,SET193-KR-NP-XXXL,XXXL,1.0,806.25,806.0
2021-09-14,20210914,Sep-21,SET196,SET196-KR-NP-M.,M,1.0,843.75,844.0
2021-09-14,20210914,Sep-21,SET196,SET196-KR-NP-L,L,1.0,843.75,844.0
2021-09-14,20210914,Sep-21,SET196,SET196-KR-NP-XXL,XXL,1.0,843.75,844.0
2021-09-14,20210914,Sep-21,SET196,SET196-KR-NP-XXXL,XXXL,1.0,843.75,844.0
2021-09-14,20210914,Sep-21,SET199,SET199-KR-NP-S,S,1.0,743.75,744.0
2021-09-14,20210914,Sep-21,SET199,SET199-KR-NP-M,M,1.0,743.75,744.0
2021-09-14,20210914,Sep-21,SET199,SET199-KR-NP-L,L,1.0,743.75,744.0
2021-09-14,20210914,Sep-21,SET199,SET199-KR-NP-XL,XL,1.0,743.75,744.0
2021-09-14,20210914,Sep-21,SET199,SET199-KR-NP-XXL,XXL,1.0,743.75,744.0
2021-09-14,20210914,Sep-21,SET199,SET199-KR-NP-XXXL,XXXL,1.0,743.75,744.0
2021-09-14,20210914,Sep-21,SET062,SET062-KR-SP-S,S,1.0,883.75,884.0
2021-09-14,20210914,Sep-21,SET062,SET062-KR-SP-M,M,1.0,883.75,884.0
2021-09-14,20210914,Sep-21,SET062,SET062-KR-SP-L,L,1.0,883.75,884.0
2021-09-14,20210914,Sep-21,SET062,SET062-KR-SP-XL,XL,1.0,883.75,884.0
2021-09-14,20210914,Sep-21,SET062,SET062-KR-SP-XXL,XXL,1.0,883.75,884.0
2021-09-14,20210914,Sep-21,SET062,SET062-KR-SP-XXXL,XXXL,1.0,883.75,884.0
2021-09-14,20210914,Sep-21,J0110,J0110-SKD-S,S,1.0,1406.25,1406.0
2021-09-14,20210914,Sep-21,J0110,J0110-SKD-M,M,1.0,1406.25,1406.0
2021-09-14,20210914,Sep-21,J0126,J0126-SKD-S,S,1.0,1306.25,1306.0
2021-09-14,20210914,Sep-21,J0126,J0126-SKD-M,M,1.0,1306.25,1306.0
2021-09-14,20210914,Sep-21,J0126,J0126-SKD-L,L,1.0,1306.25,1306.0
2021-09-14,20210914,Sep-21,J0126,J0126-SKD-XL,XL,1.0,1306.25,1306.0
2021-09-14,20210914,Sep-21,J0126,J0126-SKD-XXL,XXL,1.0,1306.25,1306.0
2021-09-14,20210914,Sep-21,J0126,J0126-SKD-XXXL,XXXL,1.0,1306.25,1306.0
2021-09-14,20210914,Sep-21,SET239,SET239-KR-NP-S,S,1.0,1156.25,1156.0
2021-09-14,20210914,Sep-21,SET239,SET239-KR-NP-M,M,1.0,1156.25,1156.0
2021-09-14,20210914,Sep-21,SET239,SET239-KR-NP-L,L,1.0,1156.25,1156.0
2021-09-14,20210914,Sep-21,SET239,SET239-KR-NP-XL,XL,1.0,1156.25,1156.0
2021-09-14,20210914,Sep-21,SET239,SET239-KR-NP-XXL,XXL,1.0,1156.25,1156.0
2021-09-14,20210914,Sep-21,SET239,SET239-KR-NP-XXXL,XXXL,1.0,1156.25,1156.0
2021-09-14,20210914,Sep-21,J0278,J0278-SET-S,S,1.0,1014.44,1014.0
2021-09-14,20210914,Sep-21,J0278,J0278-SET-M,M,1.0,1014.44,1014.0
2021-09-14,20210914,Sep-21,J0278,J0278-SET-L,L,1.0,1014.44,1014.0
2021-09-14,20210914,Sep-21,J0278,J0278-SET-XL,XL,1.0,1014.44,1014.0
2021-09-14,20210914,Sep-21,J0278,J0278-SET-XXL,XXL,1.0,1014.44,1014.0
2021-09-14,20210914,Sep-21,J0278,J0278-SET-XXXL,XXXL,1.0,1014.44,1014.0
2021-09-14,20210914,Sep-21,SET275,SET275-KR-NP-S,S,1.0,1056.25,1056.0
2021-09-14,20210914,Sep-21,SET275,SET275-KR-NP-M,M,1.0,1056.25,1056.0
2021-09-14,20210914,Sep-21,SET275,SET275-KR-NP-L,L,1.0,1056.25,1056.0
2021-09-14,20210914,Sep-21,SET275,SET275-KR-NP-XL,XL,1.0,1056.25,1056.0
2021-09-14,20210914,Sep-21,SET275,SET275-KR-NP-XXL,XXL,1.0,1056.25,1056.0
2021-09-14,20210914,Sep-21,SET275,SET275-KR-NP-XXXL,XXXL,1.0,1056.25,1056.0
2021-09-14,20210914,Sep-21,SET253,SET253-KR-NP-S,S,1.0,943.75,944.0
2021-09-14,20210914,Sep-21,SET253,SET253-KR-NP-M,M,1.0,943.75,944.0
2021-09-14,20210914,Sep-21,SET253,SET253-KR-NP-L,L,1.0,943.75,944.0
2021-09-14,20210914,Sep-21,SET253,SET253-KR-NP-XL,XL,1.0,943.75,944.0
2021-09-14,20210914,Sep-21,SET253,SET253-KR-NP-XXL,XXL,1.0,943.75,944.0
2021-09-14,20210914,Sep-21,SET253,SET253-KR-NP-XXXL,XXXL,1.0,943.75,944.0
2021-09-14,20210914,Sep-21,SET264,SET264-KR-NP-S,S,1.0,968.75,969.0
2021-09-14,20210914,Sep-21,SET264,SET264-KR-NP-M,M,1.0,968.75,969.0
2021-09-14,20210914,Sep-21,SET264,SET264-KR-NP-L,L,1.0,968.75,969.0
2021-09-14,20210914,Sep-21,SET264,SET264-KR-NP-XL,XL,1.0,968.75,969.0
2021-09-14,20210914,Sep-21,SET264,SET264-KR-NP-XXL,XXL,1.0,968.75,969.0
2021-09-14,20210914,Sep-21,SET264,SET264-KR-NP-XXXL,XXXL,1.0,968.75,969.0
2021-09-14,20210914,Sep-21,J0127,J0127-SKD-S,S,1.0,1343.75,1344.0
2021-09-14,20210914,Sep-21,J0127,J0127-SKD-XXXL,XXXL,1.0,1343.75,1344.0
2021-09-14,20210914,Sep-21,SET266,SET266-KR-NP-S,S,3.0,931.25,2794.0
2021-09-14,20210914,Sep-21,SET266,SET266-KR-NP-M,M,3.0,931.25,2794.0
2021-09-14,20210914,Sep-21,SET266,SET266-KR-NP-L,L,3.0,931.25,2794.0
2021-09-14,20210914,Sep-21,SET266,SET266-KR-NP-XL,XL,3.0,931.25,2794.0
2021-09-14,20210914,Sep-21,SET266,SET266-KR-NP-XXL,XXL,3.0,931.25,2794.0
2021-09-14,20210914,Sep-21,SET266,SET266-KR-NP-XXXL,XXXL,3.0,931.25,2794.0
2021-09-14,20210914,Sep-21,SET267,SET267-KR-NP-S,S,3.0,931.25,2794.0
2021-09-14,20210914,Sep-21,SET267,SET267-KR-NP-XXL,XXL,3.0,931.25,2794.0
2021-09-14,20210914,Sep-21,SET267,SET267-KR-NP-XXXL,XXXL,3.0,931.25,2794.0
2021-09-15,20210915,Sep-21,J0009,J0009-SKD-M,M,1.0,1133.0,1133.0
2021-09-15,20210915,Sep-21,J0009,J0009-SKD-L,L,1.0,1133.0,1133.0
2021-09-15,20210915,Sep-21,J0009,J0009-SKD-XL,XL,1.0,1133.0,1133.0
2021-09-15,20210915,Sep-21,J0009,J0009-SKD-XXL,XXL,1.0,1133.0,1133.0
2021-09-15,20210915,Sep-21,J0213,J0213-TP-L,L,1.0,546.0,546.0
2021-09-15,20210915,Sep-21,J0213,J0213-TP-XL,XL,1.0,546.0,546.0
2021-09-15,20210915,Sep-21,SET268,SET268-KR-NP-L,L,1.0,931.0,931.0
2021-09-15,20210915,Sep-21,SET268,SET268-KR-NP-XL,XL,1.0,931.0,931.0
2021-09-15,20210915,Sep-21,SET268,SET268-KR-NP-XXL,XXL,1.0,931.0,931.0
2021-09-15,20210915,Sep-21,SET210,SET210-KR-PP-S,S,1.0,765.0,765.0
2021-09-15,20210915,Sep-21,SET210,SET210-KR-PP-M,M,1.0,765.0,765.0
2021-09-15,20210915,Sep-21,SET210,SET210-KR-PP-L,L,1.0,765.0,765.0
2021-09-15,20210915,Sep-21,SET210,SET210-KR-PP-XL,XL,1.0,765.0,765.0
2021-09-15,20210915,Sep-21,SET210,SET210-KR-PP-XXL,XXL,1.0,765.0,765.0
2021-09-15,20210915,Sep-21,JNE2153,JNE2153-KR-278-M,M,1.0,623.0,623.0
2021-09-15,20210915,Sep-21,JNE2153,JNE2153-KR-278-L,L,1.0,623.0,623.0
2021-09-15,20210915,Sep-21,JNE2153,JNE2153-KR-278-XL,XL,1.0,623.0,623.0
2021-09-15,20210915,Sep-21,JNE3560,JNE3560-KR-L,L,1.0,450.0,450.0
2021-09-15,20210915,Sep-21,JNE3560,JNE3560-KR-XL,XL,1.0,450.0,450.0
2021-09-15,20210915,Sep-21,JNE3560,JNE3560-KR-XXL,XXL,1.0,450.0,450.0
2021-09-15,20210915,Sep-21,MEN5024,MEN5024-KR-XXL,XXL,1.0,561.0,561.0
2021-09-15,20210915,Sep-21,MEN5026,MEN5026-KR-L,L,1.0,561.0,561.0
2021-09-15,20210915,Sep-21,MEN5026,MEN5026-KR-XL,XL,1.0,561.0,561.0
2021-09-15,20210915,Sep-21,J0103,J0103-SKD-M,M,1.0,1556.0,1556.0
2021-09-15,20210915,Sep-21,J0103,J0103-SKD-L,L,1.0,1556.0,1556.0
2021-09-15,20210915,Sep-21,J0103,J0103-SKD-XL,XL,1.0,1556.0,1556.0
2021-09-15,20210915,Sep-21,J0079,J0079-SKD-M,M,1.0,1556.0,1556.0
2021-09-15,20210915,Sep-21,J0079,J0079-SKD-L,L,1.0,1556.0,1556.0
2021-09-15,20210915,Sep-21,J0079,J0079-SKD-XL,XL,1.0,1556.0,1556.0
2021-09-15,20210915,Sep-21,JNE3434,JNE3434-KR-S,S,1.0,431.0,431.0
2021-09-15,20210915,Sep-21,JNE3654,JNE3654-TP-S,S,1.0,513.0,513.0
2021-09-15,20210915,Sep-21,JNE3713,JNE3713-TP-S,S,1.0,431.0,431.0
2021-09-15,20210915,Sep-21,JNE3573,JNE3573-KR-S,S,1.0,531.0,531.0
2021-09-15,20210915,Sep-21,SET263,SET263-KR-NP-S,S,1.0,806.0,806.0
2021-09-15,20210915,Sep-21,JNE3479,JNE3479-KR-S,S,1.0,431.0,431.0
2021-09-15,20210915,Sep-21,JNE3489,JNE3489-KR-S,S,1.0,431.0,431.0
2021-09-15,20210915,Sep-21,JNE3725,JNE3725-KR-S,S,1.0,513.0,513.0
2021-09-15,20210915,Sep-21,J0138,J0138-KR-S,S,1.0,735.0,735.0
2021-09-15,20210915,Sep-21,SET262,SET262-KR-NP-XXL,XXL,1.0,894.0,894.0
2021-09-15,20210915,Sep-21,SET240,SET240-KR-PP-XXXL,XXXL,1.0,769.0,769.0
2021-09-15,20210915,Sep-21,SET240,SET240-KR-PP-S,S,2.0,769.0,1538.0
2021-09-15,20210915,Sep-21,SET238,SET238-KR-PP-L,L,1.0,706.0,706.0
2021-09-15,20210915,Sep-21,SET238,SET238-KR-PP-XXXL,XXXL,1.0,706.0,706.0
2021-09-15,20210915,Sep-21,JNE3434,JNE3434-KR-L,L,1.0,431.0,431.0
2021-09-15,20210915,Sep-21,JNE3616,JNE3616-KR-S,S,1.0,538.0,538.0
2021-09-15,20210915,Sep-21,JNE3403,JNE3403-KR-M,M,1.0,619.0,619.0
2021-09-15,20210915,Sep-21,JNE3553,JNE3553-KR-S,S,1.0,428.0,428.0
2021-09-15,20210915,Sep-21,JNE3553,JNE3553-KR-XXL,XXL,1.0,428.0,428.0
2021-09-15,20210915,Sep-21,SET145,SET145-KR-NP-XXL,XXL,1.0,931.0,931.0
2021-09-15,20210915,Sep-21,JNE3674,JNE3674-TU-XXL,XXL,1.0,513.0,513.0
2021-09-15,20210915,Sep-21,SET098,SET098-KR-PP-S,S,1.0,825.0,825.0
2021-09-15,20210915,Sep-21,SET098,SET098-KR-PP-M,M,1.0,825.0,825.0
2021-09-15,20210915,Sep-21,SET098,SET098-KR-PP-L,L,1.0,825.0,825.0
2021-09-15,20210915,Sep-21,SET098,SET098-KR-PP-XL,XL,1.0,825.0,825.0
2021-09-15,20210915,Sep-21,SET098,SET098-KR-PP-XXL,XXL,1.0,825.0,825.0
2021-09-15,20210915,Sep-21,SET098,SET098-KR-PP-XXXL,XXXL,1.0,825.0,825.0
2021-09-15,20210915,Sep-21,SET110,SET110-KR-PP-S,S,1.0,931.0,931.0
2021-09-15,20210915,Sep-21,SET110,SET110-KR-PP-L,L,1.0,931.0,931.0
2021-09-15,20210915,Sep-21,SET110,SET110-KR-PP-XL,XL,1.0,931.0,931.0
2021-09-15,20210915,Sep-21,SET110,SET110-KR-PP-XXL,XXL,1.0,931.0,931.0
2021-09-15,20210915,Sep-21,SET110,SET110-KR-PP-XXXL,XXXL,1.0,931.0,931.0
2021-09-15,20210915,Sep-21,JNE3687,JNE3687-TU-S,S,1.0,450.0,450.0
2021-09-15,20210915,Sep-21,JNE3687,JNE3687-TU-XXL,XXL,1.0,450.0,450.0
2021-09-15,20210915,Sep-21,JNE3687,JNE3687-TU-XXXL,XXXL,1.0,450.0,450.0
2021-09-15,20210915,Sep-21,JNE2170,JNE2170-KR-436-S,S,1.0,656.0,656.0
2021-09-15,20210915,Sep-21,JNE2170,JNE2170-KR-436-M,M,1.0,656.0,656.0
2021-09-15,20210915,Sep-21,JNE2170,JNE2170-KR-436-L,L,1.0,656.0,656.0
2021-09-15,20210915,Sep-21,JNE2170,JNE2170-KR-436-XL,XL,1.0,656.0,656.0
2021-09-15,20210915,Sep-21,JNE2170,JNE2170-KR-436-XXL,XXL,1.0,656.0,656.0
2021-09-15,20210915,Sep-21,JNE3564,JNE3564-KR-S,S,1.0,431.0,431.0
2021-09-15,20210915,Sep-21,JNE3564,JNE3564-KR-M,M,1.0,431.0,431.0
2021-09-15,20210915,Sep-21,JNE3564,JNE3564-KR-L,L,1.0,431.0,431.0
2021-09-15,20210915,Sep-21,JNE3564,JNE3564-KR-XL,XL,1.0,431.0,431.0
2021-09-15,20210915,Sep-21,JNE3564,JNE3564-KR-XXL,XXL,1.0,431.0,431.0
2021-09-15,20210915,Sep-21,JNE3564,JNE3564-KR-XXXL,XXXL,1.0,431.0,431.0
2021-09-15,20210915,Sep-21,JNE3567,JNE3567-KR-XL,XL,1.0,431.0,431.0
2021-09-15,20210915,Sep-21,JNE3567,JNE3567-KR-XXXL,XXXL,1.0,431.0,431.0
2021-09-15,20210915,Sep-21,JNE3405,JNE3405-KR-S,S,1.0,431.0,431.0
2021-09-15,20210915,Sep-21,JNE3405,JNE3405-KR-M,M,1.0,431.0,431.0
2021-09-15,20210915,Sep-21,JNE3405,JNE3405-KR-L,L,1.0,431.0,431.0
2021-09-15,20210915,Sep-21,JNE3405,JNE3405-KR-XL,XL,1.0,431.0,431.0
2021-09-15,20210915,Sep-21,JNE3405,JNE3405-KR-XXL,XXL,1.0,431.0,431.0
2021-09-15,20210915,Sep-21,JNE3405,JNE3405-KR-XXXL,XXXL,1.0,431.0,431.0
2021-09-15,20210915,Sep-21,JNE3440,JNE3440-KR-S,S,1.0,388.0,388.0
2021-09-15,20210915,Sep-21,JNE3440,JNE3440-KR-M,M,1.0,388.0,388.0
2021-09-15,20210915,Sep-21,JNE3440,JNE3440-KR-L,L,1.0,388.0,388.0
2021-09-15,20210915,Sep-21,JNE3440,JNE3440-KR-XL,XL,1.0,388.0,388.0
2021-09-15,20210915,Sep-21,JNE3440,JNE3440-KR-XXL,XXL,1.0,388.0,388.0
2021-09-15,20210915,Sep-21,JNE3440,JNE3440-KR-XXXL,XXXL,1.0,388.0,388.0
2021-09-15,20210915,Sep-21,JNE3576,JNE3576-KR-S,S,2.0,388.0,776.0
2021-09-15,20210915,Sep-21,JNE3576,JNE3576-KR-M,M,2.0,388.0,776.0
2021-09-15,20210915,Sep-21,JNE3576,JNE3576-KR-L,L,2.0,388.0,776.0
2021-09-15,20210915,Sep-21,JNE3576,JNE3576-KR-XL,XL,2.0,388.0,776.0
2021-09-15,20210915,Sep-21,JNE3576,JNE3576-KR-XXL,XXL,2.0,388.0,776.0
2021-09-15,20210915,Sep-21,JNE3576,JNE3576-KR-XXXL,XXXL,2.0,388.0,776.0
2021-09-15,20210915,Sep-21,JNE3434,JNE3434-KR-S,S,1.0,431.0,431.0
2021-09-15,20210915,Sep-21,JNE3434,JNE3434-KR-M,M,1.0,431.0,431.0
2021-09-15,20210915,Sep-21,JNE3434,JNE3434-KR-L,L,1.0,431.0,431.0
2021-09-15,20210915,Sep-21,JNE3434,JNE3434-KR-XL,XL,1.0,431.0,431.0
2021-09-15,20210915,Sep-21,JNE3434,JNE3434-KR-XXL,XXL,1.0,431.0,431.0
2021-09-15,20210915,Sep-21,JNE3434,JNE3434-KR-XXXL,XXXL,1.0,431.0,431.0
2021-09-15,20210915,Sep-21,JNE3616,JNE3616-KR-S,S,1.0,538.0,538.0
2021-09-15,20210915,Sep-21,JNE3616,JNE3616-KR-M,M,1.0,538.0,538.0
2021-09-15,20210915,Sep-21,JNE3616,JNE3616-KR-L,L,1.0,538.0,538.0
2021-09-15,20210915,Sep-21,JNE3616,JNE3616-KR-XL,XL,1.0,538.0,538.0
2021-09-15,20210915,Sep-21,JNE3616,JNE3616-KR-XXL,XXL,1.0,538.0,538.0
2021-09-15,20210915,Sep-21,JNE3616,JNE3616-KR-XXXL,XXXL,1.0,538.0,538.0
2021-09-15,20210915,Sep-21,JNE3725,JNE3725-KR-S,S,1.0,513.0,513.0
2021-09-15,20210915,Sep-21,JNE3725,JNE3725-KR-M,M,1.0,513.0,513.0
2021-09-15,20210915,Sep-21,JNE3725,JNE3725-KR-L,L,1.0,513.0,513.0
2021-09-15,20210915,Sep-21,JNE3725,JNE3725-KR-XL,XL,1.0,513.0,513.0
2021-09-15,20210915,Sep-21,JNE3725,JNE3725-KR-XXL,XXL,1.0,513.0,513.0
2021-09-15,20210915,Sep-21,JNE3698,JNE3698-KR-S,S,1.0,431.0,431.0
2021-09-15,20210915,Sep-21,JNE3698,JNE3698-KR-XL,XL,1.0,431.0,431.0
2021-09-15,20210915,Sep-21,JNE3698,JNE3698-KR-XXL,XXL,1.0,431.0,431.0
2021-09-15,20210915,Sep-21,JNE3759,JNE3759-KR-S,S,1.0,513.0,513.0
2021-09-15,20210915,Sep-21,JNE3759,JNE3759-KR-XXL,XXL,1.0,513.0,513.0
2021-09-15,20210915,Sep-21,JNE3160,JNE3160-KR-S,S,1.0,850.0,850.0
2021-09-15,20210915,Sep-21,J0195,J0195-TP-L,L,1.0,664.0,664.0
2021-09-15,20210915,Sep-21,J0195,J0195-TP-XL,XL,1.0,664.0,664.0
2021-09-15,20210915,Sep-21,J0195,J0195-TP-XXL,XXL,1.0,664.0,664.0
2021-09-15,20210915,Sep-21,J0195,J0195-TP-XXXL,XXXL,1.0,664.0,664.0
2021-09-15,20210915,Sep-21,JNE3637,JNE3637-KR-S,S,1.0,681.0,681.0
2021-09-15,20210915,Sep-21,JNE3637,JNE3637-KR-M,M,1.0,681.0,681.0
2021-09-15,20210915,Sep-21,JNE3637,JNE3637-KR-L,L,1.0,681.0,681.0
2021-09-15,20210915,Sep-21,JNE3637,JNE3637-KR-XL,XL,1.0,681.0,681.0
2021-09-15,20210915,Sep-21,JNE3637,JNE3637-KR-XXL,XXL,1.0,681.0,681.0
2021-09-15,20210915,Sep-21,SET290,SET290-KR-DPT-S,S,1.0,806.0,806.0
2021-09-15,20210915,Sep-21,SET290,SET290-KR-DPT-M,M,1.0,806.0,806.0
2021-09-15,20210915,Sep-21,SET290,SET290-KR-DPT-L,L,1.0,806.0,806.0
2021-09-15,20210915,Sep-21,SET290,SET290-KR-DPT-XL,XL,1.0,806.0,806.0
2021-09-15,20210915,Sep-21,SET290,SET290-KR-DPT-XXL,XXL,1.0,806.0,806.0
2021-09-15,20210915,Sep-21,SET290,SET290-KR-DPT-XXXL,XXXL,1.0,806.0,806.0
2021-09-15,20210915,Sep-21,JNE3568,JNE3568-KR-M,M,1.0,431.0,431.0
2021-09-15,20210915,Sep-21,JNE3568,JNE3568-KR-L,L,1.0,431.0,431.0
2021-09-15,20210915,Sep-21,JNE3568,JNE3568-KR-XL,XL,1.0,431.0,431.0
2021-09-15,20210915,Sep-21,JNE3568,JNE3568-KR-XXL,XXL,1.0,431.0,431.0
2021-09-15,20210915,Sep-21,JNE3568,JNE3568-KR-XXXL,XXXL,2.0,431.0,862.0
2021-09-15,20210915,Sep-21,JNE3567,JNE3567-KR-XL,XL,2.0,431.0,862.0
2021-09-15,20210915,Sep-21,SET266,SET266-KR-NP-S,S,1.0,931.0,931.0
2021-09-15,20210915,Sep-21,SET266,SET266-KR-NP-M,M,1.0,931.0,931.0
2021-09-15,20210915,Sep-21,SET266,SET266-KR-NP-L,L,1.0,931.0,931.0
2021-09-15,20210915,Sep-21,SET266,SET266-KR-NP-XL,XL,1.0,931.0,931.0
2021-09-15,20210915,Sep-21,SET266,SET266-KR-NP-XXL,XXL,1.0,931.0,931.0
2021-09-15,20210915,Sep-21,SET266,SET266-KR-NP-XXXL,XXXL,1.0,931.0,931.0
2021-09-15,20210915,Sep-21,J0210,J0210-DR-M,M,1.0,938.0,938.0
2021-09-15,20210915,Sep-21,J0210,J0210-DR-L,L,1.0,938.0,938.0
2021-09-15,20210915,Sep-21,J0210,J0210-DR-XL,XL,1.0,938.0,938.0
2021-09-15,20210915,Sep-21,SET243,SET243-KR-PP-M,M,1.0,730.0,730.0
2021-09-15,20210915,Sep-21,SET252,SET252-KR-PP-S.,S,1.0,825.0,825.0
2021-09-15,20210915,Sep-21,JNE3405,JNE3405-KR-XS,XS,1.0,431.0,431.0
2021-09-15,20210915,Sep-21,BTM002,BTM002-XS,XS,1.0,315.0,315.0
2021-09-15,20210915,Sep-21,SET110,SET110-KR-PP-S,S,1.0,931.0,931.0
2021-09-15,20210915,Sep-21,SET110,SET110-KR-PP-XS,XS,1.0,931.0,931.0
2021-09-15,20210915,Sep-21,SET187,SET187-KR-DH-XXXL,XXXL,1.0,769.0,769.0
2021-09-15,20210915,Sep-21,SET110,SET110-KR-PP-M,M,1.0,931.0,931.0
2021-09-15,20210915,Sep-21,BTM039,BTM039-PP-XXL,XXL,1.0,428.0,428.0
2021-09-15,20210915,Sep-21,BTM039,BTM039-PP-XS,XS,1.0,428.0,428.0
2021-09-15,20210915,Sep-21,SET252,SET252-KR-PP-M.,M,1.0,825.0,825.0
2021-09-15,20210915,Sep-21,J0176,J0176-TP-XL,XL,1.0,486.0,486.0
2021-09-15,20210915,Sep-21,J0176,J0176-TP-XXL,XXL,1.0,486.0,486.0
2021-09-15,20210915,Sep-21,SET110,SET110-KR-PP-L,L,1.0,931.0,931.0
2021-09-15,20210915,Sep-21,BTM046,BTM046-PP-S,S,1.0,428.0,428.0
2021-09-15,20210915,Sep-21,BTM002,BTM002-M,M,1.0,315.0,315.0
2021-09-15,20210915,Sep-21,JNE3742,JNE3742-KR-XL,XL,1.0,494.0,494.0
2021-09-15,20210915,Sep-21,JNE3739,JNE3739-KR-S,S,1.0,538.0,538.0
2021-09-15,20210915,Sep-21,JNE3739,JNE3739-KR-XXL,XXL,1.0,538.0,538.0
2021-09-15,20210915,Sep-21,JNE3742,JNE3742-KR-L,L,1.0,494.0,494.0
2021-09-15,20210915,Sep-21,JNE3739,JNE3739-KR-L,L,1.0,538.0,538.0
2021-09-15,20210915,Sep-21,JNE3615,JNE3615-KR-XL,XL,1.0,538.0,538.0
2021-09-15,20210915,Sep-21,JNE3616,JNE3616-KR-XL,XL,1.0,538.0,538.0
2021-09-15,20210915,Sep-21,JNE2101,JNE2101-KR-210-XL,XL,1.0,431.0,431.0
2021-09-15,20210915,Sep-21,JNE2100,JNE2100-KR-144-XL,XL,1.0,469.0,469.0
2021-09-15,20210915,Sep-21,JNE3065,JNE3065-KR-XL,XL,1.0,556.0,556.0
2021-09-15,20210915,Sep-21,JNE3368,JNE3368-KR-XL,XL,1.0,619.0,619.0
2021-09-15,20210915,Sep-21,JNE3516,JNE3516-KR-XL,XL,1.0,619.0,619.0
2021-09-15,20210915,Sep-21,SET286,SET286-KR-NP-XXL,XXL,1.0,681.0,681.0
2021-09-15,20210915,Sep-21,SET289,SET289-KR-NP-XL,XL,1.0,681.0,681.0
2021-09-15,20210915,Sep-21,SET290,SET290-KR-DPT-L,L,1.0,806.0,806.0
2021-09-15,20210915,Sep-21,SET273,SET273-KR-NP-M,M,1.0,681.0,681.0
2021-09-15,20210915,Sep-21,JNE1408,,Free,1.0,469.0,469.0
2021-09-15,20210915,Sep-21,JNE3294,JNE3294-KR-M,M,1.0,469.0,469.0
2021-09-15,20210915,Sep-21,SET055,SET055-KR-NP-L,L,1.0,944.0,944.0
2021-09-15,20210915,Sep-21,SET058,SET058-KR-NP-XL,XL,1.0,944.0,944.0
2021-09-15,20210915,Sep-21,SET158,SET158-KR-PP-L,L,1.0,994.0,994.0
2021-09-16,20210916,Sep-21,SET262,SET262-KR-NP-S,S,2.0,894.0,1788.0
2021-09-16,20210916,Sep-21,SET262,SET262-KR-NP-M,M,2.0,894.0,1788.0
2021-09-16,20210916,Sep-21,SET262,SET262-KR-NP-L,L,2.0,894.0,1788.0
2021-09-16,20210916,Sep-21,SET275,SET275-KR-NP-S,S,1.0,1056.0,1056.0
2021-09-16,20210916,Sep-21,SET275,SET275-KR-NP-M,M,2.0,1056.0,2112.0
2021-09-16,20210916,Sep-21,SET275,SET275-KR-NP-L,L,1.0,1056.0,1056.0
2021-09-16,20210916,Sep-21,SET138,SET138-KR-PP-S,S,1.0,994.0,994.0
2021-09-16,20210916,Sep-21,SET254,SET254-KR-NP-S,S,2.0,1431.0,2862.0
2021-09-16,20210916,Sep-21,SET254,SET254-KR-NP-M,M,2.0,1431.0,2862.0
2021-09-16,20210916,Sep-21,J0246,J0246-SKD-S,S,1.0,1328.0,1328.0
2021-09-16,20210916,Sep-21,J0009,J0009-SKD-XS,XS,1.0,1133.0,1133.0
2021-09-16,20210916,Sep-21,J0009,J0009-SKD-M,M,1.0,1133.0,1133.0
2021-09-16,20210916,Sep-21,J0009,J0009-SKD-XXXL,XXXL,1.0,1133.0,1133.0
2021-09-16,20210916,Sep-21,JNE3759,JNE3759-KR-XXL,XXL,1.0,513.0,513.0
2021-09-16,20210916,Sep-21,SET244,SET244-KR-NP-M,M,1.0,1181.0,1181.0
2021-09-16,20210916,Sep-21,SET244,SET244-KR-NP-XL,XL,1.0,1181.0,1181.0
2021-09-16,20210916,Sep-21,SET274,SET274-KR-PP-M,M,1.0,1075.0,1075.0
2021-09-16,20210916,Sep-21,SET258,SET258-KR-PP-M,M,1.0,1344.0,1344.0
2021-09-16,20210916,Sep-21,SET196,SET196-KR-NP-M.,M,1.0,844.0,844.0
2021-09-16,20210916,Sep-21,SET144,SET144-KR-NP-M,M,1.0,931.0,931.0
2021-09-16,20210916,Sep-21,SET094,SET094-KR-NP-M,M,2.0,994.0,1988.0
2021-09-16,20210916,Sep-21,SET043,SET043-KR-NP-M,M,2.0,1181.0,2362.0
2021-09-16,20210916,Sep-21,SET193,SET193-KR-NP-M,M,1.0,806.0,806.0
2021-09-16,20210916,Sep-21,J0008,J0008-SKD-XS,XS,1.0,1289.0,1289.0
2021-09-16,20210916,Sep-21,J0008,J0008-SKD-S,S,2.0,1289.0,2578.0
2021-09-16,20210916,Sep-21,J0008,J0008-SKD-M,M,2.0,1289.0,2578.0
2021-09-16,20210916,Sep-21,J0008,J0008-SKD-L,L,2.0,1289.0,2578.0
2021-09-16,20210916,Sep-21,SET254,SET254-KR-NP-XXXL,XXXL,1.0,1431.0,1431.0
2021-09-16,20210916,Sep-21,J0004,J0004-SKD-M,M,1.0,1366.0,1366.0
2021-09-16,20210916,Sep-21,J0007,J0007-SKD-M,M,1.0,1289.0,1289.0
2021-09-16,20210916,Sep-21,J0042,J0042-DR-M,M,1.0,823.0,823.0
2021-09-16,20210916,Sep-21,J0042,J0042-DR-XL,XL,1.0,823.0,823.0
2021-09-16,20210916,Sep-21,J0277,J0277-SKD-L,L,3.0,1758.0,5274.0
2021-09-16,20210916,Sep-21,J0230,J0230-SKD-M,M,4.0,1445.0,5780.0
2021-09-16,20210916,Sep-21,J0230,J0230-SKD-L,L,2.0,1445.0,2890.0
2021-09-16,20210916,Sep-21,J0230,J0230-SKD-S,S,3.0,1445.0,4335.0
2021-09-16,20210916,Sep-21,J0005,J0005-DR-M,M,3.0,938.0,2814.0
2021-09-16,20210916,Sep-21,J0005,J0005-DR-L,L,2.0,938.0,1876.0
2021-09-16,20210916,Sep-21,SET268,SET268-KR-NP-XS,XS,1.0,931.0,931.0
2021-09-16,20210916,Sep-21,SET268,SET268-KR-NP-S,S,2.0,931.0,1862.0
2021-09-16,20210916,Sep-21,SET268,SET268-KR-NP-M,M,3.0,931.0,2793.0
2021-09-16,20210916,Sep-21,SET268,SET268-KR-NP-L,L,3.0,931.0,2793.0
2021-09-16,20210916,Sep-21,SET268,SET268-KR-NP-XL,XL,3.0,931.0,2793.0
2021-09-16,20210916,Sep-21,SET268,SET268-KR-NP-XXL,XXL,1.0,931.0,931.0
2021-09-16,20210916,Sep-21,SET268,SET268-KR-NP-XXXL,XXXL,1.0,931.0,931.0
2021-09-16,20210916,Sep-21,SET264,SET264-KR-NP-XS,XS,1.0,969.0,969.0
2021-09-16,20210916,Sep-21,SET264,SET264-KR-NP-S,S,2.0,969.0,1938.0
2021-09-16,20210916,Sep-21,SET264,SET264-KR-NP-M,M,2.0,969.0,1938.0
2021-09-16,20210916,Sep-21,SET264,SET264-KR-NP-L,L,2.0,969.0,1938.0
2021-09-16,20210916,Sep-21,SET264,SET264-KR-NP-XL,XL,2.0,969.0,1938.0
2021-09-16,20210916,Sep-21,SET264,SET264-KR-NP-XXL,XXL,1.0,969.0,969.0
2021-09-16,20210916,Sep-21,SET264,SET264-KR-NP-XXXL,XXXL,1.0,969.0,969.0
2021-09-16,20210916,Sep-21,J0240,J0240-SKD-XS,XS,1.0,1758.0,1758.0
2021-09-16,20210916,Sep-21,J0240,J0240-SKD-S,S,1.0,1758.0,1758.0
2021-09-16,20210916,Sep-21,J0240,J0240-SKD-M,M,1.0,1758.0,1758.0
2021-09-16,20210916,Sep-21,J0240,J0240-SKD-L,L,1.0,1758.0,1758.0
2021-09-16,20210916,Sep-21,J0240,J0240-SKD-XL,XL,1.0,1758.0,1758.0
2021-09-16,20210916,Sep-21,J0240,J0240-SKD-XXL,XXL,1.0,1758.0,1758.0
2021-09-16,20210916,Sep-21,J0240,J0240-SKD-XXXL,XXXL,1.0,1758.0,1758.0
2021-09-16,20210916,Sep-21,J0079,J0079-SKD-S.,S,1.0,1556.0,1556.0
2021-09-16,20210916,Sep-21,J0079,J0079-SKD-M,M,2.0,1556.0,3112.0
2021-09-16,20210916,Sep-21,J0079,J0079-SKD-L,L,1.0,1556.0,1556.0
2021-09-16,20210916,Sep-21,J0079,J0079-SKD-XL,XL,1.0,1556.0,1556.0
2021-09-16,20210916,Sep-21,SET250,SET250-KR-SHA-XS,XS,1.0,920.0,920.0
2021-09-16,20210916,Sep-21,SET250,SET250-KR-SHA-S,S,1.0,920.0,920.0
2021-09-16,20210916,Sep-21,SET250,SET250-KR-SHA-M,M,1.0,920.0,920.0
2021-09-16,20210916,Sep-21,SET250,SET250-KR-SHA-L,L,1.0,920.0,920.0
2021-09-16,20210916,Sep-21,SET250,SET250-KR-SHA-XL,XL,1.0,920.0,920.0
2021-09-16,20210916,Sep-21,MEN5007,MEN5007-KR-M,M,1.0,499.0,499.0
2021-09-16,20210916,Sep-21,MEN5024,MEN5024-KR-M,M,1.0,561.0,561.0
2021-09-18,20210918,Sep-21,MEN5010,MEN5010-KR-XXL,XXL,2.0,561.0,1122.0
2021-09-18,20210918,Sep-21,MEN5010,MEN5010-KR-XXXL,XXXL,2.0,561.0,1122.0
2021-09-18,20210918,Sep-21,MEN5031,MEN5031-KR-XL,XL,2.0,599.0,1198.0
2021-09-18,20210918,Sep-21,MEN5031,MEN5031-KR-XXL,XXL,2.0,599.0,1198.0
2021-09-18,20210918,Sep-21,MEN5031,MEN5031-KR-XXXL,XXXL,2.0,599.0,1198.0
2021-09-18,20210918,Sep-21,MEN5025,MEN5025-KR-L,L,2.0,649.0,1298.0
2021-09-18,20210918,Sep-21,MEN5025,MEN5025-KR-XXL,XXL,2.0,649.0,1298.0
2021-09-18,20210918,Sep-21,MEN5025,MEN5025-KR-XXXL,XXXL,2.0,649.0,1298.0
2021-09-18,20210918,Sep-21,JNE3294,JNE3294-KR-M,M,1.0,469.0,469.0
2021-09-18,20210918,Sep-21,JNE3294,JNE3294-KR-L,L,1.0,469.0,469.0
2021-09-18,20210918,Sep-21,JNE3294,JNE3294-KR-XL,XL,1.0,469.0,469.0
2021-09-18,20210918,Sep-21,JNE3294,JNE3294-KR-XXL,XXL,1.0,469.0,469.0
2021-09-18,20210918,Sep-21,JNE3294,JNE3294-KR-XXXL,XXXL,1.0,469.0,469.0
2021-09-18,20210918,Sep-21,JNE3408,JNE3408-KR-M,M,1.0,494.0,494.0
2021-09-18,20210918,Sep-21,JNE3408,JNE3408-KR-L,L,1.0,494.0,494.0
2021-09-18,20210918,Sep-21,JNE3408,JNE3408-KR-XL,XL,1.0,494.0,494.0
2021-09-18,20210918,Sep-21,JNE3408,JNE3408-KR-XXL,XXL,1.0,494.0,494.0
2021-09-18,20210918,Sep-21,JNE3408,JNE3408-KR-XXXL,XXXL,1.0,494.0,494.0
2021-09-18,20210918,Sep-21,JNE3616,JNE3616-KR-M,M,1.0,538.0,538.0
2021-09-18,20210918,Sep-21,JNE3616,JNE3616-KR-L,L,1.0,538.0,538.0
2021-09-18,20210918,Sep-21,JNE3616,JNE3616-KR-XL,XL,1.0,538.0,538.0
2021-09-18,20210918,Sep-21,JNE3616,JNE3616-KR-XXL,XXL,1.0,538.0,538.0
2021-09-18,20210918,Sep-21,JNE3616,JNE3616-KR-XXXL,XXXL,1.0,538.0,538.0
2021-09-18,20210918,Sep-21,JNE3741,JNE3741-KR-M,M,1.0,494.0,494.0
2021-09-18,20210918,Sep-21,JNE3741,JNE3741-KR-L,L,1.0,494.0,494.0
2021-09-18,20210918,Sep-21,JNE3741,JNE3741-KR-XL,XL,1.0,494.0,494.0
2021-09-18,20210918,Sep-21,JNE3741,JNE3741-KR-XXL,XXL,1.0,494.0,494.0
2021-09-18,20210918,Sep-21,JNE3741,JNE3741-KR-XXXL,XXXL,1.0,494.0,494.0
2021-09-18,20210918,Sep-21,JNE3714,JNE3714-KR-M,M,1.0,538.0,538.0
2021-09-18,20210918,Sep-21,JNE3714,JNE3714-KR-L,L,1.0,538.0,538.0
2021-09-18,20210918,Sep-21,JNE3714,JNE3714-KR-XL,XL,1.0,538.0,538.0
2021-09-18,20210918,Sep-21,JNE3714,JNE3714-KR-XXL,XXL,1.0,538.0,538.0
2021-09-18,20210918,Sep-21,JNE3714,JNE3714-KR-XXXL,XXXL,1.0,538.0,538.0
2021-09-18,20210918,Sep-21,JNE2266,JNE2266-KR-490-M,M,1.0,528.0,528.0
2021-09-18,20210918,Sep-21,JNE2266,JNE2266-KR-490-L,L,1.0,528.0,528.0
2021-09-18,20210918,Sep-21,JNE2266,JNE2266-KR-490-XL,XL,1.0,528.0,528.0
2021-09-18,20210918,Sep-21,JNE2266,JNE2266-KR-490-XXL,XXL,1.0,528.0,528.0
2021-09-18,20210918,Sep-21,JNE3613,JNE3613-KR-M,M,1.0,538.0,538.0
2021-09-18,20210918,Sep-21,JNE3613,JNE3613-KR-L,L,1.0,538.0,538.0
2021-09-18,20210918,Sep-21,JNE3613,JNE3613-KR-XL,XL,1.0,538.0,538.0
2021-09-18,20210918,Sep-21,JNE3613,JNE3613-KR-XXL,XXL,1.0,538.0,538.0
2021-09-18,20210918,Sep-21,JNE3613,JNE3613-KR-XXXL,XXXL,1.0,538.0,538.0
2021-09-18,20210918,Sep-21,JNE2049,JNE2049-KR-351-M,M,1.0,556.0,556.0
2021-09-18,20210918,Sep-21,JNE2049,JNE2049-KR-351-L,L,1.0,556.0,556.0
2021-09-18,20210918,Sep-21,JNE2049,JNE2049-KR-351-XL,XL,1.0,556.0,556.0
2021-09-18,20210918,Sep-21,JNE2049,JNE2049-KR-351-XXL,XXL,1.0,556.0,556.0
2021-09-18,20210918,Sep-21,JNE2049,JNE2049-KR-351-XXXL,XXXL,1.0,556.0,556.0
2021-09-18,20210918,Sep-21,JNE3255,JNE3255-KR-M,M,1.0,556.0,556.0
2021-09-18,20210918,Sep-21,JNE3255,JNE3255-KR-L,L,1.0,556.0,556.0
2021-09-18,20210918,Sep-21,JNE3255,JNE3255-KR-XXL,XXL,1.0,556.0,556.0
2021-09-18,20210918,Sep-21,JNE3255,JNE3255-KR-XXXL,XXXL,1.0,556.0,556.0
2021-09-18,20210918,Sep-21,JNE3288,JNE3288-KR-M,M,1.0,681.0,681.0
2021-09-18,20210918,Sep-21,JNE3288,JNE3288-KR-L,L,1.0,681.0,681.0
2021-09-18,20210918,Sep-21,JNE3288,JNE3288-KR-XL,XL,1.0,681.0,681.0
2021-09-18,20210918,Sep-21,JNE3288,JNE3288-KR-XXL,XXL,1.0,681.0,681.0
2021-09-18,20210918,Sep-21,JNE3256,JNE3256-KR-M,M,1.0,556.0,556.0
2021-09-18,20210918,Sep-21,JNE3256,JNE3256-KR-L,L,1.0,556.0,556.0
2021-09-18,20210918,Sep-21,JNE3256,JNE3256-KR-XL,XL,1.0,556.0,556.0
2021-09-18,20210918,Sep-21,JNE3256,JNE3256-KR-XXL,XXL,1.0,556.0,556.0
2021-09-18,20210918,Sep-21,JNE3256,JNE3256-KR-XXXL,XXXL,1.0,556.0,556.0
2021-09-18,20210918,Sep-21,SET287,SET287-KR-NP-M,M,1.0,681.0,681.0
2021-09-18,20210918,Sep-21,SET287,SET287-KR-NP-L,L,1.0,681.0,681.0
2021-09-18,20210918,Sep-21,SET287,SET287-KR-NP-XL,XL,1.0,681.0,681.0
2021-09-18,20210918,Sep-21,SET287,SET287-KR-NP-XXL,XXL,1.0,681.0,681.0
2021-09-18,20210918,Sep-21,SET287,SET287-KR-NP-XXXL,XXXL,1.0,681.0,681.0
2021-09-18,20210918,Sep-21,SET252,SET252-KR-PP-L,L,1.0,825.0,825.0
2021-09-18,20210918,Sep-21,SET252,SET252-KR-PP-XL.,XL,1.0,825.0,825.0
2021-09-18,20210918,Sep-21,SET252,SET252-KR-PP-XXL,XXL,1.0,825.0,825.0
2021-09-18,20210918,Sep-21,SET252,SET252-KR-PP-XXXL,XXXL,1.0,825.0,825.0
2021-09-18,20210918,Sep-21,SET248,SET248-KR-NP-M,M,1.0,646.0,646.0
2021-09-18,20210918,Sep-21,SET248,SET248-KR-NP-L,L,1.0,646.0,646.0
2021-09-18,20210918,Sep-21,SET248,SET248-KR-NP-XL,XL,1.0,646.0,646.0
2021-09-18,20210918,Sep-21,SET248,SET248-KR-NP-XXL,XXL,1.0,646.0,646.0
2021-09-18,20210918,Sep-21,SET248,SET248-KR-NP-XXXL,XXXL,1.0,646.0,646.0
2021-09-18,20210918,Sep-21,SET131,SET131-KR-NP-M,M,1.0,681.0,681.0
2021-09-18,20210918,Sep-21,SET131,SET131-KR-NP-L,L,1.0,681.0,681.0
2021-09-18,20210918,Sep-21,SET131,SET131-KR-NP-XL,XL,1.0,681.0,681.0
2021-09-18,20210918,Sep-21,SET131,SET131-KR-NP-XXL,XXL,1.0,681.0,681.0
2021-09-18,20210918,Sep-21,SET131,SET131-KR-NP-XXXL,XXXL,1.0,681.0,681.0
2021-09-18,20210918,Sep-21,SET044,SET044-KR-NP-M,M,1.0,646.0,646.0
2021-09-18,20210918,Sep-21,SET044,SET044-KR-NP-L,L,1.0,646.0,646.0
2021-09-18,20210918,Sep-21,SET044,SET044-KR-NP-XXL,XXL,1.0,646.0,646.0
2021-09-18,20210918,Sep-21,SET044,SET044-KR-NP-XXXL,XXXL,1.0,646.0,646.0
2021-09-18,20210918,Sep-21,SET268,SET268-KR-NP-M,M,1.0,931.0,931.0
2021-09-18,20210918,Sep-21,SET268,SET268-KR-NP-L,L,1.0,931.0,931.0
2021-09-18,20210918,Sep-21,SET268,SET268-KR-NP-XL,XL,1.0,931.0,931.0
2021-09-18,20210918,Sep-21,SET268,SET268-KR-NP-XXL,XXL,1.0,931.0,931.0
2021-09-18,20210918,Sep-21,SET268,SET268-KR-NP-XXXL,XXXL,1.0,931.0,931.0
2021-09-18,20210918,Sep-21,SET250,SET250-KR-SHA-M,M,1.0,920.0,920.0
2021-09-18,20210918,Sep-21,SET250,SET250-KR-SHA-L,L,1.0,920.0,920.0
2021-09-18,20210918,Sep-21,SET250,SET250-KR-SHA-XL,XL,1.0,920.0,920.0
2021-09-18,20210918,Sep-21,SET250,SET250-KR-SHA-XXL,XXL,1.0,920.0,920.0
2021-09-18,20210918,Sep-21,SET250,SET250-KR-SHA-XXXL,XXXL,1.0,920.0,920.0
2021-09-18,20210918,Sep-21,SET184,SET184-KR-PP-M,M,1.0,619.0,619.0
2021-09-18,20210918,Sep-21,SET184,SET184-KR-PP-L,L,1.0,619.0,619.0
2021-09-18,20210918,Sep-21,SET184,SET184-KR-PP-XL,XL,1.0,619.0,619.0
2021-09-18,20210918,Sep-21,SET184,SET184-KR-PP-XXL,XXL,1.0,619.0,619.0
2021-09-18,20210918,Sep-21,SET184,SET184-KR-PP-XXXL,XXXL,1.0,619.0,619.0
2021-09-18,20210918,Sep-21,SET247,SET247-KR-SHA-M,M,1.0,920.0,920.0
2021-09-18,20210918,Sep-21,SET247,SET247-KR-SHA-L,L,1.0,920.0,920.0
2021-09-18,20210918,Sep-21,SET247,SET247-KR-SHA-XL,XL,1.0,920.0,920.0
2021-09-18,20210918,Sep-21,SET247,SET247-KR-SHA-XXL,XXL,1.0,920.0,920.0
2021-09-18,20210918,Sep-21,SET247,SET247-KR-SHA-XXXL,XXXL,1.0,920.0,920.0
2021-09-18,20210918,Sep-21,SET130,SET130-KR-NP-M,M,1.0,646.0,646.0
2021-09-18,20210918,Sep-21,SET130,SET130-KR-NP-L,L,1.0,646.0,646.0
2021-09-18,20210918,Sep-21,SET130,SET130-KR-NP-XL,XL,1.0,646.0,646.0
2021-09-18,20210918,Sep-21,SET130,SET130-KR-NP-XXL,XXL,1.0,646.0,646.0
2021-09-18,20210918,Sep-21,SET130,SET130-KR-NP-XXXL,XXXL,1.0,646.0,646.0
2021-09-18,20210918,Sep-21,SET172,SET172-KR-PP-M,M,1.0,1306.0,1306.0
2021-09-18,20210918,Sep-21,SET172,SET172-KR-PP-L,L,1.0,1306.0,1306.0
2021-09-18,20210918,Sep-21,SET172,SET172-KR-PP-XL,XL,1.0,1306.0,1306.0
2021-09-18,20210918,Sep-21,SET172,SET172-KR-PP-XXL,XXL,1.0,1306.0,1306.0
2021-09-18,20210918,Sep-21,SET172,SET172-KR-PP-XXXL,XXXL,1.0,1306.0,1306.0
2021-09-18,20210918,Sep-21,SET226,SET226-KR-PP-M,M,2.0,806.0,1612.0
2021-09-18,20210918,Sep-21,SET226,SET226-KR-PP-L,L,2.0,806.0,1612.0
2021-09-18,20210918,Sep-21,SET226,SET226-KR-PP-XL,XL,2.0,806.0,1612.0
2021-09-18,20210918,Sep-21,SET226,SET226-KR-PP-XXL,XXL,2.0,806.0,1612.0
2021-09-18,20210918,Sep-21,SET226,SET226-KR-PP-XXXL,XXXL,2.0,806.0,1612.0
2021-09-18,20210918,Sep-21,SET267,SET267-KR-NP-M,M,1.0,931.0,931.0
2021-09-18,20210918,Sep-21,SET267,SET267-KR-NP-XXL,XXL,1.0,931.0,931.0
2021-09-18,20210918,Sep-21,SET267,SET267-KR-NP-XXXL,XXXL,1.0,931.0,931.0
2021-09-18,20210918,Sep-21,SET266,SET266-KR-NP-M,M,1.0,931.0,931.0
2021-09-18,20210918,Sep-21,SET266,SET266-KR-NP-L,L,1.0,931.0,931.0
2021-09-18,20210918,Sep-21,SET266,SET266-KR-NP-XL,XL,1.0,931.0,931.0
2021-09-18,20210918,Sep-21,SET266,SET266-KR-NP-XXL,XXL,1.0,931.0,931.0
2021-09-18,20210918,Sep-21,SET266,SET266-KR-NP-XXXL,XXXL,1.0,931.0,931.0
2021-09-18,20210918,Sep-21,MEN5023,MEN5023-KR-L,L,1.0,649.0,649.0
2021-09-18,20210918,Sep-21,MEN5023,MEN5023-KR-XL,XL,1.0,649.0,649.0
2021-09-18,20210918,Sep-21,MEN5017,MEN5017-KR-L,L,1.0,661.0,661.0
2021-09-18,20210918,Sep-21,MEN5017,MEN5017-KR-XL,XL,1.0,661.0,661.0
2021-09-18,20210918,Sep-21,MEN5017,MEN5017-KR-XXL,XXL,1.0,661.0,661.0
2021-09-18,20210918,Sep-21,MEN5017,MEN5017-KR-XXXL,XXXL,1.0,661.0,661.0
2021-09-21,20210921,Sep-21,JNE3639,JNE3639-TP-L,L,6.0,431.0,2586.0
2021-09-21,20210921,Sep-21,JNE3639,JNE3639-TP-XL,XL,9.0,431.0,3879.0
2021-09-21,20210921,Sep-21,JNE3639,JNE3639-TP-XXL,XXL,3.0,431.0,1293.0
2021-09-21,20210921,Sep-21,JNE3640,JNE3640-TP-L,L,6.0,431.0,2586.0
2021-09-21,20210921,Sep-21,JNE3640,JNE3640-TP-XL,XL,9.0,431.0,3879.0
2021-09-21,20210921,Sep-21,JNE3640,JNE3640-TP-XXL,XXL,3.0,431.0,1293.0
2021-09-21,20210921,Sep-21,J0114,J0114-TP-L,L,2.0,376.0,752.0
2021-09-21,20210921,Sep-21,J0114,J0114-TP-XL,XL,2.0,376.0,752.0
2021-09-21,20210921,Sep-21,J0114,J0114-TP-XXL,XXL,1.0,376.0,376.0
2021-09-21,20210921,Sep-21,J0114,J0114-TP-XXXL,XXXL,2.0,376.0,752.0
2021-09-21,20210921,Sep-21,J0292,J0292-TP-L,L,2.0,469.0,938.0
2021-09-21,20210921,Sep-21,J0292,J0292-TP-XL,XL,2.0,469.0,938.0
2021-09-21,20210921,Sep-21,J0292,J0292-TP-XXL,XXL,1.0,469.0,469.0
2021-09-21,20210921,Sep-21,J0292,J0292-TP-XXXL,XXXL,1.0,469.0,469.0
2021-09-21,20210921,Sep-21,J0307,J0307-TP-L,L,2.0,390.0,780.0
2021-09-21,20210921,Sep-21,J0307,J0307-TP-XL,XL,2.0,390.0,780.0
2021-09-21,20210921,Sep-21,J0122,J0122-TP-XXL,XXL,1.0,429.0,429.0
2021-09-21,20210921,Sep-21,J0122,J0122-TP-XXXL,XXXL,2.0,429.0,858.0
2021-09-21,20210921,Sep-21,J0118,J0118-TP-L,L,3.0,390.0,1170.0
2021-09-21,20210921,Sep-21,J0118,J0118-TP-XL,XL,3.0,390.0,1170.0
2021-09-21,20210921,Sep-21,J0118,J0118-TP-XXL,XXL,2.0,390.0,780.0
2021-09-21,20210921,Sep-21,J0118,J0118-TP-XXXL,XXXL,2.0,390.0,780.0
2021-09-21,20210921,Sep-21,J0190,J0190-TP-L,L,2.0,469.0,938.0
2021-09-21,20210921,Sep-21,J0190,J0190-TP-XL,XL,2.0,469.0,938.0
2021-09-21,20210921,Sep-21,JNE3437,JNE3437-KR-XXL,XXL,1.0,619.0,619.0
2021-09-21,20210921,Sep-21,JNE3437,JNE3437-KR-XXXL,XXXL,2.0,619.0,1238.0
2021-09-21,20210921,Sep-21,BL050,BL050-83RED,Free,1.0,314.0,314.0
2021-09-21,20210921,Sep-21,BL011,BL011-62PINK,Free,1.0,285.0,285.0
2021-09-21,20210921,Sep-21,JNE3427,JNE3427-KR-S,S,1.0,306.0,306.0
2021-09-21,20210921,Sep-21,MEN5003,MEN5003-KR-XXL,XXL,1.0,524.0,524.0
2021-09-21,20210921,Sep-21,MEN5004,MEN5004-KR-S,S,1.0,586.0,586.0
2021-09-21,20210921,Sep-21,MEN5006,MEN5006-KR-L,L,1.0,536.0,536.0
2021-09-21,20210921,Sep-21,MEN5006,MEN5006-KR-XXXL,XXXL,1.0,536.0,536.0
2021-09-21,20210921,Sep-21,MEN5013,MEN5013-KR-M,M,1.0,561.0,561.0
2021-09-21,20210921,Sep-21,MEN5013,MEN5013-KR-XL,XL,1.0,561.0,561.0
2021-09-21,20210921,Sep-21,MEN5019,MEN5019-KR-XXL,XXL,1.0,561.0,561.0
2021-09-21,20210921,Sep-21,MEN5030,MEN5030-KR-XL,XL,1.0,561.0,561.0
2021-09-21,20210921,Sep-21,J0037,J0037-KR-XL,XL,1.0,765.0,765.0
2021-09-21,20210921,Sep-21,J0011,J0011-LCD-M,M,1.0,1366.0,1366.0
2021-09-21,20210921,Sep-21,J0010,J0010-LCD-L,L,1.0,1094.0,1094.0
2021-09-21,20210921,Sep-21,SET279,SET279-LC-M,M,1.0,969.0,969.0
2021-09-21,20210921,Sep-21,J0139,J0139-KR-XXXL,XXXL,1.0,585.0,585.0
2021-09-21,20210921,Sep-21,BL014,BL014,Free,1.0,285.0,285.0
2021-09-21,20210921,Sep-21,BL009,BL009-61BLACK,Free,1.0,254.0,254.0
2021-09-21,20210921,Sep-21,JNE3440,JNE3440-KR-S,S,1.0,388.0,388.0
2021-09-21,20210921,Sep-21,JNE3440,JNE3440-KR-M,M,1.0,388.0,388.0
2021-09-21,20210921,Sep-21,JNE3440,JNE3440-KR-L,L,1.0,388.0,388.0
2021-09-21,20210921,Sep-21,JNE3440,JNE3440-KR-XL,XL,1.0,388.0,388.0
2021-09-21,20210921,Sep-21,JNE3440,JNE3440-KR-XXL,XXL,1.0,388.0,388.0
2021-09-21,20210921,Sep-21,JNE3440,JNE3440-KR-XXXL,XXXL,1.0,388.0,388.0
2021-09-21,20210921,Sep-21,JNE3627,JNE3627-KR-S,S,1.0,450.0,450.0
2021-09-21,20210921,Sep-21,JNE3627,JNE3627-KR-M,M,1.0,450.0,450.0
2021-09-21,20210921,Sep-21,JNE3627,JNE3627-KR-L,L,1.0,450.0,450.0
2021-09-21,20210921,Sep-21,JNE3627,JNE3627-KR-XL,XL,1.0,450.0,450.0
2021-09-21,20210921,Sep-21,JNE3627,JNE3627-KR-XXL,XXL,1.0,450.0,450.0
2021-09-21,20210921,Sep-21,JNE3627,JNE3627-KR-XXXL,XXXL,1.0,450.0,450.0
2021-09-21,20210921,Sep-21,JNE3622,JNE3622-KR-S,S,1.0,428.0,428.0
2021-09-21,20210921,Sep-21,JNE3622,JNE3622-KR-M,M,1.0,428.0,428.0
2021-09-21,20210921,Sep-21,JNE3622,JNE3622-KR-L,L,1.0,428.0,428.0
2021-09-21,20210921,Sep-21,JNE3622,JNE3622-KR-XL,XL,1.0,428.0,428.0
2021-09-21,20210921,Sep-21,JNE3622,JNE3622-KR-XXL,XXL,1.0,428.0,428.0
2021-09-21,20210921,Sep-21,JNE3622,JNE3622-KR-XXXL,XXXL,1.0,428.0,428.0
2021-09-21,20210921,Sep-21,JNE3548,JNE3548-KR-S,S,1.0,450.0,450.0
2021-09-21,20210921,Sep-21,JNE3548,JNE3548-KR-M,M,1.0,450.0,450.0
2021-09-21,20210921,Sep-21,JNE3548,JNE3548-KR-L,L,1.0,450.0,450.0
2021-09-21,20210921,Sep-21,JNE3548,JNE3548-KR-XL,XL,1.0,450.0,450.0
2021-09-21,20210921,Sep-21,JNE3548,JNE3548-KR-XXL,XXL,1.0,450.0,450.0
2021-09-21,20210921,Sep-21,SET144,SET144-KR-NP-S,S,1.0,931.0,931.0
2021-09-21,20210921,Sep-21,SET144,SET144-KR-NP-M,M,1.0,931.0,931.0
2021-09-21,20210921,Sep-21,SET144,SET144-KR-NP-L,L,1.0,931.0,931.0
2021-09-21,20210921,Sep-21,SET144,SET144-KR-NP-XL,XL,1.0,931.0,931.0
2021-09-21,20210921,Sep-21,SET144,SET144-KR-NP-XXL,XXL,1.0,931.0,931.0
2021-09-21,20210921,Sep-21,SET144,SET144-KR-NP-XXXL,XXXL,1.0,931.0,931.0
2021-09-21,20210921,Sep-21,SET253,SET253-KR-NP-S,S,1.0,944.0,944.0
2021-09-21,20210921,Sep-21,SET253,SET253-KR-NP-M,M,1.0,944.0,944.0
2021-09-21,20210921,Sep-21,SET253,SET253-KR-NP-L,L,1.0,944.0,944.0
2021-09-21,20210921,Sep-21,SET253,SET253-KR-NP-XL,XL,1.0,944.0,944.0
2021-09-21,20210921,Sep-21,SET253,SET253-KR-NP-XXL,XXL,1.0,944.0,944.0
2021-09-21,20210921,Sep-21,SET253,SET253-KR-NP-XXXL,XXXL,1.0,944.0,944.0
2021-09-21,20210921,Sep-21,SET281,SET281-KR-PP-S,S,1.0,850.0,850.0
2021-09-21,20210921,Sep-21,SET281,SET281-KR-PP-M,M,1.0,850.0,850.0
2021-09-21,20210921,Sep-21,SET281,SET281-KR-PP-L,L,1.0,850.0,850.0
2021-09-21,20210921,Sep-21,SET281,SET281-KR-PP-XL,XL,1.0,850.0,850.0
2021-09-21,20210921,Sep-21,SET281,SET281-KR-PP-XXL,XXL,1.0,850.0,850.0
2021-09-21,20210921,Sep-21,JNE2170,JNE2170-KR-436-S,S,1.0,656.0,656.0
2021-09-21,20210921,Sep-21,JNE2170,JNE2170-KR-436-M,M,1.0,656.0,656.0
2021-09-21,20210921,Sep-21,JNE2170,JNE2170-KR-436-L,L,1.0,656.0,656.0
2021-09-21,20210921,Sep-21,JNE2170,JNE2170-KR-436-XL,XL,1.0,656.0,656.0
2021-09-21,20210921,Sep-21,JNE2170,JNE2170-KR-436-XXL,XXL,1.0,656.0,656.0
2021-09-22,20210922,Sep-21,SET262,SET262-KR-NP-XXL,XXL,1.0,894.0,894.0
2021-09-22,20210922,Sep-21,SET262,SET262-KR-NP-XL,XL,1.0,894.0,894.0
2021-09-22,20210922,Sep-21,JNE3616,JNE3616-KR-L,L,1.0,538.0,538.0
2021-09-22,20210922,Sep-21,JNE3616,JNE3616-KR-XL,XL,1.0,538.0,538.0
2021-09-22,20210922,Sep-21,JNE3637,JNE3637-KR-XXL,XXL,1.0,681.0,681.0
2021-09-22,20210922,Sep-21,JNE3421,JNE3421-KR-L,L,1.0,368.0,368.0
2021-09-22,20210922,Sep-21,JNE3421,JNE3421-KR-XL,XL,2.0,368.0,736.0
2021-09-22,20210922,Sep-21,JNE3421,JNE3421-KR-XXL,XXL,2.0,368.0,736.0
2021-09-22,20210922,Sep-21,JNE3576,JNE3576-KR-XL,XL,1.0,388.0,388.0
2021-09-22,20210922,Sep-21,JNE3576,JNE3576-KR-L,L,1.0,388.0,388.0
2021-09-22,20210922,Sep-21,JNE2100,JNE2100-KR-144-L,L,1.0,469.0,469.0
2021-09-22,20210922,Sep-21,JNE2100,JNE2100-KR-144-XL,XL,1.0,469.0,469.0
2021-09-22,20210922,Sep-21,JNE2100,JNE2100-KR-144-XXL,XXL,1.0,469.0,469.0
2021-09-22,20210922,Sep-21,JNE3581,JNE3581-KR-L,L,1.0,619.0,619.0
2021-09-22,20210922,Sep-21,JNE3581,JNE3581-KR-XXL,XXL,1.0,619.0,619.0
2021-09-22,20210922,Sep-21,SET287,SET287-KR-NP-XXL,XXL,1.0,681.0,681.0
2021-09-22,20210922,Sep-21,MEN5032,MEN5032-KR-XL,XL,1.0,661.0,661.0
2021-09-22,20210922,Sep-21,MEN5027,MEN5027-KR-XL,XL,1.0,499.0,499.0
2021-09-22,20210922,Sep-21,JNE3661,JNE3661-TP-S,S,1.0,388.0,388.0
2021-09-22,20210922,Sep-21,JNE3686,JNE3686-TU-XXXL,XXXL,1.0,450.0,450.0
2021-09-22,20210922,Sep-21,MEN5016,MEN5016-KR-S,S,1.0,536.0,536.0
2021-09-22,20210922,Sep-21,MEN5016,MEN5016-KR-M,M,1.0,536.0,536.0
2021-09-22,20210922,Sep-21,SET210,SET210-KR-PP-L,L,1.0,765.0,765.0
2021-09-22,20210922,Sep-21,JNE3660,JNE3660-TP-M,M,1.0,368.0,368.0
2021-09-22,20210922,Sep-21,JNE3645,JNE3645-TP-M,M,1.0,350.0,350.0
2021-09-22,20210922,Sep-21,JNE3661,JNE3661-TP-M,M,1.0,388.0,388.0
2021-09-22,20210922,Sep-21,SET281,SET281-KR-PP-XL,XL,1.0,850.0,850.0
2021-09-22,20210922,Sep-21,JNE3678,JNE3678-TU-M,M,1.0,431.0,431.0
2021-09-22,20210922,Sep-21,JNE3651,JNE3651-TP-M,M,1.0,431.0,431.0
2021-09-22,20210922,Sep-21,MEN5004,MEN5004-KR-XXL,XXL,1.0,586.0,586.0
2021-09-22,20210922,Sep-21,MEN5007,MEN5007-KR-XXL,XXL,1.0,499.0,499.0
2021-09-22,20210922,Sep-21,SET289,SET289-KR-NP-XXL,XXL,1.0,681.0,681.0
2021-09-22,20210922,Sep-21,MEN5009,MEN5009-KR-L,L,1.0,549.0,549.0
2021-09-22,20210922,Sep-21,SET271,SET271-KR-NP-XXL,XXL,1.0,1244.0,1244.0
2021-09-22,20210922,Sep-21,J0187,J0187-KR-L,L,1.0,868.0,868.0
2021-09-22,20210922,Sep-21,J0186,J0186-SET-XXL,XXL,1.0,1284.0,1284.0
2021-09-22,20210922,Sep-21,MEN5029,MEN5029-KR-M,M,1.0,499.0,499.0
2021-09-22,20210922,Sep-21,MEN5029,MEN5029-KR-L,L,1.0,499.0,499.0
2021-09-22,20210922,Sep-21,MEN5025,MEN5025-KR-L,L,2.0,649.0,1298.0
2021-09-22,20210922,Sep-21,MEN5026,MEN5026-KR-M,M,1.0,561.0,561.0
2021-09-22,20210922,Sep-21,MEN5022,MEN5022-KR-XL,XL,1.0,599.0,599.0
2021-09-22,20210922,Sep-21,MEN5027,MEN5027-KR-XL,XL,1.0,499.0,499.0
2021-09-22,20210922,Sep-21,J0243,J0243-DR-XXL,XXL,1.0,1094.0,1094.0
2021-09-22,20210922,Sep-21,SET238,SET238-KR-PP-XL,XL,1.0,706.0,706.0
2021-09-22,20210922,Sep-21,SET243,SET243-KR-PP-XS,XS,1.0,730.0,730.0
2021-09-22,20210922,Sep-21,JNE3606,JNE3606-KR-S,S,1.0,450.0,450.0
2021-09-22,20210922,Sep-21,J0136,J0136-KR-M,M,1.0,508.0,508.0
2021-09-22,20210922,Sep-21,SET274,SET274-KR-PP-XL,XL,1.0,1075.0,1075.0
2021-09-22,20210922,Sep-21,SET226,SET226-KR-PP-XL,XL,1.0,806.0,806.0
2021-09-22,20210922,Sep-21,MEN5013,MEN5013-KR-M,M,1.0,561.0,561.0
2021-09-22,20210922,Sep-21,MEN5013,MEN5013-KR-XL,XL,1.0,561.0,561.0
2021-09-22,20210922,Sep-21,MEN5013,MEN5013-KR-XXXL,XXXL,1.0,561.0,561.0
2021-09-22,20210922,Sep-21,J0004,J0004-SKD-M,M,1.0,1366.0,1366.0
2021-09-22,20210922,Sep-21,J0009,J0009-SKD-L,L,1.0,1133.0,1133.0
2021-09-22,20210922,Sep-21,JNE3759,JNE3759-KR-L,L,1.0,513.0,513.0
2021-09-22,20210922,Sep-21,SET268,SET268-KR-NP-M,M,1.0,931.0,931.0
2021-09-22,20210922,Sep-21,J0008,J0008-SKD-S,S,1.0,1289.0,1289.0
2021-09-22,20210922,Sep-21,J0008,J0008-SKD-M,M,3.0,1289.0,3867.0
2021-09-22,20210922,Sep-21,J0230,J0230-SKD-S,S,2.0,1445.0,2890.0
2021-09-22,20210922,Sep-21,J0230,J0230-SKD-M,M,3.0,1445.0,4335.0
2021-09-22,20210922,Sep-21,J0285,J0285-SKD-S,S,1.0,1719.0,1719.0
2021-09-22,20210922,Sep-21,J0285,J0285-SKD-M,M,1.0,1719.0,1719.0
2021-09-22,20210922,Sep-21,J0285,J0285-SKD-L,L,1.0,1719.0,1719.0
2021-09-22,20210922,Sep-21,J0230,J0230-SKD-XS,XS,1.0,1445.0,1445.0
2021-09-22,20210922,Sep-21,J0230,J0230-SKD-M,M,1.0,1445.0,1445.0
2021-09-22,20210922,Sep-21,J0041,J0041-SET-M,M,1.0,884.0,884.0
2021-09-22,20210922,Sep-21,J0041,J0041-SET-L,L,1.0,884.0,884.0
2021-09-22,20210922,Sep-21,J0283,J0283-SET-L,L,1.0,1171.0,1171.0
2021-09-22,20210922,Sep-21,JNE3679,JNE3679-TU-M,M,1.0,450.0,450.0
2021-09-22,20210922,Sep-21,JNE3556,JNE3556-KR-M,M,1.0,450.0,450.0
2021-09-22,20210922,Sep-21,SET275,SET275-KR-NP-L,L,1.0,1056.0,1056.0
2021-09-22,20210922,Sep-21,J0013,J0013-SKD-XL,XL,1.0,1210.0,1210.0
2021-09-22,20210922,Sep-21,SET270,SET270-KR-PP-S,S,1.0,894.0,894.0
2021-09-22,20210922,Sep-21,J0241,J0241-SKD-S,S,1.0,1406.0,1406.0
2021-09-22,20210922,Sep-21,J0143,J0143-SET-S,S,1.0,1065.0,1065.0
2021-09-22,20210922,Sep-21,J0009,J0009-SKD-XS,XS,1.0,1133.0,1133.0
2021-09-22,20210922,Sep-21,J0197,J0197-TP-XXXL,XXXL,1.0,585.0,585.0
2021-09-22,20210922,Sep-21,SET268,SET268-KR-NP-L,L,1.0,931.0,931.0
2021-09-22,20210922,Sep-21,JNE3762,JNE3762-KR-L,L,1.0,556.0,556.0
2021-09-22,20210922,Sep-21,JNE3524,JNE3524-KR-XS,XS,1.0,513.0,513.0
2021-09-22,20210922,Sep-21,JNE3758,JNE3758-KR-S,S,1.0,494.0,494.0
2021-09-22,20210922,Sep-21,MEN5016,MEN5016-KR-S,S,1.0,536.0,536.0
2021-09-22,20210922,Sep-21,MEN5016,MEN5016-KR-XXL,XXL,1.0,536.0,536.0
2021-09-22,20210922,Sep-21,JNE3613,JNE3613-KR-XS,XS,1.0,538.0,538.0
2021-09-22,20210922,Sep-21,SET098,SET098-KR-PP-XS,XS,1.0,825.0,825.0
2021-09-22,20210922,Sep-21,JNE3614,JNE3614-KR-XS,XS,1.0,538.0,538.0
2021-09-22,20210922,Sep-21,JNE3616,JNE3616-KR-XXXL,XXXL,1.0,538.0,538.0
2021-09-22,20210922,Sep-21,J0214,J0214-TP-XXL,XXL,1.0,703.0,703.0
2021-09-22,20210922,Sep-21,J0120,J0120-TP-XXXL,XXXL,1.0,390.0,390.0
2021-09-22,20210922,Sep-21,J0196,J0196-TP-XXXL,XXXL,1.0,585.0,585.0
2021-09-22,20210922,Sep-21,MEN5007,MEN5007-KR-XXL,XXL,1.0,499.0,499.0
2021-09-22,20210922,Sep-21,J0230,J0230-SKD-XXL,XXL,1.0,1445.0,1445.0
2021-09-22,20210922,Sep-21,JNE3524,JNE3524-KR-XXL,XXL,1.0,513.0,513.0
2021-09-22,20210922,Sep-21,J0143,J0143-SET-XXL,XXL,1.0,1065.0,1065.0
2021-09-22,20210922,Sep-21,J0139,J0139-KR-S,S,1.0,585.0,585.0
2021-09-22,20210922,Sep-21,SET289,SET289-KR-NP-XXXL,XXXL,1.0,681.0,681.0
2021-09-22,20210922,Sep-21,JNE3573,JNE3573-KR-M,M,1.0,531.0,531.0
2021-09-22,20210922,Sep-21,J0180,J0180-DR-S,S,1.0,507.0,507.0
2021-09-22,20210922,Sep-21,J0242,J0242-SKD-XXL,XXL,1.0,1366.0,1366.0
2021-09-22,20210922,Sep-21,SET270,SET270-KR-PP-XL,XL,1.0,894.0,894.0
2021-09-22,20210922,Sep-21,J0171,J0171-DR-XS,XS,1.0,623.0,623.0
2021-09-22,20210922,Sep-21,JNE3724,JNE3724-KR-XXL,XXL,1.0,744.0,744.0
2021-09-22,20210922,Sep-21,JNE3738,JNE3738-KR-XXL,XXL,1.0,538.0,538.0
2021-09-22,20210922,Sep-21,JNE3740,JNE3740-KR-XXXL,XXXL,1.0,538.0,538.0
2021-09-22,20210922,Sep-21,JNE3635,JNE3635-KR-XXXL,XXXL,1.0,556.0,556.0
2021-09-22,20210922,Sep-21,J0180,J0180-DR-XL,XL,1.0,507.0,507.0
2021-09-22,20210922,Sep-21,MEN5016,MEN5016-KR-L,L,1.0,536.0,536.0
2021-09-22,20210922,Sep-21,MEN5024,MEN5024-KR-XL,XL,1.0,561.0,561.0
2021-09-22,20210922,Sep-21,SET258,SET258-KR-PP-M,M,1.0,1344.0,1344.0
2021-09-22,20210922,Sep-21,SET268,SET268-KR-NP-XS,XS,1.0,931.0,931.0
2021-09-22,20210922,Sep-21,JNE3634,JNE3634-KR-M,M,1.0,650.0,650.0
2021-09-22,20210922,Sep-21,JNE3634,JNE3634-KR-XS,XS,1.0,650.0,650.0
2021-09-22,20210922,Sep-21,SET238,SET238-KR-PP-XS,XS,1.0,706.0,706.0
2021-09-22,20210922,Sep-21,MEN5019,MEN5019-KR-L,L,1.0,561.0,561.0
2021-09-22,20210922,Sep-21,J0183,J0183-TP-XS,XS,1.0,585.0,585.0
2021-09-22,20210922,Sep-21,SET268,SET268-KR-NP-S,S,1.0,931.0,931.0
2021-09-22,20210922,Sep-21,J0138,J0138-KR-S,S,1.0,735.0,735.0
2021-09-22,20210922,Sep-21,J0042,J0042-DR-XXXL,XXXL,1.0,823.0,823.0
2021-09-22,20210922,Sep-21,JNE3634,JNE3634-KR-XL,XL,1.0,650.0,650.0
2021-09-22,20210922,Sep-21,MEN5029,MEN5029-KR-XL,XL,1.0,499.0,499.0
2021-09-22,20210922,Sep-21,MEN5016,MEN5016-KR-XL,XL,1.0,536.0,536.0
2021-09-22,20210922,Sep-21,J0285,J0285-SKD-XXXL,XXXL,1.0,1719.0,1719.0
2021-09-22,20210922,Sep-21,MEN5020,MEN5020-KR-XL,XL,1.0,536.0,536.0
2021-09-22,20210922,Sep-21,SET277,SET277-KR-NP-XXXL,XXXL,1.0,1469.0,1469.0
2021-09-22,20210922,Sep-21,J0012,J0012-SKD-XXXL,XXXL,1.0,1406.0,1406.0
2021-09-22,20210922,Sep-21,J0013,J0013-SKD-XXXL,XXXL,1.0,1210.0,1210.0
2021-09-22,20210922,Sep-21,MEN5008,MEN5008-KR-XXXL,XXXL,1.0,524.0,524.0
2021-09-22,20210922,Sep-21,MEN5015,MEN5015-KR-XXL,XXL,1.0,524.0,524.0
2021-09-22,20210922,Sep-21,JNE3703,JNE3703-KR-XXXL,XXXL,1.0,494.0,494.0
2021-09-22,20210922,Sep-21,J0306,J0306-DR-XXXL,XXXL,1.0,664.0,664.0
2021-09-22,20210922,Sep-21,J0284,J0284-SKD-XXXL,XXXL,1.0,1758.0,1758.0
2021-09-22,20210922,Sep-21,JNE3703,JNE3703-KR-XS,XS,1.0,494.0,494.0
2021-09-22,20210922,Sep-21,JNE3703,JNE3703-KR-S,S,1.0,494.0,494.0
2021-09-22,20210922,Sep-21,JNE3703,JNE3703-KR-M,M,1.0,494.0,494.0
2021-09-22,20210922,Sep-21,JNE3703,JNE3703-KR-L,L,1.0,494.0,494.0
2021-09-22,20210922,Sep-21,JNE3703,JNE3703-KR-XL,XL,1.0,494.0,494.0
2021-09-22,20210922,Sep-21,JNE3703,JNE3703-KR-XXL,XXL,1.0,494.0,494.0
2021-09-22,20210922,Sep-21,SET229,SET229-KR-PP-XXL,XXL,1.0,994.0,994.0
2021-09-22,20210922,Sep-21,SET229,SET229-KR-PP-XXXL,XXXL,1.0,994.0,994.0
2021-09-22,20210922,Sep-21,SET225,SET225-KR-NP-XL,XL,1.0,850.0,850.0
2021-09-22,20210922,Sep-21,SET225,SET225-KR-NP-XXL,XXL,1.0,850.0,850.0
2021-09-22,20210922,Sep-21,SET144,SET144-KR-NP-L,L,1.0,931.0,931.0
2021-09-22,20210922,Sep-21,SET144,SET144-KR-NP-XL,XL,1.0,931.0,931.0
2021-09-22,20210922,Sep-21,SET144,SET144-KR-NP-XXL,XXL,1.0,931.0,931.0
2021-09-22,20210922,Sep-21,BTM039,BTM039-PP-S,S,1.0,428.0,428.0
2021-09-24,20210924,Sep-21,MEN5025,MEN5025-KR-M,M,1.0,649.0,649.0
2021-09-24,20210924,Sep-21,MEN5025,MEN5025-KR-L,L,1.0,649.0,649.0
2021-09-24,20210924,Sep-21,MEN5025,MEN5025-KR-XL,XL,1.0,649.0,649.0
2021-09-24,20210924,Sep-21,MEN5025,MEN5025-KR-XXL,XXL,1.0,649.0,649.0
2021-09-24,20210924,Sep-21,MEN5023,MEN5023-KR-S,S,1.0,649.0,649.0
2021-09-24,20210924,Sep-21,MEN5006,MEN5006-KR-S,S,1.0,536.0,536.0
2021-09-24,20210924,Sep-21,MEN5016,MEN5016-KR-S,S,1.0,536.0,536.0
2021-09-24,20210924,Sep-21,MEN5016,MEN5016-KR-L,L,2.0,536.0,1072.0
2021-09-24,20210924,Sep-21,MEN5016,MEN5016-KR-XL,XL,1.0,536.0,536.0
2021-09-24,20210924,Sep-21,MEN5016,MEN5016-KR-XXL,XXL,1.0,536.0,536.0
2021-09-24,20210924,Sep-21,MEN5029,MEN5029-KR-S,S,1.0,499.0,499.0
2021-09-24,20210924,Sep-21,MEN5029,MEN5029-KR-M,M,1.0,499.0,499.0
2021-09-24,20210924,Sep-21,J0230,J0230-SKD-M,M,1.0,1445.0,1445.0
2021-09-24,20210924,Sep-21,MEN5013,MEN5013-KR-XL,XL,1.0,561.0,561.0
2021-09-27,20210927,Sep-21,MEN5031,MEN5031-KR-M,M,1.0,599.0,599.0
2021-09-27,20210927,Sep-21,MEN5031,MEN5031-KR-XL,XL,1.0,599.0,599.0
2021-09-27,20210927,Sep-21,MEN5031,MEN5031-KR-XXXL,XXXL,1.0,599.0,599.0
2021-09-27,20210927,Sep-21,MEN5021,MEN5021-KR-XL,XL,1.0,574.0,574.0
2021-09-27,20210927,Sep-21,MEN5022,MEN5022-KR-M,M,1.0,599.0,599.0
2021-09-27,20210927,Sep-21,MEN5022,MEN5022-KR-XL,XL,1.0,599.0,599.0
2021-09-27,20210927,Sep-21,MEN5022,MEN5022-KR-XXXL,XXXL,1.0,599.0,599.0
2021-09-27,20210927,Sep-21,MEN5010,MEN5010-KR-M,M,1.0,561.0,561.0
2021-09-27,20210927,Sep-21,MEN5010,MEN5010-KR-XL,XL,1.0,561.0,561.0
2021-09-27,20210927,Sep-21,MEN5010,MEN5010-KR-XXXL,XXXL,1.0,561.0,561.0
2021-09-27,20210927,Sep-21,MEN5011,MEN5011-KR-M,M,1.0,524.0,524.0
2021-09-27,20210927,Sep-21,MEN5011,MEN5011-KR-XL,XL,1.0,524.0,524.0
2021-09-27,20210927,Sep-21,MEN5011,MEN5011-KR-XXXL,XXXL,1.0,524.0,524.0
2021-09-27,20210927,Sep-21,MEN5009,MEN5009-KR-M,M,1.0,549.0,549.0
2021-09-27,20210927,Sep-21,MEN5009,MEN5009-KR-XL,XL,1.0,549.0,549.0
2021-09-27,20210927,Sep-21,MEN5009,MEN5009-KR-XXXL,XXXL,1.0,549.0,549.0
2021-09-27,20210927,Sep-21,MEN5028,MEN5028-KR-L,L,1.0,561.0,561.0
2021-09-27,20210927,Sep-21,MEN5028,MEN5028-KR-XL,XL,1.0,561.0,561.0
2021-09-27,20210927,Sep-21,MEN5028,MEN5028-KR-XXXL,XXXL,1.0,561.0,561.0
2021-09-27,20210927,Sep-21,MEN5002,MEN5002-KR-M,M,1.0,586.0,586.0
2021-09-27,20210927,Sep-21,MEN5002,MEN5002-KR-XL.,XL,1.0,586.0,586.0
2021-09-27,20210927,Sep-21,MEN5002,MEN5002-KR-XXXL,XXXL,1.0,586.0,586.0
2021-09-27,20210927,Sep-21,MEN5017,MEN5017-KR-M,M,1.0,661.0,661.0
2021-09-27,20210927,Sep-21,MEN5017,MEN5017-KR-XL,XL,1.0,661.0,661.0
2021-09-27,20210927,Sep-21,MEN5017,MEN5017-KR-XXXL,XXXL,1.0,661.0,661.0
2021-09-29,20210929,Sep-21,J0164,J0164-DR-M,M,1.0,556.0,556.0
2021-09-29,20210929,Sep-21,SET128,SET128-KR-DH-M,M,1.0,1181.0,1181.0
2021-09-29,20210929,Sep-21,SET183,SET183-KR-DH-S,S,1.0,869.0,869.0
2021-09-29,20210929,Sep-21,SET186,SET186-KR-DH-S,S,1.0,931.0,931.0
2021-09-29,20210929,Sep-21,SET196,SET196-KR-NP-XXXL,XXXL,1.0,844.0,844.0
2021-09-29,20210929,Sep-21,SET205,SET205-KR-DPT-XXL,XXL,1.0,894.0,894.0
2021-09-29,20210929,Sep-21,SET205,SET205-KR-DPT-XXXL,XXXL,1.0,894.0,894.0
2021-09-29,20210929,Sep-21,SET236,SET236-KR-PP-XXXL,XXXL,1.0,850.0,850.0
2021-09-29,20210929,Sep-21,SET243,SET243-KR-PP-XXXL,XXXL,1.0,730.0,730.0
2021-09-29,20210929,Sep-21,SET273,SET273-KR-NP-XL,XL,1.0,681.0,681.0
2021-10-01,20211001,Oct-21,BTM002,BTM002-M,M,1.0,315.0,315.0
2021-10-01,20211001,Oct-21,J0147,J0147-SET-M,M,3.0,903.0,2709.0
2021-10-01,20211001,Oct-21,SET251,SET251-KR-PP-XS,XS,1.0,825.0,825.0
2021-10-01,20211001,Oct-21,BTM002,BTM002-S,S,1.0,315.0,315.0
2021-10-01,20211001,Oct-21,JNE3546,JNE3546-KR-XXXL,XXXL,1.0,431.0,431.0
2021-10-01,20211001,Oct-21,SET251,SET251-KR-PP-XXL,XXL,1.0,825.0,825.0
2021-10-01,20211001,Oct-21,SET252,SET252-KR-PP-XXXL,XXXL,1.0,825.0,825.0
2021-10-01,20211001,Oct-21,JNE3560,JNE3560-KR-M,M,1.0,450.0,450.0
2021-10-01,20211001,Oct-21,BTM039,BTM039-PP-S,S,1.0,428.0,428.0
2021-10-01,20211001,Oct-21,BTM039,BTM039-PP-M,M,1.0,428.0,428.0
2021-10-01,20211001,Oct-21,MEN5029,MEN5029-KR-S,S,2.0,499.0,998.0
2021-10-01,20211001,Oct-21,MEN5029,MEN5029-KR-L,L,3.0,499.0,1497.0
2021-10-01,20211001,Oct-21,MEN5029,MEN5029-KR-XL,XL,1.0,499.0,499.0
2021-10-01,20211001,Oct-21,MEN5029,MEN5029-KR-XXL,XXL,1.0,499.0,499.0
2021-10-01,20211001,Oct-21,MEN5003,MEN5003-KR-S,S,2.0,524.0,1048.0
2021-10-01,20211001,Oct-21,MEN5003,MEN5003-KR-M,M,3.0,524.0,1572.0
2021-10-01,20211001,Oct-21,MEN5003,MEN5003-KR-XXL,XXL,1.0,524.0,524.0
2021-10-01,20211001,Oct-21,MEN5013,MEN5013-KR-S,S,2.0,561.0,1122.0
2021-10-01,20211001,Oct-21,MEN5013,MEN5013-KR-XL,XL,3.0,561.0,1683.0
2021-10-01,20211001,Oct-21,MEN5013,MEN5013-KR-XXL,XXL,1.0,561.0,561.0
2021-10-01,20211001,Oct-21,MEN5027,MEN5027-KR-S,S,2.0,499.0,998.0
2021-10-01,20211001,Oct-21,MEN5027,MEN5027-KR-M,M,2.0,499.0,998.0
2021-10-01,20211001,Oct-21,MEN5027,MEN5027-KR-L,L,1.0,499.0,499.0
2021-10-01,20211001,Oct-21,MEN5027,MEN5027-KR-XL,XL,1.0,499.0,499.0
2021-10-01,20211001,Oct-21,MEN5027,MEN5027-KR-XXL,XXL,1.0,499.0,499.0
2021-10-01,20211001,Oct-21,J0246,J0246-SKD-S,S,2.0,1328.0,2656.0
2021-10-01,20211001,Oct-21,J0246,J0246-SKD-M,M,2.0,1328.0,2656.0
2021-10-01,20211001,Oct-21,J0246,J0246-SKD-L,L,1.0,1328.0,1328.0
2021-10-01,20211001,Oct-21,J0246,J0246-SKD-XL,XL,1.0,1328.0,1328.0
2021-10-01,20211001,Oct-21,J0246,J0246-SKD-XXL,XXL,1.0,1328.0,1328.0
2021-10-01,20211001,Oct-21,J0246,J0246-SKD-XXXL,XXXL,1.0,1328.0,1328.0
2021-10-01,20211001,Oct-21,J0012,J0012-SKD-S,S,2.0,1406.0,2812.0
2021-10-01,20211001,Oct-21,J0012,J0012-SKD-M,M,2.0,1406.0,2812.0
2021-10-01,20211001,Oct-21,J0012,J0012-SKD-L,L,1.0,1406.0,1406.0
2021-10-01,20211001,Oct-21,J0012,J0012-SKD-XL,XL,1.0,1406.0,1406.0
2021-10-01,20211001,Oct-21,J0012,J0012-SKD-XXL,XXL,1.0,1406.0,1406.0
2021-10-01,20211001,Oct-21,J0012,J0012-SKD-XXXL,XXXL,1.0,1406.0,1406.0
2021-10-01,20211001,Oct-21,J0009,J0009-SKD-XXL,XXL,3.0,1133.0,3399.0
2021-10-01,20211001,Oct-21,J0009,J0009-SKD-XXXL,XXXL,1.0,1133.0,1133.0
2021-10-01,20211001,Oct-21,MEN5014,MEN5014-KR-S,S,2.0,561.0,1122.0
2021-10-01,20211001,Oct-21,MEN5014,MEN5014-KR-M,M,2.0,561.0,1122.0
2021-10-01,20211001,Oct-21,MEN5014,MEN5014-KR-L,L,1.0,561.0,561.0
2021-10-01,20211001,Oct-21,MEN5014,MEN5014-KR-XL,XL,1.0,561.0,561.0
2021-10-01,20211001,Oct-21,MEN5014,MEN5014-KR-XXL,XXL,1.0,561.0,561.0
2021-10-01,20211001,Oct-21,JNE2100,JNE2100-KR-144-S,S,2.0,469.0,938.0
2021-10-01,20211001,Oct-21,JNE2100,JNE2100-KR-144-M,M,2.0,469.0,938.0
2021-10-01,20211001,Oct-21,JNE2100,JNE2100-KR-144-L,L,1.0,469.0,469.0
2021-10-01,20211001,Oct-21,JNE2100,JNE2100-KR-144-XL,XL,1.0,469.0,469.0
2021-10-01,20211001,Oct-21,JNE2100,JNE2100-KR-144-XXL,XXL,1.0,469.0,469.0
2021-10-01,20211001,Oct-21,JNE2100,JNE2100-KR-144-XXXL,XXXL,1.0,469.0,469.0
2021-10-01,20211001,Oct-21,SET268,SET268-KR-NP-S,S,2.0,931.0,1862.0
2021-10-01,20211001,Oct-21,SET268,SET268-KR-NP-M,M,2.0,931.0,1862.0
2021-10-01,20211001,Oct-21,SET268,SET268-KR-NP-L,L,1.0,931.0,931.0
2021-10-01,20211001,Oct-21,SET268,SET268-KR-NP-XL,XL,1.0,931.0,931.0
2021-10-01,20211001,Oct-21,SET268,SET268-KR-NP-XXL,XXL,1.0,931.0,931.0
2021-10-01,20211001,Oct-21,SET268,SET268-KR-NP-XXXL,XXXL,1.0,931.0,931.0
2021-10-01,20211001,Oct-21,SET267,SET267-KR-NP-XXL,XXL,3.0,931.0,2793.0
2021-10-01,20211001,Oct-21,JNE3741,JNE3741-KR-S,S,2.0,494.0,988.0
2021-10-01,20211001,Oct-21,JNE3741,JNE3741-KR-M,M,2.0,494.0,988.0
2021-10-01,20211001,Oct-21,JNE3741,JNE3741-KR-L,L,1.0,494.0,494.0
2021-10-01,20211001,Oct-21,JNE3741,JNE3741-KR-XL,XL,1.0,494.0,494.0
2021-10-01,20211001,Oct-21,JNE3741,JNE3741-KR-XXL,XXL,1.0,494.0,494.0
2021-10-01,20211001,Oct-21,JNE3741,JNE3741-KR-XXXL,XXXL,1.0,494.0,494.0
2021-10-01,20211001,Oct-21,SET266,SET266-KR-NP-L,L,1.0,931.0,931.0
2021-10-01,20211001,Oct-21,SET266,SET266-KR-NP-XL,XL,1.0,931.0,931.0
2021-10-01,20211001,Oct-21,SET266,SET266-KR-NP-XXL,XXL,1.0,931.0,931.0
2021-10-01,20211001,Oct-21,SET266,SET266-KR-NP-XXXL,XXXL,1.0,931.0,931.0
2021-10-02,20211002,Oct-21,J0120,J0120-TP-M,M,1.0,390.0,390.0
2021-10-02,20211002,Oct-21,SET268,SET268-KR-NP-XS,XS,2.0,931.0,1862.0
2021-10-02,20211002,Oct-21,SET268,SET268-KR-NP-L,L,5.0,931.0,4655.0
2021-10-02,20211002,Oct-21,SET268,SET268-KR-NP-L,L,4.0,931.0,3724.0
2021-10-02,20211002,Oct-21,SET268,SET268-KR-NP-XL,XL,4.0,931.0,3724.0
2021-10-02,20211002,Oct-21,SET268,SET268-KR-NP-XXL,XXL,1.0,931.0,931.0
2021-10-02,20211002,Oct-21,SET268,SET268-KR-NP-XXXL,XXXL,1.0,931.0,931.0
2021-10-02,20211002,Oct-21,J0285,J0285-SKD-XS,XS,1.0,1719.0,1719.0
2021-10-02,20211002,Oct-21,J0285,J0285-SKD-S,S,1.0,1719.0,1719.0
2021-10-02,20211002,Oct-21,SET194,SET194-KR-NP-L,L,1.0,744.0,744.0
2021-10-04,20211004,Oct-21,J0145,J0145-SET-L,L,1.0,670.0,650.0
2021-10-04,20211004,Oct-21,J0145,J0145-SET-S,S,1.0,670.0,650.0
2021-10-04,20211004,Oct-21,J0145,J0145-SET-XL,XL,1.0,670.0,650.0
2021-10-04,20211004,Oct-21,J0145,J0145-SET-XXL,XXL,1.0,670.0,650.0
2021-10-04,20211004,Oct-21,J0211,J0211-DR-L,L,1.0,820.0,795.0
2021-10-04,20211004,Oct-21,J0211,J0211-DR-M,M,1.0,820.0,795.0
2021-10-04,20211004,Oct-21,J0211,J0211-DR-S,S,1.0,820.0,795.0
2021-10-04,20211004,Oct-21,J0211,J0211-DR-XL,XL,1.0,820.0,795.0
2021-10-04,20211004,Oct-21,J0211,J0211-DR-XXL,XXL,1.0,820.0,795.0
2021-10-04,20211004,Oct-21,JNE2032,JNE2032-KR-205-L,L,2.0,469.0,910.0
2021-10-04,20211004,Oct-21,JNE2032,JNE2032-KR-205-M,M,2.0,469.0,910.0
2021-10-04,20211004,Oct-21,JNE2032,JNE2032-KR-205-S,S,2.0,469.0,910.0
2021-10-04,20211004,Oct-21,JNE2032,JNE2032-KR-205-XL,XL,2.0,469.0,910.0
2021-10-04,20211004,Oct-21,JNE2032,JNE2032-KR-205-XXL,XXL,2.0,469.0,910.0
2021-10-04,20211004,Oct-21,JNE3273,JNE3273-KR-L,L,1.0,623.0,604.0
2021-10-04,20211004,Oct-21,JNE3273,JNE3273-KR-M,M,1.0,623.0,604.0
2021-10-04,20211004,Oct-21,JNE3273,JNE3273-KR-S,S,1.0,623.0,604.0
2021-10-04,20211004,Oct-21,JNE3273,JNE3273-KR-XL,XL,1.0,623.0,604.0
2021-10-04,20211004,Oct-21,JNE3273,JNE3273-KR-XXL,XXL,1.0,623.0,604.0
2021-10-04,20211004,Oct-21,JNE3432,JNE3432-KR-L,L,2.0,494.0,958.0
2021-10-04,20211004,Oct-21,JNE3432,JNE3432-KR-M,M,2.0,494.0,958.0
2021-10-04,20211004,Oct-21,JNE3432,JNE3432-KR-S,S,2.0,494.0,958.0
2021-10-04,20211004,Oct-21,JNE3432,JNE3432-KR-XL,XL,2.0,494.0,958.0
2021-10-04,20211004,Oct-21,JNE3432,JNE3432-KR-XXL,XXL,2.0,494.0,958.0
2021-10-04,20211004,Oct-21,JNE3434,JNE3434-KR-L,L,1.0,431.0,418.0
2021-10-04,20211004,Oct-21,JNE3434,JNE3434-KR-M,M,1.0,431.0,418.0
2021-10-04,20211004,Oct-21,JNE3434,JNE3434-KR-S,S,1.0,431.0,418.0
2021-10-04,20211004,Oct-21,JNE3434,JNE3434-KR-XL,XL,1.0,431.0,418.0
2021-10-04,20211004,Oct-21,JNE3434,JNE3434-KR-XXL,XXL,1.0,431.0,418.0
2021-10-04,20211004,Oct-21,JNE3435,JNE3435-KR-L,L,1.0,431.0,418.0
2021-10-04,20211004,Oct-21,JNE3435,JNE3435-KR-M,M,1.0,431.0,418.0
2021-10-04,20211004,Oct-21,JNE3435,JNE3435-KR-S,S,1.0,431.0,418.0
2021-10-04,20211004,Oct-21,JNE3435,JNE3435-KR-XL,XL,1.0,431.0,418.0
2021-10-04,20211004,Oct-21,JNE3435,JNE3435-KR-XXL,XXL,1.0,431.0,418.0
2021-10-04,20211004,Oct-21,JNE3489,JNE3489-KR-L,L,2.0,431.0,836.0
2021-10-04,20211004,Oct-21,JNE3489,JNE3489-KR-M,M,2.0,431.0,836.0
2021-10-04,20211004,Oct-21,JNE3489,JNE3489-KR-S,S,2.0,431.0,836.0
2021-10-04,20211004,Oct-21,JNE3489,JNE3489-KR-XL,XL,2.0,431.0,836.0
2021-10-04,20211004,Oct-21,JNE3489,JNE3489-KR-XXL,XXL,2.0,431.0,836.0
2021-10-04,20211004,Oct-21,JNE3497,JNE3497-KR-M,M,1.0,291.0,282.0
2021-10-04,20211004,Oct-21,JNE3497,JNE3497-KR-S,S,1.0,291.0,282.0
2021-10-04,20211004,Oct-21,JNE3497,JNE3497-KR-XXL,XXL,1.0,291.0,282.0
2021-10-04,20211004,Oct-21,JNE3500,JNE3500-KR-L,L,1.0,650.0,630.0
2021-10-04,20211004,Oct-21,JNE3500,JNE3500-KR-M,M,1.0,650.0,630.0
2021-10-04,20211004,Oct-21,JNE3500,JNE3500-KR-S,S,1.0,650.0,630.0
2021-10-04,20211004,Oct-21,JNE3500,JNE3500-KR-XL,XL,1.0,650.0,630.0
2021-10-04,20211004,Oct-21,JNE3500,JNE3500-KR-XXL,XXL,1.0,650.0,630.0
2021-10-04,20211004,Oct-21,JNE3555,JNE3555-KR-L,L,2.0,450.0,873.0
2021-10-04,20211004,Oct-21,JNE3555,JNE3555-KR-M,M,2.0,450.0,873.0
2021-10-04,20211004,Oct-21,JNE3555,JNE3555-KR-S.,S,2.0,450.0,873.0
2021-10-04,20211004,Oct-21,JNE3555,JNE3555-KR-XL,XL,2.0,450.0,873.0
2021-10-04,20211004,Oct-21,JNE3555,JNE3555-KR-XXL,XXL,2.0,450.0,873.0
2021-10-04,20211004,Oct-21,JNE3616,JNE3616-KR-L,L,1.0,538.0,522.0
2021-10-04,20211004,Oct-21,JNE3616,JNE3616-KR-M,M,1.0,538.0,522.0
2021-10-04,20211004,Oct-21,JNE3616,JNE3616-KR-S,S,1.0,538.0,522.0
2021-10-04,20211004,Oct-21,JNE3616,JNE3616-KR-XL,XL,1.0,538.0,522.0
2021-10-04,20211004,Oct-21,JNE3616,JNE3616-KR-XXL,XXL,1.0,538.0,522.0
2021-10-04,20211004,Oct-21,JNE3636,JNE3636-KR-L,L,2.0,538.0,1044.0
2021-10-04,20211004,Oct-21,JNE3636,JNE3636-KR-M,M,2.0,538.0,1044.0
2021-10-04,20211004,Oct-21,JNE3636,JNE3636-KR-S,S,2.0,538.0,1044.0
2021-10-04,20211004,Oct-21,JNE3636,JNE3636-KR-XL,XL,2.0,538.0,1044.0
2021-10-04,20211004,Oct-21,JNE3636,JNE3636-KR-XXL,XXL,2.0,538.0,1044.0
2021-10-04,20211004,Oct-21,JNE3716,JNE3716-KR-L,L,1.0,431.0,418.0
2021-10-04,20211004,Oct-21,JNE3716,JNE3716-KR-M,M,1.0,431.0,418.0
2021-10-04,20211004,Oct-21,JNE3716,JNE3716-KR-S,S,1.0,431.0,418.0
2021-10-04,20211004,Oct-21,JNE3716,JNE3716-KR-XXL,XXL,1.0,431.0,418.0
2021-10-04,20211004,Oct-21,JNE3758,JNE3758-KR-L,L,1.0,494.0,479.0
2021-10-04,20211004,Oct-21,JNE3758,JNE3758-KR-M,M,1.0,494.0,479.0
2021-10-04,20211004,Oct-21,JNE3758,JNE3758-KR-S,S,1.0,494.0,479.0
2021-10-04,20211004,Oct-21,JNE3758,JNE3758-KR-XL,XL,1.0,494.0,479.0
2021-10-04,20211004,Oct-21,JNE3758,JNE3758-KR-XXL,XXL,1.0,494.0,479.0
2021-10-04,20211004,Oct-21,SET037,SET037-KR-NP-L,L,1.0,681.0,661.0
2021-10-04,20211004,Oct-21,SET037,SET037-KR-NP-M,M,1.0,681.0,661.0
2021-10-04,20211004,Oct-21,SET037,SET037-KR-NP-S,S,1.0,681.0,661.0
2021-10-04,20211004,Oct-21,SET037,SET037-KR-NP-XL,XL,1.0,681.0,661.0
2021-10-04,20211004,Oct-21,SET037,SET037-KR-NP-XXL,XXL,1.0,681.0,661.0
2021-10-04,20211004,Oct-21,SET038,SET038-KR-PP-L,L,2.0,769.0,1492.0
2021-10-04,20211004,Oct-21,SET038,SET038-KR-PP-M,M,2.0,769.0,1492.0
2021-10-04,20211004,Oct-21,SET038,SET038-KR-PP-S,S,2.0,769.0,1492.0
2021-10-04,20211004,Oct-21,SET038,SET038-KR-PP-XXL,XXL,2.0,769.0,1492.0
2021-10-04,20211004,Oct-21,SET044,SET044-KR-NP-L,L,1.0,646.0,627.0
2021-10-04,20211004,Oct-21,SET044,SET044-KR-NP-M,M,1.0,646.0,627.0
2021-10-04,20211004,Oct-21,SET044,SET044-KR-NP-S,S,1.0,646.0,627.0
2021-10-04,20211004,Oct-21,SET044,SET044-KR-NP-XL,XL,1.0,646.0,627.0
2021-10-04,20211004,Oct-21,SET044,SET044-KR-NP-XXL,XXL,1.0,646.0,627.0
2021-10-04,20211004,Oct-21,SET055,SET055-KR-NP-L,L,2.0,944.0,1831.0
2021-10-04,20211004,Oct-21,SET055,SET055-KR-NP-M,M,2.0,944.0,1831.0
2021-10-04,20211004,Oct-21,SET055,SET055-KR-NP-S,S,2.0,944.0,1831.0
2021-10-04,20211004,Oct-21,SET055,SET055-KR-NP-XL,XL,2.0,944.0,1831.0
2021-10-04,20211004,Oct-21,SET055,SET055-KR-NP-XXL,XXL,2.0,944.0,1831.0
2021-10-04,20211004,Oct-21,SET058,SET058-KR-NP-L,L,1.0,944.0,916.0
2021-10-04,20211004,Oct-21,SET058,SET058-KR-NP-M,M,1.0,944.0,916.0
2021-10-04,20211004,Oct-21,SET058,SET058-KR-NP-S,S,1.0,944.0,916.0
2021-10-04,20211004,Oct-21,SET058,SET058-KR-NP-XL,XL,1.0,944.0,916.0
2021-10-04,20211004,Oct-21,SET058,SET058-KR-NP-XXL,XXL,1.0,944.0,916.0
2021-10-04,20211004,Oct-21,SET073,SET073-KR-SHA-L,L,1.0,920.0,892.0
2021-10-04,20211004,Oct-21,SET073,SET073-KR-SHA-M,M,1.0,920.0,892.0
2021-10-04,20211004,Oct-21,SET073,SET073-KR-SHA-S,S,1.0,920.0,892.0
2021-10-04,20211004,Oct-21,SET073,SET073-KR-SHA-XL,XL,1.0,920.0,892.0
2021-10-04,20211004,Oct-21,SET073,SET073-KR-SHA-XXL,XXL,1.0,920.0,892.0
2021-10-04,20211004,Oct-21,SET130,SET130-KR-NP-L,L,2.0,646.0,1253.0
2021-10-04,20211004,Oct-21,SET130,SET130-KR-NP-M,M,2.0,646.0,1253.0
2021-10-04,20211004,Oct-21,SET130,SET130-KR-NP-S,S,2.0,646.0,1253.0
2021-10-04,20211004,Oct-21,SET130,SET130-KR-NP-XL,XL,2.0,646.0,1253.0
2021-10-04,20211004,Oct-21,SET130,SET130-KR-NP-XXL,XXL,2.0,646.0,1253.0
2021-10-04,20211004,Oct-21,SET144,SET144-KR-NP-L,L,2.0,931.0,1806.0
2021-10-04,20211004,Oct-21,SET144,SET144-KR-NP-M,M,2.0,931.0,1806.0
2021-10-04,20211004,Oct-21,SET144,SET144-KR-NP-S,S,2.0,931.0,1806.0
2021-10-04,20211004,Oct-21,SET144,SET144-KR-NP-XL,XL,2.0,931.0,1806.0
2021-10-04,20211004,Oct-21,SET144,SET144-KR-NP-XXL,XXL,2.0,931.0,1806.0
2021-10-04,20211004,Oct-21,SET156,SET156-KR-NP-M,M,1.0,931.0,903.0
2021-10-04,20211004,Oct-21,SET156,SET156-KR-NP-S,S,1.0,931.0,903.0
2021-10-04,20211004,Oct-21,SET156,SET156-KR-NP-XL,XL,1.0,931.0,903.0
2021-10-04,20211004,Oct-21,SET156,SET156-KR-NP-XXL,XXL,1.0,931.0,903.0
2021-10-04,20211004,Oct-21,SET184,SET184-KR-PP-S,S,1.0,619.0,600.0
2021-10-04,20211004,Oct-21,SET184,SET184-KR-PP-XXL,XXL,1.0,619.0,600.0
2021-10-04,20211004,Oct-21,SET186,SET186-KR-DH-L,L,1.0,931.0,903.0
2021-10-04,20211004,Oct-21,SET186,SET186-KR-DH-M,M,1.0,931.0,903.0
2021-10-04,20211004,Oct-21,SET186,SET186-KR-DH-S,S,1.0,931.0,903.0
2021-10-04,20211004,Oct-21,SET186,SET186-KR-DH-XL,XL,1.0,931.0,903.0
2021-10-04,20211004,Oct-21,SET186,SET186-KR-DH-XXL,XXL,1.0,931.0,903.0
2021-10-04,20211004,Oct-21,SET187,SET187-KR-DH-M,M,1.0,769.0,746.0
2021-10-04,20211004,Oct-21,SET187,SET187-KR-DH-XL,XL,1.0,769.0,746.0
2021-10-04,20211004,Oct-21,SET187,SET187-KR-DH-XXL,XXL,1.0,769.0,746.0
2021-10-04,20211004,Oct-21,SET188,SET188-KR-NP-L,L,2.0,944.0,1831.0
2021-10-04,20211004,Oct-21,SET188,SET188-KR-NP-M,M,2.0,944.0,1831.0
2021-10-04,20211004,Oct-21,SET188,SET188-KR-NP-S,S,2.0,944.0,1831.0
2021-10-04,20211004,Oct-21,SET188,SET188-KR-NP-XL,XL,2.0,944.0,1831.0
2021-10-04,20211004,Oct-21,SET188,SET188-KR-NP-XXL,XXL,2.0,944.0,1831.0
2021-10-04,20211004,Oct-21,SET193,SET193-KR-NP-M,M,2.0,806.0,1564.0
2021-10-04,20211004,Oct-21,SET193,SET193-KR-NP-S,S,2.0,806.0,1564.0
2021-10-04,20211004,Oct-21,SET193,SET193-KR-NP-XL,XL,2.0,806.0,1564.0
2021-10-04,20211004,Oct-21,SET193,SET193-KR-NP-XXL,XXL,2.0,806.0,1564.0
2021-10-04,20211004,Oct-21,SET196,SET196-KR-NP-L,L,2.0,844.0,1637.0
2021-10-04,20211004,Oct-21,SET196,SET196-KR-NP-M.,M,2.0,844.0,1637.0
2021-10-04,20211004,Oct-21,SET196,SET196-KR-NP-S,S,2.0,844.0,1637.0
2021-10-04,20211004,Oct-21,SET196,SET196-KR-NP-XXL,XXL,2.0,844.0,1637.0
2021-10-04,20211004,Oct-21,SET198,SET198-KR-NP-M,M,2.0,806.0,1564.0
2021-10-04,20211004,Oct-21,SET198,SET198-KR-NP-S,S,2.0,806.0,1564.0
2021-10-04,20211004,Oct-21,SET198,SET198-KR-NP-XL,XL,2.0,806.0,1564.0
2021-10-04,20211004,Oct-21,SET198,SET198-KR-NP-XXL,XXL,2.0,806.0,1564.0
2021-10-04,20211004,Oct-21,SET200,SET200-KR-NP-L,L,2.0,894.0,1734.0
2021-10-04,20211004,Oct-21,SET200,SET200-KR-NP-M,M,2.0,894.0,1734.0
2021-10-04,20211004,Oct-21,SET200,SET200-KR-NP-S,S,2.0,894.0,1734.0
2021-10-04,20211004,Oct-21,SET200,SET200-KR-NP-XL,XL,2.0,894.0,1734.0
2021-10-04,20211004,Oct-21,SET200,SET200-KR-NP-XXL,XXL,2.0,894.0,1734.0
2021-10-04,20211004,Oct-21,SET203,SET203-KR-DPT-M,M,2.0,531.0,1030.0
2021-10-04,20211004,Oct-21,SET203,SET203-KR-DPT-XL,XL,2.0,531.0,1030.0
2021-10-04,20211004,Oct-21,SET203,SET203-KR-DPT-XXL,XXL,2.0,531.0,1030.0
2021-10-04,20211004,Oct-21,SET210,SET210-KR-PP-M,M,1.0,765.0,742.0
2021-10-04,20211004,Oct-21,SET210,SET210-KR-PP-S,S,1.0,765.0,742.0
2021-10-04,20211004,Oct-21,SET210,SET210-KR-PP-XL,XL,1.0,765.0,742.0
2021-10-04,20211004,Oct-21,SET210,SET210-KR-PP-XXL,XXL,1.0,765.0,742.0
2021-10-04,20211004,Oct-21,SET218,SET218-KR-NP-L,L,1.0,994.0,964.0
2021-10-04,20211004,Oct-21,SET218,SET218-KR-NP-M,M,1.0,994.0,964.0
2021-10-04,20211004,Oct-21,SET218,SET218-KR-NP-S,S,1.0,994.0,964.0
2021-10-04,20211004,Oct-21,SET218,SET218-KR-NP-XL,XL,1.0,994.0,964.0
2021-10-04,20211004,Oct-21,SET218,SET218-KR-NP-XXL,XXL,1.0,994.0,964.0
2021-10-04,20211004,Oct-21,SET232,SET232-KR-PP-L,L,2.0,850.0,1649.0
2021-10-04,20211004,Oct-21,SET232,SET232-KR-PP-M,M,2.0,850.0,1649.0
2021-10-04,20211004,Oct-21,SET232,SET232-KR-PP-S,S,2.0,850.0,1649.0
2021-10-04,20211004,Oct-21,SET232,SET232-KR-PP-XL,XL,2.0,850.0,1649.0
2021-10-04,20211004,Oct-21,SET232,SET232-KR-PP-XXL,XXL,2.0,850.0,1649.0
2021-10-04,20211004,Oct-21,SET233,SET233-KR-PP-L,L,2.0,850.0,1649.0
2021-10-04,20211004,Oct-21,SET233,SET233-KR-PP-M,M,2.0,850.0,1649.0
2021-10-04,20211004,Oct-21,SET233,SET233-KR-PP-S,S,2.0,850.0,1649.0
2021-10-04,20211004,Oct-21,SET233,SET233-KR-PP-XL,XL,2.0,850.0,1649.0
2021-10-04,20211004,Oct-21,SET233,SET233-KR-PP-XXL,XXL,2.0,850.0,1649.0
2021-10-04,20211004,Oct-21,SET236,SET236-KR-PP-M,M,2.0,850.0,1649.0
2021-10-04,20211004,Oct-21,SET236,SET236-KR-PP-S,S,2.0,850.0,1649.0
2021-10-04,20211004,Oct-21,SET236,SET236-KR-PP-XL,XL,2.0,850.0,1649.0
2021-10-04,20211004,Oct-21,SET236,SET236-KR-PP-XXL,XXL,2.0,850.0,1649.0
2021-10-04,20211004,Oct-21,SET238,SET238-KR-PP-L,L,1.0,706.0,685.0
2021-10-04,20211004,Oct-21,SET238,SET238-KR-PP-M,M,1.0,706.0,685.0
2021-10-04,20211004,Oct-21,SET238,SET238-KR-PP-S,S,1.0,706.0,685.0
2021-10-04,20211004,Oct-21,SET238,SET238-KR-PP-XL,XL,1.0,706.0,685.0
2021-10-04,20211004,Oct-21,SET238,SET238-KR-PP-XXL,XXL,1.0,706.0,685.0
2021-10-04,20211004,Oct-21,SET245,SET245-KR-NP-L,L,1.0,1181.0,1146.0
2021-10-04,20211004,Oct-21,SET245,SET245-KR-NP-M,M,1.0,1181.0,1146.0
2021-10-04,20211004,Oct-21,SET245,SET245-KR-NP-S,S,1.0,1181.0,1146.0
2021-10-04,20211004,Oct-21,SET245,SET245-KR-NP-XL,XL,1.0,1181.0,1146.0
2021-10-04,20211004,Oct-21,SET245,SET245-KR-NP-XXL,XXL,1.0,1181.0,1146.0
2021-10-04,20211004,Oct-21,SET246,SET246-KR-PP-L,L,2.0,681.0,1321.0
2021-10-04,20211004,Oct-21,SET246,SET246-KR-PP-M,M,2.0,681.0,1321.0
2021-10-04,20211004,Oct-21,SET246,SET246-KR-PP-S,S,2.0,681.0,1321.0
2021-10-04,20211004,Oct-21,SET246,SET246-KR-PP-XL,XL,2.0,681.0,1321.0
2021-10-04,20211004,Oct-21,SET246,SET246-KR-PP-XXL,XXL,2.0,681.0,1321.0
2021-10-04,20211004,Oct-21,SET248,SET248-KR-NP-L,L,1.0,646.0,627.0
2021-10-04,20211004,Oct-21,SET248,SET248-KR-NP-M,M,1.0,646.0,627.0
2021-10-04,20211004,Oct-21,SET248,SET248-KR-NP-S,S,1.0,646.0,627.0
2021-10-04,20211004,Oct-21,SET248,SET248-KR-NP-XL,XL,1.0,646.0,627.0
2021-10-04,20211004,Oct-21,SET248,SET248-KR-NP-XXL,XXL,1.0,646.0,627.0
2021-10-04,20211004,Oct-21,SET250,SET250-KR-SHA-L,L,1.0,920.0,892.0
2021-10-04,20211004,Oct-21,SET250,SET250-KR-SHA-M,M,1.0,920.0,892.0
2021-10-04,20211004,Oct-21,SET250,SET250-KR-SHA-S,S,1.0,920.0,892.0
2021-10-04,20211004,Oct-21,SET250,SET250-KR-SHA-XL,XL,1.0,920.0,892.0
2021-10-04,20211004,Oct-21,SET250,SET250-KR-SHA-XXL,XXL,1.0,920.0,892.0
2021-10-04,20211004,Oct-21,SET263,SET263-KR-NP-L,L,1.0,806.0,782.0
2021-10-04,20211004,Oct-21,SET263,SET263-KR-NP-M,M,1.0,806.0,782.0
2021-10-04,20211004,Oct-21,SET263,SET263-KR-NP-S,S,1.0,806.0,782.0
2021-10-04,20211004,Oct-21,SET263,SET263-KR-NP-XL,XL,1.0,806.0,782.0
2021-10-04,20211004,Oct-21,SET263,SET263-KR-NP-XXL,XXL,1.0,806.0,782.0
2021-10-04,20211004,Oct-21,SET266,SET266-KR-NP-L,L,1.0,931.0,903.0
2021-10-04,20211004,Oct-21,SET266,SET266-KR-NP-M,M,1.0,931.0,903.0
2021-10-04,20211004,Oct-21,SET266,SET266-KR-NP-S,S,1.0,931.0,903.0
2021-10-04,20211004,Oct-21,SET266,SET266-KR-NP-XL,XL,1.0,931.0,903.0
2021-10-04,20211004,Oct-21,SET266,SET266-KR-NP-XXL,XXL,1.0,931.0,903.0
2021-10-04,20211004,Oct-21,SET275,SET275-KR-NP-L,L,1.0,1056.0,1024.0
2021-10-04,20211004,Oct-21,SET275,SET275-KR-NP-M,M,1.0,1056.0,1024.0
2021-10-04,20211004,Oct-21,SET275,SET275-KR-NP-S,S,1.0,1056.0,1024.0
2021-10-04,20211004,Oct-21,SET275,SET275-KR-NP-XL,XL,1.0,1056.0,1024.0
2021-10-04,20211004,Oct-21,SET275,SET275-KR-NP-XXL,XXL,1.0,1056.0,1024.0
2021-10-04,20211004,Oct-21,SET281,SET281-KR-PP-L,L,1.0,850.0,824.0
2021-10-04,20211004,Oct-21,SET281,SET281-KR-PP-M,M,1.0,850.0,824.0
2021-10-04,20211004,Oct-21,SET281,SET281-KR-PP-S,S,1.0,850.0,824.0
2021-10-04,20211004,Oct-21,SET281,SET281-KR-PP-XL,XL,1.0,850.0,824.0
2021-10-04,20211004,Oct-21,SET281,SET281-KR-PP-XXL,XXL,1.0,850.0,824.0
2021-10-04,20211004,Oct-21,SET286,SET286-KR-NP-S,S,1.0,681.0,661.0
2021-10-04,20211004,Oct-21,SET287,SET287-KR-NP-M,M,1.0,681.0,661.0
2021-10-04,20211004,Oct-21,SET287,SET287-KR-NP-S,S,1.0,681.0,661.0
2021-10-04,20211004,Oct-21,SET287,SET287-KR-NP-XXL,XXL,1.0,681.0,661.0
2021-10-04,20211004,Oct-21,SET291,SET291-KR-PP-L,L,1.0,619.0,600.0
2021-10-04,20211004,Oct-21,SET291,SET291-KR-PP-M,M,1.0,619.0,600.0
2021-10-04,20211004,Oct-21,SET291,SET291-KR-PP-S,S,1.0,619.0,600.0
2021-10-04,20211004,Oct-21,SET291,SET291-KR-PP-XL,XL,1.0,619.0,600.0
2021-10-04,20211004,Oct-21,SET291,SET291-KR-PP-XXL,XXL,1.0,619.0,600.0
2021-10-04,20211004,Oct-21,JNE3437,JNE3437-KR-M,M,1.0,619.0,619.0
2021-10-04,20211004,Oct-21,JNE3383,JNE3383-KR-S,S,1.0,619.0,619.0
2021-10-04,20211004,Oct-21,JNE3383,JNE3383-KR-XL,XL,1.0,619.0,619.0
2021-10-04,20211004,Oct-21,JNE3383,JNE3383-KR-XXXL,XXXL,1.0,619.0,619.0
2021-10-04,20211004,Oct-21,JNE3557,JNE3557-KR-XXL,XXL,1.0,450.0,450.0
2021-10-04,20211004,Oct-21,JNE3556,JNE3556-KR-XXXL,XXXL,1.0,450.0,450.0
2021-10-04,20211004,Oct-21,J0139,J0139-KR-XXL,XXL,1.0,585.0,585.0
2021-10-04,20211004,Oct-21,J0139,J0139-KR-XXXL,XXXL,1.0,585.0,585.0
2021-10-04,20211004,Oct-21,MEN5009,MEN5009-KR-S,S,1.0,549.0,549.0
2021-10-04,20211004,Oct-21,MEN5009,MEN5009-KR-L,L,1.0,549.0,549.0
2021-10-04,20211004,Oct-21,MEN5004,MEN5004-KR-M,M,1.0,586.0,586.0
2021-10-04,20211004,Oct-21,MEN5006,MEN5006-KR-M,M,1.0,536.0,536.0
2021-10-04,20211004,Oct-21,MEN5007,MEN5007-KR-M,M,1.0,499.0,499.0
2021-10-04,20211004,Oct-21,MEN5023,MEN5023-KR-M,M,1.0,649.0,649.0
2021-10-04,20211004,Oct-21,J0043,J0043-SET-XL,XL,1.0,803.0,803.0
2021-10-04,20211004,Oct-21,SET261,SET261-KR-PP-M,M,1.0,556.0,556.0
2021-10-04,20211004,Oct-21,SET261,SET261-KR-PP-S,S,1.0,556.0,556.0
2021-10-04,20211004,Oct-21,SET202,SET202-KR-NP-XXXL,XXXL,1.0,468.0,468.0
2021-10-05,20211005,Oct-21,JNE1951,JNE1951-KR-155-XL,XL,1.0,528.0,512.0
2021-10-05,20211005,Oct-21,JNE2009,JNE2009-KR-310-L,L,2.0,409.0,793.0
2021-10-05,20211005,Oct-21,JNE2009,JNE2009-KR-310-XXL,XXL,2.0,409.0,793.0
2021-10-05,20211005,Oct-21,JNE2100,JNE2100-KR-144-M,M,2.0,469.0,910.0
2021-10-05,20211005,Oct-21,JNE2100,JNE2100-KR-144-XL,XL,2.0,469.0,910.0
2021-10-05,20211005,Oct-21,JNE2265,JNE2265-KR-501-M,M,1.0,528.0,512.0
2021-10-05,20211005,Oct-21,JNE2265,JNE2265-KR-501-L,L,1.0,528.0,512.0
2021-10-05,20211005,Oct-21,JNE2265,JNE2265-KR-501-XXL,XXL,1.0,528.0,512.0
2021-10-05,20211005,Oct-21,JNE2100,JNE2100-KR-144-XXXL,XXXL,2.0,469.0,910.0
2021-10-05,20211005,Oct-21,JNE1951,JNE1951-KR-155-XXXL,XXXL,2.0,528.0,1024.0
2021-10-05,20211005,Oct-21,BTM002,BTM002-M,M,2.0,315.0,611.0
2021-10-05,20211005,Oct-21,BTM002,BTM002-L,L,3.0,315.0,917.0
2021-10-05,20211005,Oct-21,BTM002,BTM002-XXXL,XXXL,3.0,315.0,917.0
2021-10-05,20211005,Oct-21,BTM008,BTM008-M,M,1.0,315.0,306.0
2021-10-05,20211005,Oct-21,BTM008,BTM008-XXXL,XXXL,1.0,315.0,306.0
2021-10-05,20211005,Oct-21,SET043,SET043-KR-NP-M,M,2.0,1181.0,2291.0
2021-10-05,20211005,Oct-21,SET043,SET043-KR-NP-XL,XL,2.0,1181.0,2291.0
2021-10-05,20211005,Oct-21,SET043,SET043-KR-NP-XXXL,XXXL,2.0,1181.0,2291.0
2021-10-05,20211005,Oct-21,SET172,SET172-KR-PP-M,M,1.0,1306.0,1267.0
2021-10-05,20211005,Oct-21,SET172,SET172-KR-PP-XL,XL,1.0,1306.0,1267.0
2021-10-05,20211005,Oct-21,SET172,SET172-KR-PP-XXXL,XXXL,2.0,1306.0,2534.0
2021-10-05,20211005,Oct-21,SET158,SET158-KR-PP-M,M,2.0,994.0,1928.0
2021-10-05,20211005,Oct-21,SET158,SET158-KR-PP-XL,XL,2.0,994.0,1928.0
2021-10-05,20211005,Oct-21,SET158,SET158-KR-PP-XXXL,XXXL,2.0,994.0,1928.0
2021-10-05,20211005,Oct-21,JNE3400,JNE3400-KR-M,M,1.0,538.0,522.0
2021-10-05,20211005,Oct-21,JNE3400,JNE3400-KR-XL,XL,1.0,538.0,522.0
2021-10-05,20211005,Oct-21,JNE3400,JNE3400-KR-XXXL,XXXL,1.0,538.0,522.0
2021-10-05,20211005,Oct-21,BTM029,BTM029-NP-XXL,XXL,1.0,315.0,306.0
2021-10-05,20211005,Oct-21,BTM029,BTM029-NP-XXXL,XXXL,2.0,315.0,611.0
2021-10-05,20211005,Oct-21,SET197,SET197-KR-NP-M,M,1.0,869.0,843.0
2021-10-05,20211005,Oct-21,SET197,SET197-KR-NP-XL,XL,1.0,869.0,843.0
2021-10-05,20211005,Oct-21,SET197,SET197-KR-NP-XXXL,XXXL,1.0,869.0,843.0
2021-10-05,20211005,Oct-21,JNE3535,JNE3535-KR-M,M,2.0,431.0,836.0
2021-10-05,20211005,Oct-21,JNE3549,JNE3549-KR-M,M,1.0,409.0,397.0
2021-10-05,20211005,Oct-21,JNE3556,JNE3556-KR-M,M,2.0,450.0,873.0
2021-10-05,20211005,Oct-21,SET223,SET223-KR-NP-S,S,1.0,969.0,940.0
2021-10-05,20211005,Oct-21,SET223,SET223-KR-NP-L,L,1.0,969.0,940.0
2021-10-05,20211005,Oct-21,SET223,SET223-KR-NP-XXXL,XXXL,1.0,969.0,940.0
2021-10-05,20211005,Oct-21,JNE3561,JNE3561-KR-M,M,1.0,450.0,436.0
2021-10-05,20211005,Oct-21,JNE3561,JNE3561-KR-XL,XL,1.0,450.0,436.0
2021-10-05,20211005,Oct-21,SET227,SET227-KR-PP-M,M,1.0,850.0,824.0
2021-10-05,20211005,Oct-21,SET227,SET227-KR-PP-XL,XL,1.0,850.0,824.0
2021-10-05,20211005,Oct-21,J0178,J0178-TP-M,M,1.0,350.0,340.0
2021-10-05,20211005,Oct-21,J0178,J0178-TP-L,L,1.0,350.0,340.0
2021-10-05,20211005,Oct-21,J0178,J0178-TP-XL,XL,1.0,350.0,340.0
2021-10-05,20211005,Oct-21,J0178,J0178-TP-XXL,XXL,1.0,350.0,340.0
2021-10-05,20211005,Oct-21,J0178,J0178-TP-XXXL,XXXL,1.0,350.0,340.0
2021-10-05,20211005,Oct-21,J0176,J0176-TP-M,M,1.0,486.0,471.0
2021-10-05,20211005,Oct-21,J0176,J0176-TP-L,L,1.0,486.0,471.0
2021-10-05,20211005,Oct-21,J0176,J0176-TP-XL,XL,1.0,486.0,471.0
2021-10-05,20211005,Oct-21,J0176,J0176-TP-XXL,XXL,1.0,486.0,471.0
2021-10-05,20211005,Oct-21,J0176,J0176-TP-XXXL,XXXL,1.0,486.0,471.0
2021-10-05,20211005,Oct-21,J0153,J0153-DR-XL,XL,1.0,585.0,567.0
2021-10-05,20211005,Oct-21,J0153,J0153-DR-XXXL,XXXL,1.0,585.0,567.0
2021-10-05,20211005,Oct-21,J0202,J0202-TP-L,L,1.0,703.0,682.0
2021-10-05,20211005,Oct-21,SET199,SET199-KR-NP-M,M,1.0,744.0,722.0
2021-10-05,20211005,Oct-21,SET199,SET199-KR-NP-XL,XL,1.0,744.0,722.0
2021-10-05,20211005,Oct-21,SET199,SET199-KR-NP-XXXL,XXXL,2.0,744.0,1443.0
2021-10-05,20211005,Oct-21,JNE3672,JNE3672-TU-L,L,2.0,513.0,995.0
2021-10-05,20211005,Oct-21,JNE3672,JNE3672-TU-XXL,XXL,2.0,513.0,995.0
2021-10-05,20211005,Oct-21,J0202,J0202-TP-M,M,1.0,703.0,682.0
2021-10-05,20211005,Oct-21,J0202,J0202-TP-XL,XL,1.0,703.0,682.0
2021-10-05,20211005,Oct-21,J0202,J0202-TP-XXL,XXL,1.0,703.0,682.0
2021-10-05,20211005,Oct-21,J0202,J0202-TP-XXXL,XXXL,1.0,703.0,682.0
2021-10-05,20211005,Oct-21,JNE3607,JNE3607-KR-M,M,2.0,619.0,1201.0
2021-10-05,20211005,Oct-21,JNE3607,JNE3607-KR-XL,XL,2.0,619.0,1201.0
2021-10-05,20211005,Oct-21,JNE3607,JNE3607-KR-XXXL,XXXL,2.0,619.0,1201.0
2021-10-05,20211005,Oct-21,J0090,J0090-TP-XXXL,XXXL,2.0,741.0,1438.0
2021-10-05,20211005,Oct-21,JNE3627,JNE3627-KR-M,M,2.0,450.0,873.0
2021-10-05,20211005,Oct-21,JNE3627,JNE3627-KR-XL,XL,2.0,450.0,873.0
2021-10-05,20211005,Oct-21,JNE3660,JNE3660-TP-XL,XL,2.0,368.0,714.0
2021-10-05,20211005,Oct-21,JNE3660,JNE3660-TP-XXL,XXL,3.0,368.0,1071.0
2021-10-05,20211005,Oct-21,JNE3651,JNE3651-TP-S,S,3.0,431.0,1254.0
2021-10-05,20211005,Oct-21,JNE3651,JNE3651-TP-L,L,3.0,431.0,1254.0
2021-10-05,20211005,Oct-21,JNE3651,JNE3651-TP-XXL,XXL,3.0,431.0,1254.0
2021-10-05,20211005,Oct-21,J0205,J0205-TP-L,L,1.0,508.0,493.0
2021-10-05,20211005,Oct-21,J0205,J0205-TP-M,M,1.0,508.0,493.0
2021-10-05,20211005,Oct-21,J0205,J0205-TP-XL,XL,1.0,508.0,493.0
2021-10-05,20211005,Oct-21,J0205,J0205-TP-XXL,XXL,1.0,508.0,493.0
2021-10-05,20211005,Oct-21,J0205,J0205-TP-XXXL,XXXL,1.0,508.0,493.0
2021-10-05,20211005,Oct-21,JNE3668,JNE3668-TP-L,L,3.0,431.0,1254.0
2021-10-05,20211005,Oct-21,JNE3668,JNE3668-TP-XXL,XXL,3.0,431.0,1254.0
2021-10-05,20211005,Oct-21,JNE3659,JNE3659-TP-M,M,1.0,350.0,340.0
2021-10-05,20211005,Oct-21,JNE3659,JNE3659-TP-L,L,1.0,350.0,340.0
2021-10-05,20211005,Oct-21,JNE3659,JNE3659-TP-XL,XL,1.0,350.0,340.0
2021-10-05,20211005,Oct-21,JNE3659,JNE3659-TP-XXL,XXL,1.0,350.0,340.0
2021-10-05,20211005,Oct-21,J0294,J0294-TP-M,M,1.0,469.0,455.0
2021-10-05,20211005,Oct-21,J0294,J0294-TP-XL,XL,1.0,469.0,455.0
2021-10-05,20211005,Oct-21,J0294,J0294-TP-XXXL,XXXL,1.0,469.0,455.0
2021-10-05,20211005,Oct-21,SET245,SET245-KR-NP-XL,XL,1.0,1181.0,1146.0
2021-10-05,20211005,Oct-21,SET245,SET245-KR-NP-XXXL,XXXL,1.0,1181.0,1146.0
2021-10-05,20211005,Oct-21,JNE3701,JNE3701-KR-S,S,1.0,431.0,418.0
2021-10-05,20211005,Oct-21,JNE3701,JNE3701-KR-XXXL,XXXL,3.0,431.0,1254.0
2021-10-05,20211005,Oct-21,JNE3633,JNE3633-KR-M,M,2.0,538.0,1044.0
2021-10-05,20211005,Oct-21,SET264,SET264-KR-NP-S,S,3.0,969.0,2820.0
2021-10-05,20211005,Oct-21,SET264,SET264-KR-NP-L,L,3.0,969.0,2820.0
2021-10-05,20211005,Oct-21,SET264,SET264-KR-NP-XXXL,XXXL,3.0,969.0,2820.0
2021-10-05,20211005,Oct-21,MEN5009,MEN5009-KR-M,M,1.0,549.0,533.0
2021-10-05,20211005,Oct-21,MEN5009,MEN5009-KR-L,L,1.0,549.0,533.0
2021-10-05,20211005,Oct-21,MEN5009,MEN5009-KR-XL,XL,1.0,549.0,533.0
2021-10-05,20211005,Oct-21,MEN5009,MEN5009-KR-XXL,XXL,1.0,549.0,533.0
2021-10-05,20211005,Oct-21,MEN5009,MEN5009-KR-XXXL,XXXL,1.0,549.0,533.0
2021-10-05,20211005,Oct-21,JNE3612,JNE3612-KR-XL,XL,1.0,588.0,570.0
2021-10-05,20211005,Oct-21,JNE3612,JNE3612-KR-XXL,XXL,1.0,588.0,570.0
2021-10-05,20211005,Oct-21,JNE3612,JNE3612-KR-XXXL,XXXL,1.0,588.0,570.0
2021-10-05,20211005,Oct-21,J0302,J0302-DR-XL,XL,1.0,664.0,644.0
2021-10-05,20211005,Oct-21,J0302,J0302-DR-XXXL,XXXL,2.0,664.0,1288.0
2021-10-05,20211005,Oct-21,JNE3703,JNE3703-KR-L,L,2.0,494.0,958.0
2021-10-05,20211005,Oct-21,JNE3703,JNE3703-KR-XL,XL,2.0,494.0,958.0
2021-10-05,20211005,Oct-21,JNE3703,JNE3703-KR-XXXL,XXXL,2.0,494.0,958.0
2021-10-05,20211005,Oct-21,J0304,J0304-TP-L,L,1.0,359.0,348.0
2021-10-05,20211005,Oct-21,J0304,J0304-TP-M,M,1.0,359.0,348.0
2021-10-05,20211005,Oct-21,J0304,J0304-TP-XL,XL,1.0,359.0,348.0
2021-10-05,20211005,Oct-21,J0304,J0304-TP-XXL,XXL,1.0,359.0,348.0
2021-10-05,20211005,Oct-21,J0304,J0304-TP-XXXL,XXXL,1.0,359.0,348.0
2021-10-05,20211005,Oct-21,J0336,J0336-TP-M,M,1.0,546.0,530.0
2021-10-05,20211005,Oct-21,J0336,J0336-TP-XL,XL,1.0,546.0,530.0
2021-10-05,20211005,Oct-21,J0336,J0336-TP-XXL,XXL,1.0,546.0,530.0
2021-10-05,20211005,Oct-21,J0336,J0336-TP-XXXL,XXXL,1.0,546.0,530.0
2021-10-05,20211005,Oct-21,J0342,J0342-TP-XL,XL,2.0,508.0,986.0
2021-10-05,20211005,Oct-21,J0342,J0342-TP-XXXL,XXXL,2.0,508.0,986.0
2021-10-05,20211005,Oct-21,JNE3504,JNE3504-KR-XXXL,XXXL,2.0,556.0,1079.0
2021-10-05,20211005,Oct-21,JNE3506,JNE3506-KR-XXXL,XXXL,1.0,788.0,764.0
2021-10-05,20211005,Oct-21,JNE3535,JNE3535-KR-XXXL,XXXL,2.0,431.0,836.0
2021-10-05,20211005,Oct-21,JNE3549,JNE3549-KR-XXXL,XXXL,1.0,409.0,397.0
2021-10-05,20211005,Oct-21,JNE3561,JNE3561-KR-XXXL,XXXL,1.0,450.0,436.0
2021-10-05,20211005,Oct-21,JNE3616,JNE3616-KR-XXL,XXL,2.0,538.0,1044.0
2021-10-05,20211005,Oct-21,JNE3617,JNE3617-KR-M,M,2.0,556.0,1079.0
2021-10-05,20211005,Oct-21,JNE3617,JNE3617-KR-XL,XL,2.0,556.0,1079.0
2021-10-05,20211005,Oct-21,JNE3615,JNE3615-KR-XXXL,XXXL,2.0,538.0,1044.0
2021-10-05,20211005,Oct-21,JNE3620,JNE3620-KR-XL,XL,2.0,538.0,1044.0
2021-10-05,20211005,Oct-21,JNE3620,JNE3620-KR-XXXL,XXXL,2.0,538.0,1044.0
2021-10-05,20211005,Oct-21,JNE3617,JNE3617-KR-XXXL,XXXL,2.0,556.0,1079.0
2021-10-05,20211005,Oct-21,JNE3627,JNE3627-KR-XXXL,XXXL,2.0,450.0,873.0
2021-10-05,20211005,Oct-21,JNE3648,JNE3648-TP-L,L,2.0,431.0,836.0
2021-10-05,20211005,Oct-21,SET227,SET227-KR-PP-XXXL,XXXL,1.0,850.0,824.0
2021-10-05,20211005,Oct-21,JNE3556,JNE3556-KR-XXXL,XXXL,2.0,450.0,873.0
2021-10-05,20211005,Oct-21,JNE3648,JNE3648-TP-S,S,2.0,431.0,836.0
2021-10-05,20211005,Oct-21,JNE3648,JNE3648-TP-XXL,XXL,2.0,431.0,836.0
2021-10-05,20211005,Oct-21,JNE3654,JNE3654-TP-S,S,1.0,513.0,498.0
2021-10-05,20211005,Oct-21,JNE3654,JNE3654-TP-XXL,XXL,2.0,513.0,995.0
2021-10-05,20211005,Oct-21,JNE3656,JNE3656-TP-L,L,2.0,431.0,836.0
2021-10-05,20211005,Oct-21,JNE3656,JNE3656-TP-S,S,2.0,431.0,836.0
2021-10-05,20211005,Oct-21,JNE3656,JNE3656-TP-XXL,XXL,2.0,431.0,836.0
2021-10-05,20211005,Oct-21,JNE3666,JNE3666-TP-L,L,1.0,431.0,418.0
2021-10-05,20211005,Oct-21,JNE3666,JNE3666-TP-M,M,1.0,431.0,418.0
2021-10-05,20211005,Oct-21,JNE3666,JNE3666-TP-S,S,1.0,431.0,418.0
2021-10-05,20211005,Oct-21,JNE3666,JNE3666-TP-XL,XL,1.0,431.0,418.0
2021-10-05,20211005,Oct-21,JNE3666,JNE3666-TP-XXL,XXL,1.0,431.0,418.0
2021-10-05,20211005,Oct-21,JNE3667,JNE3667-TP-L,L,1.0,431.0,418.0
2021-10-05,20211005,Oct-21,JNE3667,JNE3667-TP-S,S,1.0,431.0,418.0
2021-10-05,20211005,Oct-21,JNE3667,JNE3667-TP-XXL,XXL,1.0,431.0,418.0
2021-10-05,20211005,Oct-21,JNE3684,JNE3684-TU-M,M,2.0,388.0,753.0
2021-10-05,20211005,Oct-21,JNE3684,JNE3684-TU-XL,XL,2.0,388.0,753.0
2021-10-05,20211005,Oct-21,JNE3684,JNE3684-TU-XXXL,XXXL,2.0,388.0,753.0
2021-10-05,20211005,Oct-21,JNE3695,JNE3695-KR-L,L,3.0,431.0,1254.0
2021-10-05,20211005,Oct-21,JNE3695,JNE3695-KR-XXL,XXL,3.0,431.0,1254.0
2021-10-05,20211005,Oct-21,JNE3712,JNE3712-TP-M,M,2.0,431.0,836.0
2021-10-05,20211005,Oct-21,JNE3712,JNE3712-TP-XXL,XXL,2.0,431.0,836.0
2021-10-05,20211005,Oct-21,JNE3721,JNE3721-KR-M,M,2.0,538.0,1044.0
2021-10-05,20211005,Oct-21,JNE3721,JNE3721-KR-XL,XL,2.0,538.0,1044.0
2021-10-05,20211005,Oct-21,JNE3721,JNE3721-KR-XXXL,XXXL,2.0,538.0,1044.0
2021-10-05,20211005,Oct-21,JNE3728,JNE3728-KR-L,L,1.0,513.0,498.0
2021-10-05,20211005,Oct-21,JNE3728,JNE3728-KR-M,M,1.0,513.0,498.0
2021-10-05,20211005,Oct-21,JNE3728,JNE3728-KR-XXL,XXL,1.0,513.0,498.0
2021-10-05,20211005,Oct-21,JNE3762,JNE3762-KR-M,M,2.0,556.0,1079.0
2021-10-05,20211005,Oct-21,JNE3762,JNE3762-KR-XL,XL,2.0,556.0,1079.0
2021-10-05,20211005,Oct-21,JNE3762,JNE3762-KR-XXXL,XXXL,2.0,556.0,1079.0
2021-10-05,20211005,Oct-21,MEN5002,MEN5002-KR-M,M,1.0,586.0,568.0
2021-10-05,20211005,Oct-21,MEN5002,MEN5002-KR-XL.,XL,1.0,586.0,568.0
2021-10-05,20211005,Oct-21,MEN5002,MEN5002-KR-XXL,XXL,1.0,586.0,568.0
2021-10-05,20211005,Oct-21,MEN5002,MEN5002-KR-XXXL,XXXL,1.0,586.0,568.0
2021-10-05,20211005,Oct-21,SET275,SET275-KR-NP-M,M,2.0,1056.0,2049.0
2021-10-05,20211005,Oct-21,SET275,SET275-KR-NP-XL,XL,2.0,1056.0,2049.0
2021-10-05,20211005,Oct-21,SET275,SET275-KR-NP-XXXL,XXXL,2.0,1056.0,2049.0
2021-10-05,20211005,Oct-21,SET289,SET289-KR-NP-M,M,3.0,681.0,1982.0
2021-10-05,20211005,Oct-21,SET289,SET289-KR-NP-XL,XL,3.0,681.0,1982.0
2021-10-05,20211005,Oct-21,SET289,SET289-KR-NP-XXXL,XXXL,3.0,681.0,1982.0
2021-10-05,20211005,Oct-21,SET291,SET291-KR-PP-M,M,2.0,619.0,1201.0
2021-10-05,20211005,Oct-21,SET291,SET291-KR-PP-XL,XL,2.0,619.0,1201.0
2021-10-05,20211005,Oct-21,SET291,SET291-KR-PP-XXXL,XXXL,2.0,619.0,1201.0
2021-10-06,20211006,Oct-21,JNE3613,JNE3613-KR-XXXL,XXXL,1.0,538.0,538.0
2021-10-06,20211006,Oct-21,JNE3613,JNE3613-KR-XXL,XXL,1.0,538.0,538.0
2021-10-06,20211006,Oct-21,JNE3613,JNE3613-KR-XL,XL,1.0,538.0,538.0
2021-10-06,20211006,Oct-21,JNE3610,JNE3610-KR-L,L,1.0,538.0,538.0
2021-10-06,20211006,Oct-21,JNE3610,JNE3610-KR-XL,XL,1.0,538.0,538.0
2021-10-06,20211006,Oct-21,JNE3610,JNE3610-KR-XXL,XXL,1.0,538.0,538.0
2021-10-06,20211006,Oct-21,JNE3610,JNE3610-KR-XXXL,XXXL,1.0,538.0,538.0
2021-10-06,20211006,Oct-21,JNE3560,JNE3560-KR-L,L,1.0,450.0,450.0
2021-10-06,20211006,Oct-21,JNE3560,JNE3560-KR-XL,XL,1.0,450.0,450.0
2021-10-06,20211006,Oct-21,JNE3616,JNE3616-KR-XXXL,XXXL,1.0,538.0,538.0
2021-10-06,20211006,Oct-21,JNE3637,JNE3637-KR-L,L,1.0,681.0,681.0
2021-10-06,20211006,Oct-21,JNE3637,JNE3637-KR-XL,XL,1.0,681.0,681.0
2021-10-06,20211006,Oct-21,JNE3581,JNE3581-KR-L,L,1.0,619.0,619.0
2021-10-06,20211006,Oct-21,JNE3581,JNE3581-KR-XL,XL,1.0,619.0,619.0
2021-10-06,20211006,Oct-21,JNE3581,JNE3581-KR-XXL,XXL,1.0,619.0,619.0
2021-10-06,20211006,Oct-21,MEN5007,MEN5007-KR-L,L,1.0,499.0,499.0
2021-10-06,20211006,Oct-21,MEN5007,MEN5007-KR-XL,XL,1.0,499.0,499.0
2021-10-06,20211006,Oct-21,MEN5007,MEN5007-KR-M,M,1.0,499.0,499.0
2021-10-06,20211006,Oct-21,MEN5007,MEN5007-KR-XXXL,XXXL,1.0,499.0,499.0
2021-10-06,20211006,Oct-21,MEN5032,MEN5032-KR-XL,XL,1.0,661.0,661.0
2021-10-06,20211006,Oct-21,MEN5004,MEN5004-KR-XL,XL,1.0,586.0,586.0
2021-10-06,20211006,Oct-21,MEN5006,MEN5006-KR-XL,XL,1.0,536.0,536.0
2021-10-06,20211006,Oct-21,MEN5032,MEN5032-KR-S,S,1.0,661.0,661.0
2021-10-06,20211006,Oct-21,MEN5022,MEN5022-KR-XL,XL,1.0,599.0,599.0
2021-10-06,20211006,Oct-21,MEN5018,MEN5018-KR-XL,XL,1.0,574.0,574.0
2021-10-06,20211006,Oct-21,MEN5009,MEN5009-KR-L,L,1.0,549.0,549.0
2021-10-06,20211006,Oct-21,MEN5019,MEN5019-KR-S,S,1.0,561.0,561.0
2021-10-06,20211006,Oct-21,MEN5018,MEN5018-KR-M,M,1.0,574.0,574.0
2021-10-06,20211006,Oct-21,MEN5003,MEN5003-KR-M,M,1.0,524.0,524.0
2021-10-06,20211006,Oct-21,MEN5025,MEN5025-KR-S,S,1.0,649.0,649.0
2021-10-06,20211006,Oct-21,MEN5011,MEN5011-KR-M,M,1.0,524.0,524.0
2021-10-06,20211006,Oct-21,MEN5006,MEN5006-KR-S,S,1.0,536.0,536.0
2021-10-06,20211006,Oct-21,MEN5022,MEN5022-KR-XL,XL,1.0,599.0,599.0
2021-10-06,20211006,Oct-21,MEN5022,MEN5022-KR-XXL,XXL,2.0,599.0,1198.0
2021-10-06,20211006,Oct-21,MEN5028,MEN5028-KR-L,L,1.0,561.0,561.0
2021-10-06,20211006,Oct-21,MEN5018,MEN5018-KR-XL,XL,1.0,574.0,574.0
2021-10-06,20211006,Oct-21,MEN5025,MEN5025-KR-XL,XL,1.0,649.0,649.0
2021-10-06,20211006,Oct-21,MEN5032,MEN5032-KR-XXXL,XXXL,1.0,661.0,661.0
2021-10-06,20211006,Oct-21,MEN5001,MEN5001-KR-M.,M,1.0,536.0,536.0
2021-10-06,20211006,Oct-21,MEN5032,MEN5032-KR-XL,XL,1.0,661.0,661.0
2021-10-06,20211006,Oct-21,MEN5026,MEN5026-KR-XXL,XXL,1.0,561.0,561.0
2021-10-06,20211006,Oct-21,J0131,J0131-KR-M,M,1.0,508.0,508.0
2021-10-06,20211006,Oct-21,J0131,J0131-KR-XS,XS,1.0,508.0,508.0
2021-10-06,20211006,Oct-21,J0136,J0136-KR-S,S,1.0,508.0,508.0
2021-10-06,20211006,Oct-21,J0138,J0138-KR-XXL,XXL,1.0,735.0,735.0
2021-10-06,20211006,Oct-21,J0131,J0131-KR-XXL,XXL,2.0,508.0,1016.0
2021-10-06,20211006,Oct-21,MEN5005,MEN5005-KR-L,L,1.0,549.0,549.0
2021-10-06,20211006,Oct-21,J0230,J0230-SKD-M,M,2.0,1445.0,2890.0
2021-10-06,20211006,Oct-21,MEN5020,MEN5020-KR-XL,XL,1.0,536.0,536.0
2021-10-06,20211006,Oct-21,MEN5020,MEN5020-KR-XXL,XXL,1.0,536.0,536.0
2021-10-06,20211006,Oct-21,MEN5020,MEN5020-KR-XXXL,XXXL,1.0,536.0,536.0
2021-10-06,20211006,Oct-21,MEN5025,MEN5025-KR-XXL,XXL,1.0,649.0,649.0
2021-10-06,20211006,Oct-21,MEN5025,MEN5025-KR-XXXL,XXXL,1.0,649.0,649.0
2021-10-08,20211008,Oct-21,J0097,J0097-KR-XS,XS,2.0,556.0,1112.0
2021-10-08,20211008,Oct-21,J0097,J0097-KR-S,S,2.0,556.0,1112.0
2021-10-08,20211008,Oct-21,J0097,J0097-KR-M,M,2.0,556.0,1112.0
2021-10-08,20211008,Oct-21,J0097,J0097-KR-L,L,4.0,556.0,2224.0
2021-10-08,20211008,Oct-21,J0097,J0097-KR-XL,XL,5.0,556.0,2780.0
2021-10-08,20211008,Oct-21,JNE3567,JNE3567-KR-S,S,1.0,431.0,431.0
2021-10-08,20211008,Oct-21,JNE3567,JNE3567-KR-M,M,1.0,431.0,431.0
2021-10-08,20211008,Oct-21,JNE3567,JNE3567-KR-L,L,1.0,431.0,431.0
2021-10-08,20211008,Oct-21,JNE3567,JNE3567-KR-XL,XL,1.0,431.0,431.0
2021-10-08,20211008,Oct-21,JNE3567,JNE3567-KR-XXL,XXL,1.0,431.0,431.0
2021-10-08,20211008,Oct-21,JNE3567,JNE3567-KR-XXXL,XXXL,1.0,431.0,431.0
2021-10-08,20211008,Oct-21,JNE3288,JNE3288-KR-S,S,1.0,681.0,681.0
2021-10-08,20211008,Oct-21,JNE3288,JNE3288-KR-M,M,1.0,681.0,681.0
2021-10-08,20211008,Oct-21,JNE3288,JNE3288-KR-L,L,1.0,681.0,681.0
2021-10-08,20211008,Oct-21,JNE3288,JNE3288-KR-XL,XL,1.0,681.0,681.0
2021-10-08,20211008,Oct-21,JNE3288,JNE3288-KR-XXL,XXL,1.0,681.0,681.0
2021-10-08,20211008,Oct-21,JNE3288,JNE3288-KR-XXXL,XXXL,1.0,681.0,681.0
2021-10-08,20211008,Oct-21,SET098,SET098-KR-PP-XS,XS,2.0,825.0,1650.0
2021-10-08,20211008,Oct-21,SET098,SET098-KR-PP-S,S,1.0,825.0,825.0
2021-10-08,20211008,Oct-21,SET098,SET098-KR-PP-M,M,1.0,825.0,825.0
2021-10-08,20211008,Oct-21,SET098,SET098-KR-PP-L,L,1.0,825.0,825.0
2021-10-08,20211008,Oct-21,SET110,SET110-KR-PP-S,S,1.0,931.0,931.0
2021-10-08,20211008,Oct-21,SET110,SET110-KR-PP-M,M,1.0,931.0,931.0
2021-10-08,20211008,Oct-21,SET110,SET110-KR-PP-L,L,1.0,931.0,931.0
2021-10-08,20211008,Oct-21,JNE3160,JNE3160-KR-L,L,1.0,850.0,850.0
2021-10-08,20211008,Oct-21,J0230,J0230-SKD-L,L,2.0,1445.0,2890.0
2021-10-08,20211008,Oct-21,J0123,J0123-TP-S,S,1.0,259.0,259.0
2021-10-08,20211008,Oct-21,J0123,J0123-TP-M,M,1.0,259.0,259.0
2021-10-08,20211008,Oct-21,J0123,J0123-TP-L,L,1.0,259.0,259.0
2021-10-08,20211008,Oct-21,J0123,J0123-TP-XL,XL,1.0,259.0,259.0
2021-10-08,20211008,Oct-21,J0123,J0123-TP-XXL,XXL,1.0,259.0,259.0
2021-10-08,20211008,Oct-21,J0123,J0123-TP-XXXL,XXXL,1.0,259.0,259.0
2021-10-08,20211008,Oct-21,JNE3718,JNE3718-KR-S,S,1.0,494.0,494.0
2021-10-08,20211008,Oct-21,JNE3718,JNE3718-KR-M,M,1.0,494.0,494.0
2021-10-08,20211008,Oct-21,JNE3718,JNE3718-KR-L,L,1.0,494.0,494.0
2021-10-08,20211008,Oct-21,JNE3718,JNE3718-KR-XL,XL,1.0,494.0,494.0
2021-10-08,20211008,Oct-21,JNE3718,JNE3718-KR-XXL,XXL,1.0,494.0,494.0
2021-10-08,20211008,Oct-21,JNE3718,JNE3718-KR-XXXL,XXXL,1.0,494.0,494.0
2021-10-08,20211008,Oct-21,JNE3617,JNE3617-KR-S,S,1.0,556.0,556.0
2021-10-08,20211008,Oct-21,JNE3617,JNE3617-KR-M,M,1.0,556.0,556.0
2021-10-08,20211008,Oct-21,JNE3617,JNE3617-KR-L,L,1.0,556.0,556.0
2021-10-08,20211008,Oct-21,JNE3617,JNE3617-KR-XL,XL,1.0,556.0,556.0
2021-10-08,20211008,Oct-21,JNE3617,JNE3617-KR-XXL,XXL,1.0,556.0,556.0
2021-10-08,20211008,Oct-21,JNE3617,JNE3617-KR-XXXL,XXXL,1.0,556.0,556.0
2021-10-08,20211008,Oct-21,JNE1977,JNE1977-KR-237-S,S,1.0,409.0,409.0
2021-10-08,20211008,Oct-21,JNE1977,JNE1977-KR-237-M,M,1.0,409.0,409.0
2021-10-08,20211008,Oct-21,JNE1977,JNE1977-KR-237-L,L,1.0,409.0,409.0
2021-10-08,20211008,Oct-21,JNE1977,JNE1977-KR-237-XL,XL,1.0,409.0,409.0
2021-10-08,20211008,Oct-21,JNE1977,JNE1977-KR-237-XXL,XXL,1.0,409.0,409.0
2021-10-08,20211008,Oct-21,JNE1977,JNE1977-KR-237-XXXL,XXXL,1.0,409.0,409.0
2021-10-08,20211008,Oct-21,JNE3564,JNE3564-KR-L,L,1.0,431.0,431.0
2021-10-08,20211008,Oct-21,J0008,J0008-SKD-S,S,2.0,1289.0,2578.0
2021-10-08,20211008,Oct-21,J0008,J0008-SKD-XL,XL,1.0,1289.0,1289.0
2021-10-08,20211008,Oct-21,MEN5013,MEN5013-KR-XXL,XXL,1.0,561.0,561.0
2021-10-08,20211008,Oct-21,JNE2170,JNE2170-KR-436-XS,XS,1.0,656.0,656.0
2021-10-08,20211008,Oct-21,SET193,SET193-KR-NP-S,S,1.0,806.0,806.0
2021-10-08,20211008,Oct-21,SET193,SET193-KR-NP-M,M,1.0,806.0,806.0
2021-10-08,20211008,Oct-21,SET193,SET193-KR-NP-XL,XL,1.0,806.0,806.0
2021-10-08,20211008,Oct-21,SET193,SET193-KR-NP-XXL,XXL,1.0,806.0,806.0
2021-10-08,20211008,Oct-21,SET193,SET193-KR-NP-XXXL,XXXL,1.0,806.0,806.0
2021-10-08,20211008,Oct-21,JNE3568,JNE3568-KR-M,M,1.0,431.0,431.0
2021-10-08,20211008,Oct-21,J0242,J0242-SKD-XXL,XXL,1.0,1366.0,1366.0
2021-10-08,20211008,Oct-21,JNE3639,JNE3639-TP-XS,XS,1.0,431.0,431.0
2021-10-08,20211008,Oct-21,JNE3639,JNE3639-TP-S,S,1.0,431.0,431.0
2021-10-08,20211008,Oct-21,JNE3639,JNE3639-TP-M,M,1.0,431.0,431.0
2021-10-08,20211008,Oct-21,JNE3639,JNE3639-TP-L,L,1.0,431.0,431.0
2021-10-08,20211008,Oct-21,JNE3639,JNE3639-TP-XL,XL,1.0,431.0,431.0
2021-10-08,20211008,Oct-21,JNE3639,JNE3639-TP-XXL,XXL,1.0,431.0,431.0
2021-10-08,20211008,Oct-21,JNE3640,JNE3640-TP-XS,XS,1.0,431.0,431.0
2021-10-08,20211008,Oct-21,JNE3640,JNE3640-TP-S,S,1.0,431.0,431.0
2021-10-08,20211008,Oct-21,JNE3640,JNE3640-TP-M,M,1.0,431.0,431.0
2021-10-08,20211008,Oct-21,JNE3640,JNE3640-TP-L,L,1.0,431.0,431.0
2021-10-08,20211008,Oct-21,JNE3640,JNE3640-TP-XL,XL,1.0,431.0,431.0
2021-10-08,20211008,Oct-21,JNE3640,JNE3640-TP-XXL,XXL,1.0,431.0,431.0
2021-10-08,20211008,Oct-21,JNE3651,JNE3651-TP-XS,XS,1.0,431.0,431.0
2021-10-08,20211008,Oct-21,JNE3651,JNE3651-TP-S,S,1.0,431.0,431.0
2021-10-08,20211008,Oct-21,JNE3651,JNE3651-TP-M,M,1.0,431.0,431.0
2021-10-08,20211008,Oct-21,JNE3651,JNE3651-TP-L,L,1.0,431.0,431.0
2021-10-08,20211008,Oct-21,JNE3651,JNE3651-TP-XL,XL,1.0,431.0,431.0
2021-10-08,20211008,Oct-21,JNE3651,JNE3651-TP-XXL,XXL,1.0,431.0,431.0
2021-10-08,20211008,Oct-21,JNE3656,JNE3656-TP-XS,XS,1.0,431.0,431.0
2021-10-08,20211008,Oct-21,JNE3656,JNE3656-TP-S,S,1.0,431.0,431.0
2021-10-08,20211008,Oct-21,JNE3656,JNE3656-TP-M,M,1.0,431.0,431.0
2021-10-08,20211008,Oct-21,JNE3656,JNE3656-TP-L,L,1.0,431.0,431.0
2021-10-08,20211008,Oct-21,JNE3656,JNE3656-TP-XL,XL,1.0,431.0,431.0
2021-10-08,20211008,Oct-21,JNE3656,JNE3656-TP-XXL,XXL,1.0,431.0,431.0
2021-10-08,20211008,Oct-21,JNE3672,JNE3672-TU-XS,XS,1.0,513.0,513.0
2021-10-08,20211008,Oct-21,JNE3672,JNE3672-TU-S,S,1.0,513.0,513.0
2021-10-08,20211008,Oct-21,JNE3672,JNE3672-TU-M,M,1.0,513.0,513.0
2021-10-08,20211008,Oct-21,JNE3672,JNE3672-TU-L,L,1.0,513.0,513.0
2021-10-08,20211008,Oct-21,JNE3672,JNE3672-TU-XL,XL,1.0,513.0,513.0
2021-10-08,20211008,Oct-21,JNE3672,JNE3672-TU-XXL,XXL,1.0,513.0,513.0
2021-10-08,20211008,Oct-21,JNE3672,JNE3672-TU-XXXL,XXXL,1.0,513.0,513.0
2021-10-08,20211008,Oct-21,JNE3674,JNE3674-TU-XS,XS,1.0,513.0,513.0
2021-10-08,20211008,Oct-21,JNE3674,JNE3674-TU-S,S,1.0,513.0,513.0
2021-10-08,20211008,Oct-21,JNE3674,JNE3674-TU-M,M,1.0,513.0,513.0
2021-10-08,20211008,Oct-21,JNE3674,JNE3674-TU-L,L,1.0,513.0,513.0
2021-10-08,20211008,Oct-21,JNE3674,JNE3674-TU-XL,XL,1.0,513.0,513.0
2021-10-08,20211008,Oct-21,JNE3674,JNE3674-TU-XXXL,XXXL,1.0,513.0,513.0
2021-10-08,20211008,Oct-21,JNE3687,JNE3687-TU-XS,XS,1.0,450.0,450.0
2021-10-08,20211008,Oct-21,JNE3687,JNE3687-TU-S,S,1.0,450.0,450.0
2021-10-08,20211008,Oct-21,JNE3687,JNE3687-TU-XXL,XXL,1.0,450.0,450.0
2021-10-08,20211008,Oct-21,JNE3687,JNE3687-TU-XXXL,XXXL,1.0,450.0,450.0
2021-10-08,20211008,Oct-21,JNE3678,JNE3678-TU-XS,XS,1.0,431.0,431.0
2021-10-08,20211008,Oct-21,JNE3678,JNE3678-TU-S,S,1.0,431.0,431.0
2021-10-08,20211008,Oct-21,JNE3678,JNE3678-TU-XXL,XXL,1.0,431.0,431.0
2021-10-08,20211008,Oct-21,JNE3678,JNE3678-TU-XXXL,XXXL,1.0,431.0,431.0
2021-10-08,20211008,Oct-21,JNE3683,JNE3683-TU-XS,XS,1.0,431.0,431.0
2021-10-08,20211008,Oct-21,JNE3683,JNE3683-TU-S,S,1.0,431.0,431.0
2021-10-08,20211008,Oct-21,JNE3683,JNE3683-TU-M,M,1.0,431.0,431.0
2021-10-08,20211008,Oct-21,JNE3683,JNE3683-TU-L,L,1.0,431.0,431.0
2021-10-08,20211008,Oct-21,JNE3683,JNE3683-TU-XXL,XXL,1.0,431.0,431.0
2021-10-08,20211008,Oct-21,JNE3683,JNE3683-TU-XXXL,XXXL,1.0,431.0,431.0
2021-10-08,20211008,Oct-21,JNE3686,JNE3686-TU-XS,XS,1.0,450.0,450.0
2021-10-08,20211008,Oct-21,JNE3686,JNE3686-TU-S,S,1.0,450.0,450.0
2021-10-08,20211008,Oct-21,JNE3686,JNE3686-TU-XXL,XXL,1.0,450.0,450.0
2021-10-08,20211008,Oct-21,JNE3686,JNE3686-TU-XXXL,XXXL,1.0,450.0,450.0
2021-10-08,20211008,Oct-21,J0292,J0292-TP-XS,XS,1.0,469.0,469.0
2021-10-08,20211008,Oct-21,J0292,J0292-TP-S,S,1.0,469.0,469.0
2021-10-08,20211008,Oct-21,J0292,J0292-TP-M,M,1.0,469.0,469.0
2021-10-08,20211008,Oct-21,J0292,J0292-TP-L,L,1.0,469.0,469.0
2021-10-08,20211008,Oct-21,J0292,J0292-TP-XL,XL,1.0,469.0,469.0
2021-10-08,20211008,Oct-21,J0292,J0292-TP-XXL,XXL,1.0,469.0,469.0
2021-10-08,20211008,Oct-21,J0292,J0292-TP-XXXL,XXXL,1.0,469.0,469.0
2021-10-08,20211008,Oct-21,J0297,J0297-TP-XS,XS,1.0,429.0,429.0
2021-10-08,20211008,Oct-21,J0297,J0297-TP-S,S,1.0,429.0,429.0
2021-10-08,20211008,Oct-21,J0297,J0297-TP-M,M,1.0,429.0,429.0
2021-10-08,20211008,Oct-21,J0297,J0297-TP-L,L,1.0,429.0,429.0
2021-10-08,20211008,Oct-21,J0297,J0297-TP-XL,XL,1.0,429.0,429.0
2021-10-08,20211008,Oct-21,J0297,J0297-TP-XXL,XXL,1.0,429.0,429.0
2021-10-08,20211008,Oct-21,J0297,J0297-TP-XXXL,XXXL,1.0,429.0,429.0
2021-10-08,20211008,Oct-21,SET245,SET245-KR-NP-XL,XL,1.0,1181.0,1181.0
2021-10-08,20211008,Oct-21,SET245,SET245-KR-NP-XXL,XXL,1.0,1181.0,1181.0
2021-10-08,20211008,Oct-21,SET245,SET245-KR-NP-XXXL,XXXL,1.0,1181.0,1181.0
2021-10-08,20211008,Oct-21,J0302,J0302-DR-S,S,1.0,664.0,664.0
2021-10-08,20211008,Oct-21,J0295,J0295-DR-S,S,1.0,741.0,741.0
2021-10-08,20211008,Oct-21,J0296,J0296-DR-S,S,1.0,703.0,703.0
2021-10-08,20211008,Oct-21,J0305,J0305-DR-S,S,1.0,703.0,703.0
2021-10-08,20211008,Oct-21,SET209,SET209-KR-PP-S,S,1.0,806.0,806.0
2021-10-08,20211008,Oct-21,SET209,SET209-KR-PP-M,M,1.0,806.0,806.0
2021-10-08,20211008,Oct-21,SET209,SET209-KR-PP-L,L,1.0,806.0,806.0
2021-10-08,20211008,Oct-21,SET209,SET209-KR-PP-XL,XL,1.0,806.0,806.0
2021-10-08,20211008,Oct-21,SET227,SET227-KR-PP-S,S,1.0,850.0,850.0
2021-10-08,20211008,Oct-21,SET227,SET227-KR-PP-M,M,1.0,850.0,850.0
2021-10-08,20211008,Oct-21,SET227,SET227-KR-PP-L,L,1.0,850.0,850.0
2021-10-08,20211008,Oct-21,SET227,SET227-KR-PP-XL,XL,1.0,850.0,850.0
2021-10-08,20211008,Oct-21,SET267,SET267-KR-NP-M,M,1.0,931.0,931.0
2021-10-08,20211008,Oct-21,SET267,SET267-KR-NP-L,L,1.0,931.0,931.0
2021-10-08,20211008,Oct-21,SET267,SET267-KR-NP-XL,XL,1.0,931.0,931.0
2021-10-08,20211008,Oct-21,SET267,SET267-KR-NP-XXL,XXL,1.0,931.0,931.0
2021-10-08,20211008,Oct-21,SET267,SET267-KR-NP-XXXL,XXXL,1.0,931.0,931.0
2021-10-08,20211008,Oct-21,MEN5017,MEN5017-KR-M,M,1.0,661.0,661.0
2021-10-08,20211008,Oct-21,MEN5017,MEN5017-KR-L,L,1.0,661.0,661.0
2021-10-08,20211008,Oct-21,MEN5017,MEN5017-KR-XL,XL,1.0,661.0,661.0
2021-10-08,20211008,Oct-21,MEN5017,MEN5017-KR-XXL,XXL,1.0,661.0,661.0
2021-10-08,20211008,Oct-21,MEN5018,MEN5018-KR-M,M,1.0,574.0,574.0
2021-10-08,20211008,Oct-21,MEN5018,MEN5018-KR-L,L,1.0,574.0,574.0
2021-10-08,20211008,Oct-21,MEN5018,MEN5018-KR-XL,XL,1.0,574.0,574.0
2021-10-08,20211008,Oct-21,MEN5018,MEN5018-KR-XXL,XXL,1.0,574.0,574.0
2021-10-08,20211008,Oct-21,MEN5025,MEN5025-KR-XL,XL,1.0,649.0,649.0
2021-10-08,20211008,Oct-21,MEN5025,MEN5025-KR-XXL,XXL,1.0,649.0,649.0
2021-10-08,20211008,Oct-21,SET205,SET205-KR-DPT-L,L,1.0,894.0,894.0
2021-10-08,20211008,Oct-21,SET205,SET205-KR-DPT-XL,XL,1.0,894.0,894.0
2021-10-08,20211008,Oct-21,SET205,SET205-KR-DPT-XXL,XXL,1.0,894.0,894.0
2021-10-08,20211008,Oct-21,SET205,SET205-KR-DPT-XXXL,XXXL,1.0,894.0,894.0
2021-10-08,20211008,Oct-21,SET221,SET221-KR-NP-S,S,1.0,1156.0,1156.0
2021-10-08,20211008,Oct-21,SET221,SET221-KR-NP-M,M,1.0,1156.0,1156.0
2021-10-08,20211008,Oct-21,SET221,SET221-KR-NP-L,L,1.0,1156.0,1156.0
2021-10-08,20211008,Oct-21,SET221,SET221-KR-NP-XL,XL,1.0,1156.0,1156.0
2021-10-08,20211008,Oct-21,SET221,SET221-KR-NP-XXL,XXL,1.0,1156.0,1156.0
2021-10-08,20211008,Oct-21,SET244,SET244-KR-NP-S,S,1.0,1181.0,1181.0
2021-10-08,20211008,Oct-21,SET244,SET244-KR-NP-M,M,1.0,1181.0,1181.0
2021-10-08,20211008,Oct-21,SET244,SET244-KR-NP-L,L,1.0,1181.0,1181.0
2021-10-08,20211008,Oct-21,SET244,SET244-KR-NP-XL,XL,1.0,1181.0,1181.0
2021-10-08,20211008,Oct-21,SET244,SET244-KR-NP-XXL,XXL,1.0,1181.0,1181.0
2021-10-08,20211008,Oct-21,SET244,SET244-KR-NP-XXXL,XXXL,1.0,1181.0,1181.0
2021-10-08,20211008,Oct-21,SET245,SET245-KR-NP-S,S,1.0,1181.0,1181.0
2021-10-08,20211008,Oct-21,SET245,SET245-KR-NP-M,M,1.0,1181.0,1181.0
2021-10-08,20211008,Oct-21,SET245,SET245-KR-NP-L,L,1.0,1181.0,1181.0
2021-10-08,20211008,Oct-21,SET264,SET264-KR-NP-M,M,1.0,969.0,969.0
2021-10-08,20211008,Oct-21,SET264,SET264-KR-NP-XL,XL,1.0,969.0,969.0
2021-10-08,20211008,Oct-21,SET264,SET264-KR-NP-XXL,XXL,1.0,969.0,969.0
2021-10-08,20211008,Oct-21,SET264,SET264-KR-NP-XXXL,XXXL,1.0,969.0,969.0
2021-10-08,20211008,Oct-21,SET193,SET193-KR-NP-S,S,1.0,806.0,806.0
2021-10-08,20211008,Oct-21,SET193,SET193-KR-NP-M,M,1.0,806.0,806.0
2021-10-08,20211008,Oct-21,SET193,SET193-KR-NP-L,L,1.0,806.0,806.0
2021-10-08,20211008,Oct-21,SET193,SET193-KR-NP-XL,XL,1.0,806.0,806.0
2021-10-08,20211008,Oct-21,SET193,SET193-KR-NP-XXL,XXL,1.0,806.0,806.0
2021-10-08,20211008,Oct-21,SET193,SET193-KR-NP-XXXL,XXXL,1.0,806.0,806.0
2021-10-08,20211008,Oct-21,SET269,SET269-KR-NP-S,S,1.0,969.0,969.0
2021-10-08,20211008,Oct-21,SET269,SET269-KR-NP-M,M,1.0,969.0,969.0
2021-10-08,20211008,Oct-21,SET269,SET269-KR-NP-L,L,1.0,969.0,969.0
2021-10-08,20211008,Oct-21,SET269,SET269-KR-NP-XL,XL,1.0,969.0,969.0
2021-10-08,20211008,Oct-21,SET269,SET269-KR-NP-XXL,XXL,1.0,969.0,969.0
2021-10-08,20211008,Oct-21,SET269,SET269-KR-NP-XXXL,XXXL,1.0,969.0,969.0
2021-10-08,20211008,Oct-21,SET200,SET200-KR-NP-S,S,1.0,894.0,894.0
2021-10-08,20211008,Oct-21,SET200,SET200-KR-NP-M,M,1.0,894.0,894.0
2021-10-08,20211008,Oct-21,SET200,SET200-KR-NP-L,L,1.0,894.0,894.0
2021-10-08,20211008,Oct-21,SET200,SET200-KR-NP-XL,XL,1.0,894.0,894.0
2021-10-08,20211008,Oct-21,SET200,SET200-KR-NP-XXL,XXL,1.0,894.0,894.0
2021-10-08,20211008,Oct-21,SET205,SET205-KR-DPT-S,S,1.0,894.0,894.0
2021-10-08,20211008,Oct-21,SET205,SET205-KR-DPT-M,M,1.0,894.0,894.0
2021-10-09,20211009,Oct-21,SET262,SET262-KR-NP-XL,XL,2.0,894.0,1788.0
2021-10-09,20211009,Oct-21,SET262,SET262-KR-NP-XXL,XXL,1.0,894.0,894.0
2021-10-09,20211009,Oct-21,SET154,SET154-KR-NP-L,L,1.0,894.0,894.0
2021-10-09,20211009,Oct-21,SET154,SET154-KR-NP-XL,XL,1.0,894.0,894.0
2021-10-09,20211009,Oct-21,SET147,SET147-KR-NP-S,S,1.0,931.0,931.0
2021-10-09,20211009,Oct-21,SET147,SET147-KR-NP-M,M,1.0,931.0,931.0
2021-10-09,20211009,Oct-21,SET147,SET147-KR-NP-L,L,1.0,931.0,931.0
2021-10-09,20211009,Oct-21,SET147,SET147-KR-NP-XL,XL,1.0,931.0,931.0
2021-10-09,20211009,Oct-21,JNE3065,JNE3065-KR-XL,XL,1.0,556.0,556.0
2021-10-09,20211009,Oct-21,JNE3288,JNE3288-KR-L,L,1.0,681.0,681.0
2021-10-09,20211009,Oct-21,JNE3288,JNE3288-KR-XL,XL,1.0,681.0,681.0
2021-10-09,20211009,Oct-21,SET138,SET138-KR-PP-S,S,1.0,994.0,994.0
2021-10-09,20211009,Oct-21,SET138,SET138-KR-PP-XL,XL,2.0,994.0,1988.0
2021-10-09,20211009,Oct-21,SET268,SET268-KR-NP-L,L,1.0,931.0,931.0
2021-10-09,20211009,Oct-21,JNE3637,JNE3637-KR-L,L,1.0,681.0,681.0
2021-10-09,20211009,Oct-21,JNE3637,JNE3637-KR-XL,XL,1.0,681.0,681.0
2021-10-09,20211009,Oct-21,JNE3405,JNE3405-KR-XL,XL,1.0,431.0,431.0
2021-10-09,20211009,Oct-21,JNE3405,JNE3405-KR-XXL,XXL,1.0,431.0,431.0
2021-10-09,20211009,Oct-21,SET138,SET138-KR-PP-XL,XL,1.0,994.0,994.0
2021-10-09,20211009,Oct-21,J0277,J0277-SKD-M,M,2.0,1758.0,3516.0
2021-10-09,20211009,Oct-21,SET043,SET043-KR-NP-XL,XL,2.0,1181.0,2362.0
2021-10-09,20211009,Oct-21,JNE3697,JNE3697-KR-M,M,1.0,431.0,431.0
2021-10-09,20211009,Oct-21,JNE3560,JNE3560-KR-M,M,4.0,450.0,1800.0
2021-10-09,20211009,Oct-21,JNE3560,JNE3560-KR-L,L,2.0,450.0,900.0
2021-10-09,20211009,Oct-21,JNE3546,JNE3546-KR-M,M,2.0,431.0,862.0
2021-10-09,20211009,Oct-21,JNE3546,JNE3546-KR-L,L,2.0,431.0,862.0
2021-10-09,20211009,Oct-21,JNE3725,JNE3725-KR-XL,XL,1.0,513.0,513.0
2021-10-09,20211009,Oct-21,J0006,J0006-SET-XXXL,XXXL,1.0,938.0,938.0
2021-10-09,20211009,Oct-21,J0242,J0242-SKD-XS,XS,1.0,1366.0,1366.0
2021-10-09,20211009,Oct-21,J0277,J0277-SKD-L,L,1.0,1758.0,1758.0
2021-10-09,20211009,Oct-21,J0277,J0277-SKD-XL,XL,1.0,1758.0,1758.0
2021-10-09,20211009,Oct-21,J0004,J0004-SKD-XS,XS,1.0,1366.0,1366.0
2021-10-09,20211009,Oct-21,SET043,SET043-KR-NP-L,L,3.0,1181.0,3543.0
2021-10-09,20211009,Oct-21,JNE3728,JNE3728-KR-XL,XL,1.0,513.0,513.0
2021-10-09,20211009,Oct-21,J0013,J0013-SKD-M,M,1.0,1210.0,1210.0
2021-10-09,20211009,Oct-21,J0277,J0277-SKD-XS,XS,1.0,1758.0,1758.0
2021-10-09,20211009,Oct-21,J0277,J0277-SKD-S,S,2.0,1758.0,3516.0
2021-10-09,20211009,Oct-21,J0285,J0285-SKD-XS,XS,1.0,1719.0,1719.0
2021-10-09,20211009,Oct-21,J0285,J0285-SKD-S,S,2.0,1719.0,3438.0
2021-10-09,20211009,Oct-21,J0285,J0285-SKD-M,M,2.0,1719.0,3438.0
2021-10-09,20211009,Oct-21,J0285,J0285-SKD-L,L,2.0,1719.0,3438.0
2021-10-09,20211009,Oct-21,J0242,J0242-SKD-S,S,1.0,1366.0,1366.0
2021-10-11,20211011,Oct-21,MEN5023,MEN5023-KR-S,S,1.0,649.0,649.0
2021-10-11,20211011,Oct-21,MEN5004,MEN5004-KR-L,L,1.0,586.0,586.0
2021-10-11,20211011,Oct-21,MEN5020,MEN5020-KR-M,M,1.0,536.0,536.0
2021-10-11,20211011,Oct-21,MEN5018,MEN5018-KR-M,M,1.0,574.0,574.0
2021-10-11,20211011,Oct-21,MEN5002,MEN5002-KR-XXXL,XXXL,1.0,586.0,586.0
2021-10-11,20211011,Oct-21,MEN5002,MEN5002-KR-S,S,1.0,586.0,586.0
2021-10-11,20211011,Oct-21,MEN5004,MEN5004-KR-XL,XL,1.0,586.0,586.0
2021-10-11,20211011,Oct-21,MEN5030,MEN5030-KR-L,L,1.0,561.0,561.0
2021-10-11,20211011,Oct-21,SET243,SET243-KR-PP-L,L,1.0,730.0,730.0
2021-10-11,20211011,Oct-21,SET251,SET251-KR-PP-L,L,1.0,825.0,825.0
2021-10-11,20211011,Oct-21,JNE3640,JNE3640-TP-XXL,XXL,1.0,431.0,431.0
2021-10-11,20211011,Oct-21,J0130,J0130-SET-L.,L,1.0,1029.0,1029.0
2021-10-11,20211011,Oct-21,SET239,SET239-KR-NP-L,L,1.0,1156.0,1156.0
2021-10-11,20211011,Oct-21,JNE3065,JNE3065-KR-L,L,1.0,556.0,556.0
2021-10-11,20211011,Oct-21,JNE2305,JNE2305-KR-533-L,L,1.0,494.0,494.0
2021-10-11,20211011,Oct-21,JNE3500,JNE3500-KR-XL,XL,1.0,650.0,650.0
2021-10-11,20211011,Oct-21,JNE2305,JNE2305-KR-533-XL,XL,1.0,494.0,494.0
2021-10-11,20211011,Oct-21,SET275,SET275-KR-NP-XL,XL,1.0,1056.0,1056.0
2021-10-11,20211011,Oct-21,SET226,SET226-KR-PP-XXL,XXL,1.0,806.0,806.0
2021-10-11,20211011,Oct-21,JNE3686,JNE3686-TU-XXL,XXL,1.0,450.0,450.0
2021-10-11,20211011,Oct-21,SET194,SET194-KR-NP-L,L,1.0,744.0,744.0
2021-10-11,20211011,Oct-21,JNE3420,JNE3420-KR-L,L,1.0,431.0,431.0
2021-10-11,20211011,Oct-21,JNE3405,JNE3405-KR-M,M,1.0,431.0,431.0
2021-10-11,20211011,Oct-21,JNE3443,JNE3443-KR-L,L,1.0,431.0,431.0
2021-10-11,20211011,Oct-21,JNE3574,JNE3574-KR-M,M,1.0,431.0,431.0
2021-10-11,20211011,Oct-21,SET236,SET236-KR-PP-XXL,XXL,1.0,850.0,850.0
2021-10-11,20211011,Oct-21,JNE3634,JNE3634-KR-XS,XS,1.0,650.0,650.0
2021-10-11,20211011,Oct-21,JNE2251,JNE2251-KR-537-M,M,1.0,588.0,588.0
2021-10-11,20211011,Oct-21,SET014,SET014-KR-PP-M,M,1.0,1306.0,1306.0
2021-10-11,20211011,Oct-21,JNE2205,JNE2205-KR-467-XXL,XXL,1.0,528.0,528.0
2021-10-11,20211011,Oct-21,JNE3668,JNE3668-TP-M,M,1.0,431.0,431.0
2021-10-11,20211011,Oct-21,SET269,SET269-KR-NP-L,L,1.0,969.0,969.0
2021-10-11,20211011,Oct-21,JNE3535,JNE3535-KR-L,L,1.0,431.0,431.0
2021-10-11,20211011,Oct-21,JNE3429,JNE3429-KR-L,L,1.0,538.0,538.0
2021-10-11,20211011,Oct-21,JNE3556,JNE3556-KR-S,S,1.0,450.0,450.0
2021-10-11,20211011,Oct-21,JNE3518,JNE3518-KR-S,S,1.0,500.0,500.0
2021-10-11,20211011,Oct-21,JNE3504,JNE3504-KR-S,S,1.0,556.0,556.0
2021-10-11,20211011,Oct-21,JNE3637,JNE3637-KR-XXL,XXL,1.0,681.0,681.0
2021-10-11,20211011,Oct-21,JNE3440,JNE3440-KR-XXL,XXL,1.0,388.0,388.0
2021-10-11,20211011,Oct-21,BTM027,BTM027-NP-XL,XL,1.0,315.0,315.0
2021-10-11,20211011,Oct-21,SET236,SET236-KR-PP-XS,XS,1.0,850.0,850.0
2021-10-11,20211011,Oct-21,BTM005,BTM005-XXXL,XXXL,1.0,315.0,315.0
2021-10-11,20211011,Oct-21,JNE3668,JNE3668-TP-S,S,1.0,431.0,431.0
2021-10-11,20211011,Oct-21,NW008,NW008-ST-CP-S,S,1.0,850.0,850.0
2021-10-11,20211011,Oct-21,NW016,NW016-ST-SR-S,S,1.0,769.0,769.0
2021-10-11,20211011,Oct-21,J0118,J0118-TP-XL,XL,1.0,390.0,390.0
2021-10-11,20211011,Oct-21,JNE3664,JNE3664-TP-XL,XL,1.0,531.0,531.0
2021-10-11,20211011,Oct-21,SET197,SET197-KR-NP-XL,XL,1.0,869.0,869.0
2021-10-11,20211011,Oct-21,BTM021,BTM021-XL,XL,1.0,315.0,315.0
2021-10-11,20211011,Oct-21,BTM003,BTM003-XL,XL,1.0,315.0,315.0
2021-10-11,20211011,Oct-21,J0135,J0135-SET-S,S,1.0,881.0,881.0
2021-10-11,20211011,Oct-21,SET281,SET281-KR-PP-M,M,1.0,850.0,850.0
2021-10-11,20211011,Oct-21,SET156,SET156-KR-NP-M,M,1.0,931.0,931.0
2021-10-11,20211011,Oct-21,JNE3712,JNE3712-TP-S,S,1.0,431.0,431.0
2021-10-11,20211011,Oct-21,JNE3717,JNE3717-KR-L,L,1.0,538.0,538.0
2021-10-11,20211011,Oct-21,JNE3568,JNE3568-KR-L,L,1.0,431.0,431.0
2021-10-11,20211011,Oct-21,BTM005,BTM005-M,M,1.0,315.0,315.0
2021-10-11,20211011,Oct-21,BTM005,BTM005-XL,XL,1.0,315.0,315.0
2021-10-12,20211012,Oct-21,JNE3030,JNE3030-KR-XL,XL,1.0,730.0,730.0
2021-10-12,20211012,Oct-21,JNE3030,JNE3030-KR-XXXL,XXXL,1.0,730.0,730.0
2021-10-12,20211012,Oct-21,JNE3578,JNE3578-KR-XXXL,XXXL,1.0,681.0,681.0
2021-10-12,20211012,Oct-21,JNE3577,JNE3577-KR-XL,XL,1.0,681.0,681.0
2021-10-12,20211012,Oct-21,JNE3577,JNE3577-KR-XXXL,XXXL,1.0,681.0,681.0
2021-10-12,20211012,Oct-21,JNE3562,JNE3562-KR-XL,XL,1.0,681.0,681.0
2021-10-12,20211012,Oct-21,JNE3565,JNE3565-KR-XL,XL,1.0,450.0,450.0
2021-10-12,20211012,Oct-21,JNE3565,JNE3565-KR-XXXL,XXXL,1.0,450.0,450.0
2021-10-12,20211012,Oct-21,JNE3560,JNE3560-KR-XL,XL,1.0,450.0,450.0
2021-10-12,20211012,Oct-21,JNE3560,JNE3560-KR-XXXL,XXXL,1.0,450.0,450.0
2021-10-12,20211012,Oct-21,JNE3628,JNE3628-KR-XL,XL,1.0,450.0,450.0
2021-10-12,20211012,Oct-21,JNE3628,JNE3628-KR-XXXL,XXXL,1.0,450.0,450.0
2021-10-12,20211012,Oct-21,JNE3627,JNE3627-KR-XL,XL,1.0,450.0,450.0
2021-10-12,20211012,Oct-21,JNE3627,JNE3627-KR-XXXL,XXXL,1.0,450.0,450.0
2021-10-12,20211012,Oct-21,JNE3697,JNE3697-KR-XL,XL,1.0,431.0,431.0
2021-10-12,20211012,Oct-21,J0198,J0198-TP-XXXL,XXXL,1.0,585.0,585.0
2021-10-12,20211012,Oct-21,J0113,J0113-TP-XXXL,XXXL,1.0,508.0,508.0
2021-10-12,20211012,Oct-21,J0115,J0115-TP-L,L,1.0,551.0,551.0
2021-10-12,20211012,Oct-21,J0115,J0115-TP-XXXL,XXXL,1.0,551.0,551.0
2021-10-12,20211012,Oct-21,J0136,J0136-KR-L,L,1.0,508.0,508.0
2021-10-12,20211012,Oct-21,J0136,J0136-KR-XL,XL,1.0,508.0,508.0
2021-10-12,20211012,Oct-21,J0136,J0136-KR-XXXL,XXXL,1.0,508.0,508.0
2021-10-12,20211012,Oct-21,SET270,SET270-KR-PP-XL,XL,1.0,894.0,894.0
2021-10-12,20211012,Oct-21,J0203,J0203-TP-L,L,1.0,625.0,625.0
2021-10-12,20211012,Oct-21,J0203,J0203-TP-XL,XL,1.0,625.0,625.0
2021-10-12,20211012,Oct-21,J0203,J0203-TP-XXXL,XXXL,1.0,625.0,625.0
2021-10-12,20211012,Oct-21,J0153,J0153-DR-XL,XL,1.0,585.0,585.0
2021-10-12,20211012,Oct-21,MEN5009,MEN5009-KR-XL,XL,1.0,549.0,549.0
2021-10-12,20211012,Oct-21,MEN5009,MEN5009-KR-XXL,XXL,1.0,549.0,549.0
2021-10-12,20211012,Oct-21,MEN5009,MEN5009-KR-XXXL,XXXL,1.0,549.0,549.0
2021-10-12,20211012,Oct-21,MEN5002,MEN5002-KR-XL.,XL,1.0,586.0,586.0
2021-10-12,20211012,Oct-21,MEN5002,MEN5002-KR-XXL,XXL,1.0,586.0,586.0
2021-10-12,20211012,Oct-21,MEN5002,MEN5002-KR-XXXL,XXXL,1.0,586.0,586.0
2021-10-12,20211012,Oct-21,MEN5025,MEN5025-KR-XXL,XXL,1.0,649.0,649.0
2021-10-12,20211012,Oct-21,MEN5025,MEN5025-KR-XXXL,XXXL,1.0,649.0,649.0
2021-10-12,20211012,Oct-21,JNE3669,JNE3669-TU-L,L,1.0,450.0,450.0
2021-10-12,20211012,Oct-21,JNE3669,JNE3669-TU-XL,XL,1.0,450.0,450.0
2021-10-12,20211012,Oct-21,JNE3669,JNE3669-TU-XXXL,XXXL,1.0,450.0,450.0
2021-10-12,20211012,Oct-21,JNE3659,JNE3659-TP-L,L,1.0,350.0,350.0
2021-10-12,20211012,Oct-21,JNE3659,JNE3659-TP-XL,XL,1.0,350.0,350.0
2021-10-12,20211012,Oct-21,JNE3648,JNE3648-TP-L,L,1.0,431.0,431.0
2021-10-12,20211012,Oct-21,JNE3648,JNE3648-TP-XL,XL,1.0,431.0,431.0
2021-10-12,20211012,Oct-21,MEN5017,MEN5017-KR-XL,XL,1.0,661.0,661.0
2021-10-12,20211012,Oct-21,MEN5017,MEN5017-KR-XXL,XXL,1.0,661.0,661.0
2021-10-12,20211012,Oct-21,MEN5017,MEN5017-KR-XXXL,XXXL,1.0,661.0,661.0
2021-10-12,20211012,Oct-21,J0041,J0041-SET-XL,XL,1.0,884.0,884.0
2021-10-12,20211012,Oct-21,J0041,J0041-SET-XXXL,XXXL,1.0,884.0,884.0
2021-10-12,20211012,Oct-21,JNE3701,JNE3701-KR-XL,XL,1.0,431.0,431.0
2021-10-12,20211012,Oct-21,JNE3701,JNE3701-KR-XXXL,XXXL,1.0,431.0,431.0
2021-10-12,20211012,Oct-21,JNE3672,JNE3672-TU-XL,XL,1.0,513.0,513.0
2021-10-12,20211012,Oct-21,SET182,SET182-KR-DH-M,M,1.0,806.0,806.0
2021-10-12,20211012,Oct-21,SET182,SET182-KR-DH-XXXL,XXXL,1.0,806.0,806.0
2021-10-12,20211012,Oct-21,SET221,SET221-KR-NP-M,M,1.0,1156.0,1156.0
2021-10-12,20211012,Oct-21,SET221,SET221-KR-NP-XL,XL,1.0,1156.0,1156.0
2021-10-12,20211012,Oct-21,JNE3474,JNE3474-KR-L,L,1.0,556.0,556.0
2021-10-12,20211012,Oct-21,SET251,SET251-KR-PP-L,L,1.0,825.0,825.0
2021-10-12,20211012,Oct-21,SET217,SET217-KR-PP-M,M,1.0,1244.0,1244.0
2021-10-12,20211012,Oct-21,SET217,SET217-KR-PP-XL,XL,1.0,1244.0,1244.0
2021-10-12,20211012,Oct-21,SET043,SET043-KR-NP-M,M,1.0,1181.0,1181.0
2021-10-12,20211012,Oct-21,SET043,SET043-KR-NP-XL,XL,1.0,1181.0,1181.0
2021-10-12,20211012,Oct-21,BTM032,BTM032-NP-XL,XL,1.0,315.0,315.0
2021-10-12,20211012,Oct-21,BTM032,BTM032-NP-XXXL,XXXL,1.0,315.0,315.0
2021-10-12,20211012,Oct-21,JNE3619,JNE3619-KR-M,M,1.0,528.0,528.0
2021-10-12,20211012,Oct-21,JNE3619,JNE3619-KR-XL,XL,1.0,528.0,528.0
2021-10-12,20211012,Oct-21,JNE3641,JNE3641-TP-M,M,1.0,431.0,431.0
2021-10-12,20211012,Oct-21,JNE3641,JNE3641-TP-L,L,1.0,431.0,431.0
2021-10-12,20211012,Oct-21,BTM048,BTM048-PP-XL,XL,1.0,428.0,428.0
2021-10-12,20211012,Oct-21,BTM048,BTM048-PP-XXL,XXL,1.0,428.0,428.0
2021-10-12,20211012,Oct-21,BTM048,BTM048-PP-XXXL,XXXL,1.0,428.0,428.0
2021-10-12,20211012,Oct-21,BTM047,BTM047-PP-L,L,1.0,428.0,428.0
2021-10-12,20211012,Oct-21,BTM047,BTM047-PP-XL,XL,1.0,428.0,428.0
2021-10-12,20211012,Oct-21,BTM047,BTM047-PP-XXL,XXL,1.0,428.0,428.0
2021-10-12,20211012,Oct-21,BTM047,BTM047-PP-XXXL,XXXL,1.0,428.0,428.0
2021-10-12,20211012,Oct-21,BTM046,BTM046-PP-L,L,1.0,428.0,428.0
2021-10-12,20211012,Oct-21,BTM046,BTM046-PP-XXXL,XXXL,1.0,428.0,428.0
2021-10-12,20211012,Oct-21,BTM031,BTM031-NP-L,L,1.0,315.0,315.0
2021-10-12,20211012,Oct-21,BTM031,BTM031-NP-XXXL,XXXL,1.0,315.0,315.0
2021-10-12,20211012,Oct-21,BTM044,BTM044-PP-L,L,1.0,428.0,428.0
2021-10-12,20211012,Oct-21,BTM044,BTM044-PP-XL,XL,1.0,428.0,428.0
2021-10-12,20211012,Oct-21,BTM044,BTM044-PP-XXL,XXL,1.0,428.0,428.0
2021-10-12,20211012,Oct-21,BTM044,BTM044-PP-XXXL,XXXL,1.0,428.0,428.0
2021-10-12,20211012,Oct-21,BTM042,BTM042-PP-L,L,1.0,428.0,428.0
2021-10-12,20211012,Oct-21,BTM042,BTM042-PP-XL,XL,1.0,428.0,428.0
2021-10-12,20211012,Oct-21,BTM042,BTM042-PP-XXL,XXL,1.0,428.0,428.0
2021-10-12,20211012,Oct-21,BTM042,BTM042-PP-XXXL,XXXL,1.0,428.0,428.0
2021-10-12,20211012,Oct-21,BTM036,BTM036-PP-L,L,1.0,428.0,428.0
2021-10-12,20211012,Oct-21,BTM036,BTM036-PP-XL,XL,1.0,428.0,428.0
2021-10-12,20211012,Oct-21,BTM036,BTM036-PP-XXL,XXL,1.0,428.0,428.0
2021-10-12,20211012,Oct-21,BTM036,BTM036-PP-XXXL,XXXL,1.0,428.0,428.0
2021-10-12,20211012,Oct-21,BTM002,BTM002-L,L,1.0,315.0,315.0
2021-10-12,20211012,Oct-21,BTM002,BTM002-XL,XL,1.0,315.0,315.0
2021-10-12,20211012,Oct-21,BTM002,BTM002-XXXL,XXXL,1.0,315.0,315.0
2021-10-12,20211012,Oct-21,J0100,J0100-DR-L,L,1.0,1156.0,1156.0
2021-10-12,20211012,Oct-21,J0102,J0102-SKD-L,L,1.0,1344.0,1344.0
2021-10-12,20211012,Oct-21,MEN5009,MEN5009-KR-L,L,1.0,549.0,549.0
2021-10-12,20211012,Oct-21,JNE3708,JNE3708-TU-L,L,1.0,656.0,656.0
2021-10-12,20211012,Oct-21,JNE3708,JNE3708-TU-XL,XL,1.0,656.0,656.0
2021-10-12,20211012,Oct-21,JNE3669,JNE3669-TU-M,M,1.0,450.0,450.0
2021-10-12,20211012,Oct-21,JNE3668,JNE3668-TP-M,M,1.0,431.0,431.0
2021-10-12,20211012,Oct-21,JNE3668,JNE3668-TP-L,L,1.0,431.0,431.0
2021-10-12,20211012,Oct-21,JNE3664,JNE3664-TP-XL,XL,1.0,531.0,531.0
2021-10-12,20211012,Oct-21,JNE3664,JNE3664-TP-XXL,XXL,1.0,531.0,531.0
2021-10-12,20211012,Oct-21,J0295,J0295-DR-L,L,1.0,741.0,741.0
2021-10-12,20211012,Oct-21,J0295,J0295-DR-XXXL,XXXL,1.0,741.0,741.0
2021-10-12,20211012,Oct-21,J0041,J0041-SET-M,M,1.0,884.0,884.0
2021-10-12,20211012,Oct-21,JNE3762,JNE3762-KR-M,M,1.0,556.0,556.0
2021-10-12,20211012,Oct-21,JNE3762,JNE3762-KR-XL,XL,1.0,556.0,556.0
2021-10-12,20211012,Oct-21,JNE3762,JNE3762-KR-XXXL,XXXL,1.0,556.0,556.0
2021-10-12,20211012,Oct-21,JNE3695,JNE3695-KR-M,M,1.0,431.0,431.0
2021-10-12,20211012,Oct-21,JNE3695,JNE3695-KR-XL,XL,1.0,431.0,431.0
2021-10-13,20211013,Oct-21,SET268,SET268-KR-NP-S,S,5.0,931.0,4655.0
2021-10-13,20211013,Oct-21,SET268,SET268-KR-NP-M,M,5.0,931.0,4655.0
2021-10-14,20211014,Oct-21,MEN5026,MEN5026-KR-S,S,2.0,561.0,1122.0
2021-10-14,20211014,Oct-21,MEN5026,MEN5026-KR-L,L,2.0,561.0,1122.0
2021-10-14,20211014,Oct-21,MEN5026,MEN5026-KR-XXL,XXL,2.0,561.0,1122.0
2021-10-14,20211014,Oct-21,MEN5023,MEN5023-KR-S,S,2.0,649.0,1298.0
2021-10-14,20211014,Oct-21,MEN5023,MEN5023-KR-XXL,XXL,2.0,649.0,1298.0
2021-10-14,20211014,Oct-21,MEN5025,MEN5025-KR-S,S,3.0,649.0,1947.0
2021-10-14,20211014,Oct-21,MEN5017,MEN5017-KR-S,S,2.0,661.0,1322.0
2021-10-14,20211014,Oct-21,MEN5017,MEN5017-KR-M,M,2.0,661.0,1322.0
2021-10-14,20211014,Oct-21,MEN5017,MEN5017-KR-L,L,2.0,661.0,1322.0
2021-10-14,20211014,Oct-21,MEN5017,MEN5017-KR-XXL,XXL,2.0,661.0,1322.0
2021-10-14,20211014,Oct-21,J0002,J0002-SKD-M,M,2.0,1366.0,2732.0
2021-10-14,20211014,Oct-21,JNE2049,JNE2049-KR-351-S,S,2.0,556.0,1112.0
2021-10-14,20211014,Oct-21,JNE2049,JNE2049-KR-351-M,M,2.0,556.0,1112.0
2021-10-14,20211014,Oct-21,JNE2049,JNE2049-KR-351-L,L,2.0,556.0,1112.0
2021-10-14,20211014,Oct-21,JNE2049,JNE2049-KR-351-XXL,XXL,2.0,556.0,1112.0
2021-10-14,20211014,Oct-21,JNE3255,JNE3255-KR-S,S,2.0,556.0,1112.0
2021-10-14,20211014,Oct-21,JNE3255,JNE3255-KR-M,M,2.0,556.0,1112.0
2021-10-14,20211014,Oct-21,JNE3255,JNE3255-KR-L,L,2.0,556.0,1112.0
2021-10-14,20211014,Oct-21,JNE2266,JNE2266-KR-490-S,S,1.0,528.0,528.0
2021-10-14,20211014,Oct-21,JNE2266,JNE2266-KR-490-M,M,1.0,528.0,528.0
2021-10-14,20211014,Oct-21,JNE2266,JNE2266-KR-490-L,L,1.0,528.0,528.0
2021-10-14,20211014,Oct-21,JNE2266,JNE2266-KR-490-XXL,XXL,1.0,528.0,528.0
2021-10-14,20211014,Oct-21,JNE3256,JNE3256-KR-S,S,2.0,556.0,1112.0
2021-10-14,20211014,Oct-21,JNE3256,JNE3256-KR-M,M,2.0,556.0,1112.0
2021-10-14,20211014,Oct-21,JNE3256,JNE3256-KR-L,L,2.0,556.0,1112.0
2021-10-14,20211014,Oct-21,JNE3256,JNE3256-KR-XXL,XXL,2.0,556.0,1112.0
2021-10-14,20211014,Oct-21,JNE3256,JNE3256-KR-XXXL,XXXL,2.0,556.0,1112.0
2021-10-14,20211014,Oct-21,MEN5029,MEN5029-KR-S,S,3.0,499.0,1497.0
2021-10-14,20211014,Oct-21,MEN5007,MEN5007-KR-S,S,3.0,499.0,1497.0
2021-10-14,20211014,Oct-21,MEN5015,MEN5015-KR-S,S,4.0,524.0,2096.0
2021-10-14,20211014,Oct-21,MEN5015,MEN5015-KR-XXL,XXL,2.0,524.0,1048.0
2021-10-14,20211014,Oct-21,MEN5014,MEN5014-KR-S,S,2.0,561.0,1122.0
2021-10-14,20211014,Oct-21,MEN5004,MEN5004-KR-S,S,3.0,586.0,1758.0
2021-10-14,20211014,Oct-21,MEN5004,MEN5004-KR-M,M,2.0,586.0,1172.0
2021-10-14,20211014,Oct-21,MEN5004,MEN5004-KR-XXL,XXL,2.0,586.0,1172.0
2021-10-14,20211014,Oct-21,SET254,SET254-KR-NP-L,L,1.0,1431.0,1431.0
2021-10-14,20211014,Oct-21,SET254,SET254-KR-NP-XL,XL,1.0,1431.0,1431.0
2021-10-14,20211014,Oct-21,SET240,SET240-KR-PP-M,M,1.0,769.0,769.0
2021-10-14,20211014,Oct-21,SET226,SET226-KR-PP-M,M,1.0,806.0,806.0
2021-10-14,20211014,Oct-21,SET226,SET226-KR-PP-XL,XL,1.0,806.0,806.0
2021-10-14,20211014,Oct-21,J0009,J0009-SKD-M,M,1.0,1133.0,1133.0
2021-10-14,20211014,Oct-21,J0284,J0284-SKD-L,L,1.0,1758.0,1758.0
2021-10-14,20211014,Oct-21,SET291,SET291-KR-PP-M,M,1.0,619.0,619.0
2021-10-14,20211014,Oct-21,SET291,SET291-KR-PP-XL,XL,1.0,619.0,619.0
2021-10-14,20211014,Oct-21,J0001,J0001-DR-L,L,1.0,664.0,664.0
2021-10-14,20211014,Oct-21,SET058,SET058-KR-NP-L,L,1.0,944.0,944.0
2021-10-14,20211014,Oct-21,SET172,SET172-KR-PP-L,L,1.0,1306.0,1306.0
2021-10-14,20211014,Oct-21,JNE3575,JNE3575-KR-XXL,XXL,1.0,450.0,450.0
2021-10-14,20211014,Oct-21,JNE3420,JNE3420-KR-XL,XL,1.0,431.0,431.0
2021-10-14,20211014,Oct-21,JNE3422,JNE3422-KR-L,L,1.0,431.0,431.0
2021-10-14,20211014,Oct-21,SET238,SET238-KR-PP-L,L,1.0,706.0,706.0
2021-10-14,20211014,Oct-21,SET238,SET238-KR-PP-XL,XL,1.0,706.0,706.0
2021-10-14,20211014,Oct-21,SET210,SET210-KR-PP-M,M,1.0,765.0,765.0
2021-10-14,20211014,Oct-21,SET210,SET210-KR-PP-L,L,1.0,765.0,765.0
2021-10-14,20211014,Oct-21,JNE3628,JNE3628-KR-L,L,1.0,450.0,450.0
2021-10-14,20211014,Oct-21,JNE3628,JNE3628-KR-XXL,XXL,1.0,450.0,450.0
2021-10-14,20211014,Oct-21,J0303,J0303-KR-M,M,1.0,625.0,625.0
2021-10-14,20211014,Oct-21,J0303,J0303-KR-L,L,1.0,625.0,625.0
2021-10-14,20211014,Oct-21,J0001,J0001-DR-XL,XL,1.0,664.0,664.0
2021-10-14,20211014,Oct-21,J0242,J0242-SKD-S,S,1.0,1366.0,1366.0
2021-10-15,20211015,Oct-21,JNE3637,JNE3637-KR-S,S,2.0,681.0,1294.0
2021-10-15,20211015,Oct-21,JNE3637,JNE3637-KR-M,M,2.0,681.0,1294.0
2021-10-15,20211015,Oct-21,JNE3637,JNE3637-KR-L,L,2.0,681.0,1294.0
2021-10-15,20211015,Oct-21,JNE3637,JNE3637-KR-XL,XL,2.0,681.0,1294.0
2021-10-15,20211015,Oct-21,JNE3637,JNE3637-KR-XXL,XXL,2.0,681.0,1294.0
2021-10-15,20211015,Oct-21,JNE3708,JNE3708-TU-XS,XS,1.0,656.0,623.0
2021-10-15,20211015,Oct-21,JNE3708,JNE3708-TU-S,S,2.0,656.0,1246.0
2021-10-15,20211015,Oct-21,JNE3708,JNE3708-TU-XXL,XXL,2.0,656.0,1246.0
2021-10-15,20211015,Oct-21,JNE3708,JNE3708-TU-XXXL,XXXL,2.0,656.0,1246.0
2021-10-15,20211015,Oct-21,JNE3729,JNE3729-KR-XS,XS,1.0,531.0,504.0
2021-10-15,20211015,Oct-21,JNE3729,JNE3729-KR-S,S,2.0,531.0,1009.0
2021-10-15,20211015,Oct-21,JNE3729,JNE3729-KR-M,M,2.0,531.0,1009.0
2021-10-15,20211015,Oct-21,JNE3729,JNE3729-KR-L,L,2.0,531.0,1009.0
2021-10-15,20211015,Oct-21,JNE3729,JNE3729-KR-XL,XL,2.0,531.0,1009.0
2021-10-15,20211015,Oct-21,JNE3729,JNE3729-KR-XXL,XXL,2.0,531.0,1009.0
2021-10-15,20211015,Oct-21,JNE3729,JNE3729-KR-XXXL,XXXL,2.0,531.0,1009.0
2021-10-15,20211015,Oct-21,JNE3396,JNE3396-KR-XS,XS,1.0,556.0,528.0
2021-10-15,20211015,Oct-21,JNE3396,JNE3396-KR-S,S,2.0,556.0,1056.0
2021-10-15,20211015,Oct-21,JNE3396,JNE3396-KR-M,M,2.0,556.0,1056.0
2021-10-15,20211015,Oct-21,JNE3396,JNE3396-KR-L,L,2.0,556.0,1056.0
2021-10-15,20211015,Oct-21,JNE3396,JNE3396-KR-XL,XL,2.0,556.0,1056.0
2021-10-15,20211015,Oct-21,JNE3396,JNE3396-KR-XXL,XXL,2.0,556.0,1056.0
2021-10-15,20211015,Oct-21,JNE3396,JNE3396-KR-XXXL,XXXL,2.0,556.0,1056.0
2021-10-15,20211015,Oct-21,JNE3273,JNE3273-KR-XS,XS,1.0,623.0,592.0
2021-10-15,20211015,Oct-21,JNE3391,JNE3391-KR-XXXL,XXXL,2.0,618.75,1176.0
2021-10-15,20211015,Oct-21,JNE2100,JNE2100-KR-144-XS,XS,1.0,468.75,445.0
2021-10-15,20211015,Oct-21,JNE2100,JNE2100-KR-144-S,S,2.0,468.75,891.0
2021-10-15,20211015,Oct-21,JNE2100,JNE2100-KR-144-M,M,2.0,468.75,891.0
2021-10-15,20211015,Oct-21,JNE2100,JNE2100-KR-144-L,L,2.0,468.75,891.0
2021-10-15,20211015,Oct-21,JNE2100,JNE2100-KR-144-XL,XL,2.0,468.75,891.0
2021-10-15,20211015,Oct-21,JNE2100,JNE2100-KR-144-XXL,XXL,2.0,468.75,891.0
2021-10-15,20211015,Oct-21,JNE2100,JNE2100-KR-144-XXXL,XXXL,2.0,468.75,891.0
2021-10-15,20211015,Oct-21,JNE3573,JNE3573-KR-XS,XS,1.0,531.25,505.0
2021-10-15,20211015,Oct-21,JNE3573,JNE3573-KR-S,S,2.0,531.25,1009.0
2021-10-15,20211015,Oct-21,JNE3573,JNE3573-KR-M,M,2.0,531.25,1009.0
2021-10-15,20211015,Oct-21,JNE3573,JNE3573-KR-L,L,2.0,531.25,1009.0
2021-10-15,20211015,Oct-21,JNE3573,JNE3573-KR-XL,XL,2.0,531.25,1009.0
2021-10-15,20211015,Oct-21,JNE3573,JNE3573-KR-XXL,XXL,2.0,531.25,1009.0
2021-10-15,20211015,Oct-21,JNE3573,JNE3573-KR-XXXL,XXXL,2.0,531.25,1009.0
2021-10-15,20211015,Oct-21,JNE3606,JNE3606-KR-XS,XS,1.0,450.0,428.0
2021-10-15,20211015,Oct-21,JNE3606,JNE3606-KR-S,S,2.0,450.0,855.0
2021-10-15,20211015,Oct-21,JNE3606,JNE3606-KR-M,M,2.0,450.0,855.0
2021-10-15,20211015,Oct-21,JNE3606,JNE3606-KR-L,L,2.0,450.0,855.0
2021-10-15,20211015,Oct-21,JNE3606,JNE3606-KR-XL,XL,2.0,450.0,855.0
2021-10-15,20211015,Oct-21,JNE3606,JNE3606-KR-XXL,XXL,2.0,450.0,855.0
2021-10-15,20211015,Oct-21,JNE3606,JNE3606-KR-XXXL,XXXL,2.0,450.0,855.0
2021-10-15,20211015,Oct-21,JNE3605,JNE3605-KR-XS,XS,1.0,450.0,428.0
2021-10-15,20211015,Oct-21,JNE3605,JNE3605-KR-S,S,2.0,450.0,855.0
2021-10-15,20211015,Oct-21,JNE3605,JNE3605-KR-M,M,2.0,450.0,855.0
2021-10-15,20211015,Oct-21,JNE3605,JNE3605-KR-L,L,2.0,450.0,855.0
2021-10-15,20211015,Oct-21,JNE3605,JNE3605-KR-XL,XL,2.0,450.0,855.0
2021-10-15,20211015,Oct-21,JNE3605,JNE3605-KR-XXL,XXL,2.0,450.0,855.0
2021-10-15,20211015,Oct-21,JNE3605,JNE3605-KR-XXXL,XXXL,2.0,450.0,855.0
2021-10-15,20211015,Oct-21,JNE3273,JNE3273-KR-S,S,2.0,622.5,1183.0
2021-10-15,20211015,Oct-21,JNE3273,JNE3273-KR-M,M,2.0,622.5,1183.0
2021-10-15,20211015,Oct-21,JNE3273,JNE3273-KR-L,L,2.0,622.5,1183.0
2021-10-15,20211015,Oct-21,JNE3273,JNE3273-KR-XL,XL,2.0,622.5,1183.0
2021-10-15,20211015,Oct-21,JNE3273,JNE3273-KR-XXL,XXL,2.0,622.5,1183.0
2021-10-15,20211015,Oct-21,JNE3273,JNE3273-KR-XXXL,XXXL,2.0,622.5,1183.0
2021-10-15,20211015,Oct-21,JNE3539,JNE3539-KR-XS,XS,1.0,512.5,487.0
2021-10-15,20211015,Oct-21,JNE3539,JNE3539-KR-S,S,2.0,512.5,974.0
2021-10-15,20211015,Oct-21,JNE3539,JNE3539-KR-M,M,2.0,512.5,974.0
2021-10-15,20211015,Oct-21,JNE3539,JNE3539-KR-L,L,2.0,512.5,974.0
2021-10-15,20211015,Oct-21,JNE3539,JNE3539-KR-XL,XL,2.0,512.5,974.0
2021-10-15,20211015,Oct-21,JNE3539,JNE3539-KR-XXL,XXL,2.0,512.5,974.0
2021-10-15,20211015,Oct-21,JNE3539,JNE3539-KR-XXXL,XXXL,2.0,512.5,974.0
2021-10-15,20211015,Oct-21,JNE3225,JNE3225-KR-XS,XS,1.0,450.0,428.0
2021-10-15,20211015,Oct-21,JNE3225,JNE3225-KR-S,S,2.0,450.0,855.0
2021-10-15,20211015,Oct-21,JNE3225,JNE3225-KR-M,M,2.0,450.0,855.0
2021-10-15,20211015,Oct-21,JNE3225,JNE3225-KR-L,L,2.0,450.0,855.0
2021-10-15,20211015,Oct-21,JNE3225,JNE3225-KR-XL,XL,2.0,450.0,855.0
2021-10-15,20211015,Oct-21,JNE3225,JNE3225-KR-XXL,XXL,2.0,450.0,855.0
2021-10-15,20211015,Oct-21,JNE3225,JNE3225-KR-XXXL,XXXL,2.0,450.0,855.0
2021-10-15,20211015,Oct-21,JNE3391,JNE3391-KR-XS,XS,1.0,618.75,588.0
2021-10-15,20211015,Oct-21,JNE3391,JNE3391-KR-S,S,2.0,618.75,1176.0
2021-10-15,20211015,Oct-21,JNE3391,JNE3391-KR-M,M,2.0,618.75,1176.0
2021-10-15,20211015,Oct-21,JNE3391,JNE3391-KR-L,L,2.0,618.75,1176.0
2021-10-15,20211015,Oct-21,JNE3391,JNE3391-KR-XL,XL,2.0,618.75,1176.0
2021-10-15,20211015,Oct-21,JNE3391,JNE3391-KR-XXL,XXL,2.0,618.75,1176.0
2021-10-18,20211018,Oct-21,MEN5016,MEN5016-KR-S,S,1.0,611.0,611.0
2021-10-18,20211018,Oct-21,MEN5016,MEN5016-KR-M,M,1.0,611.0,611.0
2021-10-18,20211018,Oct-21,MEN5002,MEN5002-KR-S,S,1.0,611.0,611.0
2021-10-18,20211018,Oct-21,MEN5002,MEN5002-KR-L,L,1.0,611.0,611.0
2021-10-18,20211018,Oct-21,MEN5002,MEN5002-KR-XL.,XL,1.0,611.0,611.0
2021-10-18,20211018,Oct-21,MEN5009,MEN5009-KR-S,S,1.0,611.0,611.0
2021-10-18,20211018,Oct-21,MEN5009,MEN5009-KR-M,M,1.0,611.0,611.0
2021-10-18,20211018,Oct-21,MEN5009,MEN5009-KR-L,L,2.0,611.0,1222.0
2021-10-18,20211018,Oct-21,MEN5009,MEN5009-KR-XL,XL,1.0,611.0,611.0
2021-10-18,20211018,Oct-21,JNE2171,JNE2171-KR-437-L,L,1.0,613.0,613.0
2021-10-18,20211018,Oct-21,BL092,BL092-M,M,1.0,400.0,400.0
2021-10-18,20211018,Oct-21,BL092,BL092-L,L,1.0,400.0,400.0
2021-10-18,20211018,Oct-21,BL092,BL092-XL,XL,1.0,400.0,400.0
2021-10-18,20211018,Oct-21,BL092,BL092-XXL,XXL,1.0,400.0,400.0
2021-10-18,20211018,Oct-21,BL085,BL085-M,M,1.0,400.0,400.0
2021-10-18,20211018,Oct-21,BL085,BL085-L,L,1.0,400.0,400.0
2021-10-18,20211018,Oct-21,BL085,BL085-XL,XL,1.0,400.0,400.0
2021-10-18,20211018,Oct-21,BL085,BL085-XXL,XXL,1.0,400.0,400.0
2021-10-18,20211018,Oct-21,BL020,BL020-71RED,Free,1.0,281.0,281.0
2021-10-18,20211018,Oct-21,BL087,BL087-M,M,1.0,400.0,400.0
2021-10-18,20211018,Oct-21,BL087,BL087-L,L,1.0,400.0,400.0
2021-10-18,20211018,Oct-21,BL087,BL087-XL,XL,1.0,400.0,400.0
2021-10-18,20211018,Oct-21,BL087,BL087-XXL,XXL,1.0,400.0,400.0
2021-10-18,20211018,Oct-21,BL107,BL107-M,M,1.0,400.0,400.0
2021-10-18,20211018,Oct-21,BL107,BL107-L,L,1.0,400.0,400.0
2021-10-18,20211018,Oct-21,BL107,BL107-XL,XL,1.0,400.0,400.0
2021-10-18,20211018,Oct-21,BL107,BL107-XXL,XXL,1.0,400.0,400.0
2021-10-18,20211018,Oct-21,BL084,BL084-187GOLD,Free,1.0,303.0,303.0
2021-10-18,20211018,Oct-21,BL078,BL078-87BLACK,Free,1.0,303.0,303.0
2021-10-18,20211018,Oct-21,BL030,BL030-78BEIGE,Free,1.0,281.0,281.0
2021-10-18,20211018,Oct-21,BL104,BL104-M,M,1.0,438.0,438.0
2021-10-18,20211018,Oct-21,BL104,BL104-XL,XL,1.0,438.0,438.0
2021-10-18,20211018,Oct-21,BL104,BL104-XXL,XXL,1.0,438.0,438.0
2021-10-18,20211018,Oct-21,BL103,BL103-XXL,XXL,1.0,400.0,400.0
2021-10-20,20211020,Oct-21,NW030,NW030-TP-PJ-S,S,1.0,806.0,774.0
2021-10-20,20211020,Oct-21,NW030,NW030-TP-PJ-M,M,1.0,806.0,774.0
2021-10-20,20211020,Oct-21,NW030,NW030-TP-PJ-L,L,1.0,806.0,774.0
2021-10-20,20211020,Oct-21,NW030,NW030-TP-PJ-XL,XL,1.0,806.0,774.0
2021-10-20,20211020,Oct-21,NW030,NW030-TP-PJ-XXL,XXL,1.0,806.0,774.0
2021-10-20,20211020,Oct-21,NW014,NW014-ST-SR-S,S,1.0,850.0,816.0
2021-10-20,20211020,Oct-21,NW014,NW014-ST-SR-M,M,1.0,850.0,816.0
2021-10-20,20211020,Oct-21,NW014,NW014-ST-SR-L,L,1.0,850.0,816.0
2021-10-20,20211020,Oct-21,NW014,NW014-ST-SR-XL,XL,1.0,850.0,816.0
2021-10-20,20211020,Oct-21,NW014,NW014-ST-SR-XXL,XXL,1.0,850.0,816.0
2021-10-20,20211020,Oct-21,J0196,J0196-TP-S,S,1.0,585.0,562.0
2021-10-20,20211020,Oct-21,J0196,J0196-TP-M,M,1.0,585.0,562.0
2021-10-20,20211020,Oct-21,J0196,J0196-TP-L,L,1.0,585.0,562.0
2021-10-20,20211020,Oct-21,J0196,J0196-TP-XL,XL,1.0,585.0,562.0
2021-10-20,20211020,Oct-21,J0196,J0196-TP-XXL,XXL,1.0,585.0,562.0
2021-10-20,20211020,Oct-21,J0153,J0153-DR-S,S,1.0,585.0,562.0
2021-10-20,20211020,Oct-21,J0153,J0153-DR-M,M,1.0,585.0,562.0
2021-10-20,20211020,Oct-21,J0153,J0153-DR-L,L,1.0,585.0,562.0
2021-10-20,20211020,Oct-21,J0153,J0153-DR-XL,XL,1.0,585.0,562.0
2021-10-20,20211020,Oct-21,J0153,J0153-DR-XXL,XXL,1.0,585.0,562.0
2021-10-20,20211020,Oct-21,J0335,J0335-DR-S,S,1.0,859.0,825.0
2021-10-20,20211020,Oct-21,J0335,J0335-DR-M,M,1.0,859.0,825.0
2021-10-20,20211020,Oct-21,J0335,J0335-DR-L,L,1.0,859.0,825.0
2021-10-20,20211020,Oct-21,J0335,J0335-DR-XL,XL,1.0,859.0,825.0
2021-10-20,20211020,Oct-21,J0335,J0335-DR-XXL,XXL,1.0,859.0,825.0
2021-10-20,20211020,Oct-21,J0333,J0333-DR-S,S,1.0,820.0,787.0
2021-10-20,20211020,Oct-21,J0333,J0333-DR-M,M,1.0,820.0,787.0
2021-10-20,20211020,Oct-21,J0333,J0333-DR-L,L,1.0,820.0,787.0
2021-10-20,20211020,Oct-21,J0333,J0333-DR-XL,XL,1.0,820.0,787.0
2021-10-20,20211020,Oct-21,J0333,J0333-DR-XXL,XXL,1.0,820.0,787.0
2021-10-20,20211020,Oct-21,JNE3784,JNE3784-KR-XS,XS,1.0,556.0,534.0
2021-10-20,20211020,Oct-21,JNE3784,JNE3784-KR-S,S,1.0,556.0,534.0
2021-10-20,20211020,Oct-21,JNE3784,JNE3784-KR-M,M,1.0,556.0,534.0
2021-10-20,20211020,Oct-21,JNE3784,JNE3784-KR-L,L,1.0,556.0,534.0
2021-10-20,20211020,Oct-21,JNE3784,JNE3784-KR-XL,XL,1.0,556.0,534.0
2021-10-20,20211020,Oct-21,JNE3784,JNE3784-KR-XXL,XXL,1.0,744.0,714.0
2021-10-20,20211020,Oct-21,JNE3707,JNE3707-DR-M,M,1.0,744.0,714.0
2021-10-20,20211020,Oct-21,JNE3707,JNE3707-DR-L,L,1.0,744.0,714.0
2021-10-20,20211020,Oct-21,JNE3707,JNE3707-DR-XL,XL,1.0,744.0,714.0
2021-10-20,20211020,Oct-21,JNE3707,JNE3707-DR-XXL,XXL,1.0,744.0,714.0
2021-10-20,20211020,Oct-21,JNE3710,JNE3710-DR-S,S,1.0,619.0,594.0
2021-10-20,20211020,Oct-21,JNE3710,JNE3710-DR-M,M,1.0,619.0,594.0
2021-10-20,20211020,Oct-21,JNE3710,JNE3710-DR-L,L,1.0,619.0,594.0
2021-10-20,20211020,Oct-21,JNE3710,JNE3710-DR-XL,XL,1.0,619.0,594.0
2021-10-20,20211020,Oct-21,JNE3710,JNE3710-DR-XXL,XXL,1.0,619.0,594.0
2021-10-20,20211020,Oct-21,BTM027,BTM027-NP-XS,XS,1.0,315.0,302.0
2021-10-20,20211020,Oct-21,BTM027,BTM027-NP-S,S,1.0,315.0,302.0
2021-10-20,20211020,Oct-21,BTM027,BTM027-NP-M,M,1.0,315.0,302.0
2021-10-20,20211020,Oct-21,BTM027,BTM027-NP-L,L,1.0,315.0,302.0
2021-10-20,20211020,Oct-21,BTM027,BTM027-NP-XL,XL,1.0,315.0,302.0
2021-10-20,20211020,Oct-21,SET043,SET043-KR-NP-XXXL,XXXL,1.0,1181.0,1146.0
2021-10-20,20211020,Oct-21,J0006,J0006-SET-XS,XS,5.0,938.0,4549.0
2021-10-20,20211020,Oct-21,J0006,J0006-SET-XXL,XXL,1.0,938.0,910.0
2021-10-20,20211020,Oct-21,SET234,SET234-KR-PP-S,S,1.0,509.0,494.0
2021-10-20,20211020,Oct-21,J0009,J0009-SKD-S,S,1.0,1133.0,1099.0
2021-10-20,20211020,Oct-21,J0277,J0277-SKD-S,S,5.0,1758.0,8526.0
2021-10-20,20211020,Oct-21,J0277,J0277-SKD-M,M,1.0,1758.0,1705.0
2021-10-20,20211020,Oct-21,J0277,J0277-SKD-XL,XL,1.0,1758.0,1705.0
2021-10-20,20211020,Oct-21,J0242,J0242-SKD-XS,XS,2.0,1366.0,2650.0
2021-10-20,20211020,Oct-21,J0242,J0242-SKD-S,S,5.0,1366.0,6625.0
2021-10-20,20211020,Oct-21,SET236,SET236-KR-PP-S,S,1.0,850.0,824.0
2021-10-20,20211020,Oct-21,J0094,J0094-KR-M,M,1.0,894.0,867.0
2021-10-20,20211020,Oct-21,JNE3697,JNE3697-KR-L,L,1.0,431.0,418.0
2021-10-20,20211020,Oct-21,J0006,J0006-SET-XS,XS,3.0,938.0,2730.0
2021-10-20,20211020,Oct-21,J0006,J0006-SET-L,L,2.0,938.0,1820.0
2021-10-20,20211020,Oct-21,J0230,J0230-SKD-XS,XS,1.0,1445.0,1402.0
2021-10-20,20211020,Oct-21,J0305,J0305-DR-L,L,1.0,688.0,688.0
2021-10-20,20211020,Oct-21,JNE3670,JNE3670-TU-L,L,1.0,538.0,538.0
2021-10-20,20211020,Oct-21,JNE3631,JNE3631-DR-L,L,1.0,736.0,736.0
2021-10-20,20211020,Oct-21,J0296,J0296-DR-L,L,1.0,688.0,688.0
2021-10-20,20211020,Oct-21,J0154,J0154-DR-XS,XS,1.0,463.0,463.0
2021-10-20,20211020,Oct-21,J0335,J0335-DR-XS,XS,1.0,850.0,850.0
2021-10-20,20211020,Oct-21,JNE2153,JNE2153-KR-278-XS,XS,1.0,618.0,618.0
2021-10-20,20211020,Oct-21,SET128,SET128-KR-DH-XS,XS,1.0,1200.0,1200.0
2021-10-20,20211020,Oct-21,SET110,SET110-KR-PP-XS,XS,1.0,925.0,925.0
2021-10-20,20211020,Oct-21,SET184,SET184-KR-PP-XS,XS,1.0,613.0,613.0
2021-10-20,20211020,Oct-21,JNE3614,JNE3614-KR-XS,XS,1.0,563.0,563.0
2021-10-20,20211020,Oct-21,JNE3638,JNE3638-KR-XS,XS,1.0,625.0,625.0
2021-10-20,20211020,Oct-21,J0196,J0196-TP-XS,XS,1.0,563.0,563.0
2021-10-20,20211020,Oct-21,JNE3641,JNE3641-TP-XS,XS,1.0,425.0,425.0
2021-10-20,20211020,Oct-21,SET264,SET264-KR-NP-L,L,1.0,975.0,975.0
2021-10-20,20211020,Oct-21,SET266,SET266-KR-NP-L,L,1.0,925.0,925.0
2021-10-20,20211020,Oct-21,SET267,SET267-KR-NP-L,L,1.0,925.0,925.0
2021-10-20,20211020,Oct-21,J0230,J0230-SKD-L,L,1.0,1425.0,1425.0
2021-10-20,20211020,Oct-21,JNE3261,JNE3261-KR-L,L,1.0,486.0,486.0
2021-10-20,20211020,Oct-21,JNE3537,JNE3537-KR-L,L,1.0,462.0,462.0
2021-10-20,20211020,Oct-21,J0001,J0001-DR-L,L,1.0,650.0,650.0
2021-10-20,20211020,Oct-21,J0170,J0170-TP-L,L,1.0,383.0,383.0
2021-10-20,20211020,Oct-21,JNE3665,JNE3665-TP-L,L,1.0,388.0,388.0
2021-10-21,20211021,Oct-21,J0009,J0009-SKD-L,L,1.0,1125.0,1102.0
2021-10-21,20211021,Oct-21,J0102,J0102-SKD-L,L,1.0,1350.0,1323.0
2021-10-21,20211021,Oct-21,JNE2307,JNE2307-KR-572-L,L,1.0,513.0,503.0
2021-10-21,20211021,Oct-21,JNE3405,JNE3405-KR-L,L,1.0,425.0,416.0
2021-10-21,20211021,Oct-21,JNE3435,JNE3435-KR-L,L,1.0,425.0,416.0
2021-10-21,20211021,Oct-21,JNE3440,JNE3440-KR-L,L,1.0,425.0,416.0
2021-10-21,20211021,Oct-21,JNE3474,JNE3474-KR-L.,L,1.0,588.0,576.0
2021-10-21,20211021,Oct-21,JNE3553,JNE3553-KR-L,L,1.0,463.0,454.0
2021-10-21,20211021,Oct-21,JNE3554,JNE3554-KR-L,L,1.0,463.0,454.0
2021-10-21,20211021,Oct-21,JNE3555,JNE3555-KR-L,L,1.0,463.0,454.0
2021-10-21,20211021,Oct-21,JNE3573,JNE3573-KR-L,L,1.0,510.0,500.0
2021-10-21,20211021,Oct-21,JNE3574,JNE3574-KR-L,L,1.0,425.0,416.0
2021-10-21,20211021,Oct-21,JNE3618,JNE3618-KR-L,L,1.0,450.0,441.0
2021-10-21,20211021,Oct-21,JNE3766,JNE3766-KR-L,L,1.0,588.0,576.0
2021-10-21,20211021,Oct-21,JNE3767,JNE3767-KR-L,L,1.0,513.0,503.0
2021-10-21,20211021,Oct-21,SET236,SET236-KR-PP-L,L,1.0,850.0,833.0
2021-10-21,20211021,Oct-21,SET233,SET233-KR-PP-L,L,1.0,850.0,833.0
2021-10-21,20211021,Oct-21,SET251,SET251-KR-PP-L,L,1.0,843.0,826.0
2021-10-21,20211021,Oct-21,SET281,SET281-KR-PP-L,L,1.0,808.0,792.0
2021-10-21,20211021,Oct-21,SET297,SET297-KR-NP-L,L,1.0,813.0,797.0
2021-10-21,20211021,Oct-21,SET058,SET058-KR-NP-XXL,XXL,1.0,974.0,955.0
2021-10-21,20211021,Oct-21,SET200,SET200-KR-NP-XXL,XXL,1.0,888.0,870.0
2021-10-21,20211021,Oct-21,SET228,SET228-KR-PP-XXL,XXL,1.0,850.0,833.0
2021-10-21,20211021,Oct-21,J0284,J0284-SKD-XXL,XXL,1.0,1738.0,1703.0
2021-10-21,20211021,Oct-21,SET098,SET098-KR-PP-XS,XS,1.0,855.0,838.0
2021-10-21,20211021,Oct-21,SET145,SET145-KR-NP-L,L,1.0,925.0,906.0
2021-10-21,20211021,Oct-21,JNE3560,JNE3560-KR-L,L,1.0,463.0,454.0
2021-10-21,20211021,Oct-21,SET232,SET232-KR-PP-L,L,1.0,850.0,833.0
2021-10-21,20211021,Oct-21,JNE3770,JNE3770-KR-L,L,1.0,513.0,503.0
2021-10-21,20211021,Oct-21,JNE2100,JNE2100-KR-144-M,M,1.0,486.0,476.0
2021-10-21,20211021,Oct-21,J0372,J0372-SKD-M,M,1.0,1238.0,1213.0
2021-10-21,20211021,Oct-21,JNE3547,JNE3547-KR-L,L,1.0,463.0,454.0
2021-10-21,20211021,Oct-21,J0004,J0004-SKD-L,L,1.0,1350.0,1323.0
2021-10-21,20211021,Oct-21,JNE3288,JNE3288-KR-L,L,1.0,700.0,686.0
2021-10-21,20211021,Oct-21,J0006,J0006-SET-XL,XL,1.0,925.0,906.0
2021-10-21,20211021,Oct-21,JNE3384,JNE3384-KR-L,L,1.0,450.0,441.0
2021-10-21,20211021,Oct-21,JNE3500,JNE3500-KR-L,L,1.0,594.0,582.0
2021-10-21,20211021,Oct-21,JNE3539,JNE3539-KR-XL,XL,1.0,475.0,466.0
2021-10-21,20211021,Oct-21,BTM047,BTM047-PP-XL,XL,1.0,439.0,430.0
2021-10-21,20211021,Oct-21,J0090,J0090-TP-S,S,1.0,741.0,741.0
2021-10-21,20211021,Oct-21,J0090,J0090-TP-M,M,1.0,741.0,741.0
2021-10-21,20211021,Oct-21,J0090,J0090-TP-L,L,1.0,741.0,741.0
2021-10-21,20211021,Oct-21,J0090,J0090-TP-XL,XL,1.0,741.0,741.0
2021-10-21,20211021,Oct-21,J0090,J0090-TP-XXL,XXL,1.0,741.0,741.0
2021-10-21,20211021,Oct-21,J0172,J0172-TP-S,S,1.0,388.0,388.0
2021-10-21,20211021,Oct-21,J0172,J0172-TP-M,M,1.0,388.0,388.0
2021-10-21,20211021,Oct-21,J0172,J0172-TP-L,L,1.0,388.0,388.0
2021-10-21,20211021,Oct-21,J0172,J0172-TP-XL,XL,1.0,388.0,388.0
2021-10-21,20211021,Oct-21,J0172,J0172-TP-XXL,XXL,1.0,388.0,388.0
2021-10-21,20211021,Oct-21,J0167,J0167-KR-S,S,1.0,411.0,411.0
2021-10-21,20211021,Oct-21,J0167,J0167-KR-M,M,1.0,411.0,411.0
2021-10-21,20211021,Oct-21,J0167,J0167-KR-L,L,1.0,411.0,411.0
2021-10-21,20211021,Oct-21,J0167,J0167-KR-XL,XL,1.0,411.0,411.0
2021-10-21,20211021,Oct-21,J0167,J0167-KR-XXL,XXL,1.0,411.0,411.0
2021-10-21,20211021,Oct-21,J0130,J0130-SET-S,S,1.0,1029.0,1029.0
2021-10-21,20211021,Oct-21,J0130,J0130-SET-M,M,1.0,1029.0,1029.0
2021-10-21,20211021,Oct-21,J0130,J0130-SET-L.,L,1.0,1029.0,1029.0
2021-10-21,20211021,Oct-21,J0130,J0130-SET-XL,XL,1.0,1029.0,1029.0
2021-10-21,20211021,Oct-21,J0130,J0130-SET-XXL,XXL,1.0,1029.0,1029.0
2021-10-21,20211021,Oct-21,J0335,J0335-DR-S,S,1.0,859.0,859.0
2021-10-21,20211021,Oct-21,J0335,J0335-DR-M,M,1.0,859.0,859.0
2021-10-21,20211021,Oct-21,J0335,J0335-DR-L,L,1.0,859.0,859.0
2021-10-21,20211021,Oct-21,J0335,J0335-DR-XL,XL,1.0,859.0,859.0
2021-10-21,20211021,Oct-21,J0335,J0335-DR-XXL,XXL,1.0,859.0,859.0
2021-10-21,20211021,Oct-21,J0336,J0336-TP-S,S,1.0,546.0,546.0
2021-10-21,20211021,Oct-21,J0336,J0336-TP-M,M,1.0,546.0,546.0
2021-10-21,20211021,Oct-21,J0336,J0336-TP-L,L,1.0,546.0,546.0
2021-10-21,20211021,Oct-21,J0336,J0336-TP-XL,XL,1.0,546.0,546.0
2021-10-21,20211021,Oct-21,J0336,J0336-TP-XXL,XXL,1.0,546.0,546.0
2021-10-21,20211021,Oct-21,J0001,J0001-DR-S,S,1.0,664.0,664.0
2021-10-21,20211021,Oct-21,J0001,J0001-DR-M,M,1.0,664.0,664.0
2021-10-21,20211021,Oct-21,J0001,J0001-DR-L,L,1.0,664.0,664.0
2021-10-21,20211021,Oct-21,J0001,J0001-DR-XL,XL,1.0,664.0,664.0
2021-10-21,20211021,Oct-21,J0001,J0001-DR-XXL,XXL,1.0,664.0,664.0
2021-10-21,20211021,Oct-21,J0129,J0129-SET-S,S,1.0,1213.0,1213.0
2021-10-21,20211021,Oct-21,J0129,J0129-SET-M,M,1.0,1213.0,1213.0
2021-10-21,20211021,Oct-21,J0129,J0129-SET-L,L,1.0,1213.0,1213.0
2021-10-21,20211021,Oct-21,J0129,J0129-SET-XL,XL,1.0,1213.0,1213.0
2021-10-21,20211021,Oct-21,J0129,J0129-SET-XXL,XXL,1.0,1213.0,1213.0
2021-10-21,20211021,Oct-21,J0103,J0103-SKD-S,S,1.0,1556.0,1556.0
2021-10-21,20211021,Oct-21,J0103,J0103-SKD-M,M,1.0,1556.0,1556.0
2021-10-21,20211021,Oct-21,J0103,J0103-SKD-L,L,1.0,1556.0,1556.0
2021-10-21,20211021,Oct-21,J0103,J0103-SKD-XL,XL,1.0,1556.0,1556.0
2021-10-21,20211021,Oct-21,J0103,J0103-SKD-XXL,XXL,1.0,1556.0,1556.0
2021-10-21,20211021,Oct-21,J0277,J0277-SKD-S,S,2.0,1758.0,3516.0
2021-10-21,20211021,Oct-21,J0277,J0277-SKD-M,M,2.0,1758.0,3516.0
2021-10-21,20211021,Oct-21,J0277,J0277-SKD-L,L,2.0,1758.0,3516.0
2021-10-21,20211021,Oct-21,J0277,J0277-SKD-XL,XL,2.0,1757.5,3515.0
2021-10-21,20211021,Oct-21,J0277,J0277-SKD-XXL,XXL,2.0,1757.5,3515.0
2021-10-21,20211021,Oct-21,JNE3620,JNE3620-KR-S,S,1.0,537.5,538.0
2021-10-21,20211021,Oct-21,JNE3620,JNE3620-KR-M,M,1.0,537.5,538.0
2021-10-21,20211021,Oct-21,JNE3620,JNE3620-KR-L,L,1.0,537.5,538.0
2021-10-21,20211021,Oct-21,JNE3620,JNE3620-KR-XL,XL,1.0,537.5,538.0
2021-10-21,20211021,Oct-21,JNE3620,JNE3620-KR-XXL,XXL,1.0,537.5,538.0
2021-10-21,20211021,Oct-21,JNE3667,JNE3667-TP-S,S,1.0,431.25,431.0
2021-10-21,20211021,Oct-21,JNE3667,JNE3667-TP-M.,M,1.0,431.25,431.0
2021-10-21,20211021,Oct-21,JNE3667,JNE3667-TP-L,L,1.0,431.25,431.0
2021-10-21,20211021,Oct-21,JNE3667,JNE3667-TP-XL,XL,1.0,431.25,431.0
2021-10-21,20211021,Oct-21,JNE3667,JNE3667-TP-XXL,XXL,1.0,431.25,431.0
2021-10-21,20211021,Oct-21,JNE3656,JNE3656-TP-S,S,1.0,431.25,431.0
2021-10-21,20211021,Oct-21,JNE3656,JNE3656-TP-M,M,1.0,431.25,431.0
2021-10-21,20211021,Oct-21,JNE3656,JNE3656-TP-L,L,1.0,431.25,431.0
2021-10-21,20211021,Oct-21,JNE3656,JNE3656-TP-XL,XL,1.0,431.25,431.0
2021-10-21,20211021,Oct-21,JNE3656,JNE3656-TP-XXL,XXL,1.0,431.25,431.0
2021-10-21,20211021,Oct-21,JNE3725,JNE3725-KR-S,S,2.0,512.5,1025.0
2021-10-21,20211021,Oct-21,JNE3725,JNE3725-KR-M,M,2.0,512.5,1025.0
2021-10-21,20211021,Oct-21,JNE3725,JNE3725-KR-L,L,2.0,512.5,1025.0
2021-10-21,20211021,Oct-21,JNE3725,JNE3725-KR-XL,XL,2.0,512.5,1025.0
2021-10-21,20211021,Oct-21,JNE3725,JNE3725-KR-XXL,XXL,2.0,512.5,1025.0
2021-10-21,20211021,Oct-21,JNE3611,JNE3611-KR-S,S,1.0,537.5,538.0
2021-10-21,20211021,Oct-21,JNE3611,JNE3611-KR-M,M,1.0,537.5,538.0
2021-10-21,20211021,Oct-21,JNE3611,JNE3611-KR-L,L,1.0,537.5,538.0
2021-10-21,20211021,Oct-21,JNE3611,JNE3611-KR-XL,XL,1.0,537.5,538.0
2021-10-21,20211021,Oct-21,JNE3611,JNE3611-KR-XXL,XXL,1.0,537.5,538.0
2021-10-21,20211021,Oct-21,SET221,SET221-KR-NP-S,S,1.0,1156.25,1156.0
2021-10-21,20211021,Oct-21,SET221,SET221-KR-NP-M,M,1.0,1156.25,1156.0
2021-10-21,20211021,Oct-21,SET221,SET221-KR-NP-L,L,1.0,1156.25,1156.0
2021-10-21,20211021,Oct-21,SET221,SET221-KR-NP-XL,XL,1.0,1156.25,1156.0
2021-10-21,20211021,Oct-21,SET221,SET221-KR-NP-XXL,XXL,1.0,1156.25,1156.0
2021-10-21,20211021,Oct-21,SET154,SET154-KR-NP-S,S,1.0,893.75,894.0
2021-10-21,20211021,Oct-21,SET154,SET154-KR-NP-M,M,1.0,893.75,894.0
2021-10-21,20211021,Oct-21,SET154,SET154-KR-NP-L,L,1.0,893.75,894.0
2021-10-21,20211021,Oct-21,SET154,SET154-KR-NP-XL,XL,1.0,893.75,894.0
2021-10-21,20211021,Oct-21,SET154,SET154-KR-NP-XXL,XXL,1.0,893.75,894.0
2021-10-21,20211021,Oct-21,SET230,SET230-KR-PP-S,S,1.0,850.0,850.0
2021-10-21,20211021,Oct-21,SET230,SET230-KR-PP-M,M,1.0,850.0,850.0
2021-10-21,20211021,Oct-21,SET230,SET230-KR-PP-L,L,1.0,850.0,850.0
2021-10-21,20211021,Oct-21,SET230,SET230-KR-PP-XL,XL,1.0,850.0,850.0
2021-10-21,20211021,Oct-21,SET230,SET230-KR-PP-XXL,XXL,1.0,850.0,850.0
2021-10-21,20211021,Oct-21,J0347,J0347-SET-S,S,1.0,806.25,806.0
2021-10-21,20211021,Oct-21,J0347,J0347-SET-M,M,1.0,806.25,806.0
2021-10-21,20211021,Oct-21,J0347,J0347-SET-L,L,1.0,806.25,806.0
2021-10-21,20211021,Oct-21,J0347,J0347-SET-XL,XL,1.0,806.25,806.0
2021-10-21,20211021,Oct-21,J0347,J0347-SET-XXL,XXL,1.0,806.25,806.0
2021-10-21,20211021,Oct-21,J0102,J0102-S,S,1.0,1343.75,1344.0
2021-10-21,20211021,Oct-21,J0102,J0102-M,M,1.0,1343.75,1344.0
2021-10-21,20211021,Oct-21,J0102,J0102-L,L,1.0,1343.75,1344.0
2021-10-21,20211021,Oct-21,J0102,J0102-XL,XL,1.0,1343.75,1344.0
2021-10-21,20211021,Oct-21,J0102,J0102-XXL,XXL,1.0,1343.75,1344.0
2021-10-23,20211023,Oct-21,MEN5005,MEN5005-KR-S,S,1.0,549.0,538.0
2021-10-23,20211023,Oct-21,MEN5018,MEN5018-KR-S,S,1.0,574.0,563.0
2021-10-23,20211023,Oct-21,SET240,SET240-KR-PP-XXXL,XXXL,1.0,769.0,754.0
2021-10-23,20211023,Oct-21,SET279,SET279-LC-XL,XL,1.0,969.0,950.0
2021-10-23,20211023,Oct-21,JNE3619,JNE3619-KR-XXXL,XXXL,1.0,528.0,517.0
2021-10-23,20211023,Oct-21,JNE3488,JNE3488-KR-XXXL,XXXL,1.0,431.0,422.0
2021-10-23,20211023,Oct-21,JNE3472,JNE3472-KR-XXXL,XXXL,1.0,397.0,389.0
2021-10-23,20211023,Oct-21,JNE3554,JNE3554-KR-XXL,XXL,1.0,450.0,441.0
2021-10-23,20211023,Oct-21,J0102,J0102-SKD-S,S,1.0,1344.0,1317.0
2021-10-23,20211023,Oct-21,MEN5023,MEN5023-KR-S,S,1.0,649.0,636.0
2021-10-23,20211023,Oct-21,JNE3522,JNE3522-KR-XS,XS,1.0,538.0,527.0
2021-10-23,20211023,Oct-21,JNE3522,JNE3522-KR-XXXL,XXXL,1.0,538.0,527.0
2021-10-23,20211023,Oct-21,J0006,J0006-SET-S,S,1.0,938.0,919.0
2021-10-23,20211023,Oct-21,J0006,J0006-SET-XXL,XXL,1.0,938.0,919.0
2021-10-23,20211023,Oct-21,J0042,J0042-DR-XS,XS,1.0,823.0,807.0
2021-10-23,20211023,Oct-21,J0042,J0042-DR-M,M,1.0,823.0,807.0
2021-10-23,20211023,Oct-21,J0042,J0042-DR-XL,XL,1.0,823.0,807.0
2021-10-23,20211023,Oct-21,J0101,J0101-DR-L,L,1.0,1244.0,1219.0
2021-10-23,20211023,Oct-21,JNE3311,JNE3311-KR-XL,XL,1.0,975.0,956.0
2021-10-23,20211023,Oct-21,J0243,J0243-DR-XXL,XXL,1.0,1094.0,1072.0
2021-10-23,20211023,Oct-21,SET316,SET316-KR-DPT-XL,XL,1.0,1306.0,1280.0
2021-10-23,20211023,Oct-21,SET209,SET209-KR-PP-L,L,1.0,806.0,790.0
2021-10-23,20211023,Oct-21,J0003,J0003-SET-XS,XS,1.0,741.0,726.0
2021-10-23,20211023,Oct-21,J0003,J0003-SET-XXXL,XXXL,1.0,741.0,726.0
2021-10-23,20211023,Oct-21,J0243,J0243-DR-XXXL,XXXL,1.0,1094.0,1072.0
2021-10-23,20211023,Oct-21,J0003,J0003-SET-XXL,XXL,1.0,741.0,726.0
2021-10-23,20211023,Oct-21,JNE3518,JNE3518-KR-XXXL,XXXL,1.0,500.0,490.0
2021-10-23,20211023,Oct-21,BTM002,BTM002-L,L,8.0,315.0,2394.0
2021-10-23,20211023,Oct-21,BTM002,BTM002-XL,XL,8.0,315.0,2394.0
2021-10-23,20211023,Oct-21,BTM002,BTM002-XXL,XXL,4.0,315.0,1197.0
2021-10-23,20211023,Oct-21,BTM002,BTM002-XXXL,XXXL,8.0,315.0,2394.0
2021-10-23,20211023,Oct-21,BTM003,BTM003-L,L,3.0,315.0,898.0
2021-10-23,20211023,Oct-21,BTM003,BTM003-XL,XL,3.0,315.0,898.0
2021-10-23,20211023,Oct-21,BTM003,BTM003-XXL,XXL,5.0,315.0,1496.0
2021-10-23,20211023,Oct-21,BTM003,BTM003-XXXL,XXXL,1.0,315.0,299.0
2021-10-23,20211023,Oct-21,BTM005,BTM005-L,L,8.0,315.0,2394.0
2021-10-23,20211023,Oct-21,BTM005,BTM005-XL,XL,8.0,315.0,2394.0
2021-10-23,20211023,Oct-21,BTM005,BTM005-XXL,XXL,8.0,315.0,2394.0
2021-10-23,20211023,Oct-21,BTM005,BTM005-XXXL,XXXL,8.0,315.0,2394.0
2021-10-23,20211023,Oct-21,BTM021,BTM021-L,L,6.0,315.0,1796.0
2021-10-23,20211023,Oct-21,BTM021,BTM021-XL,XL,8.0,315.0,2394.0
2021-10-23,20211023,Oct-21,BTM021,BTM021-XXL,XXL,7.0,315.0,2095.0
2021-10-23,20211023,Oct-21,BTM021,BTM021-XXXL,XXXL,8.0,315.0,2394.0
2021-10-23,20211023,Oct-21,BTM027,BTM027-NP-L,L,2.0,315.0,598.0
2021-10-23,20211023,Oct-21,BTM027,BTM027-NP-XL,XL,2.0,315.0,598.0
2021-10-23,20211023,Oct-21,BTM027,BTM027-NP-XXL,XXL,8.0,315.0,2394.0
2021-10-23,20211023,Oct-21,BTM027,BTM027-NP-XXXL,XXXL,8.0,315.0,2394.0
2021-10-23,20211023,Oct-21,BTM029,BTM029-NP-L,L,3.0,315.0,898.0
2021-10-23,20211023,Oct-21,BTM029,BTM029-NP-XL,XL,7.0,315.0,2095.0
2021-10-23,20211023,Oct-21,BTM029,BTM029-NP-XXL,XXL,8.0,315.0,2394.0
2021-10-23,20211023,Oct-21,BTM029,BTM029-NP-XXXL,XXXL,8.0,315.0,2394.0
2021-10-23,20211023,Oct-21,BTM030,BTM030-NP-L,L,8.0,315.0,2394.0
2021-10-23,20211023,Oct-21,BTM030,BTM030-NP-XL,XL,8.0,315.0,2394.0
2021-10-23,20211023,Oct-21,BTM030,BTM030-NP-XXL,XXL,8.0,315.0,2394.0
2021-10-23,20211023,Oct-21,BTM030,BTM030-NP-XXXL,XXXL,8.0,315.0,2394.0
2021-10-23,20211023,Oct-21,BTM031,BTM031-NP-L,L,2.0,315.0,598.0
2021-10-23,20211023,Oct-21,BTM031,BTM031-NP-XL.,XL,1.0,315.0,299.0
2021-10-23,20211023,Oct-21,BTM031,BTM031-NP-XXL,XXL,5.0,315.0,1496.0
2021-10-23,20211023,Oct-21,BTM031,BTM031-NP-XXXL,XXXL,4.0,315.0,1197.0
2021-10-23,20211023,Oct-21,BTM038,BTM038-PP-L,L,4.0,428.0,1626.0
2021-10-23,20211023,Oct-21,BTM038,BTM038-PP-XL,XL,8.0,428.0,3253.0
2021-10-23,20211023,Oct-21,BTM038,BTM038-PP-XXL,XXL,3.0,428.0,1220.0
2021-10-23,20211023,Oct-21,BTM038,BTM038-PP-XXXL,XXXL,8.0,428.0,3253.0
2021-10-23,20211023,Oct-21,BTM039,BTM039-PP-L,L,4.0,428.0,1626.0
2021-10-23,20211023,Oct-21,BTM039,BTM039-PP-XL,XL,8.0,428.0,3253.0
2021-10-23,20211023,Oct-21,BTM039,BTM039-PP-XXL,XXL,8.0,428.0,3253.0
2021-10-23,20211023,Oct-21,BTM039,BTM039-PP-XXXL,XXXL,7.0,428.0,2846.0
2021-10-23,20211023,Oct-21,BTM040,BTM040-PP-L,L,5.0,428.0,2033.0
2021-10-23,20211023,Oct-21,BTM040,BTM040-PP-XL,XL,8.0,428.0,3253.0
2021-10-23,20211023,Oct-21,BTM040,BTM040-PP-XXL,XXL,8.0,428.0,3253.0
2021-10-23,20211023,Oct-21,BTM040,BTM040-PP-XXXL,XXXL,6.0,428.0,2440.0
2021-10-23,20211023,Oct-21,BTM044,BTM044-PP-L,L,6.0,428.0,2440.0
2021-10-23,20211023,Oct-21,BTM044,BTM044-PP-XL,XL,6.0,428.0,2440.0
2021-10-23,20211023,Oct-21,BTM044,BTM044-PP-XXL,XXL,6.0,428.0,2440.0
2021-10-23,20211023,Oct-21,BTM044,BTM044-PP-XXXL,XXXL,6.0,428.0,2440.0
2021-10-23,20211023,Oct-21,BTM046,BTM046-PP-L,L,6.0,428.0,2440.0
2021-10-23,20211023,Oct-21,BTM046,BTM046-PP-XL,XL,5.0,428.0,2033.0
2021-10-23,20211023,Oct-21,BTM046,BTM046-PP-XXL,XXL,8.0,428.0,3253.0
2021-10-23,20211023,Oct-21,BTM046,BTM046-PP-XXXL,XXXL,8.0,428.0,3253.0
2021-10-23,20211023,Oct-21,BTM047,BTM047-PP-L,L,6.0,428.0,2440.0
2021-10-23,20211023,Oct-21,BTM047,BTM047-PP-XL,XL,6.0,428.0,2440.0
2021-10-23,20211023,Oct-21,BTM047,BTM047-PP-XXL,XXL,6.0,428.0,2440.0
2021-10-23,20211023,Oct-21,BTM047,BTM047-PP-XXXL,XXXL,6.0,428.0,2440.0
2021-10-23,20211023,Oct-21,BTM048,BTM048-PP-L,L,3.0,428.0,1220.0
2021-10-23,20211023,Oct-21,BTM048,BTM048-PP-XL,XL,6.0,428.0,2440.0
2021-10-23,20211023,Oct-21,BTM048,BTM048-PP-XXL,XXL,6.0,428.0,2440.0
2021-10-23,20211023,Oct-21,BTM048,BTM048-PP-XXXL,XXXL,6.0,428.0,2440.0
2021-10-23,20211023,Oct-21,J0021,J0021-TP-L,L,6.0,362.0,2063.0
2021-10-23,20211023,Oct-21,J0021,J0021-TP-XL,XL,6.0,362.0,2063.0
2021-10-23,20211023,Oct-21,J0021,J0021-TP-XXL,XXL,6.0,362.0,2063.0
2021-10-23,20211023,Oct-21,J0021,J0021-TP-XXXL,XXXL,6.0,362.0,2063.0
2021-10-23,20211023,Oct-21,JNE3667,JNE3667-TP-L,L,6.0,431.0,2457.0
2021-10-23,20211023,Oct-21,JNE3667,JNE3667-TP-XL,XL,6.0,431.0,2457.0
2021-10-23,20211023,Oct-21,JNE3667,JNE3667-TP-XXL,XXL,6.0,431.0,2457.0
2021-10-23,20211023,Oct-21,JNE3640,JNE3640-TP-L,L,6.0,431.0,2457.0
2021-10-23,20211023,Oct-21,JNE3640,JNE3640-TP-XL,XL,6.0,431.0,2457.0
2021-10-23,20211023,Oct-21,JNE3640,JNE3640-TP-XXL,XXL,6.0,431.0,2457.0
2021-10-26,20211026,Oct-21,J0279,J0279-SET-S,S,1.0,1139.0,1139.0
2021-10-26,20211026,Oct-21,SET225,SET225-KR-NP-XL,XL,1.0,850.0,850.0
2021-10-26,20211026,Oct-21,JNE3612,JNE3612-KR-XL,XL,1.0,588.0,588.0
2021-10-26,20211026,Oct-21,JNE3728,JNE3728-KR-XXL,XXL,1.0,513.0,513.0
2021-10-26,20211026,Oct-21,J0130,J0130-SET-XS,XS,1.0,1029.0,1029.0
2021-10-26,20211026,Oct-21,JNE3634,JNE3634-KR-XS,XS,1.0,650.0,650.0
2021-10-26,20211026,Oct-21,SET058,SET058-KR-NP-XS,XS,1.0,944.0,944.0
2021-10-26,20211026,Oct-21,SET270,SET270-KR-PP-S,S,1.0,894.0,894.0
2021-10-26,20211026,Oct-21,J0138,J0138-KR-XXXL,XXXL,1.0,735.0,735.0
2021-10-26,20211026,Oct-21,JNE3384,JNE3384-KR-XS,XS,1.0,431.0,431.0
2021-10-26,20211026,Oct-21,JNE3384,JNE3384-KR-S,S,1.0,431.0,431.0
2021-10-26,20211026,Oct-21,JNE3384,JNE3384-KR-M,M,1.0,431.0,431.0
2021-10-26,20211026,Oct-21,JNE3384,JNE3384-KR-L,L,1.0,431.0,431.0
2021-10-26,20211026,Oct-21,JNE3384,JNE3384-KR-XL,XL,1.0,431.0,431.0
2021-10-26,20211026,Oct-21,JNE3384,JNE3384-KR-XXL,XXL,1.0,431.0,431.0
2021-10-26,20211026,Oct-21,JNE3384,JNE3384-KR-XXXL,XXXL,1.0,431.0,431.0
2021-10-26,20211026,Oct-21,JNE3714,JNE3714-KR-XS,XS,1.0,538.0,538.0
2021-10-26,20211026,Oct-21,JNE3714,JNE3714-KR-S,S,1.0,538.0,538.0
2021-10-26,20211026,Oct-21,JNE3714,JNE3714-KR-M,M,1.0,538.0,538.0
2021-10-26,20211026,Oct-21,JNE3614,JNE3614-KR-XL,XL,1.0,538.0,538.0
2021-10-26,20211026,Oct-21,JNE3614,JNE3614-KR-XXXL,XXXL,1.0,538.0,538.0
2021-10-26,20211026,Oct-21,SET223,SET223-KR-NP-L,L,1.0,969.0,969.0
2021-10-26,20211026,Oct-21,SET270,SET270-KR-PP-M,M,1.0,894.0,894.0
2021-10-29,20211029,Oct-21,SET297,SET297-KR-NP-L,L,1.0,812.5,788.0
2021-10-29,20211029,Oct-21,SET328,SET328-KR-NP-M,M,1.0,650.0,630.0
2021-10-29,20211029,Oct-21,SET384,SET384-KR-NP-L,L,1.0,925.0,897.0
2021-10-29,20211029,Oct-21,SET303,SET303-KR-NP-L,L,1.0,975.0,946.0
2021-10-29,20211029,Oct-21,J0369,J0369-SKD-L,L,1.0,1237.5,1200.0
2021-10-29,20211029,Oct-21,J0372,J0372-SKD-L,L,1.0,1237.5,1200.0
2021-10-29,20211029,Oct-21,SET268,SET268-KR-NP-M,M,1.0,925.0,897.0
2021-10-29,20211029,Oct-21,SET044,SET044-KR-NP-M,M,1.0,652.5,633.0
2021-10-29,20211029,Oct-21,SET131,SET131-KR-NP-L,L,1.0,687.5,667.0
2021-10-29,20211029,Oct-21,SET058,SET058-KR-NP-M,M,1.0,973.75,945.0
2021-10-29,20211029,Oct-21,J0109,J0109-SKD-L,L,1.0,1312.5,1273.0
2021-10-29,20211029,Oct-21,J0126,J0126-SKD-L,L,1.0,1312.5,1273.0
2021-10-29,20211029,Oct-21,SET386,SET386-KR-NP-L,L,1.0,925.0,897.0
2021-10-29,20211029,Oct-21,SET253,SET253-KR-NP-M,M,1.0,950.0,922.0
2021-10-29,20211029,Oct-21,SET239,SET239-KR-NP-M,M,1.0,1000.0,970.0
2021-10-29,20211029,Oct-21,SET130,SET130-KR-NP-M,M,1.0,652.5,633.0
2021-10-29,20211029,Oct-21,JNE3756,JNE3756-KR-S,S,1.0,587.5,570.0
2021-10-29,20211029,Oct-21,J0285,J0285-SKD-M,M,1.0,1700.0,1649.0
2021-10-29,20211029,Oct-21,J0285,J0285-SKD-L,L,1.0,1700.0,1649.0
2021-10-29,20211029,Oct-21,J0278,J0278-SET-M,M,1.0,977.78,948.0
2021-10-29,20211029,Oct-21,J0278,J0278-SET-L,L,1.0,977.78,948.0
2021-10-29,20211029,Oct-21,J0277,J0277-SKD-M,M,1.0,1737.5,1685.0
2021-10-29,20211029,Oct-21,SET144,SET144-KR-NP-L,L,1.0,925.0,897.0
2021-10-29,20211029,Oct-21,SET144,SET144-KR-NP-M,M,1.0,925.0,897.0
2021-10-29,20211029,Oct-21,J0110,J0110-SKD-M,M,1.0,1387.5,1346.0
2021-10-29,20211029,Oct-21,SET171,SET171-KR-NP-L,L,1.0,1275.0,1237.0
2021-10-29,20211029,Oct-21,SET171,SET171-KR-NP-M,M,1.0,1275.0,1237.0
2021-10-29,20211029,Oct-21,JNE3791,JNE3791-DR-M,M,1.0,587.5,570.0
2021-10-29,20211029,Oct-21,J0333,J0333-DR-L,L,1.0,812.5,788.0
2021-10-29,20211029,Oct-21,J0338,J0338-DR-L,L,1.0,775.0,752.0
2021-10-29,20211029,Oct-21,J0159,J0159-DR-L,L,1.0,832.5,808.0
2021-10-29,20211029,Oct-21,J0293,J0293-DR-M,M,1.0,612.5,594.0
2021-10-29,20211029,Oct-21,J0296,J0296-DR-L,L,1.0,687.5,667.0
2021-10-29,20211029,Oct-21,J0298,J0298-DR-L,L,1.0,650.0,630.0
2021-10-29,20211029,Oct-21,J0153,J0153-DR-M,M,1.0,562.5,546.0
2021-10-29,20211029,Oct-21,SET230,SET230-KR-PP-M,M,1.0,850.0,824.0
2021-11-01,20211101,Nov-21,SAR086,SAR086,Free,2.0,1903.75,3693.0
2021-11-01,20211101,Nov-21,SAR079,SAR079,Free,2.0,1903.75,3693.0
2021-11-01,20211101,Nov-21,SAR043,SAR043,Free,2.0,653.75,1268.0
2021-11-01,20211101,Nov-21,SAR044,SAR044,Free,2.0,653.75,1268.0
2021-11-01,20211101,Nov-21,SAR045,SAR045,Free,2.0,653.75,1268.0
2021-11-01,20211101,Nov-21,SAR046,SAR046,Free,2.0,653.75,1268.0
2021-11-01,20211101,Nov-21,SAR033,SAR033,Free,4.0,771.25,2992.0
2021-11-01,20211101,Nov-21,SET038,SET038-KR-PP-S,S,1.0,775.0,752.0
2021-11-01,20211101,Nov-21,SET038,SET038-KR-PP-M,M,2.0,775.0,1504.0
2021-11-01,20211101,Nov-21,SET038,SET038-KR-PP-L,L,2.0,775.0,1504.0
2021-11-01,20211101,Nov-21,SET196,SET196-KR-NP-S,S,1.0,850.0,824.0
2021-11-01,20211101,Nov-21,SET196,SET196-KR-NP-M.,M,2.0,850.0,1649.0
2021-11-01,20211101,Nov-21,SET196,SET196-KR-NP-L,L,2.0,850.0,1649.0
2021-11-01,20211101,Nov-21,SET062,SET062-KR-SP-S,S,1.0,878.75,852.0
2021-11-01,20211101,Nov-21,SET062,SET062-KR-SP-M,M,2.0,878.75,1705.0
2021-11-01,20211101,Nov-21,SET062,SET062-KR-SP-L,L,2.0,878.75,1705.0
2021-11-01,20211101,Nov-21,SET197,SET197-KR-NP-S,S,1.0,887.5,861.0
2021-11-01,20211101,Nov-21,SET197,SET197-KR-NP-M,M,2.0,887.5,1722.0
2021-11-01,20211101,Nov-21,SET197,SET197-KR-NP-L,L,2.0,887.5,1722.0
2021-11-03,20211103,Nov-21,SET253,SET253-KR-NP-S,S,1.0,950.0,902.0
2021-11-03,20211103,Nov-21,SET253,SET253-KR-NP-M,M,1.0,950.0,902.0
2021-11-03,20211103,Nov-21,SET253,SET253-KR-NP-L,L,1.0,950.0,902.0
2021-11-03,20211103,Nov-21,SET253,SET253-KR-NP-XL,XL,1.0,950.0,902.0
2021-11-03,20211103,Nov-21,SET205,SET205-KR-DPT-XS,XS,1.0,612.5,582.0
2021-11-03,20211103,Nov-21,SET205,SET205-KR-DPT-S,S,1.0,612.5,582.0
2021-11-03,20211103,Nov-21,SET205,SET205-KR-DPT-M,M,1.0,612.5,582.0
2021-11-03,20211103,Nov-21,SET205,SET205-KR-DPT-L,L,1.0,612.5,582.0
2021-11-03,20211103,Nov-21,SET205,SET205-KR-DPT-XL,XL,1.0,612.5,582.0
2021-11-03,20211103,Nov-21,SET198,SET198-KR-NP-XS,XS,1.0,812.5,772.0
2021-11-03,20211103,Nov-21,SET198,SET198-KR-NP-S,S,1.0,812.5,772.0
2021-11-03,20211103,Nov-21,SET198,SET198-KR-NP-M,M,1.0,812.5,772.0
2021-11-03,20211103,Nov-21,SET198,SET198-KR-NP-L,L,1.0,812.5,772.0
2021-11-03,20211103,Nov-21,SET198,SET198-KR-NP-XL,XL,1.0,812.5,772.0
2021-11-03,20211103,Nov-21,SET062,SET062-KR-SP-XS,XS,1.0,878.75,835.0
2021-11-03,20211103,Nov-21,SET062,SET062-KR-SP-S,S,1.0,878.75,835.0
2021-11-03,20211103,Nov-21,SET062,SET062-KR-SP-M,M,1.0,878.75,835.0
2021-11-03,20211103,Nov-21,SET062,SET062-KR-SP-L,L,1.0,878.75,835.0
2021-11-03,20211103,Nov-21,SET062,SET062-KR-SP-XL,XL,1.0,878.75,835.0
2021-11-03,20211103,Nov-21,SET197,SET197-KR-NP-XS,XS,1.0,887.5,843.0
2021-11-03,20211103,Nov-21,SET197,SET197-KR-NP-S,S,1.0,887.5,843.0
2021-11-03,20211103,Nov-21,SET197,SET197-KR-NP-M,M,1.0,887.5,843.0
2021-11-03,20211103,Nov-21,SET197,SET197-KR-NP-L,L,1.0,887.5,843.0
2021-11-03,20211103,Nov-21,SET197,SET197-KR-NP-XL,XL,1.0,887.5,843.0
2021-11-03,20211103,Nov-21,SET197,SET197-KR-NP-XXL,XXL,1.0,887.5,843.0
2021-11-03,20211103,Nov-21,SET186,SET186-KR-DH-XS,XS,1.0,925.0,879.0
2021-11-03,20211103,Nov-21,SET186,SET186-KR-DH-S,S,1.0,925.0,879.0
2021-11-03,20211103,Nov-21,SET186,SET186-KR-DH-M,M,1.0,925.0,879.0
2021-11-03,20211103,Nov-21,J0006,J0006-SET-XS,XS,1.0,925.0,879.0
2021-11-03,20211103,Nov-21,J0001,J0001-DR-S,S,1.0,650.0,618.0
2021-11-03,20211103,Nov-21,MEN5030,MEN5030-KR-S,S,2.0,523.75,995.0
2021-11-03,20211103,Nov-21,MEN5030,MEN5030-KR-M,M,2.0,523.75,995.0
2021-11-03,20211103,Nov-21,MEN5030,MEN5030-KR-L,L,2.0,523.75,995.0
2021-11-03,20211103,Nov-21,MEN5030,MEN5030-KR-XL,XL,2.0,523.75,995.0
2021-11-03,20211103,Nov-21,MEN5030,MEN5030-KR-XXL,XXL,2.0,523.75,995.0
2021-11-03,20211103,Nov-21,MEN5005,MEN5005-KR-S,S,2.0,611.25,1161.0
2021-11-03,20211103,Nov-21,MEN5005,MEN5005-KR-M,M,2.0,611.25,1161.0
2021-11-03,20211103,Nov-21,MEN5005,MEN5005-KR-L,L,2.0,611.25,1161.0
2021-11-03,20211103,Nov-21,MEN5005,MEN5005-KR-XL,XL,2.0,611.25,1161.0
2021-11-03,20211103,Nov-21,MEN5005,MEN5005-KR-XXL,XXL,2.0,611.25,1161.0
2021-11-03,20211103,Nov-21,MEN5009,MEN5009-KR-S,S,2.0,611.25,1161.0
2021-11-03,20211103,Nov-21,MEN5009,MEN5009-KR-M,M,2.0,611.25,1161.0
2021-11-03,20211103,Nov-21,MEN5009,MEN5009-KR-L,L,2.0,611.25,1161.0
2021-11-03,20211103,Nov-21,MEN5009,MEN5009-KR-XL,XL,2.0,611.25,1161.0
2021-11-03,20211103,Nov-21,MEN5009,MEN5009-KR-XXL,XXL,2.0,611.25,1161.0
2021-11-03,20211103,Nov-21,MEN5016,MEN5016-KR-S,S,2.0,611.25,1161.0
2021-11-03,20211103,Nov-21,MEN5016,MEN5016-KR-M,M,2.0,611.25,1161.0
2021-11-03,20211103,Nov-21,MEN5016,MEN5016-KR-XXL,XXL,2.0,611.25,1161.0
2021-11-03,20211103,Nov-21,NW003,NW003-TP-PJ-S,S,1.0,687.5,653.0
2021-11-03,20211103,Nov-21,NW012,NW012-TP-PJ-XS,XS,1.0,850.0,808.0
2021-11-03,20211103,Nov-21,NW012,NW012-TP-PJ-S,S,1.0,850.0,808.0
2021-11-03,20211103,Nov-21,NW012,NW012-TP-PJ-M,M,1.0,850.0,808.0
2021-11-03,20211103,Nov-21,NW012,NW012-TP-PJ-L,L,1.0,850.0,808.0
2021-11-03,20211103,Nov-21,NW012,NW012-TP-PJ-XL,XL,1.0,850.0,808.0
2021-11-03,20211103,Nov-21,NW031,NW031-TP-PJ-XXL,XXL,1.0,887.5,843.0
2021-11-03,20211103,Nov-21,NW030,NW030-TP-PJ-S,S,1.0,771.25,733.0
2021-11-03,20211103,Nov-21,BL097,BL097-XL,XL,1.0,325.0,309.0
2021-11-03,20211103,Nov-21,BL111,BL111-XS,XS,1.0,350.0,332.0
2021-11-03,20211103,Nov-21,BL111,BL111-S,S,1.0,350.0,332.0
2021-11-03,20211103,Nov-21,BL111,BL111-M,M,1.0,350.0,332.0
2021-11-03,20211103,Nov-21,BL111,BL111-L,L,1.0,350.0,332.0
2021-11-03,20211103,Nov-21,BL111,BL111-XL,XL,1.0,350.0,332.0
2021-11-03,20211103,Nov-21,BL110,BL110-XS,XS,1.0,512.5,487.0
2021-11-03,20211103,Nov-21,BL110,BL110-S,S,1.0,512.5,487.0
2021-11-03,20211103,Nov-21,BL110,BL110-M,M,1.0,512.5,487.0
2021-11-03,20211103,Nov-21,BL110,BL110-L,L,1.0,512.5,487.0
2021-11-03,20211103,Nov-21,BL110,BL110-XL,XL,1.0,512.5,487.0
2021-11-03,20211103,Nov-21,BL086,BL086-XS,XS,1.0,255.56,243.0
2021-11-03,20211103,Nov-21,BL086,BL086-S,S,1.0,255.56,243.0
2021-11-03,20211103,Nov-21,BL086,BL086-M,M,1.0,255.56,243.0
2021-11-03,20211103,Nov-21,BL086,BL086-L,L,1.0,255.56,243.0
2021-11-03,20211103,Nov-21,BL086,BL086-XL,XL,1.0,255.56,243.0
2021-11-03,20211103,Nov-21,BL093,BL093-XS,XS,1.0,255.56,243.0
2021-11-03,20211103,Nov-21,BL093,BL093-S,S,1.0,255.56,243.0
2021-11-03,20211103,Nov-21,BL093,BL093-M,M,1.0,255.56,243.0
2021-11-03,20211103,Nov-21,BL093,BL093-L,L,1.0,255.56,243.0
2021-11-03,20211103,Nov-21,BL093,BL093-XL,XL,1.0,255.56,243.0
2021-11-03,20211103,Nov-21,BL100,BL100-XS,XS,1.0,325.0,309.0
2021-11-03,20211103,Nov-21,BL100,BL100-S,S,1.0,325.0,309.0
2021-11-03,20211103,Nov-21,BL100,BL100-M,M,1.0,325.0,309.0
2021-11-03,20211103,Nov-21,BL100,BL100-L,L,1.0,325.0,309.0
2021-11-03,20211103,Nov-21,BL100,BL100-XL,XL,1.0,325.0,309.0
2021-11-03,20211103,Nov-21,BL113,BL113-XS,XS,1.0,437.5,416.0
2021-11-03,20211103,Nov-21,BL113,BL113-S,S,1.0,437.5,416.0
2021-11-03,20211103,Nov-21,BL113,BL113-M,M,1.0,437.5,416.0
2021-11-03,20211103,Nov-21,BL113,BL113-L,L,1.0,437.5,416.0
2021-11-03,20211103,Nov-21,BL113,BL113-XL,XL,1.0,437.5,416.0
2021-11-03,20211103,Nov-21,JNE3668,JNE3668-TP-XS,XS,1.0,403.75,384.0
2021-11-03,20211103,Nov-21,JNE3668,JNE3668-TP-S,S,1.0,403.75,384.0
2021-11-03,20211103,Nov-21,JNE3668,JNE3668-TP-M,M,1.0,403.75,384.0
2021-11-03,20211103,Nov-21,JNE3668,JNE3668-TP-L,L,1.0,403.75,384.0
2021-11-03,20211103,Nov-21,JNE3668,JNE3668-TP-XL,XL,1.0,403.75,384.0
2021-11-03,20211103,Nov-21,JNE3640,JNE3640-TP-XS,XS,1.0,425.0,404.0
2021-11-03,20211103,Nov-21,JNE3640,JNE3640-TP-S,S,1.0,425.0,404.0
2021-11-03,20211103,Nov-21,JNE3640,JNE3640-TP-M,M,1.0,425.0,404.0
2021-11-03,20211103,Nov-21,JNE3640,JNE3640-TP-L,L,1.0,425.0,404.0
2021-11-03,20211103,Nov-21,JNE3640,JNE3640-TP-XL,XL,1.0,425.0,404.0
2021-11-03,20211103,Nov-21,JNE3651,JNE3651-TP-XS,XS,1.0,425.0,404.0
2021-11-03,20211103,Nov-21,JNE3651,JNE3651-TP-S,S,1.0,425.0,404.0
2021-11-03,20211103,Nov-21,JNE3651,JNE3651-TP-M,M,1.0,425.0,404.0
2021-11-03,20211103,Nov-21,JNE3651,JNE3651-TP-L,L,1.0,425.0,404.0
2021-11-03,20211103,Nov-21,JNE3651,JNE3651-TP-XL,XL,1.0,425.0,404.0
2021-11-03,20211103,Nov-21,JNE3664,JNE3664-TP-XS,XS,1.0,537.5,511.0
2021-11-03,20211103,Nov-21,JNE3664,JNE3664-TP-S,S,1.0,537.5,511.0
2021-11-03,20211103,Nov-21,JNE3664,JNE3664-TP-M,M,1.0,537.5,511.0
2021-11-03,20211103,Nov-21,JNE3664,JNE3664-TP-L,L,1.0,537.5,511.0
2021-11-03,20211103,Nov-21,JNE3664,JNE3664-TP-XL,XL,1.0,537.5,511.0
2021-11-03,20211103,Nov-21,JNE3690,JNE3690-TU-XS,XS,1.0,425.0,404.0
2021-11-03,20211103,Nov-21,JNE3669,JNE3669-TU-XS,XS,1.0,562.5,534.0
2021-11-03,20211103,Nov-21,JNE3669,JNE3669-TU-S,S,1.0,562.5,534.0
2021-11-03,20211103,Nov-21,JNE3669,JNE3669-TU-M,M,1.0,562.5,534.0
2021-11-03,20211103,Nov-21,JNE3669,JNE3669-TU-L,L,1.0,562.5,534.0
2021-11-03,20211103,Nov-21,JNE3669,JNE3669-TU-XL,XL,1.0,562.5,534.0
2021-11-03,20211103,Nov-21,JNE3523,JNE3523-KR-XS,XS,1.0,510.0,484.0
2021-11-03,20211103,Nov-21,JNE3523,JNE3523-KR-S,S,1.0,510.0,484.0
2021-11-03,20211103,Nov-21,JNE3523,JNE3523-KR-M,M,1.0,510.0,484.0
2021-11-03,20211103,Nov-21,JNE3523,JNE3523-KR-L,L,1.0,510.0,484.0
2021-11-03,20211103,Nov-21,JNE3523,JNE3523-KR-XL,XL,1.0,510.0,484.0
2021-11-03,20211103,Nov-21,JNE3523,JNE3523-KR-XXL,XXL,1.0,510.0,484.0
2021-11-03,20211103,Nov-21,J0024,J0024-KR-XS,XS,1.0,537.5,511.0
2021-11-03,20211103,Nov-21,J0024,J0024-KR-S,S,1.0,537.5,511.0
2021-11-03,20211103,Nov-21,J0024,J0024-KR-M,M,1.0,537.5,511.0
2021-11-03,20211103,Nov-21,J0024,J0024-KR-L,L,1.0,537.5,511.0
2021-11-03,20211103,Nov-21,J0024,J0024-KR-XL,XL,1.0,537.5,511.0
2021-11-03,20211103,Nov-21,J0203,J0203-TP-XS,XS,1.0,581.25,552.0
2021-11-03,20211103,Nov-21,J0203,J0203-TP-S,S,1.0,581.25,552.0
2021-11-03,20211103,Nov-21,J0203,J0203-TP-M,M,1.0,581.25,552.0
2021-11-03,20211103,Nov-21,J0203,J0203-TP-L,L,1.0,581.25,552.0
2021-11-03,20211103,Nov-21,J0203,J0203-TP-XL,XL,1.0,581.25,552.0
2021-11-03,20211103,Nov-21,J0214,J0214-TP-XXL,XXL,1.0,687.5,653.0
2021-11-03,20211103,Nov-21,J0118,J0118-TP-XS,XS,1.0,387.5,368.0
2021-11-03,20211103,Nov-21,J0118,J0118-TP-S,S,1.0,387.5,368.0
2021-11-03,20211103,Nov-21,J0118,J0118-TP-M,M,1.0,387.5,368.0
2021-11-03,20211103,Nov-21,J0118,J0118-TP-L,L,1.0,387.5,368.0
2021-11-03,20211103,Nov-21,J0118,J0118-TP-XL,XL,1.0,387.5,368.0
2021-11-03,20211103,Nov-21,J0119,J0119-TP-XS,XS,1.0,462.5,439.0
2021-11-03,20211103,Nov-21,J0119,J0119-TP-S,S,1.0,462.5,439.0
2021-11-03,20211103,Nov-21,J0119,J0119-TP-M,M,1.0,462.5,439.0
2021-11-03,20211103,Nov-21,J0119,J0119-TP-L,L,1.0,462.5,439.0
2021-11-03,20211103,Nov-21,J0119,J0119-TP-XL,XL,1.0,462.5,439.0
2021-11-03,20211103,Nov-21,JNE3611,JNE3611-KR-XS,XS,1.0,562.5,534.0
2021-11-03,20211103,Nov-21,JNE3611,JNE3611-KR-S,S,1.0,562.5,534.0
2021-11-03,20211103,Nov-21,JNE3611,JNE3611-KR-M,M,1.0,562.5,534.0
2021-11-03,20211103,Nov-21,JNE3611,JNE3611-KR-L,L,1.0,562.5,534.0
2021-11-03,20211103,Nov-21,JNE3611,JNE3611-KR-XL,XL,1.0,562.5,534.0
2021-11-03,20211103,Nov-21,JNE3605,JNE3605-KR-S,S,1.0,462.5,439.0
2021-11-03,20211103,Nov-21,JNE3605,JNE3605-KR-M,M,1.0,462.5,439.0
2021-11-03,20211103,Nov-21,JNE3605,JNE3605-KR-L,L,1.0,462.5,439.0
2021-11-03,20211103,Nov-21,JNE3605,JNE3605-KR-XL,XL,1.0,462.5,439.0
2021-11-03,20211103,Nov-21,JNE3365,JNE3365-KR-1052-XS,XS,1.0,475.0,451.0
2021-11-03,20211103,Nov-21,JNE3365,JNE3365-KR-1052-S,S,1.0,475.0,451.0
2021-11-03,20211103,Nov-21,JNE3365,JNE3365-KR-1052-M,M,1.0,475.0,451.0
2021-11-03,20211103,Nov-21,JNE3365,JNE3365-KR-1052-L,L,1.0,475.0,451.0
2021-11-03,20211103,Nov-21,JNE3365,JNE3365-KR-1052-XL.,XL,1.0,475.0,451.0
2021-11-03,20211103,Nov-21,JNE3364,JNE3364-KR-1051-XS,XS,1.0,475.0,451.0
2021-11-03,20211103,Nov-21,JNE3364,JNE3364-KR-1051-S,S,1.0,475.0,451.0
2021-11-03,20211103,Nov-21,JNE3364,JNE3364-KR-1051-M,M,1.0,475.0,451.0
2021-11-03,20211103,Nov-21,JNE3364,JNE3364-KR-1051-L,L,1.0,475.0,451.0
2021-11-03,20211103,Nov-21,JNE3364,JNE3364-KR-1051-XL,XL,1.0,475.0,451.0
2021-11-03,20211103,Nov-21,JNE3364,JNE3364-KR-1051-XXL,XXL,1.0,475.0,451.0
2021-11-03,20211103,Nov-21,JNE3273,JNE3273-KR-XS,XS,1.0,650.0,618.0
2021-11-03,20211103,Nov-21,JNE3273,JNE3273-KR-S,S,1.0,650.0,618.0
2021-11-03,20211103,Nov-21,JNE3273,JNE3273-KR-M,M,1.0,650.0,618.0
2021-11-03,20211103,Nov-21,JNE3273,JNE3273-KR-L,L,1.0,650.0,618.0
2021-11-03,20211103,Nov-21,JNE3273,JNE3273-KR-XL,XL,1.0,650.0,618.0
2021-11-03,20211103,Nov-21,JNE3273,JNE3273-KR-XXL,XXL,1.0,650.0,618.0
2021-11-03,20211103,Nov-21,JNE3562,JNE3562-KR-S,S,1.0,687.5,653.0
2021-11-03,20211103,Nov-21,JNE3562,JNE3562-KR-M,M,1.0,687.5,653.0
2021-11-03,20211103,Nov-21,JNE3562,JNE3562-KR-L,L,1.0,687.5,653.0
2021-11-03,20211103,Nov-21,JNE3562,JNE3562-KR-XL,XL,1.0,687.5,653.0
2021-11-03,20211103,Nov-21,JNE3637,JNE3637-KR-S,S,1.0,687.5,653.0
2021-11-03,20211103,Nov-21,JNE3637,JNE3637-KR-M,M,1.0,687.5,653.0
2021-11-03,20211103,Nov-21,JNE3637,JNE3637-KR-L,L,1.0,687.5,653.0
2021-11-03,20211103,Nov-21,JNE3637,JNE3637-KR-XL,XL,1.0,687.5,653.0
2021-11-03,20211103,Nov-21,JNE3311,JNE3311-KR-XS,XS,1.0,937.5,891.0
2021-11-03,20211103,Nov-21,JNE3311,JNE3311-KR-S,S,1.0,937.5,891.0
2021-11-03,20211103,Nov-21,JNE3311,JNE3311-KR-M,M,1.0,937.5,891.0
2021-11-03,20211103,Nov-21,JNE3311,JNE3311-KR-L,L,1.0,937.5,891.0
2021-11-03,20211103,Nov-21,JNE3311,JNE3311-KR-XL,XL,1.0,937.5,891.0
2021-11-03,20211103,Nov-21,JNE2132,JNE2132-KR-398-XXL,XXL,1.0,700.0,665.0
2021-11-03,20211103,Nov-21,SET258,SET258-KR-PP-XS,XS,1.0,1282.5,1218.0
2021-11-03,20211103,Nov-21,SET258,SET258-KR-PP-S,S,1.0,1282.5,1218.0
2021-11-03,20211103,Nov-21,SET258,SET258-KR-PP-M,M,1.0,1282.5,1218.0
2021-11-03,20211103,Nov-21,SET258,SET258-KR-PP-L,L,1.0,1282.5,1218.0
2021-11-03,20211103,Nov-21,SET258,SET258-KR-PP-XL,XL,1.0,1282.5,1218.0
2021-11-03,20211103,Nov-21,SET268,SET268-KR-NP-XS,XS,1.0,925.0,879.0
2021-11-03,20211103,Nov-21,SET268,SET268-KR-NP-S,S,1.0,925.0,879.0
2021-11-03,20211103,Nov-21,SET268,SET268-KR-NP-M,M,1.0,925.0,879.0
2021-11-03,20211103,Nov-21,SET268,SET268-KR-NP-L,L,1.0,925.0,879.0
2021-11-03,20211103,Nov-21,SET268,SET268-KR-NP-XL,XL,1.0,925.0,879.0
2021-11-03,20211103,Nov-21,SET253,SET253-KR-NP-XS,XS,1.0,950.0,902.0
2021-11-12,20211112,Nov-21,PJNE3440,PJNE3440-KR-5XL,5XL,1.0,537.5,538.0
2021-11-12,20211112,Nov-21,PJNE3440,PJNE3440-KR-6XL,6XL,1.0,537.5,538.0
2021-11-12,20211112,Nov-21,PJ0096,PJ0096-KR-5XL,5XL,1.0,687.5,688.0
2021-11-12,20211112,Nov-21,PJ0096,PJ0096-KR-6XL,6XL,1.0,687.5,688.0
2021-11-12,20211112,Nov-21,JNE3769,JNE3769-KR-M,M,1.0,550.0,550.0
2021-11-12,20211112,Nov-21,JNE3769,JNE3769-KR-L,L,1.0,550.0,550.0
2021-11-12,20211112,Nov-21,JNE3769,JNE3769-KR-XL,XL,1.0,550.0,550.0
2021-11-12,20211112,Nov-21,JNE3769,JNE3769-KR-XXXL,XXXL,1.0,550.0,550.0
2021-11-12,20211112,Nov-21,J0176,J0176-TP-M,M,2.0,500.0,1000.0
2021-11-12,20211112,Nov-21,J0176,J0176-TP-L,L,3.0,500.0,1500.0
2021-11-12,20211112,Nov-21,J0176,J0176-TP-XL,XL,2.0,500.0,1000.0
2021-11-12,20211112,Nov-21,J0176,J0176-TP-XXXL,XXXL,2.0,500.0,1000.0
2021-11-12,20211112,Nov-21,JNE3688,JNE3688-TU-M,M,1.0,500.0,500.0
2021-11-12,20211112,Nov-21,JNE3688,JNE3688-TU-L,L,1.0,500.0,500.0
2021-11-12,20211112,Nov-21,JNE3688,JNE3688-TU-XL,XL,1.0,500.0,500.0
2021-11-12,20211112,Nov-21,JNE3688,JNE3688-TU-XXXL,XXXL,1.0,500.0,500.0
2021-11-12,20211112,Nov-21,JNE3670,JNE3670-TU-M,M,2.0,537.5,1075.0
2021-11-12,20211112,Nov-21,JNE3670,JNE3670-TU-L,L,3.0,537.5,1612.0
2021-11-12,20211112,Nov-21,JNE3670,JNE3670-TU-XL,XL,2.0,537.5,1075.0
2021-11-12,20211112,Nov-21,JNE3670,JNE3670-TU-XXXL,XXXL,2.0,537.5,1075.0
2021-11-12,20211112,Nov-21,JNE3669,JNE3669-TU-M,M,2.0,562.5,1125.0
2021-11-12,20211112,Nov-21,JNE3669,JNE3669-TU-L,L,2.0,562.5,1125.0
2021-11-12,20211112,Nov-21,JNE3669,JNE3669-TU-XL,XL,2.0,562.5,1125.0
2021-11-12,20211112,Nov-21,JNE3669,JNE3669-TU-XXXL,XXXL,2.0,562.5,1125.0
2021-11-12,20211112,Nov-21,JNE3713,JNE3713-TP-S,S,2.0,425.0,850.0
2021-11-12,20211112,Nov-21,JNE3713,JNE3713-TP-M,M,3.0,425.0,1275.0
2021-11-12,20211112,Nov-21,JNE3713,JNE3713-TP-L,L,3.0,425.0,1275.0
2021-11-12,20211112,Nov-21,JNE3713,JNE3713-TP-XL,XL,1.0,425.0,425.0
2021-11-12,20211112,Nov-21,J0086,J0086-DR-M,M,2.0,737.5,1475.0
2021-11-12,20211112,Nov-21,J0086,J0086-DR-L,L,2.0,737.5,1475.0
2021-11-12,20211112,Nov-21,J0086,J0086-DR-XL,XL,2.0,737.5,1475.0
2021-11-12,20211112,Nov-21,J0086,J0086-DR-XXXL,XXXL,3.0,737.5,2212.0
2021-11-12,20211112,Nov-21,JNE3648,JNE3648-TP-S,S,2.0,425.0,850.0
2021-11-12,20211112,Nov-21,JNE3648,JNE3648-TP-M,M,3.0,425.0,1275.0
2021-11-12,20211112,Nov-21,JNE3648,JNE3648-TP-L,L,3.0,425.0,1275.0
2021-11-12,20211112,Nov-21,JNE3648,JNE3648-TP-XL,XL,1.0,425.0,425.0
2021-11-12,20211112,Nov-21,JNE3645,JNE3645-TP-S,S,1.0,350.0,350.0
2021-11-12,20211112,Nov-21,JNE3645,JNE3645-TP-L,L,1.0,350.0,350.0
2021-11-12,20211112,Nov-21,JNE3645,JNE3645-TP-XL,XL,1.0,350.0,350.0
2021-11-12,20211112,Nov-21,J0252,J0252-SKD-L,L,1.0,1037.5,1038.0
2021-11-12,20211112,Nov-21,J0252,J0252-SKD-XL,XL,1.0,1037.5,1038.0
2021-11-12,20211112,Nov-21,J0252,J0252-SKD-XXXL,XXXL,1.0,1037.5,1038.0
2021-11-12,20211112,Nov-21,J0161,J0161-DR-M,M,2.0,650.0,1300.0
2021-11-12,20211112,Nov-21,J0161,J0161-DR-L,L,2.0,650.0,1300.0
2021-11-12,20211112,Nov-21,J0161,J0161-DR-XL,XL,2.0,650.0,1300.0
2021-11-12,20211112,Nov-21,J0161,J0161-DR-XXXL,XXXL,3.0,650.0,1950.0
2021-11-12,20211112,Nov-21,JNE3563,JNE3563-KR-M,M,1.0,687.5,688.0
2021-11-12,20211112,Nov-21,JNE3563,JNE3563-KR-L,L,1.0,687.5,688.0
2021-11-12,20211112,Nov-21,JNE3563,JNE3563-KR-XL,XL,1.0,687.5,688.0
2021-11-12,20211112,Nov-21,JNE3563,JNE3563-KR-XXXL,XXXL,1.0,687.5,688.0
2021-11-12,20211112,Nov-21,JNE3510,JNE3510-KR-L,L,1.0,625.0,625.0
2021-11-12,20211112,Nov-21,JNE3510,JNE3510-KR-XL,XL,1.0,625.0,625.0
2021-11-12,20211112,Nov-21,BTM038,BTM038-PP-M,M,2.0,438.75,878.0
2021-11-12,20211112,Nov-21,BTM038,BTM038-PP-L,L,2.0,438.75,878.0
2021-11-12,20211112,Nov-21,BTM038,BTM038-PP-XL,XL,2.0,438.75,878.0
2021-11-12,20211112,Nov-21,BTM038,BTM038-PP-XXXL,XXXL,2.0,438.75,878.0
2021-11-12,20211112,Nov-21,BTM048,BTM048-PP-XL,XL,2.0,438.75,878.0
2021-11-12,20211112,Nov-21,BTM048,BTM048-PP-XXXL,XXXL,2.0,438.75,878.0
2021-11-12,20211112,Nov-21,BTM042,BTM042-PP-M,M,2.0,438.75,878.0
2021-11-12,20211112,Nov-21,BTM042,BTM042-PP-L,L,2.0,438.75,878.0
2021-11-12,20211112,Nov-21,BTM042,BTM042-PP-XL,XL,2.0,438.75,878.0
2021-11-12,20211112,Nov-21,BTM042,BTM042-PP-XXXL,XXXL,2.0,438.75,878.0
2021-11-12,20211112,Nov-21,BTM039,BTM039-PP-M,M,2.0,438.75,878.0
2021-11-12,20211112,Nov-21,BTM039,BTM039-PP-L,L,2.0,438.75,878.0
2021-11-12,20211112,Nov-21,BTM039,BTM039-PP-XL,XL,2.0,438.75,878.0
2021-11-12,20211112,Nov-21,BTM037,BTM037-PP-L,L,2.0,438.75,878.0
2021-11-12,20211112,Nov-21,BTM037,BTM037-PP-XXXL,XXXL,2.0,438.75,878.0
2021-11-12,20211112,Nov-21,J0091,J0091-TP-L,L,1.0,305.56,306.0
2021-11-12,20211112,Nov-21,J0091,J0091-TP-XL,XL,1.0,305.56,306.0
2021-11-12,20211112,Nov-21,J0089,J0089-TP-XL,XL,1.0,355.56,356.0
2021-11-12,20211112,Nov-21,J0087,J0087-TP-M,M,1.0,355.56,356.0
2021-11-12,20211112,Nov-21,J0087,J0087-TP-XL,XL,1.0,355.56,356.0
2021-11-12,20211112,Nov-21,J0085,J0085-TP-XL,XL,1.0,355.56,356.0
2021-11-12,20211112,Nov-21,J0278,J0278-SET-M,M,1.0,977.78,978.0
2021-11-12,20211112,Nov-21,J0278,J0278-SET-XL,XL,1.0,977.78,978.0
2021-11-16,20211116,Nov-21,JNE3679,JNE3679-TU-XXXL,XXXL,1.0,538.0,538.0
2021-11-16,20211116,Nov-21,JNE3688,JNE3688-TU-XXXL,XXXL,1.0,500.0,500.0
2021-11-16,20211116,Nov-21,JNE3744,JNE3744-TU-XXXL,XXXL,1.0,563.0,563.0
2021-11-16,20211116,Nov-21,J0214,J0214-TP-XXXL,XXXL,1.0,688.0,688.0
2021-11-16,20211116,Nov-21,JNE3691,JNE3691-TU-XXL,XXL,1.0,563.0,563.0
2021-11-16,20211116,Nov-21,JNE3688,JNE3688-TU-XXL,XXL,1.0,500.0,500.0
2021-11-16,20211116,Nov-21,J0213,J0213-TP-XXL,XXL,1.0,538.0,538.0
2021-11-16,20211116,Nov-21,JNE3691,JNE3691-TU-XXXL,XXXL,1.0,563.0,563.0
2021-11-16,20211116,Nov-21,JNE3744,JNE3744-TU-XXL,XXL,1.0,563.0,563.0
2021-11-16,20211116,Nov-21,SET272,SET272-KR-PP-XL,XL,1.0,888.0,888.0
2021-11-16,20211116,Nov-21,SET145,SET145-KR-NP-XL,XL,1.0,925.0,925.0
2021-11-16,20211116,Nov-21,J0113,J0113-TP-XL,XL,1.0,500.0,500.0
2021-11-16,20211116,Nov-21,J0198,J0198-TP-XXL,XXL,1.0,563.0,563.0
2021-11-16,20211116,Nov-21,JNE3640,JNE3640-TP-XXL,XXL,1.0,425.0,425.0
2021-11-16,20211116,Nov-21,J0113,J0113-TP-S,S,1.0,500.0,500.0
2021-11-16,20211116,Nov-21,JNE3686,JNE3686-TU-XXL,XXL,1.0,538.0,538.0
2021-11-16,20211116,Nov-21,PJNE3423,PJNE3423-KR-4XL,4XL,1.0,538.0,538.0
2021-11-16,20211116,Nov-21,PJ0096,PJ0096-KR-4XL,4XL,1.0,688.0,688.0
2021-11-16,20211116,Nov-21,PJNE3252,PJNE3252-KR-5XL,5XL,1.0,713.0,713.0
2021-11-16,20211116,Nov-21,PJNE2014,PJNE2014-KR-5XL,5XL,1.0,588.0,588.0
2021-11-16,20211116,Nov-21,J0202,J0202-TP-XL,XL,1.0,653.0,653.0
2021-11-16,20211116,Nov-21,J0205,J0205-TP-XL,XL,1.0,475.0,475.0
2021-11-16,20211116,Nov-21,PJ0096,PJ0096-KR-6XL,6XL,1.0,688.0,688.0
2021-11-16,20211116,Nov-21,PJNE3405,PJNE3405-KR-6XL,6XL,1.0,463.0,463.0
2021-11-16,20211116,Nov-21,PJNE2014,PJNE2014-KR-6XL,6XL,1.0,588.0,588.0
2021-11-16,20211116,Nov-21,PJNE3404,PJNE3404-KR-6XL,6XL,1.0,500.0,500.0
2021-11-16,20211116,Nov-21,PJNE3421,PJNE3421-KR-6XL,6XL,1.0,538.0,538.0
2021-11-16,20211116,Nov-21,J0105,J0105-KR-S,S,1.0,1075.0,1075.0
2021-11-16,20211116,Nov-21,J0105,J0105-KR-M,M,1.0,1075.0,1075.0
2021-11-16,20211116,Nov-21,J0105,J0105-KR-L,L,1.0,1075.0,1075.0
2021-11-16,20211116,Nov-21,J0105,J0105-KR-XL,XL,1.0,1075.0,1075.0
2021-11-16,20211116,Nov-21,J0105,J0105-KR-XXL,XXL,1.0,1075.0,1075.0
2021-11-16,20211116,Nov-21,J0105,J0105-KR-XXXL,XXXL,1.0,1075.0,1075.0
2021-11-16,20211116,Nov-21,JNE3273,JNE3273-KR-S,S,1.0,650.0,650.0
2021-11-16,20211116,Nov-21,JNE3273,JNE3273-KR-M,M,1.0,650.0,650.0
2021-11-16,20211116,Nov-21,JNE3273,JNE3273-KR-L,L,1.0,650.0,650.0
2021-11-16,20211116,Nov-21,JNE3273,JNE3273-KR-XL,XL,1.0,650.0,650.0
2021-11-16,20211116,Nov-21,JNE3273,JNE3273-KR-XXL,XXL,1.0,650.0,650.0
2021-11-16,20211116,Nov-21,JNE3273,JNE3273-KR-XXXL,XXXL,1.0,650.0,650.0
2021-11-16,20211116,Nov-21,JNE3288,JNE3288-KR-S,S,1.0,700.0,700.0
2021-11-16,20211116,Nov-21,JNE3288,JNE3288-KR-M,M,1.0,700.0,700.0
2021-11-16,20211116,Nov-21,JNE3288,JNE3288-KR-L,L,1.0,700.0,700.0
2021-11-16,20211116,Nov-21,JNE3288,JNE3288-KR-XL,XL,1.0,700.0,700.0
2021-11-16,20211116,Nov-21,JNE3288,JNE3288-KR-XXL,XXL,1.0,700.0,700.0
2021-11-16,20211116,Nov-21,JNE3288,JNE3288-KR-XXXL,XXXL,1.0,700.0,700.0
2021-11-16,20211116,Nov-21,JNE3261,JNE3261-KR-S,S,1.0,486.25,486.0
2021-11-16,20211116,Nov-21,JNE3261,JNE3261-KR-M,M,1.0,486.25,486.0
2021-11-16,20211116,Nov-21,JNE3261,JNE3261-KR-L,L,1.0,486.25,486.0
2021-11-16,20211116,Nov-21,JNE3261,JNE3261-KR-XL,XL,1.0,486.25,486.0
2021-11-16,20211116,Nov-21,JNE3261,JNE3261-KR-XXL,XXL,1.0,486.25,486.0
2021-11-16,20211116,Nov-21,JNE3261,JNE3261-KR-XXXL,XXXL,1.0,486.25,486.0
2021-11-16,20211116,Nov-21,JNE3030,JNE3030-KR-S,S,1.0,775.0,775.0
2021-11-16,20211116,Nov-21,JNE3030,JNE3030-KR-M,M,1.0,775.0,775.0
2021-11-16,20211116,Nov-21,JNE3030,JNE3030-KR-L,L,1.0,775.0,775.0
2021-11-16,20211116,Nov-21,JNE3030,JNE3030-KR-XL,XL,1.0,775.0,775.0
2021-11-16,20211116,Nov-21,JNE3030,JNE3030-KR-XXL,XXL,1.0,775.0,775.0
2021-11-16,20211116,Nov-21,JNE3030,JNE3030-KR-XXXL,XXXL,1.0,775.0,775.0
2021-11-16,20211116,Nov-21,JNE2270,JNE2270-KR-487-S,S,1.0,700.0,700.0
2021-11-16,20211116,Nov-21,JNE2270,JNE2270-KR-487-M,M,1.0,700.0,700.0
2021-11-16,20211116,Nov-21,JNE2270,JNE2270-KR-487-L,L,1.0,700.0,700.0
2021-11-16,20211116,Nov-21,JNE2270,JNE2270-KR-487-XL,XL,1.0,700.0,700.0
2021-11-16,20211116,Nov-21,JNE2270,JNE2270-KR-487-XXL,XXL,1.0,700.0,700.0
2021-11-16,20211116,Nov-21,J0024,J0024-KR-S,S,1.0,537.5,538.0
2021-11-16,20211116,Nov-21,J0024,J0024-KR-M,M,1.0,537.5,538.0
2021-11-16,20211116,Nov-21,J0024,J0024-KR-L,L,1.0,537.5,538.0
2021-11-16,20211116,Nov-21,J0024,J0024-KR-XL,XL,1.0,537.5,538.0
2021-11-16,20211116,Nov-21,J0024,J0024-KR-XXL,XXL,1.0,537.5,538.0
2021-11-16,20211116,Nov-21,J0024,J0024-KR-XXXL,XXXL,1.0,537.5,538.0
2021-11-16,20211116,Nov-21,J0183,J0183-TP-S,S,1.0,562.5,562.0
2021-11-16,20211116,Nov-21,J0183,J0183-TP-M,M,1.0,562.5,562.0
2021-11-16,20211116,Nov-21,J0183,J0183-TP-L,L,1.0,562.5,562.0
2021-11-16,20211116,Nov-21,J0183,J0183-TP-XL,XL,1.0,562.5,562.0
2021-11-16,20211116,Nov-21,J0183,J0183-TP-XXL,XXL,1.0,562.5,562.0
2021-11-16,20211116,Nov-21,J0183,J0183-TP-XXXL,XXXL,1.0,562.5,562.0
2021-11-16,20211116,Nov-21,J0284,J0284-SKD-S,S,1.0,1737.5,1738.0
2021-11-16,20211116,Nov-21,J0284,J0284-SKD-M,M,1.0,1737.5,1738.0
2021-11-16,20211116,Nov-21,J0284,J0284-SKD-L,L,1.0,1737.5,1738.0
2021-11-16,20211116,Nov-21,J0284,J0284-SKD-XL,XL,1.0,1737.5,1738.0
2021-11-16,20211116,Nov-21,J0284,J0284-SKD-XXL,XXL,1.0,1737.5,1738.0
2021-11-16,20211116,Nov-21,J0284,J0284-SKD-XXXL,XXXL,1.0,1737.5,1738.0
2021-11-16,20211116,Nov-21,J0235,J0235-SKD-S,S,1.0,1248.75,1249.0
2021-11-16,20211116,Nov-21,J0235,J0235-SKD-M,M,1.0,1248.75,1249.0
2021-11-16,20211116,Nov-21,J0235,J0235-SKD-L,L,1.0,1248.75,1249.0
2021-11-16,20211116,Nov-21,J0235,J0235-SKD-XL,XL,1.0,1248.75,1249.0
2021-11-16,20211116,Nov-21,J0235,J0235-SKD-XXL,XXL,1.0,1248.75,1249.0
2021-11-16,20211116,Nov-21,J0235,J0235-SKD-XXXL,XXXL,1.0,1248.75,1249.0
2021-11-16,20211116,Nov-21,J0241,J0241-SKD-S,S,1.0,1312.5,1312.0
2021-11-16,20211116,Nov-21,J0241,J0241-SKD-M,M,1.0,1312.5,1312.0
2021-11-16,20211116,Nov-21,J0241,J0241-SKD-L,L,1.0,1312.5,1312.0
2021-11-16,20211116,Nov-21,J0241,J0241-SKD-XL,XL,1.0,1312.5,1312.0
2021-11-16,20211116,Nov-21,J0241,J0241-SKD-XXL,XXL,1.0,1312.5,1312.0
2021-11-16,20211116,Nov-21,J0280,J0280-SKD-XXL,XXL,1.0,1737.5,1738.0
2021-11-16,20211116,Nov-21,J0280,J0280-SKD-XXXL,XXXL,1.0,1737.5,1738.0
2021-11-16,20211116,Nov-21,J0282,J0282-SET-S,S,1.0,1125.0,1125.0
2021-11-16,20211116,Nov-21,J0282,J0282-SET-M,M,1.0,1125.0,1125.0
2021-11-16,20211116,Nov-21,J0282,J0282-SET-L,L,1.0,1125.0,1125.0
2021-11-16,20211116,Nov-21,J0282,J0282-SET-XL,XL,1.0,1125.0,1125.0
2021-11-16,20211116,Nov-21,J0282,J0282-SET-XXL,XXL,1.0,1125.0,1125.0
2021-11-16,20211116,Nov-21,J0282,J0282-SET-XXXL,XXXL,1.0,1125.0,1125.0
2021-11-16,20211116,Nov-21,J0012,J0012-SKD-S,S,1.0,1387.5,1388.0
2021-11-16,20211116,Nov-21,J0012,J0012-SKD-M,M,1.0,1387.5,1388.0
2021-11-16,20211116,Nov-21,J0012,J0012-SKD-L,L,1.0,1387.5,1388.0
2021-11-16,20211116,Nov-21,J0012,J0012-SKD-XL,XL,1.0,1387.5,1388.0
2021-11-16,20211116,Nov-21,J0012,J0012-SKD-XXL,XXL,1.0,1387.5,1388.0
2021-11-16,20211116,Nov-21,J0012,J0012-SKD-XXXL,XXXL,1.0,1387.5,1388.0
2021-11-16,20211116,Nov-21,J0094,J0094-KR-S,S,1.0,887.5,888.0
2021-11-16,20211116,Nov-21,J0094,J0094-KR-M,M,1.0,887.5,888.0
2021-11-16,20211116,Nov-21,J0094,J0094-KR-L,L,1.0,887.5,888.0
2021-11-16,20211116,Nov-21,J0094,J0094-KR-XL,XL,1.0,887.5,888.0
2021-11-16,20211116,Nov-21,J0094,J0094-KR-XXL,XXL,1.0,887.5,888.0
2021-11-16,20211116,Nov-21,J0094,J0094-KR-XXXL,XXXL,1.0,887.5,888.0
2021-11-16,20211116,Nov-21,J0083,J0083-KR-S,S,1.0,925.0,925.0
2021-11-16,20211116,Nov-21,J0083,J0083-KR-M,M,1.0,925.0,925.0
2021-11-16,20211116,Nov-21,J0083,J0083-KR-L,L,1.0,925.0,925.0
2021-11-16,20211116,Nov-21,J0083,J0083-KR-XL,XL,1.0,925.0,925.0
2021-11-16,20211116,Nov-21,J0083,J0083-KR-XXL,XXL,1.0,925.0,925.0
2021-11-16,20211116,Nov-21,J0083,J0083-KR-XXXL,XXXL,1.0,925.0,925.0
2021-11-16,20211116,Nov-21,J0101,J0101-DR-S,S,1.0,1275.0,1275.0
2021-11-16,20211116,Nov-21,J0101,J0101-DR-M,M,1.0,1275.0,1275.0
2021-11-16,20211116,Nov-21,J0101,J0101-DR-L,L,1.0,1275.0,1275.0
2021-11-16,20211116,Nov-21,J0101,J0101-DR-XL,XL,1.0,1275.0,1275.0
2021-11-16,20211116,Nov-21,J0101,J0101-DR-XXL,XXL,1.0,1275.0,1275.0
2021-11-16,20211116,Nov-21,J0101,J0101-DR-XXXL,XXXL,1.0,1275.0,1275.0
2021-11-16,20211116,Nov-21,J0086,J0086-DR-S,S,1.0,737.5,738.0
2021-11-16,20211116,Nov-21,J0086,J0086-DR-M,M,1.0,737.5,738.0
2021-11-16,20211116,Nov-21,J0086,J0086-DR-L,L,1.0,737.5,738.0
2021-11-16,20211116,Nov-21,J0086,J0086-DR-XL,XL,1.0,737.5,738.0
2021-11-16,20211116,Nov-21,J0086,J0086-DR-XXL,XXL,1.0,737.5,738.0
2021-11-16,20211116,Nov-21,J0086,J0086-DR-XXXL,XXXL,1.0,737.5,738.0
2021-11-16,20211116,Nov-21,PJNE3568,PJNE3568-KR-4XL,4XL,1.0,462.5,462.0
2021-11-16,20211116,Nov-21,PJNE3568,PJNE3568-KR-5XL,5XL,1.0,462.5,462.0
2021-11-16,20211116,Nov-21,PJNE3568,PJNE3568-KR-6XL,6XL,1.0,462.5,462.0
2021-11-16,20211116,Nov-21,PJNE3445,PJNE3445-KR-4XL,4XL,1.0,537.5,538.0
2021-11-16,20211116,Nov-21,PJNE3445,PJNE3445-KR-5XL,5XL,1.0,537.5,538.0
2021-11-16,20211116,Nov-21,PJNE3445,PJNE3445-KR-6XL,6XL,1.0,537.5,538.0
2021-11-16,20211116,Nov-21,PJNE3440,PJNE3440-KR-4XL,4XL,1.0,537.5,538.0
2021-11-16,20211116,Nov-21,PJNE3440,PJNE3440-KR-5XL,5XL,1.0,537.5,538.0
2021-11-16,20211116,Nov-21,PJNE3440,PJNE3440-KR-6XL,6XL,1.0,537.5,538.0
2021-11-16,20211116,Nov-21,PJNE3439,PJNE3439-KR-4XL,4XL,1.0,537.5,538.0
2021-11-16,20211116,Nov-21,PJNE3439,PJNE3439-KR-5XL,5XL,1.0,537.5,538.0
2021-11-16,20211116,Nov-21,PJNE3439,PJNE3439-KR-6XL,6XL,1.0,537.5,538.0
2021-11-16,20211116,Nov-21,PJNE3423,PJNE3423-KR-4XL,4XL,1.0,537.5,538.0
2021-11-16,20211116,Nov-21,PJNE3423,PJNE3423-KR-5XL,5XL,1.0,537.5,538.0
2021-11-16,20211116,Nov-21,PJNE3423,PJNE3423-KR-6XL,6XL,1.0,537.5,538.0
2021-11-16,20211116,Nov-21,PJNE3405,PJNE3405-KR-4XL,4XL,1.0,462.5,462.0
2021-11-16,20211116,Nov-21,PJNE3405,PJNE3405-KR-5XL,5XL,1.0,462.5,462.0
2021-11-16,20211116,Nov-21,PJNE3405,PJNE3405-KR-6XL,6XL,1.0,462.5,462.0
2021-11-16,20211116,Nov-21,PJNE2270,PJNE2270-KR-4XL,4XL,1.0,887.5,888.0
2021-11-16,20211116,Nov-21,PJNE2270,PJNE2270-KR-5XL,5XL,1.0,887.5,888.0
2021-11-16,20211116,Nov-21,PJNE2270,PJNE2270-KR-6XL,6XL,1.0,887.5,888.0
2021-11-16,20211116,Nov-21,PJNE2100,PJNE2100-KR-4XL,4XL,1.0,550.0,550.0
2021-11-16,20211116,Nov-21,PJNE2100,PJNE2100-KR-5XL,5XL,1.0,550.0,550.0
2021-11-16,20211116,Nov-21,PJNE2100,PJNE2100-KR-6XL,6XL,1.0,550.0,550.0
2021-11-16,20211116,Nov-21,PJ0096,PJ0096-KR-4XL,4XL,1.0,687.5,688.0
2021-11-16,20211116,Nov-21,PJ0096,PJ0096-KR-5XL,5XL,1.0,687.5,688.0
2021-11-16,20211116,Nov-21,PJ0096,PJ0096-KR-6XL,6XL,1.0,687.5,688.0
2021-11-19,20211119,Nov-21,J0086,J0086-DR-L,L,1.0,738.0,716.0
2021-11-19,20211119,Nov-21,J0086,J0086-DR-M,M,1.0,738.0,716.0
2021-11-19,20211119,Nov-21,J0086,J0086-DR-S,S,1.0,738.0,716.0
2021-11-19,20211119,Nov-21,J0086,J0086-DR-XL,XL,1.0,738.0,716.0
2021-11-19,20211119,Nov-21,J0086,J0086-DR-XXL,XXL,1.0,738.0,716.0
2021-11-19,20211119,Nov-21,J0157,J0157-DR-L,L,1.0,538.0,522.0
2021-11-19,20211119,Nov-21,J0157,J0157-DR-M,M,1.0,538.0,522.0
2021-11-19,20211119,Nov-21,J0157,J0157-DR-S,S,1.0,538.0,522.0
2021-11-19,20211119,Nov-21,J0157,J0157-DR-XL,XL,1.0,538.0,522.0
2021-11-19,20211119,Nov-21,J0157,J0157-DR-XXL,XXL,1.0,538.0,522.0
2021-11-19,20211119,Nov-21,J0178,J0178-TP-L,L,1.0,350.0,340.0
2021-11-19,20211119,Nov-21,J0178,J0178-TP-M,M,1.0,350.0,340.0
2021-11-19,20211119,Nov-21,J0178,J0178-TP-S,S,1.0,350.0,340.0
2021-11-19,20211119,Nov-21,J0178,J0178-TP-XL,XL,1.0,350.0,340.0
2021-11-19,20211119,Nov-21,J0178,J0178-TP-XXL,XXL,1.0,350.0,340.0
2021-11-19,20211119,Nov-21,J0194,J0194-DR-L,L,1.0,1038.0,1007.0
2021-11-19,20211119,Nov-21,J0194,J0194-DR-M,M,1.0,1038.0,1007.0
2021-11-19,20211119,Nov-21,J0194,J0194-DR-S,S,1.0,1038.0,1007.0
2021-11-19,20211119,Nov-21,J0194,J0194-DR-XL,XL,1.0,1038.0,1007.0
2021-11-19,20211119,Nov-21,J0194,J0194-DR-XXL,XXL,1.0,1038.0,1007.0
2021-11-19,20211119,Nov-21,J0296,J0296-DR-L,L,1.0,688.0,667.0
2021-11-19,20211119,Nov-21,J0296,J0296-DR-M,M,1.0,688.0,667.0
2021-11-19,20211119,Nov-21,J0296,J0296-DR-S,S,1.0,688.0,667.0
2021-11-19,20211119,Nov-21,J0296,J0296-DR-XL,XL,1.0,688.0,667.0
2021-11-19,20211119,Nov-21,J0296,J0296-DR-XXL,XXL,1.0,688.0,667.0
2021-11-19,20211119,Nov-21,J0081,J0081-DR-S,S,1.0,975.0,946.0
2021-11-19,20211119,Nov-21,J0350,J0350-SET-L,L,1.0,700.0,679.0
2021-11-19,20211119,Nov-21,J0350,J0350-SET-M,M,1.0,700.0,679.0
2021-11-19,20211119,Nov-21,J0350,J0350-SET-S,S,1.0,700.0,679.0
2021-11-19,20211119,Nov-21,J0350,J0350-SET-XL,XL,1.0,700.0,679.0
2021-11-19,20211119,Nov-21,J0350,J0350-SET-XXL,XXL,1.0,700.0,679.0
2021-11-19,20211119,Nov-21,NW012,NW012-TP-PJ-L,L,1.0,850.0,824.0
2021-11-19,20211119,Nov-21,NW012,NW012-TP-PJ-M,M,1.0,850.0,824.0
2021-11-19,20211119,Nov-21,NW012,NW012-TP-PJ-S,S,1.0,850.0,824.0
2021-11-19,20211119,Nov-21,NW012,NW012-TP-PJ-XL,XL,1.0,850.0,824.0
2021-11-19,20211119,Nov-21,NW012,NW012-TP-PJ-XXL,XXL,1.0,850.0,824.0
2021-11-19,20211119,Nov-21,NW020,NW020-ST-SR-L,L,1.0,775.0,752.0
2021-11-19,20211119,Nov-21,NW020,NW020-ST-SR-M,M,1.0,775.0,752.0
2021-11-19,20211119,Nov-21,NW020,NW020-ST-SR-S,S,1.0,775.0,752.0
2021-11-19,20211119,Nov-21,NW020,NW020-ST-SR-XL,XL,1.0,775.0,752.0
2021-11-19,20211119,Nov-21,NW020,NW020-ST-SR-XXL,XXL,1.0,775.0,752.0
2021-11-19,20211119,Nov-21,NW036,NW036-ST-SR-L,L,1.0,830.0,805.0
2021-11-19,20211119,Nov-21,NW036,NW036-ST-SR-M,M,1.0,830.0,805.0
2021-11-19,20211119,Nov-21,NW036,NW036-ST-SR-S,S,1.0,830.0,805.0
2021-11-19,20211119,Nov-21,NW036,NW036-ST-SR-XL,XL,1.0,830.0,805.0
2021-11-19,20211119,Nov-21,NW036,NW036-ST-SR-XXL,XXL,1.0,830.0,805.0
2021-11-19,20211119,Nov-21,J0041,J0041-SET-XL,XL,1.0,925.0,897.0
2021-11-19,20211119,Nov-21,J0041,J0041-SET-XXL,XXL,1.0,925.0,897.0
2021-11-19,20211119,Nov-21,J0081,J0081-DR-L,L,1.0,975.0,946.0
2021-11-19,20211119,Nov-21,J0081,J0081-DR-M,M,1.0,975.0,946.0
2021-11-19,20211119,Nov-21,J0081,J0081-DR-XL,XL,1.0,975.0,946.0
2021-11-19,20211119,Nov-21,J0081,J0081-DR-XXL,XXL,1.0,975.0,946.0
2021-11-19,20211119,Nov-21,J0112,J0112-TP-L,L,1.0,425.0,412.0
2021-11-19,20211119,Nov-21,J0112,J0112-TP-M,M,1.0,425.0,412.0
2021-11-19,20211119,Nov-21,J0112,J0112-TP-S,S,1.0,425.0,412.0
2021-11-19,20211119,Nov-21,J0112,J0112-TP-XL,XL,1.0,425.0,412.0
2021-11-19,20211119,Nov-21,J0112,J0112-TP-XXL,XXL,1.0,425.0,412.0
2021-11-19,20211119,Nov-21,J0152,J0152-DR-L,L,1.0,887.5,861.0
2021-11-19,20211119,Nov-21,J0152,J0152-DR-M,M,1.0,887.5,861.0
2021-11-19,20211119,Nov-21,J0152,J0152-DR-S,S,1.0,887.5,861.0
2021-11-19,20211119,Nov-21,J0152,J0152-DR-XL,XL,1.0,887.5,861.0
2021-11-19,20211119,Nov-21,J0152,J0152-DR-XXL,XXL,1.0,887.5,861.0
2021-11-19,20211119,Nov-21,J0165,J0165-TP-L,L,1.0,500.0,485.0
2021-11-19,20211119,Nov-21,J0165,J0165-TP-M,M,1.0,500.0,485.0
2021-11-19,20211119,Nov-21,J0165,J0165-TP-S,S,1.0,500.0,485.0
2021-11-19,20211119,Nov-21,J0165,J0165-TP-XL,XL,1.0,500.0,485.0
2021-11-19,20211119,Nov-21,J0165,J0165-TP-XXL,XXL,1.0,500.0,485.0
2021-11-19,20211119,Nov-21,JNE3160,JNE3160-KR-M,M,1.0,850.0,824.0
2021-11-19,20211119,Nov-21,JNE3160,JNE3160-KR-S,S,1.0,850.0,824.0
2021-11-19,20211119,Nov-21,JNE3160,JNE3160-KR-L,L,1.0,850.0,824.0
2021-11-19,20211119,Nov-21,JNE3160,JNE3160-KR-XL,XL,1.0,850.0,824.0
2021-11-19,20211119,Nov-21,JNE3160,JNE3160-KR-XXL,XXL,1.0,850.0,824.0
2021-11-19,20211119,Nov-21,J0345,J0345-SET-S,S,1.0,775.0,752.0
2021-11-19,20211119,Nov-21,J0345,J0345-SET-M,M,1.0,775.0,752.0
2021-11-19,20211119,Nov-21,J0345,J0345-SET-L,L,1.0,775.0,752.0
2021-11-19,20211119,Nov-21,J0345,J0345-SET-XL,XL,1.0,775.0,752.0
2021-11-19,20211119,Nov-21,J0345,J0345-SET-XXL,XXL,1.0,775.0,752.0
2021-11-19,20211119,Nov-21,J0105,J0105-KR-S,S,1.0,1075.0,1043.0
2021-11-19,20211119,Nov-21,J0105,J0105-KR-M,M,1.0,1075.0,1043.0
2021-11-19,20211119,Nov-21,J0105,J0105-KR-L,L,1.0,1075.0,1043.0
2021-11-19,20211119,Nov-21,J0105,J0105-KR-XL,XL,1.0,1075.0,1043.0
2021-11-19,20211119,Nov-21,J0105,J0105-KR-XXL,XXL,1.0,1075.0,1043.0
2021-11-19,20211119,Nov-21,NW006,NW006-ST-SR-S,S,1.0,611.11,593.0
2021-11-19,20211119,Nov-21,NW006,NW006-ST-SR-M,M,1.0,611.11,593.0
2021-11-19,20211119,Nov-21,NW006,NW006-ST-SR-L,L,1.0,611.11,593.0
2021-11-19,20211119,Nov-21,NW006,NW006-ST-SR-XL,XL,1.0,611.11,593.0
2021-11-19,20211119,Nov-21,NW006,NW006-ST-SR-XXL,XXL,1.0,611.11,593.0
2021-11-19,20211119,Nov-21,NW003,NW003-TP-PJ-S,S,1.0,687.5,667.0
2021-11-19,20211119,Nov-21,NW003,NW003-TP-PJ-M,M,1.0,687.5,667.0
2021-11-19,20211119,Nov-21,NW003,NW003-TP-PJ-L,L,1.0,687.5,667.0
2021-11-19,20211119,Nov-21,JNE3642,JNE3642-TP-L,L,1.0,387.5,376.0
2021-11-19,20211119,Nov-21,JNE3642,JNE3642-TP-M,M,1.0,387.5,376.0
2021-11-19,20211119,Nov-21,JNE3642,JNE3642-TP-S,S,1.0,387.5,376.0
2021-11-19,20211119,Nov-21,JNE3642,JNE3642-TP-XL,XL,1.0,387.5,376.0
2021-11-19,20211119,Nov-21,JNE3642,JNE3642-TP-XXL,XXL,1.0,387.5,376.0
2021-11-19,20211119,Nov-21,NW002,NW002-TP-PJ-L,L,1.0,650.0,630.0
2021-11-19,20211119,Nov-21,NW002,NW002-TP-PJ-M,M,1.0,650.0,630.0
2021-11-19,20211119,Nov-21,NW002,NW002-TP-PJ-S,S,1.0,650.0,630.0
2021-11-19,20211119,Nov-21,NW002,NW002-TP-PJ-XL,XL,1.0,650.0,630.0
2021-11-19,20211119,Nov-21,NW002,NW002-TP-PJ-XXL,XXL,1.0,650.0,630.0
2021-11-19,20211119,Nov-21,NW003,NW003-TP-PJ-XL,XL,1.0,687.5,667.0
2021-11-19,20211119,Nov-21,NW003,NW003-TP-PJ-XXL,XXL,1.0,687.5,667.0
2021-11-19,20211119,Nov-21,NW027,NW027-TP-PJ-L,L,1.0,807.5,783.0
2021-11-19,20211119,Nov-21,NW027,NW027-TP-PJ-M,M,1.0,807.5,783.0
2021-11-19,20211119,Nov-21,NW027,NW027-TP-PJ-S,S,1.0,807.5,783.0
2021-11-19,20211119,Nov-21,NW027,NW027-TP-PJ-XL,XL,1.0,807.5,783.0
2021-11-19,20211119,Nov-21,NW027,NW027-TP-PJ-XXL,XXL,1.0,807.5,783.0
2021-11-19,20211119,Nov-21,PJNE2199,PJNE2199-KR-4XL,4XL,1.0,512.5,497.0
2021-11-19,20211119,Nov-21,PJNE2199,PJNE2199-KR-5XL,5XL,1.0,512.5,497.0
2021-11-19,20211119,Nov-21,PJNE2199,PJNE2199-KR-6XL,6XL,1.0,512.5,497.0
2021-11-22,20211122,Nov-21,PSET264,PSET264-KR-NP-4XL,4XL,1.0,1075.0,1054.0
2021-11-22,20211122,Nov-21,PSET264,PSET264-KR-NP-5XL,5XL,1.0,1075.0,1054.0
2021-11-22,20211122,Nov-21,PSET264,PSET264-KR-NP-6XL,6XL,1.0,1075.0,1054.0
2021-11-22,20211122,Nov-21,PJNE3440,PJNE3440-KR-4XL,4XL,1.0,537.5,527.0
2021-11-22,20211122,Nov-21,PJNE3440,PJNE3440-KR-5XL,5XL,1.0,537.5,527.0
2021-11-22,20211122,Nov-21,PJNE3440,PJNE3440-KR-6XL,6XL,1.0,537.5,527.0
2021-11-22,20211122,Nov-21,PJNE3439,PJNE3439-KR-4XL,4XL,1.0,537.5,527.0
2021-11-22,20211122,Nov-21,PJNE3439,PJNE3439-KR-5XL,5XL,1.0,537.5,527.0
2021-11-22,20211122,Nov-21,PJNE3439,PJNE3439-KR-6XL,6XL,1.0,537.5,527.0
2021-11-22,20211122,Nov-21,PJNE3399,PJNE3399-KR-4XL,4XL,1.0,587.5,576.0
2021-11-22,20211122,Nov-21,PJNE3399,PJNE3399-KR-5XL,5XL,1.0,587.5,576.0
2021-11-22,20211122,Nov-21,PJNE3399,PJNE3399-KR-6XL,6XL,1.0,587.5,576.0
2021-11-22,20211122,Nov-21,PJNE3405,PJNE3405-KR-4XL,4XL,2.0,462.5,906.0
2021-11-22,20211122,Nov-21,PJNE3405,PJNE3405-KR-5XL,5XL,2.0,462.5,906.0
2021-11-22,20211122,Nov-21,PJNE3405,PJNE3405-KR-6XL,6XL,2.0,462.5,906.0
2021-11-22,20211122,Nov-21,PJNE3421,PJNE3421-KR-4XL,4XL,1.0,537.5,527.0
2021-11-22,20211122,Nov-21,PJNE3421,PJNE3421-KR-5XL,5XL,1.0,537.5,527.0
2021-11-22,20211122,Nov-21,PJNE3421,PJNE3421-KR-6XL,6XL,1.0,537.5,527.0
2021-11-22,20211122,Nov-21,PJNE2100,PJNE2100-KR-4XL,4XL,1.0,550.0,539.0
2021-11-22,20211122,Nov-21,PJNE2100,PJNE2100-KR-5XL,5XL,1.0,550.0,539.0
2021-11-22,20211122,Nov-21,PJNE2100,PJNE2100-KR-6XL,6XL,1.0,550.0,539.0
2021-11-22,20211122,Nov-21,PJNE1906,PJNE1906-KR-4XL,4XL,1.0,550.0,539.0
2021-11-22,20211122,Nov-21,PJNE1906,PJNE1906-KR-5XL,5XL,1.0,550.0,539.0
2021-11-22,20211122,Nov-21,PJNE1906,PJNE1906-KR-6XL,6XL,1.0,550.0,539.0
2021-11-22,20211122,Nov-21,PJ0096,PJ0096-KR-4XL,4XL,1.0,687.5,674.0
2021-11-22,20211122,Nov-21,PJ0096,PJ0096-KR-5XL,5XL,1.0,687.5,674.0
2021-11-22,20211122,Nov-21,PJ0096,PJ0096-KR-6XL,6XL,1.0,687.5,674.0
2021-11-22,20211122,Nov-21,SET351,SET351-KR-NP-S,S,1.0,612.5,600.0
2021-11-22,20211122,Nov-21,SET351,SET351-KR-NP-M,M,1.0,612.5,600.0
2021-11-22,20211122,Nov-21,SET351,SET351-KR-NP-L,L,1.0,612.5,600.0
2021-11-22,20211122,Nov-21,SET351,SET351-KR-NP-XL,XL,1.0,612.5,600.0
2021-11-22,20211122,Nov-21,SET351,SET351-KR-NP-XXL,XXL,1.0,612.5,600.0
2021-11-22,20211122,Nov-21,SET351,SET351-KR-NP-XXXL,XXXL,1.0,612.5,600.0
2021-11-22,20211122,Nov-21,SET345,SET345-KR-NP-S,S,1.0,687.5,674.0
2021-11-22,20211122,Nov-21,SET345,SET345-KR-NP-M,M,1.0,687.5,674.0
2021-11-22,20211122,Nov-21,SET345,SET345-KR-NP-L,L,1.0,687.5,674.0
2021-11-22,20211122,Nov-21,SET345,SET345-KR-NP-XL,XL,1.0,687.5,674.0
2021-11-22,20211122,Nov-21,SET345,SET345-KR-NP-XXL,XXL,1.0,687.5,674.0
2021-11-22,20211122,Nov-21,SET345,SET345-KR-NP-XXXL,XXXL,1.0,687.5,674.0
2021-11-22,20211122,Nov-21,SET334,SET334-KR-NP-S,S,1.0,687.5,674.0
2021-11-22,20211122,Nov-21,SET334,SET334-KR-NP-M,M,1.0,687.5,674.0
2021-11-22,20211122,Nov-21,SET334,SET334-KR-NP-L,L,1.0,687.5,674.0
2021-11-22,20211122,Nov-21,SET334,SET334-KR-NP-XL,XL,1.0,687.5,674.0
2021-11-22,20211122,Nov-21,SET334,SET334-KR-NP-XXL,XXL,1.0,687.5,674.0
2021-11-22,20211122,Nov-21,SET334,SET334-KR-NP-XXXL,XXXL,1.0,687.5,674.0
2021-11-22,20211122,Nov-21,SET329,SET329-KR-NP-S,S,1.0,687.5,674.0
2021-11-22,20211122,Nov-21,SET329,SET329-KR-NP-M,M,1.0,687.5,674.0
2021-11-22,20211122,Nov-21,SET329,SET329-KR-NP-L,L,1.0,687.5,674.0
2021-11-22,20211122,Nov-21,SET329,SET329-KR-NP-XL,XL,1.0,687.5,674.0
2021-11-22,20211122,Nov-21,SET329,SET329-KR-NP-XXL,XXL,1.0,687.5,674.0
2021-11-22,20211122,Nov-21,SET329,SET329-KR-NP-XXXL,XXXL,1.0,687.5,674.0
2021-11-22,20211122,Nov-21,SET328,SET328-KR-NP-S,S,1.0,650.0,637.0
2021-11-22,20211122,Nov-21,SET328,SET328-KR-NP-M,M,1.0,650.0,637.0
2021-11-22,20211122,Nov-21,SET328,SET328-KR-NP-L,L,1.0,650.0,637.0
2021-11-22,20211122,Nov-21,SET328,SET328-KR-NP-XL,XL,1.0,650.0,637.0
2021-11-22,20211122,Nov-21,SET328,SET328-KR-NP-XXL,XXL,1.0,650.0,637.0
2021-11-22,20211122,Nov-21,SET328,SET328-KR-NP-XXXL,XXXL,1.0,650.0,637.0
2021-11-22,20211122,Nov-21,SET326,SET326-KR-PP-S,S,1.0,687.5,674.0
2021-11-22,20211122,Nov-21,SET326,SET326-KR-PP-M,M,1.0,687.5,674.0
2021-11-22,20211122,Nov-21,SET326,SET326-KR-PP-L,L,1.0,687.5,674.0
2021-11-22,20211122,Nov-21,SET326,SET326-KR-PP-XL,XL,1.0,687.5,674.0
2021-11-22,20211122,Nov-21,SET326,SET326-KR-PP-XXL,XXL,1.0,687.5,674.0
2021-11-22,20211122,Nov-21,SET326,SET326-KR-PP-XXXL,XXXL,1.0,687.5,674.0
2021-11-22,20211122,Nov-21,SET325,SET325-KR-NP-S,S,1.0,687.5,674.0
2021-11-22,20211122,Nov-21,SET325,SET325-KR-NP-M,M,1.0,687.5,674.0
2021-11-22,20211122,Nov-21,SET325,SET325-KR-NP-L,L,1.0,687.5,674.0
2021-11-22,20211122,Nov-21,SET325,SET325-KR-NP-XL,XL,1.0,687.5,674.0
2021-11-22,20211122,Nov-21,SET325,SET325-KR-NP-XXL,XXL,1.0,687.5,674.0
2021-11-22,20211122,Nov-21,SET325,SET325-KR-NP-XXXL,XXXL,1.0,687.5,674.0
2021-11-22,20211122,Nov-21,J0248,J0248-SET-S,S,1.0,1125.0,1102.0
2021-11-22,20211122,Nov-21,J0248,J0248-SET-M,M,1.0,1125.0,1102.0
2021-11-22,20211122,Nov-21,J0248,J0248-SET-L,L,1.0,1125.0,1102.0
2021-11-22,20211122,Nov-21,J0248,J0248-SET-XL,XL,1.0,1125.0,1102.0
2021-11-22,20211122,Nov-21,J0248,J0248-SET-XXL,XXL,1.0,1125.0,1102.0
2021-11-22,20211122,Nov-21,J0248,J0248-SET-XXXL,XXXL,1.0,1125.0,1102.0
2021-11-22,20211122,Nov-21,J0252,J0252-SKD-S,S,1.0,1037.5,1017.0
2021-11-22,20211122,Nov-21,J0252,J0252-SKD-M,M,1.0,1037.5,1017.0
2021-11-22,20211122,Nov-21,J0252,J0252-SKD-L,L,1.0,1037.5,1017.0
2021-11-22,20211122,Nov-21,J0252,J0252-SKD-XL,XL,1.0,1037.5,1017.0
2021-11-22,20211122,Nov-21,J0252,J0252-SKD-XXL,XXL,1.0,1037.5,1017.0
2021-11-22,20211122,Nov-21,J0252,J0252-SKD-XXXL,XXXL,1.0,1037.5,1017.0
2021-11-22,20211122,Nov-21,J0126,J0126-SKD-S,S,1.0,1312.5,1286.0
2021-11-22,20211122,Nov-21,J0126,J0126-SKD-M,M,1.0,1312.5,1286.0
2021-11-22,20211122,Nov-21,J0126,J0126-SKD-L,L,1.0,1312.5,1286.0
2021-11-22,20211122,Nov-21,JNE3399,JNE3399-KR-S,S,1.0,587.5,576.0
2021-11-22,20211122,Nov-21,JNE3399,JNE3399-KR-M,M,1.0,587.5,576.0
2021-11-22,20211122,Nov-21,JNE3399,JNE3399-KR-L,L,1.0,587.5,576.0
2021-11-22,20211122,Nov-21,JNE3399,JNE3399-KR-XL,XL,1.0,587.5,576.0
2021-11-22,20211122,Nov-21,JNE3399,JNE3399-KR-XXL,XXL,1.0,587.5,576.0
2021-11-22,20211122,Nov-21,JNE3399,JNE3399-KR-XXXL,XXXL,1.0,587.5,576.0
2021-11-22,20211122,Nov-21,JNE2100,JNE2100-KR-144-S,S,1.0,486.25,477.0
2021-11-22,20211122,Nov-21,JNE2100,JNE2100-KR-144-M,M,1.0,486.25,477.0
2021-11-22,20211122,Nov-21,JNE2100,JNE2100-KR-144-L,L,1.0,486.25,477.0
2021-11-22,20211122,Nov-21,JNE2100,JNE2100-KR-144-XL,XL,1.0,486.25,477.0
2021-11-22,20211122,Nov-21,JNE2100,JNE2100-KR-144-XXL,XXL,1.0,486.25,477.0
2021-11-22,20211122,Nov-21,JNE2100,JNE2100-KR-144-XXXL,XXXL,1.0,486.25,477.0
2021-11-22,20211122,Nov-21,J0147,J0147-SET-S,S,1.0,722.22,708.0
2021-11-22,20211122,Nov-21,J0147,J0147-SET-L,L,1.0,722.22,708.0
2021-11-22,20211122,Nov-21,J0147,J0147-SET-XL,XL,1.0,722.22,708.0
2021-11-22,20211122,Nov-21,J0147,J0147-SET-XXL,XXL,1.0,722.22,708.0
2021-11-22,20211122,Nov-21,J0147,J0147-SET-XXXL,XXXL,1.0,722.22,708.0
2021-11-22,20211122,Nov-21,J0130,J0130-SET-S,S,1.0,933.75,915.0
2021-11-22,20211122,Nov-21,J0130,J0130-SET-M,M,1.0,933.75,915.0
2021-11-22,20211122,Nov-21,J0130,J0130-SET-L.,L,1.0,933.75,915.0
2021-11-22,20211122,Nov-21,J0130,J0130-SET-XL,XL,1.0,933.75,915.0
2021-11-22,20211122,Nov-21,J0130,J0130-SET-XXL,XXL,1.0,933.75,915.0
2021-11-22,20211122,Nov-21,J0130,J0130-SET-XXXL,XXXL,1.0,933.75,915.0
2021-11-22,20211122,Nov-21,J0129,J0129-SET-S,S,1.0,853.33,836.0
2021-11-22,20211122,Nov-21,J0129,J0129-SET-M,M,1.0,853.33,836.0
2021-11-22,20211122,Nov-21,J0129,J0129-SET-XXL,XXL,1.0,853.33,836.0
2021-11-22,20211122,Nov-21,J0129,J0129-SET-XXXL,XXXL,1.0,853.33,836.0
2021-11-22,20211122,Nov-21,J0014,J0014-LCD-S,S,1.0,1312.5,1286.0
2021-11-22,20211122,Nov-21,J0014,J0014-LCD-M,M,1.0,1312.5,1286.0
2021-11-22,20211122,Nov-21,J0014,J0014-LCD-L,L,1.0,1312.5,1286.0
2021-11-22,20211122,Nov-21,J0014,J0014-LCD-XL,XL,1.0,1312.5,1286.0
2021-11-22,20211122,Nov-21,J0014,J0014-LCD-XXL,XXL,1.0,1312.5,1286.0
2021-11-22,20211122,Nov-21,J0014,J0014-LCD-XXXL,XXXL,1.0,1312.5,1286.0
2021-11-22,20211122,Nov-21,J0151,J0151-KR-S,S,1.0,737.5,723.0
2021-11-22,20211122,Nov-21,J0151,J0151-KR-M,M,1.0,737.5,723.0
2021-11-22,20211122,Nov-21,J0151,J0151-KR-L,L,1.0,737.5,723.0
2021-11-22,20211122,Nov-21,J0151,J0151-KR-XL,XL,1.0,737.5,723.0
2021-11-22,20211122,Nov-21,J0151,J0151-KR-XXL,XXL,1.0,737.5,723.0
2021-11-22,20211122,Nov-21,J0151,J0151-KR-XXXL,XXXL,1.0,737.5,723.0
2021-11-22,20211122,Nov-21,J0132,J0132-KR-S,S,1.0,500.0,490.0
2021-11-22,20211122,Nov-21,J0132,J0132-KR-XL,XL,1.0,500.0,490.0
2021-11-22,20211122,Nov-21,J0132,J0132-KR-XXL,XXL,1.0,500.0,490.0
2021-11-22,20211122,Nov-21,J0132,J0132-KR-XXXL,XXXL,1.0,500.0,490.0
2021-11-22,20211122,Nov-21,J0086,J0086-DR-M,M,1.0,737.5,723.0
2021-11-22,20211122,Nov-21,J0086,J0086-DR-L,L,1.0,737.5,723.0
2021-11-22,20211122,Nov-21,J0086,J0086-DR-XL,XL,1.0,737.5,723.0
2021-11-22,20211122,Nov-21,J0086,J0086-DR-XXL,XXL,1.0,737.5,723.0
2021-11-22,20211122,Nov-21,J0086,J0086-DR-XXXL,XXXL,1.0,737.5,723.0
2021-11-22,20211122,Nov-21,J0334,J0334-TP-M,M,1.0,462.5,453.0
2021-11-22,20211122,Nov-21,J0334,J0334-TP-L,L,1.0,462.5,453.0
2021-11-22,20211122,Nov-21,J0334,J0334-TP-XL,XL,1.0,462.5,453.0
2021-11-22,20211122,Nov-21,JNE3065,JNE3065-KR-M,M,1.0,562.5,551.0
2021-11-22,20211122,Nov-21,JNE3065,JNE3065-KR-L,L,1.0,562.5,551.0
2021-11-22,20211122,Nov-21,JNE3065,JNE3065-KR-XL,XL,1.0,562.5,551.0
2021-11-22,20211122,Nov-21,JNE3065,JNE3065-KR-XXL,XXL,1.0,562.5,551.0
2021-11-22,20211122,Nov-21,JNE3376,JNE3376-KR-M,M,1.0,512.5,502.0
2021-11-22,20211122,Nov-21,JNE3376,JNE3376-KR-L,L,1.0,512.5,502.0
2021-11-22,20211122,Nov-21,JNE3376,JNE3376-KR-XL,XL,1.0,512.5,502.0
2021-11-22,20211122,Nov-21,JNE3376,JNE3376-KR-XXL,XXL,1.0,512.5,502.0
2021-11-22,20211122,Nov-21,JNE3376,JNE3376-KR-XXXL,XXXL,1.0,512.5,502.0
2021-11-22,20211122,Nov-21,JNE3405,JNE3405-KR-S,S,1.0,425.0,416.0
2021-11-22,20211122,Nov-21,JNE3405,JNE3405-KR-M,M,1.0,425.0,416.0
2021-11-22,20211122,Nov-21,JNE3405,JNE3405-KR-L,L,1.0,425.0,416.0
2021-11-22,20211122,Nov-21,JNE3405,JNE3405-KR-XL,XL,1.0,425.0,416.0
2021-11-22,20211122,Nov-21,JNE3405,JNE3405-KR-XXL,XXL,1.0,425.0,416.0
2021-11-22,20211122,Nov-21,JNE3405,JNE3405-KR-XXXL,XXXL,1.0,425.0,416.0
2021-11-22,20211122,Nov-21,JNE3421,JNE3421-KR-M,M,1.0,403.75,396.0
2021-11-22,20211122,Nov-21,JNE3421,JNE3421-KR-L,L,1.0,403.75,396.0
2021-11-22,20211122,Nov-21,JNE3421,JNE3421-KR-XL,XL,1.0,403.75,396.0
2021-11-22,20211122,Nov-21,JNE3421,JNE3421-KR-XXL,XXL,1.0,403.75,396.0
2021-11-22,20211122,Nov-21,JNE3764,JNE3764-KR-M,M,1.0,587.5,576.0
2021-11-22,20211122,Nov-21,JNE3764,JNE3764-KR-L,L,1.0,587.5,576.0
2021-11-22,20211122,Nov-21,JNE3764,JNE3764-KR-XL,XL,1.0,587.5,576.0
2021-11-22,20211122,Nov-21,JNE3764,JNE3764-KR-XXL,XXL,1.0,587.5,576.0
2021-11-22,20211122,Nov-21,JNE3764,JNE3764-KR-XXXL,XXXL,1.0,587.5,576.0
2021-11-22,20211122,Nov-21,J0332,J0332-DR-M,M,1.0,887.5,870.0
2021-11-22,20211122,Nov-21,J0332,J0332-DR-L,L,1.0,887.5,870.0
2021-11-22,20211122,Nov-21,J0332,J0332-DR-XL,XL,1.0,887.5,870.0
2021-11-22,20211122,Nov-21,J0225,J0225-SKD-M,M,1.0,1737.5,1703.0
2021-11-22,20211122,Nov-21,J0225,J0225-SKD-L,L,1.0,1737.5,1703.0
2021-11-22,20211122,Nov-21,J0225,J0225-SKD-XL,XL,1.0,1737.5,1703.0
2021-11-22,20211122,Nov-21,J0225,J0225-SKD-XXL,XXL,1.0,1737.5,1703.0
2021-11-22,20211122,Nov-21,SET172,SET172-KR-PP-M,M,1.0,1312.5,1286.0
2021-11-22,20211122,Nov-21,SET172,SET172-KR-PP-L,L,1.0,1312.5,1286.0
2021-11-22,20211122,Nov-21,SET172,SET172-KR-PP-XL,XL,1.0,1312.5,1286.0
2021-11-22,20211122,Nov-21,SET172,SET172-KR-PP-XXL,XXL,1.0,1312.5,1286.0
2021-11-22,20211122,Nov-21,SET203,SET203-KR-DPT-S,S,1.0,612.5,600.0
2021-11-22,20211122,Nov-21,SET203,SET203-KR-DPT-M,M,1.0,612.5,600.0
2021-11-22,20211122,Nov-21,SET203,SET203-KR-DPT-L,L,1.0,612.5,600.0
2021-11-22,20211122,Nov-21,SET203,SET203-KR-DPT-XL,XL,1.0,612.5,600.0
2021-11-22,20211122,Nov-21,SET203,SET203-KR-DPT-XXL,XXL,1.0,612.5,600.0
2021-11-22,20211122,Nov-21,SET203,SET203-KR-DPT-XXXL,XXXL,1.0,612.5,600.0
2021-11-22,20211122,Nov-21,SET295,SET295-KR-NP-M,M,1.0,850.0,833.0
2021-11-22,20211122,Nov-21,SET295,SET295-KR-NP-L,L,1.0,850.0,833.0
2021-11-22,20211122,Nov-21,SET295,SET295-KR-NP-XL,XL,1.0,850.0,833.0
2021-11-22,20211122,Nov-21,SET295,SET295-KR-NP-XXL,XXL,1.0,850.0,833.0
2021-11-22,20211122,Nov-21,SET297,SET297-KR-NP-M,M,1.0,812.5,796.0
2021-11-22,20211122,Nov-21,SET297,SET297-KR-NP-L,L,1.0,812.5,796.0
2021-11-22,20211122,Nov-21,SET297,SET297-KR-NP-XL,XL,1.0,812.5,796.0
2021-11-22,20211122,Nov-21,SET297,SET297-KR-NP-XXL,XXL,1.0,812.5,796.0
2021-11-22,20211122,Nov-21,SET305,SET305-KR-DPT-S,S,1.0,1037.5,1017.0
2021-11-22,20211122,Nov-21,SET305,SET305-KR-DPT-M,M,1.0,1037.5,1017.0
2021-11-22,20211122,Nov-21,SET305,SET305-KR-DPT-L,L,1.0,1037.5,1017.0
2021-11-22,20211122,Nov-21,SET305,SET305-KR-DPT-XL,XL,1.0,1037.5,1017.0
2021-11-22,20211122,Nov-21,SET305,SET305-KR-DPT-XXL,XXL,1.0,1037.5,1017.0
2021-11-22,20211122,Nov-21,SET305,SET305-KR-DPT-XXXL,XXXL,1.0,1037.5,1017.0
2021-11-22,20211122,Nov-21,SET319,SET319-KR-NP-M,M,1.0,975.0,956.0
2021-11-22,20211122,Nov-21,SET319,SET319-KR-NP-L,L,1.0,975.0,956.0
2021-11-22,20211122,Nov-21,SET319,SET319-KR-NP-XL,XL,1.0,975.0,956.0
2021-11-22,20211122,Nov-21,SET319,SET319-KR-NP-XXL,XXL,1.0,975.0,956.0
2021-11-22,20211122,Nov-21,SET098,SET098-KR-PP-L,L,1.0,855.0,838.0
2021-11-22,20211122,Nov-21,SET110,SET110-KR-PP-S,S,2.0,925.0,1813.0
2021-11-23,20211123,Nov-21,JNE3546,JNE3546-KR-L,L,1.0,425.0,425.0
2021-11-23,20211123,Nov-21,JNE3546,JNE3546-KR-XL,XL,1.0,425.0,425.0
2021-11-23,20211123,Nov-21,JNE3546,JNE3546-KR-XXL,XXL,1.0,425.0,425.0
2021-11-23,20211123,Nov-21,JNE3571,JNE3571-KR-L,L,1.0,425.0,425.0
2021-11-23,20211123,Nov-21,JNE3571,JNE3571-KR-XL,XL,1.0,425.0,425.0
2021-11-23,20211123,Nov-21,JNE3571,JNE3571-KR-XXL,XXL,1.0,425.0,425.0
2021-11-23,20211123,Nov-21,JNE3622,JNE3622-KR-L,L,1.0,416.0,416.0
2021-11-23,20211123,Nov-21,JNE3622,JNE3622-KR-XL,XL,1.0,416.0,416.0
2021-11-23,20211123,Nov-21,JNE3622,JNE3622-KR-XXL,XXL,1.0,416.0,416.0
2021-11-23,20211123,Nov-21,JNE3628,JNE3628-KR-L,L,1.0,404.0,404.0
2021-11-23,20211123,Nov-21,JNE3628,JNE3628-KR-XL,XL,1.0,404.0,404.0
2021-11-23,20211123,Nov-21,JNE3628,JNE3628-KR-XXL,XXL,1.0,404.0,404.0
2021-11-23,20211123,Nov-21,JNE3630,JNE3630-KR-L,L,1.0,463.0,463.0
2021-11-23,20211123,Nov-21,JNE3630,JNE3630-KR-XL,XL,1.0,463.0,463.0
2021-11-23,20211123,Nov-21,JNE3630,JNE3630-KR-XXL,XXL,1.0,463.0,463.0
2021-11-23,20211123,Nov-21,JNE3693,JNE3693-KR-L,L,1.0,425.0,425.0
2021-11-23,20211123,Nov-21,JNE3693,JNE3693-KR-XL,XL,1.0,425.0,425.0
2021-11-23,20211123,Nov-21,JNE3693,JNE3693-KR-XXL,XXL,1.0,425.0,425.0
2021-11-23,20211123,Nov-21,JNE3695,JNE3695-KR-L,L,1.0,404.0,404.0
2021-11-23,20211123,Nov-21,JNE3695,JNE3695-KR-XL,XL,1.0,404.0,404.0
2021-11-23,20211123,Nov-21,JNE3695,JNE3695-KR-XXL,XXL,1.0,404.0,404.0
2021-11-23,20211123,Nov-21,JNE3710,JNE3710-DR-L,L,1.0,650.0,650.0
2021-11-23,20211123,Nov-21,JNE3710,JNE3710-DR-XL,XL,1.0,650.0,650.0
2021-11-23,20211123,Nov-21,JNE3710,JNE3710-DR-XXL,XXL,1.0,650.0,650.0
2021-11-23,20211123,Nov-21,JNE3439,JNE3439-KR-L,L,1.0,425.0,425.0
2021-11-23,20211123,Nov-21,JNE3439,JNE3439-KR-XL,XL,1.0,425.0,425.0
2021-11-23,20211123,Nov-21,JNE3439,JNE3439-KR-XXL,XXL,1.0,425.0,425.0
2021-11-23,20211123,Nov-21,JNE3440,JNE3440-KR-L,L,1.0,425.0,425.0
2021-11-23,20211123,Nov-21,JNE3440,JNE3440-KR-XL,XL,1.0,425.0,425.0
2021-11-23,20211123,Nov-21,JNE3440,JNE3440-KR-XXL,XXL,1.0,425.0,425.0
2021-11-23,20211123,Nov-21,JNE3574,JNE3574-KR-L,L,1.0,425.0,425.0
2021-11-23,20211123,Nov-21,JNE3574,JNE3574-KR-XL,XL,1.0,425.0,425.0
2021-11-23,20211123,Nov-21,JNE3574,JNE3574-KR-XXL,XXL,1.0,425.0,425.0
2021-11-23,20211123,Nov-21,JNE3575,JNE3575-KR-L,L,1.0,439.0,439.0
2021-11-23,20211123,Nov-21,JNE3575,JNE3575-KR-XL,XL,1.0,439.0,439.0
2021-11-23,20211123,Nov-21,JNE3575,JNE3575-KR-XXL,XXL,1.0,439.0,439.0
2021-11-26,20211126,Nov-21,SET328,SET328-KR-NP-M,M,1.0,650.0,650.0
2021-11-26,20211126,Nov-21,SET321,SET321-KR-DPT-M,M,1.0,1038.0,1038.0
2021-11-26,20211126,Nov-21,SET277,SET277-KR-NP-M,M,1.0,1550.0,1550.0
2021-11-26,20211126,Nov-21,J0242,J0242-SKD-M,M,1.0,1350.0,1350.0
2021-11-26,20211126,Nov-21,SET278,SET278-KR-NP-M,M,1.0,1775.0,1775.0
2021-11-26,20211126,Nov-21,J0281,J0281-SKD-M,M,1.0,1700.0,1700.0
2021-11-26,20211126,Nov-21,JNE3688,JNE3688-TU-M,M,1.0,500.0,500.0
2021-11-26,20211126,Nov-21,JNE2291,JNE2291-KR-602-M,M,1.0,513.0,513.0
2021-11-26,20211126,Nov-21,JNE3764,JNE3764-KR-M,M,1.0,588.0,588.0
2021-11-26,20211126,Nov-21,JNE3548,JNE3548-KR-M,M,1.0,463.0,463.0
2021-11-27,20211127,Nov-21,JNE3672,JNE3672-TU-XXL,XXL,1.0,500.0,500.0
2021-11-27,20211127,Nov-21,SET094,SET094-KR-NP-XXL,XXL,1.0,1000.0,1000.0
2021-11-27,20211127,Nov-21,JNE3765,JNE3765-KR-XXL,XXL,1.0,588.0,588.0
2021-11-27,20211127,Nov-21,JNE3383,JNE3383-KR-XXL,XXL,1.0,625.0,625.0
2021-11-27,20211127,Nov-21,SET199,SET199-KR-NP-M,M,1.0,738.0,738.0
2021-11-27,20211127,Nov-21,SET244,SET244-KR-NP-M,M,1.0,1175.0,1175.0
2021-11-27,20211127,Nov-21,SET220,SET220-KR-PP-S,S,1.0,1388.0,1388.0
2021-11-27,20211127,Nov-21,MEN5022,MEN5022-KR-M,M,1.0,649.0,649.0
2021-11-27,20211127,Nov-21,JNE3554,JNE3554-KR-S,S,1.0,463.0,463.0
2021-11-27,20211127,Nov-21,SET336,SET336-KR-NP-L,L,1.0,1275.0,1275.0
2021-11-27,20211127,Nov-21,SET172,SET172-KR-PP-M,M,1.0,1313.0,1313.0
2021-11-27,20211127,Nov-21,JNE3553,JNE3553-KR-XL,XL,1.0,463.0,463.0
2021-11-27,20211127,Nov-21,JNE1977,JNE1977-KR-237-XL,XL,1.0,391.0,391.0
2021-11-27,20211127,Nov-21,JNE3384,JNE3384-KR-XL,XL,1.0,450.0,450.0
2021-11-27,20211127,Nov-21,JNE3479,JNE3479-KR-XL,XL,1.0,450.0,450.0
2021-11-27,20211127,Nov-21,JNE3042,JNE3042-KR-XL,XL,1.0,428.0,428.0
2021-11-27,20211127,Nov-21,JNE2014,JNE2014-KR-178-XL,XL,1.0,450.0,450.0
2021-11-27,20211127,Nov-21,JNE2032,JNE2032-KR-205-XL,XL,1.0,461.0,461.0
2021-11-27,20211127,Nov-21,JNE3550,JNE3550-KR-XL,XL,1.0,383.0,383.0
2021-11-27,20211127,Nov-21,JNE3549,JNE3549-KR-XL,XL,1.0,425.0,425.0
2021-11-27,20211127,Nov-21,JNE3776,JNE3776-KR-XL,XL,1.0,450.0,450.0
2021-11-27,20211127,Nov-21,JNE3428,JNE3428-KR-XL,XL,1.0,278.0,278.0
2021-11-27,20211127,Nov-21,JNE3561,JNE3561-KR-XL,XL,1.0,463.0,463.0
2021-11-27,20211127,Nov-21,JNE3574,JNE3574-KR-XL,XL,1.0,425.0,425.0
2021-11-27,20211127,Nov-21,JNE3489,JNE3489-KR-XL,XL,1.0,425.0,425.0
2021-11-27,20211127,Nov-21,JNE3435,JNE3435-KR-XL,XL,1.0,425.0,425.0
2021-11-27,20211127,Nov-21,JNE3564,JNE3564-KR-XL,XL,1.0,425.0,425.0
2021-11-27,20211127,Nov-21,JNE3405,JNE3405-KR-XL,XL,1.0,425.0,425.0
2021-11-27,20211127,Nov-21,JNE3628,JNE3628-KR-XL,XL,1.0,404.0,404.0
2021-11-27,20211127,Nov-21,JNE3781,JNE3781-KR-XL,XL,1.0,475.0,475.0
2021-11-27,20211127,Nov-21,JNE3555,JNE3555-KR-XL,XL,1.0,463.0,463.0
2021-11-27,20211127,Nov-21,J0037,J0037-KR-L,L,1.0,850.0,850.0
2021-11-27,20211127,Nov-21,J0094,J0094-KR-L,L,1.0,888.0,888.0
2021-11-27,20211127,Nov-21,J0179,J0179-KR-L,L,1.0,738.0,738.0
2021-11-27,20211127,Nov-21,J0184,J0184-KR-L,L,1.0,563.0,563.0
2021-11-27,20211127,Nov-21,J0335,J0335-DR-M,M,1.0,850.0,850.0
2021-11-27,20211127,Nov-21,J0336,J0336-TP-XL,XL,1.0,538.0,538.0
2021-11-27,20211127,Nov-21,J0337,J0337-TP-XL,XL,1.0,450.0,450.0
2021-11-27,20211127,Nov-21,J0339,J0339-DR-M,M,1.0,775.0,775.0
2021-11-27,20211127,Nov-21,J0339,J0339-DR-XL,XL,1.0,775.0,775.0
2021-11-27,20211127,Nov-21,JNE3558,JNE3558-KR-XXL,XXL,1.0,425.0,425.0
2021-11-27,20211127,Nov-21,JNE3605,JNE3605-KR-M,M,1.0,463.0,463.0
2021-11-27,20211127,Nov-21,JNE3764,JNE3764-KR-XL,XL,2.0,588.0,1176.0
2021-11-27,20211127,Nov-21,JNE3766,JNE3766-KR-M,M,1.0,588.0,588.0
2021-11-27,20211127,Nov-21,JNE3777,JNE3777-KR-XL,XL,1.0,413.0,413.0
2021-11-27,20211127,Nov-21,JNE3795,JNE3795-KR-XXXL,XXXL,1.0,588.0,588.0
2021-11-29,20211129,Nov-21,J0247,J0247-SKD-XS,XS,1.0,1163.0,1163.0
2021-11-29,20211129,Nov-21,JNE1906,JNE1906-KR-031-XXXL,XXXL,1.0,513.0,513.0
2021-11-29,20211129,Nov-21,JNE3252,JNE3252-KR-XXL,XXL,1.0,594.0,594.0
2021-11-29,20211129,Nov-21,JNE3252,JNE3252-KR-XXXL,XXXL,1.0,594.0,594.0
2021-11-29,20211129,Nov-21,JNE3750,JNE3750-KR-S,S,1.0,500.0,500.0
2021-11-29,20211129,Nov-21,JNE3750,JNE3750-KR-XS,XS,1.0,500.0,500.0
2021-11-29,20211129,Nov-21,JNE3751,JNE3751-KR-XXXL,XXXL,1.0,463.0,463.0
2021-11-29,20211129,Nov-21,JNE3763,JNE3763-KR-S,S,1.0,513.0,513.0
2021-11-29,20211129,Nov-21,JNE3764,JNE3764-KR-S,S,1.0,588.0,588.0
2021-11-29,20211129,Nov-21,JNE3777,JNE3777-KR-S,S,1.0,413.0,413.0
2021-11-29,20211129,Nov-21,JNE3782,JNE3782-KR-L,L,1.0,550.0,550.0
2021-11-29,20211129,Nov-21,JNE3783,JNE3783-KR-XS,XS,1.0,550.0,550.0
2021-11-29,20211129,Nov-21,JNE3788,JNE3788-KR-XXL,XXL,1.0,588.0,588.0
2021-11-29,20211129,Nov-21,JNE3789,JNE3789-KR-XXXL,XXXL,1.0,563.0,563.0
2021-11-29,20211129,Nov-21,PJNE2270,PJNE2270-KR-5XL,5XL,1.0,888.0,888.0
2021-11-29,20211129,Nov-21,PJNE3252,PJNE3252-KR-5XL,5XL,1.0,713.0,713.0
2021-11-29,20211129,Nov-21,PJNE3252,PJNE3252-KR-6XL,6XL,1.0,713.0,713.0
2021-11-29,20211129,Nov-21,PJNE3363,PJNE3363-KR-5XL,5XL,1.0,550.0,550.0
2021-11-29,20211129,Nov-21,PJNE3373,PJNE3373-KR-4XL,4XL,1.0,650.0,650.0
2021-11-29,20211129,Nov-21,PJNE3399,PJNE3399-KR-6XL,6XL,1.0,588.0,588.0
2021-11-29,20211129,Nov-21,PJNE3405,PJNE3405-KR-4XL,4XL,1.0,463.0,463.0
2021-11-29,20211129,Nov-21,SET268,SET268-KR-NP-XL,XL,1.0,925.0,925.0
2021-11-29,20211129,Nov-21,SET295,SET295-KR-NP-XXXL,XXXL,1.0,850.0,850.0
2021-11-29,20211129,Nov-21,SET297,SET297-KR-NP-M,M,1.0,813.0,813.0
2021-11-29,20211129,Nov-21,SET306,SET306-KR-PP-L,L,1.0,738.0,738.0
2021-11-29,20211129,Nov-21,SET306,SET306-KR-PP-M,M,1.0,738.0,738.0
2021-11-29,20211129,Nov-21,SET306,SET306-KR-PP-XS,XS,1.0,738.0,738.0
2021-11-29,20211129,Nov-21,SET319,SET319-KR-NP-S,S,1.0,975.0,975.0
2021-11-29,20211129,Nov-21,SET321,SET321-KR-DPT-XL,XL,1.0,1038.0,1038.0
2021-11-29,20211129,Nov-21,SET345,SET345-KR-NP-M,M,1.0,688.0,688.0
2021-11-29,20211129,Nov-21,SET345,SET345-KR-NP-XS,XS,1.0,688.0,688.0
2021-11-29,20211129,Nov-21,JNE3707,JNE3707-DR-S,S,1.0,700.0,700.0
2021-11-29,20211129,Nov-21,JNE3707,JNE3707-DR-XL,XL,1.0,700.0,700.0
2021-11-29,20211129,Nov-21,SET220,SET220-KR-PP-S,S,1.0,1388.0,1388.0
2021-11-29,20211129,Nov-21,J0094,J0094-KR-S,S,3.0,888.0,2664.0
2021-11-29,20211129,Nov-21,J0094,J0094-KR-M,M,4.0,888.0,3552.0
2021-11-29,20211129,Nov-21,J0094,J0094-KR-L,L,1.0,888.0,888.0
2021-11-29,20211129,Nov-21,J0094,J0094-KR-XXL,XXL,1.0,888.0,888.0
2021-11-29,20211129,Nov-21,J0094,J0094-KR-XXXL,XXXL,1.0,888.0,888.0
2021-11-29,20211129,Nov-21,J0159,J0159-DR-XS,XS,3.0,833.0,2499.0
2021-11-29,20211129,Nov-21,J0159,J0159-DR-S,S,4.0,833.0,3332.0
2021-11-29,20211129,Nov-21,J0159,J0159-DR-M,M,1.0,833.0,833.0
2021-11-29,20211129,Nov-21,J0159,J0159-DR-XXXL,XXXL,1.0,833.0,833.0
2021-11-29,20211129,Nov-21,J0212,J0212-DR-XL,XL,1.0,775.0,775.0
2021-11-29,20211129,Nov-21,J0152,J0152-DR-XS,XS,2.0,888.0,1776.0
2021-11-29,20211129,Nov-21,J0152,J0152-DR-S,S,2.0,888.0,1776.0
2021-11-29,20211129,Nov-21,J0152,J0152-DR-M,M,3.0,888.0,2664.0
2021-11-29,20211129,Nov-21,J0152,J0152-DR-XXXL,XXXL,1.0,888.0,888.0
2021-11-29,20211129,Nov-21,JNE3709,JNE3709-DR-XS,XS,1.0,1000.0,1000.0
2021-11-29,20211129,Nov-21,JNE3710,JNE3710-DR-XXXL,XXXL,1.0,650.0,650.0
2021-11-29,20211129,Nov-21,J0151,J0151-KR-S,S,1.0,738.0,738.0
2021-11-29,20211129,Nov-21,J0348,J0348-SET-S,S,1.0,775.0,775.0
2021-11-29,20211129,Nov-21,J0345,J0345-SET-S,S,1.0,775.0,775.0
2021-11-29,20211129,Nov-21,NW012,NW012-TP-PJ-S,S,1.0,850.0,850.0
2021-11-29,20211129,Nov-21,NW013,NW013-ST-SR-S,S,1.0,738.0,738.0
2021-11-29,20211129,Nov-21,NW013,NW013-ST-SR-XXL,XXL,1.0,738.0,738.0
2021-11-29,20211129,Nov-21,NW006,NW006-ST-SR-S,S,1.0,611.0,611.0
2021-11-29,20211129,Nov-21,NW006,NW006-ST-SR-XXL,XXL,1.0,611.0,611.0
2021-11-29,20211129,Nov-21,BTM039,BTM039-PP-L,L,1.0,439.0,439.0
2021-11-29,20211129,Nov-21,J0132,J0132-KR-XL,XL,1.0,500.0,500.0
2021-12-02,20211202,Dec-21,J0007,J0007-SKD-L,L,1.0,1275.0,1275.0
2021-12-02,20211202,Dec-21,J0211,J0211-DR-L,L,1.0,813.0,813.0
2021-12-02,20211202,Dec-21,J0225,J0225-SKD-S,S,1.0,1738.0,1738.0
2021-12-02,20211202,Dec-21,J0248,J0248-SET-S,S,1.0,1125.0,1125.0
2021-12-02,20211202,Dec-21,JNE3396,JNE3396-KR-S,S,1.0,588.0,588.0
2021-12-02,20211202,Dec-21,JNE3432,JNE3432-KR-S,S,1.0,513.0,513.0
2021-12-02,20211202,Dec-21,JNE3541,JNE3541-KR-L,L,1.0,430.0,430.0
2021-12-02,20211202,Dec-21,JNE3541,JNE3541-KR-S,S,1.0,430.0,430.0
2021-12-02,20211202,Dec-21,JNE3548,JNE3548-KR-S,S,1.0,463.0,463.0
2021-12-02,20211202,Dec-21,JNE3557,JNE3557-KR-S,S,1.0,463.0,463.0
2021-12-02,20211202,Dec-21,JNE3634,JNE3634-KR-L,L,1.0,663.0,663.0
2021-12-02,20211202,Dec-21,JNE3703,JNE3703-KR-S,S,1.0,513.0,513.0
2021-12-02,20211202,Dec-21,JNE3730,JNE3730-KR-S,S,1.0,563.0,563.0
2021-12-02,20211202,Dec-21,JNE3738,JNE3738-KR-S,S,1.0,563.0,563.0
2021-12-02,20211202,Dec-21,JNE3769,JNE3769-KR-S,S,1.0,550.0,550.0
2021-12-02,20211202,Dec-21,JNE3778,JNE3778-KR-S,S,1.0,563.0,563.0
2021-12-02,20211202,Dec-21,JNE3782,JNE3782-KR-L,L,1.0,550.0,550.0
2021-12-02,20211202,Dec-21,JNE3783,JNE3783-KR-L,L,1.0,550.0,550.0
2021-12-02,20211202,Dec-21,JNE3788,JNE3788-KR-S,S,1.0,588.0,588.0
2021-12-02,20211202,Dec-21,JNE3819,JNE3819-KR-L,L,1.0,650.0,650.0
2021-12-02,20211202,Dec-21,JNE3820,JNE3820-KR-L,L,1.0,650.0,650.0
2021-12-02,20211202,Dec-21,JNE3821,JNE3821-KR-L,L,1.0,650.0,650.0
2021-12-02,20211202,Dec-21,JNE3822,JNE3822-KR-L,L,1.0,613.0,613.0
2021-12-02,20211202,Dec-21,JNE3823,JNE3823-KR-L,L,1.0,688.0,688.0
2021-12-02,20211202,Dec-21,JNE3825,JNE3825-KR-L,L,1.0,650.0,650.0
2021-12-02,20211202,Dec-21,SET038,SET038-KR-PP-S,S,1.0,775.0,775.0
2021-12-02,20211202,Dec-21,SET239,SET239-KR-NP-L,L,1.0,1000.0,1000.0
2021-12-02,20211202,Dec-21,SET264,SET264-KR-NP-L,L,1.0,975.0,975.0
2021-12-02,20211202,Dec-21,SET265,SET265-KR-NP-L,L,1.0,975.0,975.0
2021-12-02,20211202,Dec-21,SET295,SET295-KR-NP-S,S,1.0,850.0,850.0
2021-12-02,20211202,Dec-21,SET383,SET383-KR-NP-L,L,1.0,925.0,925.0
2021-12-02,20211202,Dec-21,SET385,SET385-KR-NP-L,L,1.0,925.0,925.0
2021-12-02,20211202,Dec-21,SET389,SET389-KR-NP-L,L,1.0,1000.0,1000.0
2021-12-06,20211206,Dec-21,JNE3762,JNE3762-KR-L,L,1.0,588.0,588.0
2021-12-06,20211206,Dec-21,JNE3762,JNE3762-KR-M,M,1.0,588.0,588.0
2021-12-06,20211206,Dec-21,JNE3762,JNE3762-KR-S,S,1.0,588.0,588.0
2021-12-06,20211206,Dec-21,JNE3762,JNE3762-KR-XL,XL,1.0,588.0,588.0
2021-12-06,20211206,Dec-21,JNE3762,JNE3762-KR-XXL,XXL,1.0,588.0,588.0
2021-12-06,20211206,Dec-21,SET038,SET038-KR-PP-L,L,1.0,775.0,775.0
2021-12-06,20211206,Dec-21,SET038,SET038-KR-PP-M,M,1.0,775.0,775.0
2021-12-06,20211206,Dec-21,SET038,SET038-KR-PP-S,S,1.0,775.0,775.0
2021-12-06,20211206,Dec-21,SET038,SET038-KR-PP-XL,XL,1.0,775.0,775.0
2021-12-06,20211206,Dec-21,SET144,SET144-KR-NP-L,L,1.0,925.0,925.0
2021-12-06,20211206,Dec-21,SET144,SET144-KR-NP-M,M,1.0,925.0,925.0
2021-12-06,20211206,Dec-21,SET144,SET144-KR-NP-S,S,1.0,925.0,925.0
2021-12-06,20211206,Dec-21,SET144,SET144-KR-NP-XL,XL,1.0,925.0,925.0
2021-12-06,20211206,Dec-21,SET147,SET147-KR-NP-L,L,1.0,925.0,925.0
2021-12-06,20211206,Dec-21,SET147,SET147-KR-NP-M,M,1.0,925.0,925.0
2021-12-06,20211206,Dec-21,SET147,SET147-KR-NP-S,S,1.0,925.0,925.0
2021-12-06,20211206,Dec-21,SET147,SET147-KR-NP-XXL,XXL,1.0,925.0,925.0
2021-12-06,20211206,Dec-21,SET243,SET243-KR-PP-L,L,1.0,698.0,698.0
2021-12-06,20211206,Dec-21,SET243,SET243-KR-PP-M,M,1.0,698.0,698.0
2021-12-06,20211206,Dec-21,SET243,SET243-KR-PP-S,S,1.0,698.0,698.0
2021-12-06,20211206,Dec-21,SET243,SET243-KR-PP-XL,XL,1.0,698.0,698.0
2021-12-06,20211206,Dec-21,SET243,SET243-KR-PP-XXL,XXL,1.0,698.0,698.0
2021-12-06,20211206,Dec-21,SET295,SET295-KR-NP-L,L,1.0,850.0,850.0
2021-12-06,20211206,Dec-21,SET295,SET295-KR-NP-M,M,1.0,850.0,850.0
2021-12-06,20211206,Dec-21,SET295,SET295-KR-NP-S,S,1.0,850.0,850.0
2021-12-06,20211206,Dec-21,SET295,SET295-KR-NP-XL,XL,1.0,850.0,850.0
2021-12-06,20211206,Dec-21,SET295,SET295-KR-NP-XXL,XXL,1.0,850.0,850.0
2021-12-06,20211206,Dec-21,SET328,SET328-KR-NP-L,L,1.0,650.0,650.0
2021-12-06,20211206,Dec-21,SET328,SET328-KR-NP-M,M,1.0,650.0,650.0
2021-12-06,20211206,Dec-21,SET328,SET328-KR-NP-S,S,1.0,650.0,650.0
2021-12-06,20211206,Dec-21,SET328,SET328-KR-NP-XL,XL,1.0,650.0,650.0
2021-12-06,20211206,Dec-21,SET328,SET328-KR-NP-XXL,XXL,1.0,650.0,650.0
2021-12-09,20211209,Dec-21,SET223,SET223-KR-NP-XS,XS,1.0,975.0,975.0
2021-12-09,20211209,Dec-21,SET223,SET223-KR-NP-S,S,1.0,975.0,975.0
2021-12-09,20211209,Dec-21,SET223,SET223-KR-NP-M,M,1.0,975.0,975.0
2021-12-09,20211209,Dec-21,SET223,SET223-KR-NP-L,L,2.0,975.0,1950.0
2021-12-09,20211209,Dec-21,SET223,SET223-KR-NP-XL,XL,1.0,975.0,975.0
2021-12-09,20211209,Dec-21,SET223,SET223-KR-NP-XXL,XXL,1.0,975.0,975.0
2021-12-09,20211209,Dec-21,SET223,SET223-KR-NP-XXXL,XXXL,1.0,975.0,975.0
2021-12-09,20211209,Dec-21,SET236,SET236-KR-PP-XS,XS,1.0,850.0,850.0
2021-12-09,20211209,Dec-21,SET236,SET236-KR-PP-S,S,1.0,850.0,850.0
2021-12-09,20211209,Dec-21,SET236,SET236-KR-PP-M,M,1.0,850.0,850.0
2021-12-09,20211209,Dec-21,SET236,SET236-KR-PP-L,L,1.0,850.0,850.0
2021-12-09,20211209,Dec-21,SET236,SET236-KR-PP-XL,XL,1.0,850.0,850.0
2021-12-09,20211209,Dec-21,SET236,SET236-KR-PP-XXL,XXL,1.0,850.0,850.0
2021-12-09,20211209,Dec-21,SET236,SET236-KR-PP-XXXL,XXXL,1.0,850.0,850.0
2021-12-09,20211209,Dec-21,SET293,SET293-KR-NP-XS,XS,1.0,775.0,775.0
2021-12-09,20211209,Dec-21,SET293,SET293-KR-NP-S,S,1.0,775.0,775.0
2021-12-09,20211209,Dec-21,SET293,SET293-KR-NP-M,M,1.0,775.0,775.0
2021-12-09,20211209,Dec-21,SET293,SET293-KR-NP-L,L,1.0,775.0,775.0
2021-12-09,20211209,Dec-21,SET293,SET293-KR-NP-XL,XL,1.0,775.0,775.0
2021-12-09,20211209,Dec-21,SET293,SET293-KR-NP-XXL,XXL,1.0,775.0,775.0
2021-12-09,20211209,Dec-21,SET293,SET293-KR-NP-XXXL,XXXL,1.0,775.0,775.0
2021-12-09,20211209,Dec-21,SET278,SET278-KR-NP-L,L,1.0,1775.0,1775.0
2021-12-09,20211209,Dec-21,SET278,SET278-KR-NP-XL,XL,1.0,1775.0,1775.0
2021-12-09,20211209,Dec-21,SET278,SET278-KR-NP-XXL,XXL,1.0,1775.0,1775.0
2021-12-09,20211209,Dec-21,SET278,SET278-KR-NP-XXXL,XXXL,1.0,1775.0,1775.0
2021-12-09,20211209,Dec-21,SET276,SET276-KR-PP-L,L,1.0,1425.0,1425.0
2021-12-09,20211209,Dec-21,SET276,SET276-KR-PP-XL,XL,1.0,1425.0,1425.0
2021-12-09,20211209,Dec-21,SET276,SET276-KR-PP-XXL,XXL,1.0,1425.0,1425.0
2021-12-09,20211209,Dec-21,SET276,SET276-KR-PP-XXXL,XXXL,1.0,1425.0,1425.0
2021-12-09,20211209,Dec-21,J0095,J0095-SET-XXL,XXL,1.0,1038.0,1038.0
2021-12-09,20211209,Dec-21,J0109,J0109-SKD-XL,XL,1.0,1313.0,1313.0
2021-12-09,20211209,Dec-21,J0122,J0122-TP-XL,XL,1.0,388.0,388.0
2021-12-09,20211209,Dec-21,J0127,J0127-SKD-XXL,XXL,1.0,1350.0,1350.0
2021-12-09,20211209,Dec-21,J0345,J0345-SET-S,S,2.0,775.0,1550.0
2021-12-09,20211209,Dec-21,J0347,J0347-SET-S,S,1.0,813.0,813.0
2021-12-09,20211209,Dec-21,J0349,J0349-SET-S,S,2.0,888.0,1776.0
2021-12-09,20211209,Dec-21,JNE3429,JNE3429-KR-S,S,1.0,563.0,563.0
2021-12-09,20211209,Dec-21,JNE3576,JNE3576-KR-S,S,1.0,404.0,404.0
2021-12-09,20211209,Dec-21,JNE3645,JNE3645-TP-XXL,XXL,1.0,350.0,350.0
2021-12-09,20211209,Dec-21,JNE3661,JNE3661-TP-XXL,XXL,1.0,368.0,368.0
2021-12-09,20211209,Dec-21,JNE3684,JNE3684-TU-XXL,XXL,1.0,388.0,388.0
2021-12-09,20211209,Dec-21,JNE3691,JNE3691-TU-XXL,XXL,1.0,563.0,563.0
2021-12-09,20211209,Dec-21,JNE3744,JNE3744-TU-XL,XL,1.0,563.0,563.0
2021-12-09,20211209,Dec-21,SET217,SET217-KR-PP-XXL,XXL,1.0,1200.0,1200.0
2021-12-09,20211209,Dec-21,SET219,SET219-KR-PP-XXL,XXL,1.0,1125.0,1125.0
2021-12-09,20211209,Dec-21,SET228,SET228-KR-PP-XXL,XXL,1.0,850.0,850.0
2021-12-09,20211209,Dec-21,SET239,SET239-KR-NP-XXL,XXL,1.0,1000.0,1000.0
2021-12-09,20211209,Dec-21,SET250,SET250-KR-SHA-L,L,1.0,926.0,926.0
2021-12-09,20211209,Dec-21,SET264,SET264-KR-NP-XL,XL,1.0,975.0,975.0
2021-12-09,20211209,Dec-21,SET385,SET385-KR-NP-XXL,XXL,1.0,925.0,925.0
2021-12-09,20211209,Dec-21,SET386,SET386-KR-NP-XXL,XXL,1.0,925.0,925.0
2021-12-13,20211213,Dec-21,PJNE2100,PJNE2100-KR-5XL,5XL,1.0,550.0,550.0
2021-12-13,20211213,Dec-21,PJNE3405,PJNE3405-KR-5XL,5XL,1.0,463.0,463.0
2021-12-13,20211213,Dec-21,PJNE3440,PJNE3440-KR-5XL,5XL,1.0,538.0,538.0
2021-12-13,20211213,Dec-21,JNE3429,JNE3429-KR-XL,XL,1.0,563.0,563.0
2021-12-13,20211213,Dec-21,JNE3576,JNE3576-KR-XXL,XXL,1.0,404.0,404.0
2021-12-13,20211213,Dec-21,JNE1233,,Free,1.0,513.0,513.0
2021-12-13,20211213,Dec-21,JNE1525,KURTI,Free,1.0,486.0,486.0
2021-12-13,20211213,Dec-21,JNE2014,JNE2014-KR-178-XL,XL,1.0,450.0,450.0
2021-12-13,20211213,Dec-21,JNE2100,JNE2100-KR-144-M,M,1.0,486.0,486.0
2021-12-13,20211213,Dec-21,JNE2100,JNE2100-KR-144-XXL,XXL,1.0,486.0,486.0
2021-12-13,20211213,Dec-21,JNE2170,JNE2170-KR-436-XXXL,XXXL,1.0,563.0,563.0
2021-12-13,20211213,Dec-21,JNE2205,JNE2205-KR-467-M,M,1.0,558.0,558.0
2021-12-13,20211213,Dec-21,JNE2205,JNE2205-KR-467-XXL,XXL,1.0,558.0,558.0
2021-12-13,20211213,Dec-21,JNE2251,JNE2251-KR-537-L,L,1.0,581.0,581.0
2021-12-13,20211213,Dec-21,JNE3030,JNE3030-KR-M,M,1.0,775.0,775.0
2021-12-13,20211213,Dec-21,JNE3030,JNE3030-KR-XL,XL,1.0,775.0,775.0
2021-12-13,20211213,Dec-21,JNE3065,JNE3065-KR-L,L,1.0,563.0,563.0
2021-12-13,20211213,Dec-21,JNE3252,JNE3252-KR-XL,XL,1.0,594.0,594.0
2021-12-13,20211213,Dec-21,JNE3261,JNE3261-KR-M,M,1.0,486.0,486.0
2021-12-13,20211213,Dec-21,JNE3261,JNE3261-KR-XL,XL,1.0,486.0,486.0
2021-12-13,20211213,Dec-21,JNE3294,JNE3294-KR-M,M,1.0,513.0,513.0
2021-12-13,20211213,Dec-21,JNE3294,JNE3294-KR-XXL,XXL,1.0,513.0,513.0
2021-12-13,20211213,Dec-21,JNE3348,JNE3348-KR-M,M,1.0,594.0,594.0
2021-12-13,20211213,Dec-21,JNE3348,JNE3348-KR-XL,XL,1.0,594.0,594.0
2021-12-13,20211213,Dec-21,JNE3365,JNE3365-KR-1052-XL,XL,1.0,475.0,475.0
2021-12-13,20211213,Dec-21,JNE3366,JNE3366-KR-1053-XL,XL,1.0,475.0,475.0
2021-12-13,20211213,Dec-21,JNE3408,JNE3408-KR-XXL,XXL,1.0,513.0,513.0
2021-12-13,20211213,Dec-21,JNE3425,JNE3425-KR-M,M,1.0,588.0,588.0
2021-12-13,20211213,Dec-21,JNE3457,JNE3457-KR-M,M,1.0,450.0,450.0
2021-12-13,20211213,Dec-21,JNE3457,JNE3457-KR-XL,XL,1.0,450.0,450.0
2021-12-13,20211213,Dec-21,JNE3548,JNE3548-KR-M,M,1.0,463.0,463.0
2021-12-13,20211213,Dec-21,JNE3489,JNE3489-KR-M,M,1.0,425.0,425.0
2021-12-13,20211213,Dec-21,JNE3489,JNE3489-KR-XXL,XXL,1.0,425.0,425.0
2021-12-13,20211213,Dec-21,J0086,J0086-DR-L,L,1.0,738.0,738.0
2021-12-13,20211213,Dec-21,J0139,J0139-KR-M,M,1.0,563.0,563.0
2021-12-13,20211213,Dec-21,J0183,J0183-TP-L,L,1.0,563.0,563.0
2021-12-13,20211213,Dec-21,J0329,J0329-KR-M,M,1.0,850.0,850.0
2021-12-13,20211213,Dec-21,J0373,J0373-KR-L,L,1.0,813.0,813.0
2021-12-13,20211213,Dec-21,JNE2153,JNE2153-KR-278-M,M,1.0,618.0,618.0
2021-12-13,20211213,Dec-21,JNE3225,JNE3225-KR-S,S,1.0,463.0,463.0
2021-12-13,20211213,Dec-21,JNE3252,JNE3252-KR-M,M,1.0,618.0,618.0
2021-12-13,20211213,Dec-21,JNE3373,JNE3373-KR-L,L,1.0,538.0,538.0
2021-12-13,20211213,Dec-21,JNE3396,JNE3396-KR-M,M,1.0,613.0,613.0
2021-12-13,20211213,Dec-21,JNE3400,JNE3400-KR-M,M,1.0,588.0,588.0
2021-12-13,20211213,Dec-21,JNE3524,JNE3524-KR-L,L,1.0,500.0,500.0
2021-12-13,20211213,Dec-21,JNE3609,JNE3609-KR-L,L,1.0,725.0,725.0
2021-12-13,20211213,Dec-21,JNE3636,JNE3636-KR-M,M,1.0,588.0,588.0
2021-12-13,20211213,Dec-21,JNE3688,JNE3688-TU-L,L,1.0,500.0,500.0
2021-12-13,20211213,Dec-21,JNE3764,JNE3764-KR-M,M,1.0,613.0,613.0
2021-12-13,20211213,Dec-21,JNE3767,JNE3767-KR-M,M,1.0,588.0,588.0
2021-12-13,20211213,Dec-21,SET044,SET044-KR-NP-M,M,1.0,653.0,653.0
2021-12-13,20211213,Dec-21,SET048,SET048-KR-NP-L,L,1.0,975.0,975.0
2021-12-13,20211213,Dec-21,SET062,SET062-KR-SP-M,M,1.0,879.0,879.0
2021-12-13,20211213,Dec-21,SET132,SET132-KR-NP-L,L,1.0,688.0,688.0
2021-12-13,20211213,Dec-21,SET172,SET172-KR-PP-L,L,1.0,1313.0,1313.0
2021-12-13,20211213,Dec-21,SET238,SET238-KR-PP-S,S,1.0,738.0,738.0
2021-12-13,20211213,Dec-21,SET248,SET248-KR-NP-M,M,1.0,653.0,653.0
2021-12-13,20211213,Dec-21,SET264,SET264-KR-NP-L,L,1.0,975.0,975.0
2021-12-13,20211213,Dec-21,SET295,SET295-KR-NP-L,L,1.0,850.0,850.0
2021-12-13,20211213,Dec-21,SET328,SET328-KR-NP-M,M,1.0,650.0,650.0
2021-12-13,20211213,Dec-21,J0370,J0370-SKD-L,L,1.0,1237.0,1237.0
2021-12-14,20211214,Dec-21,JNE3753,JNE3753-KR-XXL,XXL,1.0,650.0,650.0
2021-12-14,20211214,Dec-21,JNE3788,JNE3788-KR-M,M,1.0,588.0,588.0
2021-12-14,20211214,Dec-21,SET297,SET297-KR-NP-S,S,1.0,813.0,813.0
2021-12-14,20211214,Dec-21,SET319,SET319-KR-NP-XS,XS,1.0,975.0,975.0
2021-12-14,20211214,Dec-21,SET319,SET319-KR-NP-XL,XL,1.0,975.0,975.0
2021-12-14,20211214,Dec-21,SET321,SET321-KR-DPT-L,L,1.0,1038.0,1038.0
2021-12-14,20211214,Dec-21,SET268,SET268-KR-NP-XL,XL,1.0,925.0,925.0
2021-12-14,20211214,Dec-21,JNE3634,JNE3634-KR-S,S,1.0,663.0,663.0
2021-12-14,20211214,Dec-21,JNE3778,JNE3778-KR-S,S,1.0,563.0,563.0
2021-12-14,20211214,Dec-21,JNE3635,JNE3635-KR-L,L,1.0,594.0,594.0
2021-12-14,20211214,Dec-21,JNE3710,JNE3710-DR-XL,XL,1.0,650.0,650.0
2021-12-14,20211214,Dec-21,JNE3716,JNE3716-KR-XS,XS,1.0,450.0,450.0
2021-12-14,20211214,Dec-21,JNE3716,JNE3716-KR-S,S,1.0,450.0,450.0
2021-12-14,20211214,Dec-21,SET334,SET334-KR-NP-XS,XS,1.0,688.0,688.0
2021-12-14,20211214,Dec-21,SET352,SET352-KR-NP-L,L,1.0,738.0,738.0
2021-12-14,20211214,Dec-21,JNE3805,JNE3805-KR-XXXL,XXXL,1.0,425.0,425.0
2021-12-14,20211214,Dec-21,JNE3722,JNE3722-KR-M,M,1.0,450.0,450.0
2021-12-14,20211214,Dec-21,JNE3722,JNE3722-KR-L,L,1.0,450.0,450.0
2021-12-14,20211214,Dec-21,JNE3722,JNE3722-KR-XL,XL,1.0,450.0,450.0
2021-12-14,20211214,Dec-21,JNE3722,JNE3722-KR-XXL,XXL,1.0,450.0,450.0
2021-12-14,20211214,Dec-21,SET313,SET313-KR-NP-L,L,1.0,1238.0,1238.0
2021-12-14,20211214,Dec-21,SET313,SET313-KR-NP-XXL,XXL,1.0,1238.0,1238.0
2021-12-14,20211214,Dec-21,SET300,SET300-KR-NP-L,L,1.0,1163.0,1163.0
2021-12-14,20211214,Dec-21,SET300,SET300-KR-NP-XXL,XXL,1.0,1163.0,1163.0
2021-12-14,20211214,Dec-21,SET282,SET282-KR-PP-L,L,1.0,1238.0,1238.0
2021-12-14,20211214,Dec-21,SET282,SET282-KR-PP-XXL,XXL,1.0,1238.0,1238.0
2021-12-14,20211214,Dec-21,J0379,J0379-SKD-L,L,1.0,1513.0,1513.0
2021-12-14,20211214,Dec-21,J0379,J0379-SKD-XXL,XXL,1.0,1513.0,1513.0
2021-12-14,20211214,Dec-21,J0382,J0382-SKD-L,L,1.0,1550.0,1550.0
2021-12-14,20211214,Dec-21,J0382,J0382-SKD-XXL,XXL,1.0,1550.0,1550.0
2021-12-14,20211214,Dec-21,SET277,SET277-KR-NP-L,L,1.0,1550.0,1550.0
2021-12-14,20211214,Dec-21,SET277,SET277-KR-NP-XXL,XXL,1.0,1550.0,1550.0
2021-12-14,20211214,Dec-21,SET278,SET278-KR-NP-L,L,1.0,1775.0,1775.0
2021-12-14,20211214,Dec-21,SET278,SET278-KR-NP-XXL,XXL,1.0,1775.0,1775.0
2021-12-14,20211214,Dec-21,MEN5002,MEN5002-KR-XXXL,XXXL,1.0,611.0,611.0
2021-12-14,20211214,Dec-21,MEN5010,MEN5010-KR-S,S,1.0,611.0,611.0
2021-12-14,20211214,Dec-21,MEN5010,MEN5010-KR-M,M,1.0,611.0,611.0
2021-12-14,20211214,Dec-21,MEN5010,MEN5010-KR-L,L,1.0,611.0,611.0
2021-12-14,20211214,Dec-21,MEN5010,MEN5010-KR-XL,XL,1.0,611.0,611.0
2021-12-14,20211214,Dec-21,MEN5010,MEN5010-KR-XXL,XXL,1.0,611.0,611.0
2021-12-14,20211214,Dec-21,MEN5010,MEN5010-KR-XXXL,XXXL,1.0,611.0,611.0
2021-12-14,20211214,Dec-21,J0230,J0230-SKD-L,L,1.0,1425.0,1425.0
2021-12-14,20211214,Dec-21,J0230,J0230-SKD-XXL,XXL,1.0,1425.0,1425.0
2021-12-14,20211214,Dec-21,JNE3652,JNE3652-TP-S,S,1.0,425.0,425.0
2021-12-14,20211214,Dec-21,JNE3652,JNE3652-TP-M,M,1.0,425.0,425.0
2021-12-14,20211214,Dec-21,JNE3652,JNE3652-TP-L,L,1.0,425.0,425.0
2021-12-14,20211214,Dec-21,JNE3652,JNE3652-TP-XL,XL,1.0,425.0,425.0
2021-12-14,20211214,Dec-21,JNE3652,JNE3652-TP-XXL,XXL,1.0,425.0,425.0
2021-12-14,20211214,Dec-21,JNE3652,JNE3652-TP-XXXL,XXXL,1.0,425.0,425.0
2021-12-14,20211214,Dec-21,J0332,J0332-DR-S,S,1.0,888.0,888.0
2021-12-14,20211214,Dec-21,J0332,J0332-DR-M,M,1.0,888.0,888.0
2021-12-14,20211214,Dec-21,J0332,J0332-DR-L,L,1.0,888.0,888.0
2021-12-14,20211214,Dec-21,J0332,J0332-DR-XL,XL,1.0,888.0,888.0
2021-12-14,20211214,Dec-21,J0332,J0332-DR-XXL,XXL,1.0,888.0,888.0
2021-12-14,20211214,Dec-21,J0332,J0332-DR-XXXL,XXXL,1.0,888.0,888.0
2021-12-14,20211214,Dec-21,JNE3654,JNE3654-TP-S,S,1.0,500.0,500.0
2021-12-14,20211214,Dec-21,JNE3654,JNE3654-TP-M,M,1.0,500.0,500.0
2021-12-14,20211214,Dec-21,JNE3654,JNE3654-TP-L,L,1.0,500.0,500.0
2021-12-14,20211214,Dec-21,JNE3654,JNE3654-TP-XL,XL,1.0,500.0,500.0
2021-12-14,20211214,Dec-21,JNE3654,JNE3654-TP-XXL,XXL,1.0,500.0,500.0
2021-12-14,20211214,Dec-21,J0242,J0242-SKD-L,L,1.0,1350.0,1350.0
2021-12-14,20211214,Dec-21,J0242,J0242-SKD-XXL,XXL,1.0,1350.0,1350.0
2021-12-14,20211214,Dec-21,J0380,J0380-SKD-L,L,1.0,1550.0,1550.0
2021-12-14,20211214,Dec-21,J0380,J0380-SKD-XXL,XXL,1.0,1550.0,1550.0
2021-12-14,20211214,Dec-21,JNE3691,JNE3691-TU-S,S,1.0,563.0,563.0
2021-12-14,20211214,Dec-21,JNE3691,JNE3691-TU-M,M,1.0,563.0,563.0
2021-12-14,20211214,Dec-21,JNE3691,JNE3691-TU-L,L,1.0,563.0,563.0
2021-12-14,20211214,Dec-21,JNE3691,JNE3691-TU-XL,XL,1.0,563.0,563.0
2021-12-14,20211214,Dec-21,JNE3691,JNE3691-TU-XXL,XXL,1.0,563.0,563.0
2021-12-14,20211214,Dec-21,JNE3691,JNE3691-TU-XXXL,XXXL,1.0,563.0,563.0
2021-12-14,20211214,Dec-21,JNE3743,JNE3743-TP-S,S,1.0,439.0,439.0
2021-12-14,20211214,Dec-21,JNE3743,JNE3743-TU-M,M,1.0,439.0,439.0
2021-12-14,20211214,Dec-21,JNE3743,JNE3743-TU-L,L,1.0,439.0,439.0
2021-12-14,20211214,Dec-21,JNE3743,JNE3743-TU-XL,XL,1.0,439.0,439.0
2021-12-14,20211214,Dec-21,JNE3743,JNE3743-TU-XXL,XXL,1.0,439.0,439.0
2021-12-14,20211214,Dec-21,JNE3555,JNE3555-KR-S.,S,1.0,463.0,463.0
2021-12-14,20211214,Dec-21,JNE3555,JNE3555-KR-M,M,1.0,463.0,463.0
2021-12-14,20211214,Dec-21,JNE3555,JNE3555-KR-L,L,1.0,463.0,463.0
2021-12-14,20211214,Dec-21,JNE3555,JNE3555-KR-XL,XL,1.0,463.0,463.0
2021-12-14,20211214,Dec-21,JNE3555,JNE3555-KR-XXL,XXL,1.0,463.0,463.0
2021-12-14,20211214,Dec-21,JNE3555,JNE3555-KR-XXXL,XXXL,1.0,463.0,463.0
2021-12-14,20211214,Dec-21,MEN5022,MEN5022-KR-S,S,1.0,649.0,649.0
2021-12-14,20211214,Dec-21,MEN5022,MEN5022-KR-M,M,1.0,649.0,649.0
2021-12-14,20211214,Dec-21,MEN5022,MEN5022-KR-L,L,1.0,649.0,649.0
2021-12-14,20211214,Dec-21,MEN5022,MEN5022-KR-XL,XL,1.0,649.0,649.0
2021-12-14,20211214,Dec-21,MEN5022,MEN5022-KR-XXL,XXL,1.0,649.0,649.0
2021-12-14,20211214,Dec-21,MEN5022,MEN5022-KR-XXXL,XXXL,1.0,649.0,649.0
2021-12-14,20211214,Dec-21,MEN5002,MEN5002-KR-S,S,1.0,611.0,611.0
2021-12-14,20211214,Dec-21,MEN5002,MEN5002-KR-M,M,1.0,611.0,611.0
2021-12-14,20211214,Dec-21,MEN5002,MEN5002-KR-L,L,1.0,611.0,611.0
2021-12-14,20211214,Dec-21,MEN5002,MEN5002-KR-XL.,XL,1.0,611.0,611.0
2021-12-14,20211214,Dec-21,MEN5002,MEN5002-KR-XXL,XXL,1.0,611.0,611.0
2021-12-15,20211215,Dec-21,JNE2170,JNE2170-KR-436-S,S,1.0,563.0,563.0
2021-12-15,20211215,Dec-21,JNE2170,JNE2170-KR-436-M,M,1.0,563.0,563.0
2021-12-15,20211215,Dec-21,JNE2170,JNE2170-KR-436-L,L,1.0,563.0,563.0
2021-12-15,20211215,Dec-21,JNE2170,JNE2170-KR-436-XL,XL,1.0,563.0,563.0
2021-12-15,20211215,Dec-21,JNE2170,JNE2170-KR-436-XXL,XXL,1.0,563.0,563.0
2021-12-15,20211215,Dec-21,SET187,SET187-KR-DH-XS,XS,1.0,775.0,775.0
2021-12-15,20211215,Dec-21,SET187,SET187-KR-DH-S,S,1.0,775.0,775.0
2021-12-15,20211215,Dec-21,SET187,SET187-KR-DH-M,M,1.0,775.0,775.0
2021-12-15,20211215,Dec-21,SET187,SET187-KR-DH-L,L,1.0,775.0,775.0
2021-12-15,20211215,Dec-21,SET187,SET187-KR-DH-XL,XL,1.0,775.0,775.0
2021-12-15,20211215,Dec-21,SET187,SET187-KR-DH-XXXL,XXXL,1.0,775.0,775.0
2021-12-15,20211215,Dec-21,SET075,SET075-KR-DH-XS,XS,1.0,975.0,975.0
2021-12-15,20211215,Dec-21,SET075,SET075-KR-DH-S,S,1.0,975.0,975.0
2021-12-15,20211215,Dec-21,SET075,SET075-KR-DH-M,M,1.0,975.0,975.0
2021-12-15,20211215,Dec-21,SET075,SET075-KR-DH-L,L,1.0,975.0,975.0
2021-12-15,20211215,Dec-21,SET075,SET075-KR-DH-XL,XL,1.0,975.0,975.0
2021-12-15,20211215,Dec-21,SET075,SET075-KR-DH-XXL,XXL,1.0,975.0,975.0
2021-12-15,20211215,Dec-21,SET075,SET075-KR-DH-XXXL,XXXL,1.0,975.0,975.0
2021-12-15,20211215,Dec-21,SET037,SET037-KR-NP-XS,XS,1.0,713.0,713.0
2021-12-15,20211215,Dec-21,SET037,SET037-KR-NP-S,S,1.0,713.0,713.0
2021-12-15,20211215,Dec-21,SET037,SET037-KR-NP-M,M,1.0,713.0,713.0
2021-12-15,20211215,Dec-21,SET037,SET037-KR-NP-L,L,1.0,713.0,713.0
2021-12-15,20211215,Dec-21,SET037,SET037-KR-NP-XL,XL,1.0,713.0,713.0
2021-12-15,20211215,Dec-21,SET037,SET037-KR-NP-XXL,XXL,1.0,713.0,713.0
2021-12-15,20211215,Dec-21,JNE3749,JNE3749-KR-S,S,1.0,738.0,738.0
2021-12-15,20211215,Dec-21,JNE3749,JNE3749-KR-M,M,1.0,738.0,738.0
2021-12-15,20211215,Dec-21,JNE3749,JNE3749-KR-L,L,1.0,738.0,738.0
2021-12-15,20211215,Dec-21,JNE3749,JNE3749-KR-XL,XL,1.0,738.0,738.0
2021-12-15,20211215,Dec-21,JNE3749,JNE3749-KR-XXL,XXL,1.0,738.0,738.0
2021-12-15,20211215,Dec-21,JNE3764,JNE3764-KR-S,S,1.0,588.0,588.0
2021-12-15,20211215,Dec-21,JNE3764,JNE3764-KR-M,M,1.0,588.0,588.0
2021-12-15,20211215,Dec-21,JNE3764,JNE3764-KR-L,L,1.0,588.0,588.0
2021-12-15,20211215,Dec-21,JNE3764,JNE3764-KR-XL,XL,1.0,588.0,588.0
2021-12-15,20211215,Dec-21,JNE3764,JNE3764-KR-XXL,XXL,1.0,588.0,588.0
2021-12-15,20211215,Dec-21,SET187,SET187-KR-DH-XXL,XXL,1.0,775.0,775.0
2021-12-15,20211215,Dec-21,SET037,SET037-KR-NP-XXXL,XXXL,1.0,713.0,713.0
2021-12-16,20211216,Dec-21,SET329,SET329-KR-NP-L,L,1.0,688.0,688.0
2021-12-16,20211216,Dec-21,SET329,SET329-KR-NP-XL,XL,1.0,688.0,688.0
2021-12-16,20211216,Dec-21,SET329,SET329-KR-NP-XXL,XXL,1.0,688.0,688.0
2021-12-16,20211216,Dec-21,SET248,SET248-KR-NP-L,L,1.0,653.0,653.0
2021-12-16,20211216,Dec-21,SET248,SET248-KR-NP-XL,XL,1.0,653.0,653.0
2021-12-16,20211216,Dec-21,SET248,SET248-KR-NP-XXL,XXL,1.0,653.0,653.0
2021-12-16,20211216,Dec-21,SET286,SET286-KR-NP-L,L,1.0,688.0,688.0
2021-12-16,20211216,Dec-21,SET286,SET286-KR-NP-XL,XL,1.0,688.0,688.0
2021-12-16,20211216,Dec-21,SET286,SET286-KR-NP-XXL,XXL,1.0,688.0,688.0
2021-12-16,20211216,Dec-21,SET328,SET328-KR-NP-XXL,XXL,1.0,650.0,650.0
2021-12-16,20211216,Dec-21,SET328,SET328-KR-NP-XXXL,XXXL,1.0,650.0,650.0
2021-12-16,20211216,Dec-21,SET325,SET325-KR-NP-L,L,1.0,688.0,688.0
2021-12-16,20211216,Dec-21,J0013,J0013-SKD-S,S,1.0,1200.0,1200.0
2021-12-16,20211216,Dec-21,J0249,J0249-SKD-XS,XS,1.0,1038.0,1038.0
2021-12-16,20211216,Dec-21,J0109,J0109-SKD-L,L,1.0,1313.0,1313.0
2021-12-16,20211216,Dec-21,J0243,J0243-DR-M,M,2.0,1475.0,2950.0
2021-12-16,20211216,Dec-21,J0094,J0094-KR-S,S,3.0,888.0,2664.0
2021-12-16,20211216,Dec-21,J0094,J0094-KR-M,M,3.0,888.0,2664.0
2021-12-16,20211216,Dec-21,J0094,J0094-KR-XL,XL,3.0,888.0,2664.0
2021-12-16,20211216,Dec-21,J0094,J0094-KR-XXL,XXL,3.0,888.0,2664.0
2021-12-16,20211216,Dec-21,J0109,J0109-SKD-XS,XS,1.0,1313.0,1313.0
2021-12-16,20211216,Dec-21,J0225,J0225-SKD-M,M,1.0,1738.0,1738.0
2021-12-16,20211216,Dec-21,J0230,J0230-SKD-S,S,1.0,1425.0,1425.0
2021-12-16,20211216,Dec-21,J0239,J0239-SKD-M,M,1.0,1513.0,1513.0
2021-12-16,20211216,Dec-21,J0013,J0013-SKD-XXL,XXL,1.0,1200.0,1200.0
2021-12-21,20211221,Dec-21,SET329,SET329-KR-NP-XL,XL,1.0,688.0,688.0
2021-12-21,20211221,Dec-21,SET282,SET282-KR-PP-L,L,1.0,1238.0,1238.0
2021-12-21,20211221,Dec-21,SET329,SET329-KR-NP-XXL,XXL,1.0,688.0,688.0
2021-12-21,20211221,Dec-21,SET303,SET303-KR-NP-XXXL,XXXL,1.0,975.0,975.0
2021-12-21,20211221,Dec-21,J0242,J0242-SKD-L,L,1.0,1350.0,1350.0
2021-12-21,20211221,Dec-21,J0242,J0242-SKD-XL,XL,1.0,1350.0,1350.0
2021-12-21,20211221,Dec-21,J0242,J0242-SKD-XXL,XXL,1.0,1350.0,1350.0
2021-12-21,20211221,Dec-21,SET282,SET282-KR-PP-S,S,1.0,1238.0,1238.0
2021-12-21,20211221,Dec-21,SET282,SET282-KR-PP-M,M,1.0,1238.0,1238.0
2021-12-21,20211221,Dec-21,SET282,SET282-KR-PP-XL,XL,1.0,1238.0,1238.0
2021-12-21,20211221,Dec-21,SET282,SET282-KR-PP-XXL,XXL,1.0,1238.0,1238.0
2021-12-21,20211221,Dec-21,JNE3576,JNE3576-KR-M,M,1.0,425.0,425.0
2021-12-21,20211221,Dec-21,JNE3576,JNE3576-KR-L,L,1.0,425.0,425.0
2021-12-21,20211221,Dec-21,JNE3576,JNE3576-KR-XL,XL,1.0,425.0,425.0
2021-12-21,20211221,Dec-21,JNE3576,JNE3576-KR-XXL,XXL,1.0,425.0,425.0
2021-12-24,20211224,Dec-21,J0080,J0080-TP-M,M,1.0,650.0,650.0
2021-12-24,20211224,Dec-21,J0080,J0080-TP-XL,XL,1.0,650.0,650.0
2021-12-24,20211224,Dec-21,J0192,J0192-TP-XL,XL,1.0,350.0,350.0
2021-12-24,20211224,Dec-21,J0243,J0243-DR-XS,XS,1.0,1475.0,1475.0
2021-12-24,20211224,Dec-21,J0243,J0243-DR-S,S,1.0,1475.0,1475.0
2021-12-24,20211224,Dec-21,J0297,J0297-TP-XXXL,XXXL,1.0,425.0,425.0
2021-12-24,20211224,Dec-21,JNE3518,JNE3518-KR-XL,XL,1.0,613.0,613.0
2021-12-24,20211224,Dec-21,JNE3627,JNE3627-KR-XL,XL,1.0,439.0,439.0
2021-12-24,20211224,Dec-21,J0080,J0080-TP-XS,XS,1.0,650.0,650.0
2021-12-24,20211224,Dec-21,J0080,J0080-TP-S,S,1.0,650.0,650.0
2021-12-24,20211224,Dec-21,J0080,J0080-TP-XXL,XXL,1.0,650.0,650.0
2021-12-24,20211224,Dec-21,J0080,J0080-TP-XXXL,XXXL,1.0,650.0,650.0
2021-12-24,20211224,Dec-21,J0097,J0097-KR-XS,XS,1.0,563.0,563.0
2021-12-24,20211224,Dec-21,J0097,J0097-KR-S,S,1.0,563.0,563.0
2021-12-24,20211224,Dec-21,J0097,J0097-KR-M,M,1.0,563.0,563.0
2021-12-24,20211224,Dec-21,J0097,J0097-KR-L,L,1.0,563.0,563.0
2021-12-24,20211224,Dec-21,J0097,J0097-KR-XL,XL,1.0,563.0,563.0
2021-12-24,20211224,Dec-21,J0097,J0097-KR-XXL,XXL,1.0,563.0,563.0
2021-12-24,20211224,Dec-21,J0097,J0097-KR-XXXL,XXXL,1.0,563.0,563.0
2021-12-24,20211224,Dec-21,J0118,J0118-TP-XS,XS,1.0,388.0,388.0
2021-12-24,20211224,Dec-21,J0118,J0118-TP-S,S,1.0,388.0,388.0
2021-12-24,20211224,Dec-21,J0118,J0118-TP-M,M,1.0,388.0,388.0
2021-12-24,20211224,Dec-21,J0118,J0118-TP-L,L,1.0,388.0,388.0
2021-12-24,20211224,Dec-21,J0118,J0118-TP-XL,XL,1.0,388.0,388.0
2021-12-24,20211224,Dec-21,J0118,J0118-TP-XXL,XXL,1.0,388.0,388.0
2021-12-24,20211224,Dec-21,J0118,J0118-TP-XXXL,XXXL,1.0,388.0,388.0
2021-12-24,20211224,Dec-21,J0120,J0120-TP-XS,XS,1.0,388.0,388.0
2021-12-24,20211224,Dec-21,J0120,J0120-TP-M,M,1.0,388.0,388.0
2021-12-24,20211224,Dec-21,J0120,J0120-TP-L,L,1.0,388.0,388.0
2021-12-24,20211224,Dec-21,J0120,J0120-TP-XL,XL,1.0,388.0,388.0
2021-12-24,20211224,Dec-21,J0120,J0120-TP-XXL,XXL,1.0,388.0,388.0
2021-12-24,20211224,Dec-21,J0120,J0120-TP-XXXL,XXXL,1.0,388.0,388.0
2021-12-24,20211224,Dec-21,J0136,J0136-KR-XS,XS,1.0,500.0,500.0
2021-12-24,20211224,Dec-21,J0136,J0136-KR-S,S,1.0,500.0,500.0
2021-12-24,20211224,Dec-21,J0136,J0136-KR-M,M,1.0,500.0,500.0
2021-12-24,20211224,Dec-21,J0136,J0136-KR-L,L,1.0,500.0,500.0
2021-12-24,20211224,Dec-21,J0136,J0136-KR-XL,XL,1.0,500.0,500.0
2021-12-24,20211224,Dec-21,J0136,J0136-KR-XXL,XXL,1.0,500.0,500.0
2021-12-24,20211224,Dec-21,J0136,J0136-KR-XXXL,XXXL,1.0,500.0,500.0
2021-12-24,20211224,Dec-21,J0139,J0139-KR-XS,XS,1.0,563.0,563.0
2021-12-24,20211224,Dec-21,J0139,J0139-KR-S,S,1.0,563.0,563.0
2021-12-24,20211224,Dec-21,J0139,J0139-KR-M,M,1.0,563.0,563.0
2021-12-24,20211224,Dec-21,J0139,J0139-KR-L,L,1.0,563.0,563.0
2021-12-24,20211224,Dec-21,J0139,J0139-KR-XL,XL,1.0,563.0,563.0
2021-12-24,20211224,Dec-21,J0139,J0139-KR-XXL,XXL,1.0,563.0,563.0
2021-12-24,20211224,Dec-21,J0139,J0139-KR-XXXL,XXXL,1.0,563.0,563.0
2021-12-24,20211224,Dec-21,J0192,J0192-TP-XS,XS,1.0,350.0,350.0
2021-12-24,20211224,Dec-21,J0192,J0192-TP-XXL,XXL,1.0,350.0,350.0
2021-12-24,20211224,Dec-21,J0201,J0201-TP-XS,XS,1.0,563.0,563.0
2021-12-24,20211224,Dec-21,J0201,J0201-TP-S,S,1.0,563.0,563.0
2021-12-24,20211224,Dec-21,J0201,J0201-TP-M,M,1.0,563.0,563.0
2021-12-24,20211224,Dec-21,J0201,J0201-TP-L,L,1.0,563.0,563.0
2021-12-24,20211224,Dec-21,J0201,J0201-TP-XL,XL,1.0,563.0,563.0
2021-12-24,20211224,Dec-21,J0201,J0201-TP-XXL,XXL,1.0,563.0,563.0
2021-12-24,20211224,Dec-21,J0201,J0201-TP-XXXL,XXXL,1.0,563.0,563.0
2021-12-24,20211224,Dec-21,J0214,J0214-TP-XS,XS,1.0,688.0,688.0
2021-12-24,20211224,Dec-21,J0214,J0214-TP-S,S,1.0,688.0,688.0
2021-12-24,20211224,Dec-21,J0214,J0214-TP-M,M,1.0,688.0,688.0
2021-12-24,20211224,Dec-21,J0214,J0214-TP-L,L,1.0,688.0,688.0
2021-12-24,20211224,Dec-21,J0214,J0214-TP-XL,XL,1.0,688.0,688.0
2021-12-24,20211224,Dec-21,J0214,J0214-TP-XXL,XXL,1.0,688.0,688.0
2021-12-24,20211224,Dec-21,J0214,J0214-TP-XXXL,XXXL,1.0,688.0,688.0
2021-12-24,20211224,Dec-21,J0242,J0242-SKD-XS,XS,1.0,1350.0,1350.0
2021-12-24,20211224,Dec-21,J0242,J0242-SKD-M,M,1.0,1350.0,1350.0
2021-12-24,20211224,Dec-21,J0242,J0242-SKD-L,L,1.0,1350.0,1350.0
2021-12-24,20211224,Dec-21,J0242,J0242-SKD-XL,XL,1.0,1350.0,1350.0
2021-12-24,20211224,Dec-21,J0242,J0242-SKD-XXL,XXL,1.0,1350.0,1350.0
2021-12-24,20211224,Dec-21,J0242,J0242-SKD-XXXL,XXXL,1.0,1350.0,1350.0
2021-12-24,20211224,Dec-21,J0243,J0243-DR-M,M,1.0,1475.0,1475.0
2021-12-24,20211224,Dec-21,J0243,J0243-DR-L,L,1.0,1475.0,1475.0
2021-12-24,20211224,Dec-21,J0243,J0243-DR-XL,XL,1.0,1475.0,1475.0
2021-12-24,20211224,Dec-21,J0243,J0243-DR-XXL,XXL,1.0,1475.0,1475.0
2021-12-24,20211224,Dec-21,J0243,J0243-DR-XXXL,XXXL,1.0,1475.0,1475.0
2021-12-24,20211224,Dec-21,J0297,J0297-TP-XS,XS,1.0,425.0,425.0
2021-12-24,20211224,Dec-21,J0297,J0297-TP-XXL,XXL,1.0,425.0,425.0
2021-12-24,20211224,Dec-21,JNE3518,JNE3518-KR-S,S,1.0,613.0,613.0
2021-12-24,20211224,Dec-21,JNE3518,JNE3518-KR-XXXL,XXXL,1.0,613.0,613.0
2021-12-24,20211224,Dec-21,JNE3630,JNE3630-KR-S,S,1.0,463.0,463.0
2021-12-24,20211224,Dec-21,JNE3630,JNE3630-KR-M,M,1.0,463.0,463.0
2021-12-24,20211224,Dec-21,JNE3630,JNE3630-KR-L,L,1.0,463.0,463.0
2021-12-24,20211224,Dec-21,JNE3630,JNE3630-KR-XL,XL,1.0,463.0,463.0
2021-12-24,20211224,Dec-21,JNE3630,JNE3630-KR-XXL,XXL,1.0,463.0,463.0
2021-12-24,20211224,Dec-21,JNE3627,JNE3627-KR-XS,XS,1.0,439.0,439.0
2021-12-24,20211224,Dec-21,JNE3627,JNE3627-KR-S,S,1.0,439.0,439.0
2021-12-24,20211224,Dec-21,JNE3627,JNE3627-KR-M,M,1.0,439.0,439.0
2021-12-24,20211224,Dec-21,JNE3627,JNE3627-KR-L,L,1.0,439.0,439.0
2021-12-24,20211224,Dec-21,JNE3627,JNE3627-KR-XXL,XXL,1.0,439.0,439.0
2021-12-24,20211224,Dec-21,JNE3627,JNE3627-KR-XXXL,XXXL,1.0,439.0,439.0
2021-12-27,20211227,Dec-21,JNE3763,JNE3763-KR-S,S,1.0,538.0,538.0
2021-12-27,20211227,Dec-21,JNE3396,JNE3396-KR-L,L,1.0,613.0,613.0
2021-12-27,20211227,Dec-21,JNE3396,JNE3396-KR-S,S,1.0,613.0,613.0
2021-12-27,20211227,Dec-21,SET300,SET300-KR-NP-M,M,1.0,1163.0,1163.0
2021-12-27,20211227,Dec-21,J0252,J0252-SKD-XXL,XXL,1.0,1038.0,1038.0
2021-12-27,20211227,Dec-21,SET303,SET303-KR-NP-M,M,1.0,975.0,975.0
2021-12-27,20211227,Dec-21,SET110,SET110-KR-PP-S,S,1.0,925.0,925.0
2021-12-27,20211227,Dec-21,SET252,SET252-KR-PP-S.,S,1.0,843.0,843.0
2021-12-27,20211227,Dec-21,J0210,J0210-DR-M,M,1.0,925.0,925.0
2021-12-27,20211227,Dec-21,J0005,J0005-DR-S,S,1.0,925.0,925.0
2021-12-27,20211227,Dec-21,J0194,J0194-DR-L,L,1.0,1038.0,1038.0
2021-12-27,20211227,Dec-21,J0194,J0194-DR-M,M,1.0,1038.0,1038.0
2021-12-27,20211227,Dec-21,JNE3566,JNE3566-KR-L,L,1.0,463.0,463.0
2021-12-27,20211227,Dec-21,JNE3555,JNE3555-KR-XS,XS,1.0,463.0,463.0
2021-12-27,20211227,Dec-21,JNE3761,JNE3761-KR-XXL,XXL,1.0,538.0,538.0
2021-12-27,20211227,Dec-21,JNE3614,JNE3614-KR-S,S,1.0,588.0,588.0
2021-12-28,20211228,Dec-21,JNE3581,JNE3581-KR-M,M,1.0,613.0,613.0
2021-12-28,20211228,Dec-21,JNE3581,JNE3581-KR-S,S,1.0,613.0,613.0
2021-12-28,20211228,Dec-21,JNE3518,JNE3518-KR-M,M,1.0,613.0,613.0
2021-12-28,20211228,Dec-21,JNE3522,JNE3522-KR-S,S,1.0,588.0,588.0
2021-12-28,20211228,Dec-21,JNE3634,JNE3634-KR-L,L,1.0,688.0,688.0
2021-12-28,20211228,Dec-21,JNE3461,JNE3461-KR-XS,XS,2.0,588.0,1176.0
2021-12-28,20211228,Dec-21,JNE3615,JNE3615-KR-L,L,1.0,588.0,588.0
2021-12-28,20211228,Dec-21,JNE3620,JNE3620-KR-S,S,1.0,588.0,588.0
2021-12-28,20211228,Dec-21,JNE3742,JNE3742-KR-L,L,1.0,538.0,538.0
2021-12-28,20211228,Dec-21,JNE3725,JNE3725-KR-L,L,1.0,500.0,500.0
2021-12-28,20211228,Dec-21,JNE3524,JNE3524-KR-L,L,1.0,500.0,500.0
2021-12-28,20211228,Dec-21,JNE3524,JNE3524-KR-M,M,1.0,500.0,500.0
2021-12-28,20211228,Dec-21,JNE3630,JNE3630-KR-S,S,1.0,463.0,463.0
2021-12-28,20211228,Dec-21,JNE3557,JNE3557-KR-XL,XL,1.0,463.0,463.0
2021-12-28,20211228,Dec-21,JNE3557,JNE3557-KR-M,M,1.0,463.0,463.0
2021-12-28,20211228,Dec-21,JNE3548,JNE3548-KR-XL,XL,1.0,463.0,463.0
2021-12-28,20211228,Dec-21,JNE3548,JNE3548-KR-M,M,1.0,463.0,463.0
2021-12-28,20211228,Dec-21,JNE2009,JNE2009-KR-310-XL,XL,1.0,451.0,451.0
2021-12-28,20211228,Dec-21,J0236,J0236-SKD-M,M,1.0,1388.0,1388.0
2021-12-28,20211228,Dec-21,J0241,J0241-SKD-M,M,1.0,1313.0,1313.0
2021-12-28,20211228,Dec-21,J0249,J0249-SKD-XXL,XXL,1.0,1038.0,1038.0
2021-12-28,20211228,Dec-21,J0249,J0249-SKD-M,M,1.0,1038.0,1038.0
2021-12-28,20211228,Dec-21,SET295,SET295-KR-NP-XL,XL,1.0,850.0,850.0
2021-12-28,20211228,Dec-21,SET295,SET295-KR-NP-M,M,1.0,850.0,850.0
2021-12-28,20211228,Dec-21,SET302,SET302-KR-PP-L,L,1.0,1038.0,1038.0
2021-12-28,20211228,Dec-21,SET302,SET302-KR-PP-S,S,1.0,1038.0,1038.0
2021-12-28,20211228,Dec-21,J0250,J0250-SKD-XL,XL,1.0,1038.0,1038.0
2021-12-28,20211228,Dec-21,SET333,SET333-KR-DPT-M,M,1.0,1075.0,1075.0
2021-12-28,20211228,Dec-21,SET286,SET286-KR-NP-XL,XL,1.0,688.0,688.0
2021-12-28,20211228,Dec-21,SET334,SET334-KR-NP-L,L,1.0,688.0,688.0
2021-12-28,20211228,Dec-21,SET334,SET334-KR-NP-M,M,1.0,688.0,688.0
2021-12-28,20211228,Dec-21,SET328,SET328-KR-NP-M,M,1.0,650.0,650.0
2021-12-28,20211228,Dec-21,SET328,SET328-KR-NP-S,S,1.0,650.0,650.0
2021-12-28,20211228,Dec-21,SET351,SET351-KR-NP-XXL,XXL,1.0,613.0,613.0
2021-12-28,20211228,Dec-21,SET351,SET351-KR-NP-L,L,1.0,613.0,613.0
2021-12-30,20211230,Dec-21,J0136,J0136-KR-M,M,1.0,500.0,500.0
2021-12-30,20211230,Dec-21,J0248,J0248-SET-XS,XS,1.0,1125.0,1125.0
2021-12-30,20211230,Dec-21,J0248,J0248-SET-M,M,1.0,1125.0,1125.0
2021-12-30,20211230,Dec-21,J0214,J0214-TP-M,M,1.0,688.0,688.0
2021-12-30,20211230,Dec-21,J0214,J0214-TP-L,L,1.0,688.0,688.0
2021-12-30,20211230,Dec-21,J0214,J0214-TP-XXL,XXL,1.0,688.0,688.0
2021-12-30,20211230,Dec-21,SET194,SET194-KR-NP-L,L,1.0,738.0,738.0
2021-12-30,20211230,Dec-21,J0203,J0203-TP-XS,XS,1.0,613.0,613.0
2021-12-30,20211230,Dec-21,SET252,SET252-KR-PP-M.,M,1.0,843.0,843.0
2021-12-30,20211230,Dec-21,SET252,SET252-KR-PP-L,L,1.0,843.0,843.0
2021-12-30,20211230,Dec-21,SET291,SET291-KR-PP-S,S,1.0,613.0,613.0
2021-12-30,20211230,Dec-21,J0006,J0006-SET-L,L,1.0,925.0,925.0
2021-12-30,20211230,Dec-21,J0249,J0249-SKD-L,L,1.0,1038.0,1038.0
2021-12-30,20211230,Dec-21,J0118,J0118-TP-XXL,XXL,1.0,388.0,388.0
2021-12-30,20211230,Dec-21,JNE3548,JNE3548-KR-S,S,1.0,463.0,463.0
2021-12-30,20211230,Dec-21,JNE3548,JNE3548-KR-M,M,1.0,463.0,463.0
2021-12-30,20211230,Dec-21,JNE3560,JNE3560-KR-M,M,1.0,463.0,463.0
2021-12-30,20211230,Dec-21,JNE3560,JNE3560-KR-XL,XL,1.0,463.0,463.0
2021-12-30,20211230,Dec-21,JNE3727,JNE3727-KR-S,S,1.0,738.0,738.0
2021-12-30,20211230,Dec-21,JNE3727,JNE3727-KR-M,M,1.0,738.0,738.0
2021-12-30,20211230,Dec-21,JNE3727,JNE3727-KR-L,L,1.0,738.0,738.0
2021-12-30,20211230,Dec-21,J0139,J0139-KR-M,M,1.0,563.0,563.0
2021-12-30,20211230,Dec-21,J0139,J0139-KR-L,L,1.0,563.0,563.0
2021-12-30,20211230,Dec-21,SET316,SET316-KR-DPT-M,M,1.0,1313.0,1313.0
2021-12-30,20211230,Dec-21,J0201,J0201-TP-M,M,1.0,563.0,563.0
2021-12-30,20211230,Dec-21,JNE3744,JNE3744-TU-M,M,1.0,563.0,563.0
2021-12-30,20211230,Dec-21,JNE3548,JNE3548-KR-XL,XL,1.0,463.0,463.0
2021-12-30,20211230,Dec-21,J0006,J0006-SET-XL,XL,1.0,925.0,925.0
2021-12-30,20211230,Dec-21,JNE3639,JNE3639-TP-XL,XL,1.0,425.0,425.0
2021-12-30,20211230,Dec-21,JNE3640,JNE3640-TP-XL,XL,1.0,425.0,425.0
2022-01-01,20220101,Jan-22,JNE3640,JNE3640-TP-S,S,1.0,425.0,425.0
2022-01-01,20220101,Jan-22,JNE3640,JNE3640-TP-M,M,1.0,425.0,425.0
2022-01-01,20220101,Jan-22,JNE3640,JNE3640-TP-L,L,1.0,425.0,425.0
2022-01-01,20220101,Jan-22,JNE3672,JNE3672-TU-S,S,1.0,500.0,500.0
2022-01-01,20220101,Jan-22,JNE3672,JNE3672-TU-M,M,1.0,500.0,500.0
2022-01-01,20220101,Jan-22,JNE3672,JNE3672-TU-L,L,1.0,500.0,500.0
2022-01-01,20220101,Jan-22,JNE3657,JNE3657-TP-S,S,1.0,388.0,388.0
2022-01-01,20220101,Jan-22,JNE3657,JNE3657-TP-M,M,1.0,388.0,388.0
2022-01-01,20220101,Jan-22,JNE3657,JNE3657-TP-L,L,1.0,388.0,388.0
2022-01-01,20220101,Jan-22,JNE3641,JNE3641-TP-S,S,1.0,425.0,425.0
2022-01-01,20220101,Jan-22,JNE3641,JNE3641-TP-M,M,1.0,425.0,425.0
2022-01-01,20220101,Jan-22,JNE3641,JNE3641-TP-L,L,1.0,425.0,425.0
2022-01-01,20220101,Jan-22,JNE3644,JNE3644-TP-S,S,1.0,388.0,388.0
2022-01-01,20220101,Jan-22,JNE3644,JNE3644-TP-M,M,1.0,388.0,388.0
2022-01-01,20220101,Jan-22,JNE3644,JNE3644-TP-L,L,1.0,388.0,388.0
2022-01-01,20220101,Jan-22,JNE3662,JNE3662-TP-S,S,1.0,500.0,500.0
2022-01-01,20220101,Jan-22,JNE3662,JNE3662-TP-M,M,1.0,500.0,500.0
2022-01-01,20220101,Jan-22,JNE3662,JNE3662-TP-L,L,1.0,500.0,500.0
2022-01-01,20220101,Jan-22,JNE3665,JNE3665-TP-S,S,1.0,388.0,388.0
2022-01-01,20220101,Jan-22,JNE3665,JNE3665-TP-M,M,1.0,388.0,388.0
2022-01-01,20220101,Jan-22,JNE3665,JNE3665-TP-L,L,1.0,388.0,388.0
2022-01-01,20220101,Jan-22,JNE3668,JNE3668-TP-S,S,1.0,425.0,425.0
2022-01-01,20220101,Jan-22,JNE3668,JNE3668-TP-M,M,1.0,425.0,425.0
2022-01-01,20220101,Jan-22,JNE3668,JNE3668-TP-L,L,1.0,425.0,425.0
2022-01-01,20220101,Jan-22,JNE3674,JNE3674-TU-S,S,1.0,500.0,500.0
2022-01-01,20220101,Jan-22,JNE3674,JNE3674-TU-M,M,1.0,500.0,500.0
2022-01-01,20220101,Jan-22,JNE3674,JNE3674-TU-L,L,1.0,500.0,500.0
2022-01-01,20220101,Jan-22,JNE3669,JNE3669-TU-S,S,1.0,563.0,563.0
2022-01-01,20220101,Jan-22,JNE3669,JNE3669-TU-M,M,1.0,563.0,563.0
2022-01-01,20220101,Jan-22,JNE3669,JNE3669-TU-L,L,1.0,563.0,563.0
2022-01-01,20220101,Jan-22,JNE3671,JNE3671-TU-S,S,1.0,500.0,500.0
2022-01-01,20220101,Jan-22,JNE3671,JNE3671-TU-M,M,1.0,500.0,500.0
2022-01-01,20220101,Jan-22,JNE3671,JNE3671-TU-L,L,1.0,500.0,500.0
2022-01-01,20220101,Jan-22,JNE3676,JNE3676-TU-S,S,1.0,463.0,463.0
2022-01-01,20220101,Jan-22,JNE3676,JNE3676-TU-M,M,1.0,463.0,463.0
2022-01-01,20220101,Jan-22,JNE3676,JNE3676-TU-L,L,1.0,463.0,463.0
2022-01-01,20220101,Jan-22,JNE3683,JNE3683-TU-S,S,1.0,425.0,425.0
2022-01-01,20220101,Jan-22,JNE3683,JNE3683-TU-M,M,1.0,425.0,425.0
2022-01-01,20220101,Jan-22,JNE3683,JNE3683-TU-L,L,1.0,425.0,425.0
2022-01-01,20220101,Jan-22,JNE3687,JNE3687-TU-S,S,1.0,462.5,462.0
2022-01-01,20220101,Jan-22,JNE3687,JNE3687-TU-M,M,1.0,462.5,462.0
2022-01-01,20220101,Jan-22,JNE3687,JNE3687-TU-L,L,1.0,462.5,462.0
2022-01-01,20220101,Jan-22,JNE3688,JNE3688-TU-S,S,1.0,500.0,500.0
2022-01-01,20220101,Jan-22,JNE3688,JNE3688-TU-M,M,1.0,500.0,500.0
2022-01-01,20220101,Jan-22,JNE3688,JNE3688-TU-L,L,1.0,500.0,500.0
2022-01-01,20220101,Jan-22,JNE3691,JNE3691-TU-S,S,1.0,562.5,562.0
2022-01-01,20220101,Jan-22,JNE3691,JNE3691-TU-M,M,1.0,562.5,562.0
2022-01-01,20220101,Jan-22,JNE3691,JNE3691-TU-L,L,1.0,562.5,562.0
2022-01-01,20220101,Jan-22,JNE3744,JNE3744-TU-S,S,1.0,562.5,562.0
2022-01-01,20220101,Jan-22,JNE3744,JNE3744-TU-M,M,1.0,562.5,562.0
2022-01-01,20220101,Jan-22,JNE3744,JNE3744-TU-L,L,1.0,562.5,562.0
2022-01-01,20220101,Jan-22,J0118,J0118-TP-S,S,1.0,387.5,388.0
2022-01-01,20220101,Jan-22,J0118,J0118-TP-M,M,1.0,387.5,388.0
2022-01-01,20220101,Jan-22,J0118,J0118-TP-L,L,1.0,387.5,388.0
2022-01-01,20220101,Jan-22,J0172,J0172-TP-S,S,1.0,425.0,425.0
2022-01-01,20220101,Jan-22,J0172,J0172-TP-M,M,1.0,425.0,425.0
2022-01-01,20220101,Jan-22,J0172,J0172-TP-L,L,1.0,425.0,425.0
2022-01-01,20220101,Jan-22,J0178,J0178-TP-S,S,1.0,350.0,350.0
2022-01-01,20220101,Jan-22,J0178,J0178-TP-M,M,1.0,350.0,350.0
2022-01-01,20220101,Jan-22,J0178,J0178-TP-L,L,1.0,350.0,350.0
2022-01-01,20220101,Jan-22,J0198,J0198-TP-S,S,1.0,562.5,562.0
2022-01-01,20220101,Jan-22,J0198,J0198-TP-M,M,1.0,562.5,562.0
2022-01-01,20220101,Jan-22,J0198,J0198-TP-L,L,1.0,562.5,562.0
2022-01-01,20220101,Jan-22,J0201,J0201-TP-S,S,1.0,562.5,562.0
2022-01-01,20220101,Jan-22,J0201,J0201-TP-M,M,1.0,562.5,562.0
2022-01-01,20220101,Jan-22,J0201,J0201-TP-L,L,1.0,562.5,562.0
2022-01-01,20220101,Jan-22,J0120,J0120-TP-S,S,1.0,387.5,388.0
2022-01-01,20220101,Jan-22,J0120,J0120-TP-M,M,1.0,387.5,388.0
2022-01-01,20220101,Jan-22,J0120,J0120-TP-L,L,1.0,387.5,388.0
2022-01-01,20220101,Jan-22,SET197,SET197-KR-NP-S,S,1.0,887.5,888.0
2022-01-01,20220101,Jan-22,SET197,SET197-KR-NP-M,M,1.0,887.5,888.0
2022-01-01,20220101,Jan-22,SET197,SET197-KR-NP-L,L,1.0,887.5,888.0
2022-01-01,20220101,Jan-22,SET264,SET264-KR-NP-S,S,1.0,975.0,975.0
2022-01-01,20220101,Jan-22,SET264,SET264-KR-NP-M,M,1.0,975.0,975.0
2022-01-01,20220101,Jan-22,SET264,SET264-KR-NP-L,L,1.0,975.0,975.0
2022-01-01,20220101,Jan-22,SET199,SET199-KR-NP-S,S,1.0,737.5,738.0
2022-01-01,20220101,Jan-22,SET199,SET199-KR-NP-M,M,1.0,737.5,738.0
2022-01-01,20220101,Jan-22,SET199,SET199-KR-NP-L,L,1.0,737.5,738.0
2022-01-01,20220101,Jan-22,SET245,SET245-KR-NP-S,S,1.0,1175.0,1175.0
2022-01-01,20220101,Jan-22,SET245,SET245-KR-NP-M,M,1.0,1175.0,1175.0
2022-01-01,20220101,Jan-22,SET245,SET245-KR-NP-L,L,1.0,1175.0,1175.0
2022-01-01,20220101,Jan-22,SET323,SET323-KR-NP-S,S,1.0,1162.5,1162.0
2022-01-01,20220101,Jan-22,SET323,SET323-KR-NP-M,M,1.0,1162.5,1162.0
2022-01-01,20220101,Jan-22,SET323,SET323-KR-NP-L,L,1.0,1162.5,1162.0
2022-01-01,20220101,Jan-22,SET300,SET300-KR-NP-S,S,1.0,1162.5,1162.0
2022-01-01,20220101,Jan-22,SET300,SET300-KR-NP-M,M,1.0,1162.5,1162.0
2022-01-01,20220101,Jan-22,SET300,SET300-KR-NP-L,L,1.0,1162.5,1162.0
2022-01-01,20220101,Jan-22,SET172,SET172-KR-PP-S,S,1.0,1312.5,1312.0
2022-01-01,20220101,Jan-22,SET172,SET172-KR-PP-M,M,1.0,1312.5,1312.0
2022-01-01,20220101,Jan-22,SET172,SET172-KR-PP-L,L,1.0,1312.5,1312.0
2022-01-01,20220101,Jan-22,J0077,J0077-SKD-S,S,1.0,1625.0,1625.0
2022-01-01,20220101,Jan-22,J0077,J0077-SKD-M,M,1.0,1625.0,1625.0
2022-01-01,20220101,Jan-22,J0077,J0077-SKD-L,L,1.0,1625.0,1625.0
2022-01-01,20220101,Jan-22,JNE3555,JNE3555-KR-S.,S,1.0,462.5,462.0
2022-01-01,20220101,Jan-22,JNE3555,JNE3555-KR-M,M,1.0,462.5,462.0
2022-01-01,20220101,Jan-22,JNE3555,JNE3555-KR-L,L,1.0,462.5,462.0
2022-01-01,20220101,Jan-22,J0002,J0002-SKD-S,S,1.0,1350.0,1350.0
2022-01-01,20220101,Jan-22,J0002,J0002-SKD-M,M,1.0,1350.0,1350.0
2022-01-01,20220101,Jan-22,J0002,J0002-SKD-L,L,1.0,1350.0,1350.0
2022-01-01,20220101,Jan-22,J0282,J0282-SET-S,S,1.0,1237.5,1238.0
2022-01-01,20220101,Jan-22,J0282,J0282-SET-M,M,1.0,1237.5,1238.0
2022-01-01,20220101,Jan-22,J0282,J0282-SET-L,L,1.0,1237.5,1238.0
2022-01-04,20220104,Jan-22,SET374,SET374-KR-NP-XXXL,XXXL,1.0,650.0,650.0
2022-01-04,20220104,Jan-22,JNE3741,JNE3741-KR-XL,XL,1.0,538.0,538.0
2022-01-04,20220104,Jan-22,PJNE3399,PJNE3399-KR-4XL,4XL,1.0,650.0,650.0
2022-01-04,20220104,Jan-22,JNE3261,JNE3261-KR-XL,XL,1.0,510.0,510.0
2022-01-04,20220104,Jan-22,JNE3716,JNE3716-KR-XXL,XXL,1.0,475.0,475.0
2022-01-04,20220104,Jan-22,SET187,SET187-KR-DH-XXL,XXL,1.0,775.0,775.0
2022-01-04,20220104,Jan-22,SET186,SET186-KR-DH-L,L,1.0,925.0,925.0
2022-01-04,20220104,Jan-22,PJNE3440,PJNE3440-KR-5XL,5XL,1.0,538.0,538.0
2022-01-04,20220104,Jan-22,SET262,SET262-KR-NP-M,M,1.0,888.0,888.0
2022-01-04,20220104,Jan-22,SET345,SET345-KR-NP-M,M,1.0,688.0,688.0
2022-01-04,20220104,Jan-22,PJNE3399,PJNE3399-KR-5XL,5XL,1.0,650.0,650.0
2022-01-04,20220104,Jan-22,JNE3791,JNE3791-DR-XL,XL,1.0,650.0,650.0
2022-01-04,20220104,Jan-22,J0005,J0005-DR-XXL,XXL,1.0,925.0,925.0
2022-01-04,20220104,Jan-22,J0006,J0006-SET-XL,XL,1.0,925.0,925.0
2022-01-04,20220104,Jan-22,J0006,J0006-SET-M,M,1.0,925.0,925.0
2022-01-04,20220104,Jan-22,JNE3368,JNE3368-KR-XL,XL,1.0,650.0,650.0
2022-01-04,20220104,Jan-22,JNE3749,JNE3749-KR-L,L,1.0,738.0,738.0
2022-01-04,20220104,Jan-22,JNE3778,JNE3778-KR-XL,XL,1.0,588.0,588.0
2022-01-04,20220104,Jan-22,JNE3775,JNE3775-KR-L,L,1.0,538.0,538.0
2022-01-04,20220104,Jan-22,SET262,SET262-KR-NP-L,L,1.0,888.0,888.0
2022-01-04,20220104,Jan-22,JNE3368,JNE3368-KR-XXXL,XXXL,1.0,650.0,650.0
2022-01-04,20220104,Jan-22,JNE3794,JNE3794-KR-L,L,1.0,650.0,650.0
2022-01-04,20220104,Jan-22,JNE3795,JNE3795-KR-XL,XL,1.0,650.0,650.0
2022-01-04,20220104,Jan-22,SET262,SET262-KR-NP-XL,XL,1.0,888.0,888.0
2022-01-04,20220104,Jan-22,JNE3480,JNE3480-KR-XL,XL,1.0,538.0,538.0
2022-01-04,20220104,Jan-22,SET268,SET268-KR-NP-XL,XL,1.0,925.0,925.0
2022-01-04,20220104,Jan-22,SET210,SET210-KR-PP-XXL,XXL,1.0,813.0,813.0
2022-01-04,20220104,Jan-22,JNE3823,JNE3823-KR-L,L,1.0,688.0,688.0
2022-01-04,20220104,Jan-22,J0006,J0006-SET-XXXL,XXXL,1.0,925.0,925.0
2022-01-05,20220105,Jan-22,JNE3445,JNE3445-KR-S,S,1.0,425.0,425.0
2022-01-05,20220105,Jan-22,JNE3445,JNE3445-KR-M,M,1.0,425.0,425.0
2022-01-05,20220105,Jan-22,JNE3445,JNE3445-KR-XL,XL,1.0,425.0,425.0
2022-01-05,20220105,Jan-22,JNE3445,JNE3445-KR-XXL,XXL,1.0,425.0,425.0
2022-01-05,20220105,Jan-22,JNE3574,JNE3574-KR-S,S,1.0,425.0,425.0
2022-01-05,20220105,Jan-22,JNE3574,JNE3574-KR-M,M,1.0,425.0,425.0
2022-01-05,20220105,Jan-22,JNE3574,JNE3574-KR-XL,XL,1.0,425.0,425.0
2022-01-05,20220105,Jan-22,JNE3574,JNE3574-KR-XXL,XXL,1.0,425.0,425.0
2022-01-05,20220105,Jan-22,JNE3568,JNE3568-KR-S,S,1.0,425.0,425.0
2022-01-05,20220105,Jan-22,JNE3568,JNE3568-KR-M,M,1.0,425.0,425.0
2022-01-05,20220105,Jan-22,JNE3568,JNE3568-KR-XL,XL,1.0,425.0,425.0
2022-01-05,20220105,Jan-22,JNE3568,JNE3568-KR-XXL,XXL,1.0,425.0,425.0
2022-01-05,20220105,Jan-22,JNE3447,JNE3447-KR-S,S,1.0,425.0,425.0
2022-01-05,20220105,Jan-22,JNE3447,JNE3447-KR-M,M,1.0,425.0,425.0
2022-01-05,20220105,Jan-22,JNE3447,JNE3447-KR-XL,XL,1.0,425.0,425.0
2022-01-05,20220105,Jan-22,JNE3447,JNE3447-KR-XXL,XXL,1.0,425.0,425.0
2022-01-05,20220105,Jan-22,JNE3441,JNE3441-KR-S,S,1.0,425.0,425.0
2022-01-05,20220105,Jan-22,JNE3441,JNE3441-KR-M,M,1.0,425.0,425.0
2022-01-05,20220105,Jan-22,JNE3441,JNE3441-KR-XL,XL,1.0,425.0,425.0
2022-01-05,20220105,Jan-22,JNE3441,JNE3441-KR-XXL,XXL,1.0,425.0,425.0
2022-01-10,20220110,Jan-22,JNE3634,JNE3634-KR-M,M,1.0,687.5,688.0
2022-01-10,20220110,Jan-22,J0371,J0371-SKD-M,M,1.0,1237.5,1238.0
2022-01-10,20220110,Jan-22,SET058,SET058-KR-NP-S,S,1.0,950.0,950.0
2022-01-10,20220110,Jan-22,SET392,SET392-KR-NP-S,S,1.0,850.0,850.0
2022-01-10,20220110,Jan-22,J0230,J0230-SKD-M,M,1.0,1425.0,1425.0
2022-01-10,20220110,Jan-22,SET252,SET252-KR-PP-S.,S,1.0,842.5,842.0
2022-01-10,20220110,Jan-22,JNE2100,JNE2100-KR-144-M,M,1.0,510.0,510.0
2022-01-10,20220110,Jan-22,SET316,SET316-KR-DPT-S,S,1.0,1312.5,1312.0
2022-01-10,20220110,Jan-22,JNE3256,JNE3256-KR-S,S,1.0,612.5,612.0
2022-01-10,20220110,Jan-22,JNE3256,JNE3256-KR-M,M,1.0,612.5,612.0
2022-01-10,20220110,Jan-22,JNE3256,JNE3256-KR-XL,XL,1.0,612.5,612.0
2022-01-10,20220110,Jan-22,JNE3405,JNE3405-KR-L,L,1.0,425.0,425.0
2022-01-10,20220110,Jan-22,JNE3567,JNE3567-KR-M,M,1.0,425.0,425.0
2022-01-10,20220110,Jan-22,JNE3630,JNE3630-KR-M,M,1.0,462.5,462.0
2022-01-10,20220110,Jan-22,JNE3630,JNE3630-KR-L,L,1.0,462.5,462.0
2022-01-10,20220110,Jan-22,JNE3634,JNE3634-KR-L,L,1.0,687.5,688.0
2022-01-10,20220110,Jan-22,JNE3750,JNE3750-KR-XL,XL,1.0,500.0,500.0
2022-01-10,20220110,Jan-22,JNE3763,JNE3763-KR-XXXL,XXXL,1.0,537.5,538.0
2022-01-10,20220110,Jan-22,JNE3768,JNE3768-KR-XXL,XXL,1.0,612.5,612.0
2022-01-10,20220110,Jan-22,JNE3773,JNE3773-KR-XXL,XXL,1.0,475.0,475.0
2022-01-10,20220110,Jan-22,JNE3774,JNE3774-KR-XL,XL,1.0,612.5,612.0
2022-01-10,20220110,Jan-22,JNE3774,JNE3774-KR-XXL,XXL,1.0,612.5,612.0
2022-01-10,20220110,Jan-22,JNE3777,JNE3777-KR-XXL,XXL,1.0,475.0,475.0
2022-01-10,20220110,Jan-22,JNE3783,JNE3783-KR-XXL,XXL,1.0,612.5,612.0
2022-01-10,20220110,Jan-22,JNE3804,JNE3804-KR-L,L,1.0,425.0,425.0
2022-01-10,20220110,Jan-22,PJNE3568,PJNE3568-KR-4XL,4XL,1.0,462.5,462.0
2022-01-10,20220110,Jan-22,SET138,SET138-KR-PP-L,L,1.0,1000.0,1000.0
2022-01-10,20220110,Jan-22,SET287,SET287-KR-NP-L,L,1.0,687.5,688.0
2022-01-12,20220112,Jan-22,JNE3674,JNE3674-TU-XL,XL,1.0,500.0,500.0
2022-01-12,20220112,Jan-22,J0198,J0198-TP-XL,XL,1.0,562.5,562.0
2022-01-12,20220112,Jan-22,J0184,J0184-KR-XL,XL,1.0,562.5,562.0
2022-01-12,20220112,Jan-22,J0110,J0110-SKD-M,M,1.0,1387.5,1388.0
2022-01-12,20220112,Jan-22,J0109,J0109-SKD-M,M,1.0,1312.5,1312.0
2022-01-12,20220112,Jan-22,SET325,SET325-KR-NP-XL,XL,2.0,687.5,1375.0
2022-01-12,20220112,Jan-22,SET269,SET269-KR-NP-L,L,1.0,975.0,975.0
2022-01-12,20220112,Jan-22,J0369,J0369-SKD-S,S,1.0,1237.5,1238.0
2022-01-12,20220112,Jan-22,JNE3766,JNE3766-KR-L,L,1.0,650.0,650.0
2022-01-13,20220113,Jan-22,SET269,SET269-KR-NP-XL,XL,1.0,975.0,975.0
2022-01-13,20220113,Jan-22,SET277,SET277-KR-NP-L,L,1.0,1550.0,1550.0
2022-01-13,20220113,Jan-22,SET293,SET293-KR-NP-M,M,1.0,775.0,775.0
2022-01-13,20220113,Jan-22,SET297,SET297-KR-NP-S,S,1.0,812.5,812.0
2022-01-13,20220113,Jan-22,SET300,SET300-KR-NP-M,M,1.0,1162.5,1162.0
2022-01-13,20220113,Jan-22,SET353,SET353-KR-NP-L,L,1.0,975.0,975.0
2022-01-13,20220113,Jan-22,SET187,SET187-KR-DH-XL,XL,1.0,775.0,775.0
2022-01-13,20220113,Jan-22,J0012,J0012-SKD-L,L,1.0,1387.5,1388.0
2022-01-13,20220113,Jan-22,J0083,J0083-KR-S,S,1.0,883.75,884.0
2022-01-13,20220113,Jan-22,J0083,J0083-KR-M,M,1.0,883.75,884.0
2022-01-13,20220113,Jan-22,J0242,J0242-SKD-L,L,1.0,1350.0,1350.0
2022-01-13,20220113,Jan-22,J0335,J0335-DR-L,L,1.0,850.0,850.0
2022-01-17,20220117,Jan-22,SET286,SET286-KR-NP-L,L,1.0,687.5,688.0
2022-01-17,20220117,Jan-22,SET286,SET286-KR-NP-XL,XL,1.0,687.5,688.0
2022-01-17,20220117,Jan-22,SET287,SET287-KR-NP-XL,XL,1.0,687.5,688.0
2022-01-17,20220117,Jan-22,SET038,SET038-KR-PP-L,L,1.0,775.0,775.0
2022-01-17,20220117,Jan-22,SET038,SET038-KR-PP-XL,XL,1.0,775.0,775.0
2022-01-17,20220117,Jan-22,SET331,SET331-KR-NP-L,L,1.0,650.0,650.0
2022-01-17,20220117,Jan-22,SET331,SET331-KR-NP-XL,XL,1.0,650.0,650.0
2022-01-17,20220117,Jan-22,SET374,SET374-KR-NP-L,L,1.0,650.0,650.0
2022-01-17,20220117,Jan-22,SET374,SET374-KR-NP-XL,XL,1.0,650.0,650.0
2022-01-17,20220117,Jan-22,SET334,SET334-KR-NP-L,L,1.0,687.5,688.0
2022-01-17,20220117,Jan-22,SET334,SET334-KR-NP-XL,XL,1.0,687.5,688.0
2022-01-17,20220117,Jan-22,SET306,SET306-KR-PP-L,L,1.0,737.5,738.0
2022-01-17,20220117,Jan-22,SET306,SET306-KR-PP-XL,XL,1.0,737.5,738.0
2022-01-17,20220117,Jan-22,SET352,SET352-KR-NP-L,L,1.0,737.5,738.0
2022-01-17,20220117,Jan-22,SET352,SET352-KR-NP-XL,XL,1.0,737.5,738.0
2022-01-17,20220117,Jan-22,SET199,SET199-KR-NP-L,L,1.0,737.5,738.0
2022-01-17,20220117,Jan-22,SET199,SET199-KR-NP-XL,XL,1.0,737.5,738.0
2022-01-17,20220117,Jan-22,SET331,SET331-KR-NP-XXL,XXL,1.0,650.0,650.0
2022-01-17,20220117,Jan-22,JNE3548,JNE3548-KR-S,S,2.0,462.5,925.0
2022-01-17,20220117,Jan-22,JNE3548,JNE3548-KR-M,M,2.0,462.5,925.0
2022-01-17,20220117,Jan-22,JNE3548,JNE3548-KR-L,L,2.0,462.5,925.0
2022-01-17,20220117,Jan-22,JNE3548,JNE3548-KR-XL,XL,2.0,462.5,925.0
2022-01-17,20220117,Jan-22,JNE3548,JNE3548-KR-XXL,XXL,2.0,462.5,925.0
2022-01-17,20220117,Jan-22,JNE3674,JNE3674-TU-S,S,1.0,500.0,500.0
2022-01-17,20220117,Jan-22,JNE3674,JNE3674-TU-M,M,1.0,500.0,500.0
2022-01-17,20220117,Jan-22,JNE3674,JNE3674-TU-L,L,1.0,500.0,500.0
2022-01-17,20220117,Jan-22,JNE3674,JNE3674-TU-XL,XL,1.0,500.0,500.0
2022-01-17,20220117,Jan-22,JNE3674,JNE3674-TU-XXL,XXL,1.0,500.0,500.0
2022-01-17,20220117,Jan-22,JNE3674,JNE3674-TU-XXXL,XXXL,1.0,500.0,500.0
2022-01-17,20220117,Jan-22,JNE3686,JNE3686-TU-S,S,1.0,537.5,538.0
2022-01-17,20220117,Jan-22,JNE3686,JNE3686-TU-M,M,1.0,537.5,538.0
2022-01-17,20220117,Jan-22,JNE3686,JNE3686-TU-L,L,1.0,537.5,538.0
2022-01-17,20220117,Jan-22,JNE3686,JNE3686-TU-XL,XL,1.0,537.5,538.0
2022-01-17,20220117,Jan-22,JNE3686,JNE3686-TU-XXL,XXL,1.0,537.5,538.0
2022-01-17,20220117,Jan-22,JNE3686,JNE3686-TU-XXXL,XXXL,1.0,537.5,538.0
2022-01-17,20220117,Jan-22,JNE3744,JNE3744-TU-S,S,1.0,562.5,562.0
2022-01-17,20220117,Jan-22,JNE3744,JNE3744-TU-M,M,1.0,562.5,562.0
2022-01-17,20220117,Jan-22,JNE3744,JNE3744-TU-L,L,1.0,562.5,562.0
2022-01-17,20220117,Jan-22,JNE3744,JNE3744-TU-XL,XL,1.0,562.5,562.0
2022-01-17,20220117,Jan-22,JNE3744,JNE3744-TU-XXL,XXL,1.0,562.5,562.0
2022-01-17,20220117,Jan-22,JNE3744,JNE3744-TU-XXXL,XXXL,1.0,563.0,563.0
2022-01-17,20220117,Jan-22,JNE3688,JNE3688-TU-S,S,1.0,500.0,500.0
2022-01-17,20220117,Jan-22,JNE3688,JNE3688-TU-M,M,1.0,500.0,500.0
2022-01-17,20220117,Jan-22,JNE3688,JNE3688-TU-L,L,1.0,500.0,500.0
2022-01-17,20220117,Jan-22,JNE3688,JNE3688-TU-XL,XL,1.0,500.0,500.0
2022-01-17,20220117,Jan-22,JNE3676,JNE3676-TU-S,S,1.0,462.5,462.0
2022-01-17,20220117,Jan-22,JNE3676,JNE3676-TU-M,M,1.0,462.5,462.0
2022-01-17,20220117,Jan-22,JNE3676,JNE3676-TU-L,L,1.0,462.5,462.0
2022-01-17,20220117,Jan-22,JNE3676,JNE3676-TU-XL,XL,1.0,462.5,462.0
2022-01-17,20220117,Jan-22,JNE3676,JNE3676-TU-XXL,XXL,1.0,462.5,462.0
2022-01-17,20220117,Jan-22,JNE3676,JNE3676-TU-XXXL,XXXL,1.0,462.5,462.0
2022-01-17,20220117,Jan-22,SET272,SET272-KR-PP-S,S,1.0,887.5,888.0
2022-01-17,20220117,Jan-22,SET272,SET272-KR-PP-M,M,1.0,887.5,888.0
2022-01-17,20220117,Jan-22,SET272,SET272-KR-PP-L,L,1.0,887.5,888.0
2022-01-17,20220117,Jan-22,SET272,SET272-KR-PP-XL,XL,1.0,887.5,888.0
2022-01-17,20220117,Jan-22,SET272,SET272-KR-PP-XXL,XXL,1.0,887.5,888.0
2022-01-17,20220117,Jan-22,SET272,SET272-KR-PP-XXXL,XXXL,1.0,887.5,888.0
2022-01-17,20220117,Jan-22,JNE3750,JNE3750-KR-L,L,1.0,500.0,500.0
2022-01-17,20220117,Jan-22,JNE3698,JNE3698-KR-L,L,1.0,425.0,425.0
2022-01-17,20220117,Jan-22,JNE3767,JNE3767-KR-XS,XS,1.0,562.5,562.0
2022-01-17,20220117,Jan-22,JNE3750,JNE3750-KR-XXL,XXL,1.0,500.0,500.0
2022-01-17,20220117,Jan-22,JNE3750,JNE3750-KR-XXXL,XXXL,1.0,500.0,500.0
2022-01-19,20220119,Jan-22,J0161,J0161-DR-S,S,1.0,650.0,650.0
2022-01-19,20220119,Jan-22,J0237,J0237-SKD-M,M,1.0,1625.0,1625.0
2022-01-19,20220119,Jan-22,SET187,SET187-KR-DH-M,M,1.0,775.0,775.0
2022-01-19,20220119,Jan-22,SET199,SET199-KR-NP-S,S,1.0,737.5,738.0
2022-01-19,20220119,Jan-22,SET324,SET324-KR-NP-XXL,XXL,1.0,650.0,650.0
2022-01-19,20220119,Jan-22,SET306,SET306-KR-PP-XXL,XXL,1.0,737.5,738.0
2022-01-19,20220119,Jan-22,SET308,SET308-KR-PP-L,L,1.0,737.5,738.0
2022-01-19,20220119,Jan-22,SET199,SET199-KR-NP-XXL,XXL,1.0,737.5,738.0
2022-01-19,20220119,Jan-22,J0001,J0001-DR-XL,XL,1.0,650.0,650.0
2022-01-19,20220119,Jan-22,JNE3657,JNE3657-TP-XL,XL,1.0,387.5,388.0
2022-01-19,20220119,Jan-22,JNE3649,JNE3649-TP-S,S,1.0,416.25,416.0
2022-01-19,20220119,Jan-22,SET239,SET239-KR-NP-M,M,1.0,957.5,958.0
2022-01-19,20220119,Jan-22,JNE3676,JNE3676-TU-M,M,1.0,462.5,462.0
2022-01-19,20220119,Jan-22,JNE3688,JNE3688-TU-L,L,1.0,500.0,500.0
2022-01-19,20220119,Jan-22,JNE3791,JNE3791-DR-M,M,1.0,650.0,650.0
2022-01-19,20220119,Jan-22,SET328,SET328-KR-NP-XXXL,XXXL,1.0,650.0,650.0
2022-01-19,20220119,Jan-22,SET269,SET269-KR-NP-XL,XL,1.0,975.0,975.0
2022-01-19,20220119,Jan-22,SET295,SET295-KR-NP-L,L,1.0,850.0,850.0
2022-01-19,20220119,Jan-22,SET374,SET374-KR-NP-XXL,XXL,1.0,650.0,650.0
2022-01-19,20220119,Jan-22,J0008,J0008-SKD-M,M,1.0,1275.0,1275.0
2022-01-19,20220119,Jan-22,SET302,SET302-KR-PP-L,L,1.0,1037.5,1038.0
2022-01-19,20220119,Jan-22,SET318,SET318-KR-SHA-S,S,1.0,1350.0,1350.0
2022-01-19,20220119,Jan-22,SET326,SET326-KR-PP-L,L,1.0,687.5,688.0
2022-01-19,20220119,Jan-22,SET198,SET198-KR-NP-L,L,1.0,812.5,812.0
2022-01-19,20220119,Jan-22,SET297,SET297-KR-NP-XL,XL,1.0,812.5,812.0
2022-01-19,20220119,Jan-22,SET300,SET300-KR-NP-XXL,XXL,1.0,1162.5,1162.0
2022-01-19,20220119,Jan-22,SET374,SET374-KR-NP-L,L,1.0,650.0,650.0
2022-01-19,20220119,Jan-22,SET286,SET286-KR-NP-XL,XL,1.0,687.5,688.0
2022-01-19,20220119,Jan-22,SET328,SET328-KR-NP-M,M,1.0,650.0,650.0
2022-01-19,20220119,Jan-22,SET334,SET334-KR-NP-XL,XL,1.0,687.5,688.0
2022-01-24,20220124,Jan-22,PJ0096,PJ0096-KR-4XL,4XL,1.0,738.0,738.0
2022-01-24,20220124,Jan-22,SET268,SET268-KR-NP-L,L,1.0,925.0,925.0
2022-01-24,20220124,Jan-22,SET268,SET268-KR-NP-XL,XL,1.0,925.0,925.0
2022-01-24,20220124,Jan-22,SET268,SET268-KR-NP-XXL,XXL,1.0,925.0,925.0
2022-01-24,20220124,Jan-22,SET300,SET300-KR-NP-M,M,1.0,1163.0,1163.0
2022-01-24,20220124,Jan-22,JNE3065,JNE3065-KR-M,M,1.0,563.0,563.0
2022-01-24,20220124,Jan-22,JNE3759,JNE3759-KR-L,L,1.0,460.0,460.0
2022-01-24,20220124,Jan-22,JNE3759,JNE3759-KR-XL,XL,1.0,460.0,460.0
2022-01-24,20220124,Jan-22,JNE3759,JNE3759-KR-XXL,XXL,1.0,460.0,460.0
2022-01-24,20220124,Jan-22,JNE3568,JNE3568-KR-L,L,1.0,411.0,411.0
2022-01-24,20220124,Jan-22,JNE3568,JNE3568-KR-XL,XL,1.0,411.0,411.0
2022-01-24,20220124,Jan-22,JNE3568,JNE3568-KR-XXL,XXL,1.0,411.0,411.0
2022-01-24,20220124,Jan-22,JNE3560,JNE3560-KR-XL,XL,1.0,463.0,463.0
2022-01-24,20220124,Jan-22,JNE3560,JNE3560-KR-XXL,XXL,1.0,463.0,463.0
2022-01-24,20220124,Jan-22,JNE3564,JNE3564-KR-XL,XL,1.0,425.0,425.0
2022-01-24,20220124,Jan-22,JNE3564,JNE3564-KR-XXL,XXL,1.0,425.0,425.0
2022-01-24,20220124,Jan-22,JNE3576,JNE3576-KR-L,L,1.0,425.0,425.0
2022-01-24,20220124,Jan-22,JNE3576,JNE3576-KR-XL,XL,1.0,425.0,425.0
2022-01-24,20220124,Jan-22,JNE3576,JNE3576-KR-XXL,XXL,1.0,425.0,425.0
2022-01-24,20220124,Jan-22,JNE3546,JNE3546-KR-XL,XL,1.0,425.0,425.0
2022-01-25,20220125,Jan-22,JNE3716,JNE3716-KR-S,S,1.0,463.0,463.0
2022-01-25,20220125,Jan-22,JNE3716,JNE3716-KR-M,M,1.0,463.0,463.0
2022-01-25,20220125,Jan-22,JNE3716,JNE3716-KR-L,L,1.0,463.0,463.0
2022-01-25,20220125,Jan-22,JNE2100,JNE2100-KR-144-S,S,1.0,478.0,478.0
2022-01-25,20220125,Jan-22,JNE2100,JNE2100-KR-144-M,M,1.0,478.0,478.0
2022-01-25,20220125,Jan-22,JNE3770,JNE3770-KR-S,S,1.0,525.0,525.0
2022-01-25,20220125,Jan-22,JNE3770,JNE3770-KR-M,M,1.0,525.0,525.0
2022-01-25,20220125,Jan-22,JNE3792,JNE3792-KR-M,M,1.0,525.0,525.0
2022-01-25,20220125,Jan-22,JNE3792,JNE3792-KR-L,L,1.0,525.0,525.0
2022-01-25,20220125,Jan-22,JNE3710,JNE3710-DR-M,M,1.0,650.0,650.0
2022-01-25,20220125,Jan-22,JNE3710,JNE3710-DR-L,L,1.0,650.0,650.0
2022-01-25,20220125,Jan-22,SET334,SET334-KR-NP-S,S,1.0,688.0,688.0
2022-01-25,20220125,Jan-22,SET334,SET334-KR-NP-M,M,1.0,688.0,688.0
2022-01-25,20220125,Jan-22,SET334,SET334-KR-NP-L,L,1.0,688.0,688.0
2022-01-25,20220125,Jan-22,SET210,SET210-KR-PP-S,S,1.0,813.0,813.0
2022-01-25,20220125,Jan-22,J0172,J0172-TP-S,S,1.0,390.0,390.0
2022-01-25,20220125,Jan-22,SET225,SET225-KR-NP-M,M,1.0,768.0,768.0
2022-01-25,20220125,Jan-22,SET225,SET225-KR-NP-L,L,1.0,768.0,768.0
2022-01-25,20220125,Jan-22,SET327,SET327-KR-DPT-M,M,1.0,1000.0,1000.0
2022-01-25,20220125,Jan-22,SET110,SET110-KR-PP-XL,XL,1.0,925.0,925.0
2022-01-25,20220125,Jan-22,SET210,SET210-KR-PP-L,L,1.0,813.0,813.0
2022-01-25,20220125,Jan-22,SET225,SET225-KR-NP-XXL,XXL,1.0,768.0,768.0
2022-01-25,20220125,Jan-22,JNE3160,JNE3160-KR-M,M,1.0,768.0,768.0
2022-01-25,20220125,Jan-22,JNE3160,JNE3160-KR-XL,XL,2.0,768.0,1536.0
2022-01-25,20220125,Jan-22,JNE3160,JNE3160-KR-XXXL,XXXL,1.0,768.0,768.0
2022-01-25,20220125,Jan-22,JNE3709,JNE3709-DR-XL,XL,1.0,1075.0,1075.0
2022-01-25,20220125,Jan-22,JNE2307,JNE2307-KR-572-XL,XL,1.0,525.0,525.0
2022-01-25,20220125,Jan-22,JNE3252,JNE3252-KR-XL,XL,1.0,628.0,628.0
2022-01-25,20220125,Jan-22,SET306,SET306-KR-PP-XXXL,XXXL,1.0,738.0,738.0
2022-01-25,20220125,Jan-22,JNE3368,JNE3368-KR-M,M,1.0,628.0,628.0
2022-01-25,20220125,Jan-22,SET326,SET326-KR-PP-XXL,XXL,1.0,688.0,688.0
2022-01-25,20220125,Jan-22,J0306,J0306-DR-XL,XL,1.0,650.0,650.0
2022-01-25,20220125,Jan-22,J0306,J0306-DR-L,L,1.0,650.0,650.0
2022-01-25,20220125,Jan-22,JNE3524,JNE3524-KR-L,L,1.0,500.0,500.0
2022-01-25,20220125,Jan-22,JNE3524,JNE3524-KR-M,M,1.0,500.0,500.0
2022-01-27,20220127,Jan-22,J0130,J0130-SET-M,M,1.0,985.0,985.0
2022-01-27,20220127,Jan-22,J0186,J0186-SET-M,M,1.0,993.33,993.0
2022-01-27,20220127,Jan-22,JNE09210,SAREE,Free,1.0,886.0,886.0
2022-01-27,20220127,Jan-22,JNE3160,JNE3160-KR-M,M,1.0,767.5,768.0
2022-01-27,20220127,Jan-22,JNE3160,JNE3160-KR-S,S,1.0,767.5,768.0
2022-01-27,20220127,Jan-22,JNE3255,JNE3255-KR-S,S,1.0,612.5,612.0
2022-01-27,20220127,Jan-22,JNE3404,JNE3404-KR-XS,XS,1.0,462.5,462.0
2022-01-27,20220127,Jan-22,JNE3405,JNE3405-KR-M,M,1.0,390.0,390.0
2022-01-27,20220127,Jan-22,JNE3524,JNE3524-KR-XL,XL,1.0,500.0,500.0
2022-01-27,20220127,Jan-22,JNE3567,JNE3567-KR-M,M,1.0,425.0,425.0
2022-01-27,20220127,Jan-22,JNE3750,JNE3750-KR-XXXL,XXXL,1.0,500.0,500.0
2022-01-27,20220127,Jan-22,JNE3763,JNE3763-KR-XS,XS,1.0,525.0,525.0
2022-01-27,20220127,Jan-22,JNE3771,JNE3771-KR-S,S,1.0,525.0,525.0
2022-01-27,20220127,Jan-22,JNE3778,JNE3778-KR-S,S,1.0,562.5,562.0
2022-01-27,20220127,Jan-22,JNE3821,JNE3821-KR-M,M,1.0,749.0,749.0
2022-01-27,20220127,Jan-22,SAR070,SAR070,Free,1.0,999.0,999.0
2022-01-27,20220127,Jan-22,SET306,SET306-KR-PP-M,M,1.0,737.5,738.0
2022-01-27,20220127,Jan-22,SET319,SET319-KR-NP-XXXL,XXXL,1.0,975.0,975.0
2022-01-27,20220127,Jan-22,SET326,SET326-KR-PP-M,M,1.0,687.5,688.0
2022-01-27,20220127,Jan-22,SET333,SET333-KR-DPT-XS,XS,1.0,1075.0,1075.0
2022-01-28,20220128,Jan-22,JNE3826,CMB5-JNE3826,Free,5.0,299.0,1495.0
2022-01-28,20220128,Jan-22,JNE3827,CMB5-JNE3827,Free,5.0,299.0,1495.0
2022-01-28,20220128,Jan-22,JNE3828,CMB5-JNE3828,Free,5.0,299.0,1495.0
2022-01-28,20220128,Jan-22,JNE3853,CMB5-JNE3853,Free,5.0,299.0,1495.0
2022-01-28,20220128,Jan-22,JNE3855,CMB5-JNE3855,Free,5.0,299.0,1495.0
2022-01-28,20220128,Jan-22,JNE3858,CMB5-JNE3858,Free,5.0,299.0,1495.0
2022-01-28,20220128,Jan-22,JNE3826,CMB5-JNE3826,Free,5.0,299.0,1495.0
2022-01-28,20220128,Jan-22,JNE3827,CMB5-JNE3827,Free,5.0,299.0,1495.0
2022-01-28,20220128,Jan-22,JNE3828,CMB5-JNE3828,Free,5.0,299.0,1495.0
2022-01-28,20220128,Jan-22,JNE3829,CMB5-JNE3829,Free,5.0,299.0,1495.0
2022-01-28,20220128,Jan-22,JNE3830,CMB5-JNE3830,Free,5.0,299.0,1495.0
2022-01-28,20220128,Jan-22,JNE3849,CMB5-JNE3849,Free,5.0,299.0,1495.0
2022-01-28,20220128,Jan-22,JNE3852,CMB5-JNE3852,Free,5.0,299.0,1495.0
2022-01-28,20220128,Jan-22,JNE3853,CMB5-JNE3853,Free,5.0,299.0,1495.0
2022-01-28,20220128,Jan-22,SET263,SET263-KR-NP-M,M,1.0,775.0,775.0
2022-01-28,20220128,Jan-22,SET264,SET264-KR-NP-M,M,1.0,975.0,975.0
2022-01-28,20220128,Jan-22,SET265,SET265-KR-NP-M,M,1.0,975.0,975.0
2022-01-28,20220128,Jan-22,SET269,SET269-KR-NP-M,M,1.0,975.0,975.0
2022-01-28,20220128,Jan-22,J0162,J0162-SKD-M,M,1.0,1312.5,1312.0
2022-01-28,20220128,Jan-22,SET236,SET236-KR-PP-M,M,1.0,850.0,850.0
2022-01-28,20220128,Jan-22,J0140,J0140-SET-M,M,1.0,666.67,667.0
2022-01-28,20220128,Jan-22,SET262,SET262-KR-NP-M,M,1.0,887.5,888.0
2022-01-28,20220128,Jan-22,SET266,SET266-KR-NP-M,M,1.0,925.0,925.0
2022-01-28,20220128,Jan-22,SET268,SET268-KR-NP-M,M,1.0,925.0,925.0
2022-01-28,20220128,Jan-22,SET058,SET058-KR-NP-M,M,1.0,957.5,958.0
2022-01-28,20220128,Jan-22,SET303,SET303-KR-NP-S,S,1.0,975.0,975.0
2022-01-28,20220128,Jan-22,SET043,SET043-KR-NP-S,S,1.0,1175.0,1175.0
2022-01-28,20220128,Jan-22,SET316,SET316-KR-DPT-S,S,1.0,1312.58,1313.0
2022-01-28,20220128,Jan-22,SET193,SET193-KR-NP-S,S,1.0,812.5,812.0
2022-01-28,20220128,Jan-22,J0250,J0250-SKD-M,M,1.0,1037.5,1038.0
2022-01-28,20220128,Jan-22,SET265,SET265-KR-NP-S,S,1.0,975.0,975.0
2022-01-29,20220129,Jan-22,J0012,J0012-SKD-XL,XL,1.0,1387.5,1388.0
2022-01-29,20220129,Jan-22,J0012,J0012-SKD-M,M,1.0,1387.5,1388.0
2022-01-29,20220129,Jan-22,J0012,J0012-SKD-S,S,1.0,1387.5,1388.0
2022-01-29,20220129,Jan-22,J0012,J0012-SKD-XS,XS,1.0,1387.5,1388.0
2022-01-29,20220129,Jan-22,SET245,SET245-KR-NP-M,M,1.0,1178.75,1179.0
2022-01-29,20220129,Jan-22,SET245,SET245-KR-NP-S,S,1.0,1178.75,1179.0
2022-01-29,20220129,Jan-22,SET252,SET252-KR-PP-XXL,XXL,1.0,847.5,848.0
2022-01-29,20220129,Jan-22,SET252,SET252-KR-PP-XXXL,XXXL,1.0,847.5,848.0
2022-01-29,20220129,Jan-22,SET268,SET268-KR-NP-XXXL,XXXL,1.0,925.0,925.0
2022-01-29,20220129,Jan-22,SET252,SET252-KR-PP-XL.,XL,1.0,847.5,848.0
2022-01-29,20220129,Jan-22,SET268,SET268-KR-NP-XXL,XXL,1.0,925.0,925.0
2022-01-29,20220129,Jan-22,SET252,SET252-KR-PP-L,L,1.0,847.5,848.0
2022-01-29,20220129,Jan-22,SET252,SET252-KR-PP-XS.,XS,1.0,847.5,848.0
2022-01-29,20220129,Jan-22,SET268,SET268-KR-NP-XL,XL,1.0,925.0,925.0
2022-01-29,20220129,Jan-22,SET268,SET268-KR-NP-L,L,1.0,925.0,925.0
2022-01-29,20220129,Jan-22,SET252,SET252-KR-PP-S.,S,1.0,847.5,848.0
2022-01-29,20220129,Jan-22,SET252,SET252-KR-PP-M.,M,1.0,847.5,848.0
2022-01-29,20220129,Jan-22,SET268,SET268-KR-NP-XS,XS,1.0,925.0,925.0
2022-01-29,20220129,Jan-22,SET268,SET268-KR-NP-M,M,1.0,925.0,925.0
2022-01-29,20220129,Jan-22,SET268,SET268-KR-NP-S,S,1.0,925.0,925.0
2022-01-29,20220129,Jan-22,J0012,J0012-SKD-L,L,1.0,1387.5,1388.0
2022-01-29,20220129,Jan-22,J0012,J0012-SKD-XXL,XXL,1.0,1387.5,1388.0
2022-01-29,20220129,Jan-22,J0012,J0012-SKD-XXXL,XXXL,1.0,1387.5,1388.0
2022-01-29,20220129,Jan-22,SET225,SET225-KR-NP-L,L,1.0,767.5,768.0
2022-01-29,20220129,Jan-22,SET227,SET227-KR-PP-M,M,1.0,810.0,810.0
2022-01-29,20220129,Jan-22,SET227,SET227-KR-PP-XL,XL,1.0,810.0,810.0
2022-01-29,20220129,Jan-22,SET245,SET245-KR-NP-L,L,1.0,1178.75,1179.0
2022-01-29,20220129,Jan-22,SET245,SET245-KR-NP-XL,XL,1.0,1178.75,1179.0
2022-01-29,20220129,Jan-22,SET245,SET245-KR-NP-XXL,XXL,1.0,1178.75,1179.0
2022-01-29,20220129,Jan-22,SET306,SET306-KR-PP-L,L,1.0,737.5,738.0
2022-01-29,20220129,Jan-22,SET306,SET306-KR-PP-M,M,1.0,737.5,738.0
2022-01-29,20220129,Jan-22,SET306,SET306-KR-PP-XL,XL,1.0,737.5,738.0
2022-01-29,20220129,Jan-22,SET345,SET345-KR-NP-XS,XS,1.0,687.5,688.0
2022-01-29,20220129,Jan-22,SET389,SET389-KR-NP-L,L,1.0,1000.0,1000.0
2022-01-29,20220129,Jan-22,SET389,SET389-KR-NP-M,M,1.0,1000.0,1000.0
2022-01-29,20220129,Jan-22,SET389,SET389-KR-NP-S,S,1.0,1000.0,1000.0
2022-01-29,20220129,Jan-22,SET389,SET389-KR-NP-XL,XL,1.0,1000.0,1000.0
2022-01-29,20220129,Jan-22,SET389,SET389-KR-NP-XS,XS,1.0,1000.0,1000.0
2022-01-29,20220129,Jan-22,SET389,SET389-KR-NP-XXL,XXL,1.0,1000.0,1000.0
2022-01-29,20220129,Jan-22,SET389,SET389-KR-NP-XXXL,XXXL,1.0,1000.0,1000.0
2022-01-29,20220129,Jan-22,J0002,J0002-SKD-M,M,1.0,1350.0,1350.0
2022-01-29,20220129,Jan-22,J0002,J0002-SKD-S,S,1.0,1350.0,1350.0
2022-01-29,20220129,Jan-22,J0002,J0002-SKD-XS,XS,1.0,1350.0,1350.0
2022-01-29,20220129,Jan-22,J0226,J0226-SKD-S,S,1.0,1862.5,1862.0
2022-01-29,20220129,Jan-22,J0226,J0226-SKD-XL,XL,1.0,1862.5,1862.0
2022-01-29,20220129,Jan-22,J0226,J0226-SKD-XS,XS,1.0,1862.5,1862.0
2022-01-29,20220129,Jan-22,J0226,J0226-SKD-XXL,XXL,1.0,1862.5,1862.0
2022-01-29,20220129,Jan-22,JNE3434,JNE3434-KR-L,L,1.0,425.0,425.0
2022-01-29,20220129,Jan-22,JNE3434,JNE3434-KR-M,M,1.0,425.0,425.0
2022-01-29,20220129,Jan-22,JNE3434,JNE3434-KR-S,S,1.0,425.0,425.0
2022-01-29,20220129,Jan-22,JNE3434,JNE3434-KR-XL,XL,1.0,425.0,425.0
2022-01-29,20220129,Jan-22,SET225,SET225-KR-NP-M,M,1.0,767.5,768.0
2022-01-29,20220129,Jan-22,SET225,SET225-KR-NP-XL,XL,1.0,767.5,768.0
2022-01-29,20220129,Jan-22,SET227,SET227-KR-PP-L,L,1.0,810.0,810.0
2022-01-29,20220129,Jan-22,SET304,SET304-KR-DPT-XXXL,XXXL,1.0,1350.0,1350.0
2022-01-29,20220129,Jan-22,SET306,SET306-KR-PP-XXL,XXL,1.0,737.5,738.0
2022-01-29,20220129,Jan-22,SET306,SET306-KR-PP-XXXL,XXXL,1.0,737.5,738.0
2022-01-29,20220129,Jan-22,SET316,SET316-KR-DPT-XXL,XXL,1.0,1312.5,1312.0
2022-01-29,20220129,Jan-22,SET337,SET337-KR-NP-M,M,1.0,1275.0,1275.0
2022-01-29,20220129,Jan-22,J0002,J0002-SKD-XL,XL,1.0,1350.0,1350.0
2022-01-29,20220129,Jan-22,J0002,J0002-SKD-XXXL,XXXL,1.0,1350.0,1350.0
2022-01-29,20220129,Jan-22,J0226,J0226-SKD-XXXL,XXXL,1.0,1862.5,1862.0
2022-01-29,20220129,Jan-22,J0237,J0237-SKD-XS,XS,1.0,1625.0,1625.0
2022-01-29,20220129,Jan-22,J0237,J0237-SKD-XXXL,XXXL,1.0,1625.0,1625.0
2022-01-29,20220129,Jan-22,J0249,J0249-SKD-XXL,XXL,1.0,1037.5,1038.0
2022-01-29,20220129,Jan-22,JNE3434,JNE3434-KR-XXL,XXL,1.0,425.0,425.0
2022-01-29,20220129,Jan-22,SET225,SET225-KR-NP-S,S,1.0,767.5,768.0
2022-01-29,20220129,Jan-22,SET225,SET225-KR-NP-XS,XS,1.0,767.5,768.0
2022-01-29,20220129,Jan-22,SET225,SET225-KR-NP-XXL,XXL,1.0,767.5,768.0
2022-01-29,20220129,Jan-22,SET304,SET304-KR-DPT-XL,XL,1.0,1350.0,1350.0
2022-01-29,20220129,Jan-22,SET306,SET306-KR-PP-S,S,1.0,737.5,738.0
2022-01-29,20220129,Jan-22,SET306,SET306-KR-PP-XS,XS,1.0,737.5,738.0
2022-01-29,20220129,Jan-22,SET316,SET316-KR-DPT-L,L,1.0,1312.5,1312.0
2022-01-29,20220129,Jan-22,SET316,SET316-KR-DPT-XL,XL,1.0,1312.5,1312.0
2022-01-29,20220129,Jan-22,SET337,SET337-KR-NP-L,L,1.0,1275.0,1275.0
2022-01-29,20220129,Jan-22,SET345,SET345-KR-NP-S,S,1.0,687.5,688.0
2022-01-29,20220129,Jan-22,SET345,SET345-KR-NP-XL,XL,1.0,687.5,688.0
2022-01-29,20220129,Jan-22,SET345,SET345-KR-NP-XXXL,XXXL,1.0,687.5,688.0
2022-01-29,20220129,Jan-22,J0002,J0002-SKD-L,L,1.0,1350.0,1350.0
2022-01-29,20220129,Jan-22,J0002,J0002-SKD-XXL,XXL,1.0,1350.0,1350.0
2022-01-29,20220129,Jan-22,J0226,J0226-SKD-M,M,1.0,1862.5,1862.0
2022-01-29,20220129,Jan-22,J0237,J0237-SKD-L,L,1.0,1625.0,1625.0
2022-01-29,20220129,Jan-22,J0237,J0237-SKD-S,S,1.0,1625.0,1625.0
2022-01-29,20220129,Jan-22,J0242,J0242-SKD-XL,XL,1.0,1350.0,1350.0
2022-01-29,20220129,Jan-22,J0242,J0242-SKD-XS,XS,1.0,1350.0,1350.0
2022-01-29,20220129,Jan-22,J0249,J0249-SKD-XL,XL,1.0,1037.5,1038.0
2022-01-29,20220129,Jan-22,J0249,J0249-SKD-XS,XS,1.0,1037.5,1038.0
2022-01-29,20220129,Jan-22,J0249,J0249-SKD-XXXL,XXXL,1.0,1037.5,1038.0
2022-01-29,20220129,Jan-22,JNE3434,JNE3434-KR-XS,XS,1.0,425.0,425.0
2022-01-29,20220129,Jan-22,SET227,SET227-KR-PP-S,S,1.0,810.0,810.0
2022-01-29,20220129,Jan-22,SET227,SET227-KR-PP-XS,XS,1.0,810.0,810.0
2022-01-29,20220129,Jan-22,SET245,SET245-KR-NP-XXXL,XXXL,1.0,1178.75,1179.0
2022-01-29,20220129,Jan-22,SET316,SET316-KR-DPT-S,S,1.0,1312.5,1312.0
2022-01-29,20220129,Jan-22,SET337,SET337-KR-NP-S,S,1.0,1275.0,1275.0
2022-01-29,20220129,Jan-22,SET345,SET345-KR-NP-L,L,1.0,687.5,688.0
2022-01-29,20220129,Jan-22,J0237,J0237-SKD-M,M,1.0,1625.0,1625.0
2022-01-29,20220129,Jan-22,J0237,J0237-SKD-XL,XL,1.0,1625.0,1625.0
2022-01-29,20220129,Jan-22,J0237,J0237-SKD-XXL,XXL,1.0,1625.0,1625.0
2022-01-29,20220129,Jan-22,J0242,J0242-SKD-L,L,1.0,1350.0,1350.0
2022-01-29,20220129,Jan-22,J0242,J0242-SKD-M,M,1.0,1350.0,1350.0
2022-01-29,20220129,Jan-22,J0242,J0242-SKD-XXL,XXL,1.0,1350.0,1350.0
2022-01-29,20220129,Jan-22,J0242,J0242-SKD-XXXL,XXXL,1.0,1350.0,1350.0
2022-01-29,20220129,Jan-22,J0249,J0249-SKD-M,M,1.0,1037.5,1038.0
2022-01-29,20220129,Jan-22,J0249,J0249-SKD-S,S,1.0,1037.5,1038.0
2022-01-29,20220129,Jan-22,JNE3434,JNE3434-KR-XXXL,XXXL,1.0,425.0,425.0
2022-01-29,20220129,Jan-22,SET225,SET225-KR-NP-XXXL,XXXL,1.0,767.5,768.0
2022-01-29,20220129,Jan-22,SET227,SET227-KR-PP-XXL,XXL,1.0,810.0,810.0
2022-01-29,20220129,Jan-22,SET227,SET227-KR-PP-XXXL,XXXL,1.0,810.0,810.0
2022-01-29,20220129,Jan-22,SET304,SET304-KR-DPT-XXL,XXL,1.0,1350.0,1350.0
2022-01-29,20220129,Jan-22,SET316,SET316-KR-DPT-M,M,1.0,1312.5,1312.0
2022-01-29,20220129,Jan-22,SET316,SET316-KR-DPT-XXXL,XXXL,1.0,1312.5,1312.0
2022-01-29,20220129,Jan-22,SET337,SET337-KR-NP-XS,XS,1.0,1275.0,1275.0
2022-01-29,20220129,Jan-22,J0003,J0003-SET-L,L,1.0,737.5,738.0
2022-01-29,20220129,Jan-22,J0003,J0003-SET-M,M,1.0,737.5,738.0
2022-01-29,20220129,Jan-22,J0003,J0003-SET-S,S,1.0,737.5,738.0
2022-01-29,20220129,Jan-22,J0003,J0003-SET-XL,XL,1.0,737.5,738.0
2022-01-29,20220129,Jan-22,J0003,J0003-SET-XS,XS,1.0,737.5,738.0
2022-01-29,20220129,Jan-22,J0003,J0003-SET-XXL,XXL,1.0,737.5,738.0
2022-01-29,20220129,Jan-22,J0003,J0003-SET-XXXL,XXXL,1.0,737.5,738.0
2022-01-29,20220129,Jan-22,J0226,J0226-SKD-L,L,1.0,1862.5,1862.0
2022-01-29,20220129,Jan-22,J0242,J0242-SKD-S,S,1.0,1350.0,1350.0
2022-01-29,20220129,Jan-22,J0249,J0249-SKD-L,L,1.0,1037.5,1038.0
2022-01-29,20220129,Jan-22,SET245,SET245-KR-NP-XS,XS,1.0,1178.75,1179.0
2022-01-29,20220129,Jan-22,SET304,SET304-KR-DPT-L,L,1.0,1350.0,1350.0
2022-01-29,20220129,Jan-22,SET304,SET304-KR-DPT-M,M,1.0,1350.0,1350.0
2022-01-29,20220129,Jan-22,SET304,SET304-KR-DPT-S,S,1.0,1350.0,1350.0
2022-01-29,20220129,Jan-22,SET304,SET304-KR-DPT-XS,XS,1.0,1350.0,1350.0
2022-01-29,20220129,Jan-22,SET316,SET316-KR-DPT-XS,XS,1.0,1312.5,1312.0
2022-01-29,20220129,Jan-22,SET337,SET337-KR-NP-XL,XL,1.0,1275.0,1275.0
2022-01-29,20220129,Jan-22,SET337,SET337-KR-NP-XXL,XXL,1.0,1275.0,1275.0
2022-01-29,20220129,Jan-22,SET345,SET345-KR-NP-M,M,1.0,687.5,688.0
2022-01-29,20220129,Jan-22,SET345,SET345-KR-NP-XXL,XXL,1.0,687.5,688.0
2022-01-29,20220129,Jan-22,JNE3750,JNE3750-KR-XS,XS,1.0,500.0,500.0
2022-01-29,20220129,Jan-22,JNE3750,JNE3750-KR-S,S,1.0,500.0,500.0
2022-01-29,20220129,Jan-22,JNE3750,JNE3750-KR-M,M,1.0,500.0,500.0
2022-01-29,20220129,Jan-22,JNE3750,JNE3750-KR-L,L,1.0,500.0,500.0
2022-01-29,20220129,Jan-22,JNE3750,JNE3750-KR-XL,XL,1.0,500.0,500.0
2022-01-29,20220129,Jan-22,JNE3750,JNE3750-KR-XXL,XXL,1.0,500.0,500.0
2022-01-29,20220129,Jan-22,JNE3750,JNE3750-KR-XXXL,XXXL,1.0,500.0,500.0
2022-01-29,20220129,Jan-22,JNE3489,JNE3489-KR-XS,XS,1.0,425.0,425.0
2022-01-29,20220129,Jan-22,JNE3489,JNE3489-KR-S,S,1.0,425.0,425.0
2022-01-29,20220129,Jan-22,JNE3489,JNE3489-KR-M,M,1.0,425.0,425.0
2022-01-29,20220129,Jan-22,JNE3489,JNE3489-KR-L,L,1.0,425.0,425.0
2022-01-29,20220129,Jan-22,JNE3489,JNE3489-KR-XL,XL,1.0,425.0,425.0
2022-01-29,20220129,Jan-22,JNE3489,JNE3489-KR-XXL,XXL,2.0,425.0,850.0
2022-01-29,20220129,Jan-22,JNE3489,JNE3489-KR-XXXL,XXXL,1.0,425.0,425.0
2022-01-29,20220129,Jan-22,JNE3435,JNE3435-KR-XS,XS,1.0,390.0,390.0
2022-01-29,20220129,Jan-22,JNE3435,JNE3435-KR-S,S,1.0,390.0,390.0
2022-01-29,20220129,Jan-22,JNE3435,JNE3435-KR-M,M,1.0,390.0,390.0
2022-01-29,20220129,Jan-22,JNE3435,JNE3435-KR-L,L,1.0,390.0,390.0
2022-01-29,20220129,Jan-22,JNE3435,JNE3435-KR-XL,XL,1.0,390.0,390.0
2022-01-29,20220129,Jan-22,JNE3435,JNE3435-KR-XXL,XXL,1.0,390.0,390.0
2022-01-29,20220129,Jan-22,JNE3435,JNE3435-KR-XXXL,XXXL,1.0,390.0,390.0
2022-01-29,20220129,Jan-22,JNE3560,JNE3560-KR-XS,XS,1.0,462.5,462.0
2022-01-29,20220129,Jan-22,JNE3560,JNE3560-KR-S,S,1.0,462.5,462.0
2022-01-29,20220129,Jan-22,JNE3560,JNE3560-KR-M,M,1.0,462.5,462.0
2022-01-29,20220129,Jan-22,JNE3560,JNE3560-KR-L,L,1.0,462.5,462.0
2022-01-29,20220129,Jan-22,JNE3560,JNE3560-KR-XL,XL,1.0,462.5,462.0
2022-01-29,20220129,Jan-22,JNE3560,JNE3560-KR-XXL,XXL,1.0,462.5,462.0
2022-01-29,20220129,Jan-22,JNE3560,JNE3560-KR-XXXL,XXXL,2.0,462.5,925.0
2022-01-31,20220131,Jan-22,J0005,J0005-DR-XL,XL,1.0,925.0,925.0
2022-01-31,20220131,Jan-22,J0006,J0006-SET-XL,XL,1.0,925.0,925.0
2022-01-31,20220131,Jan-22,J0101,J0101-DR-L,L,1.0,1151.25,1151.0
2022-01-31,20220131,Jan-22,SET186,SET186-KR-DH-M,M,1.0,925.0,925.0
2022-01-31,20220131,Jan-22,J0014,J0014-LCD-XL,XL,1.0,1312.5,1312.0
2022-01-31,20220131,Jan-22,J0005,J0005-DR-XXL,XXL,1.0,925.0,925.0
2022-01-31,20220131,Jan-22,J0232,J0232-SKD-L,L,1.0,1275.0,1275.0
2022-01-31,20220131,Jan-22,J0230,J0230-SKD-L,L,1.0,1425.0,1425.0
2022-01-31,20220131,Jan-22,SET267,SET267-KR-NP-L,L,1.0,925.0,925.0
2022-01-31,20220131,Jan-22,SET038,SET038-KR-PP-XL,XL,1.0,775.0,775.0
2022-02-05,20220205,Feb-22,JNE3827,CMB5-JNE3827,Free,5.0,299.0,1495.0
2022-02-05,20220205,Feb-22,JNE3852,CMB5-JNE3852,Free,5.0,299.0,1495.0
2022-02-05,20220205,Feb-22,JNE3848,CMB5-JNE3848,Free,5.0,299.0,1495.0
2022-02-05,20220205,Feb-22,JNE3853,CMB5-JNE3853,Free,5.0,299.0,1495.0
2022-02-05,20220205,Feb-22,JNE3831,CMB5-JNE3831,Free,5.0,299.0,1495.0
2022-02-05,20220205,Feb-22,JNE3851,CMB5-JNE3851,Free,5.0,299.0,1495.0
2022-02-05,20220205,Feb-22,JNE3830,CMB5-JNE3830,Free,5.0,299.0,1495.0
2022-02-05,20220205,Feb-22,JNE3832,CMB5-JNE3832,Free,5.0,299.0,1495.0
2022-02-05,20220205,Feb-22,JNE3826,CMB5-JNE3826,Free,5.0,299.0,1495.0
2022-02-05,20220205,Feb-22,JNE3828,CMB5-JNE3828,Free,5.0,299.0,1495.0
2022-02-05,20220205,Feb-22,JNE3848,CMB5-JNE3848,Free,5.0,299.0,1495.0
2022-02-05,20220205,Feb-22,JNE3849,CMB5-JNE3849,Free,5.0,299.0,1495.0
2022-02-05,20220205,Feb-22,JNE3853,CMB5-JNE3853,Free,5.0,299.0,1495.0
2022-02-05,20220205,Feb-22,JNE3855,CMB5-JNE3855,Free,5.0,299.0,1495.0
2022-02-05,20220205,Feb-22,JNE3851,CMB5-JNE3851,Free,5.0,299.0,1495.0
2022-02-05,20220205,Feb-22,JNE3850,CMB5-JNE3850,Free,5.0,299.0,1495.0
2022-02-05,20220205,Feb-22,JNE3528,JNE3528-KR-XXXL,XXXL,1.0,425.0,425.0
2022-02-05,20220205,Feb-22,JNE3528,JNE3528-KR-S,S,1.0,425.0,425.0
2022-02-05,20220205,Feb-22,JNE3528,JNE3528-KR-M,M,1.0,425.0,425.0
2022-02-05,20220205,Feb-22,JNE3528,JNE3528-KR-L,L,1.0,425.0,425.0
2022-02-05,20220205,Feb-22,JNE3528,JNE3528-KR-XL,XL,1.0,425.0,425.0
2022-02-05,20220205,Feb-22,JNE3528,JNE3528-KR-XXL,XXL,1.0,425.0,425.0
2022-02-05,20220205,Feb-22,JNE1998,JNE1998-KR-311-S,S,1.0,442.5,442.0
2022-02-05,20220205,Feb-22,JNE1998,JNE1998-KR-311-M,M,1.0,442.5,442.0
2022-02-05,20220205,Feb-22,JNE1998,JNE1998-KR-311-L,L,1.0,442.5,442.0
2022-02-05,20220205,Feb-22,JNE1998,JNE1998-KR-311-XL,XL,1.0,442.5,442.0
2022-02-05,20220205,Feb-22,JNE1998,JNE1998-KR-311-XXL,XXL,1.0,442.5,442.0
2022-02-05,20220205,Feb-22,JNE3564,JNE3564-KR-S,S,1.0,425.0,425.0
2022-02-05,20220205,Feb-22,JNE3564,JNE3564-KR-M,M,1.0,425.0,425.0
2022-02-05,20220205,Feb-22,JNE3564,JNE3564-KR-L,L,1.0,425.0,425.0
2022-02-05,20220205,Feb-22,JNE3564,JNE3564-KR-XL,XL,1.0,425.0,425.0
2022-02-05,20220205,Feb-22,JNE3564,JNE3564-KR-XXL,XXL,1.0,425.0,425.0
2022-02-05,20220205,Feb-22,JNE2009,JNE2009-KR-310-S,S,1.0,442.5,442.0
2022-02-05,20220205,Feb-22,JNE2009,JNE2009-KR-310-M,M,1.0,442.5,442.0
2022-02-05,20220205,Feb-22,JNE2009,JNE2009-KR-310-L,L,1.0,442.5,442.0
2022-02-05,20220205,Feb-22,JNE2009,JNE2009-KR-310-XL,XL,1.0,442.5,442.0
2022-02-05,20220205,Feb-22,JNE2009,JNE2009-KR-310-XXL,XXL,1.0,442.5,442.0
2022-02-05,20220205,Feb-22,JNE3615,JNE3615-KR-XXL,XXL,1.0,511.25,511.0
2022-02-05,20220205,Feb-22,JNE3615,JNE3615-KR-L,L,1.0,511.25,511.0
2022-02-05,20220205,Feb-22,JNE3718,JNE3718-KR-XXXL,XXXL,1.0,525.0,525.0
2022-02-05,20220205,Feb-22,JNE3718,JNE3718-KR-XXL,XXL,1.0,525.0,525.0
2022-02-05,20220205,Feb-22,SET038,SET038-KR-PP-XXXL,XXXL,1.0,775.0,775.0
2022-02-05,20220205,Feb-22,SET038,SET038-KR-PP-L,L,1.0,775.0,775.0
2022-02-05,20220205,Feb-22,SET187,SET187-KR-DH-L,L,1.0,775.0,775.0
2022-02-05,20220205,Feb-22,SET182,SET182-KR-DH-XXL,XXL,1.0,812.5,812.0
2022-02-05,20220205,Feb-22,SET182,SET182-KR-DH-M,M,1.0,812.5,812.0
2022-02-05,20220205,Feb-22,J0252,J0252-SKD-XXXL,XXXL,1.0,1037.5,1038.0
2022-02-05,20220205,Feb-22,J0249,J0249-SKD-XXL,XXL,1.0,1037.5,1038.0
2022-02-05,20220205,Feb-22,J0120,J0120-TP-XXL,XXL,1.0,387.5,388.0
2022-02-05,20220205,Feb-22,J0005,J0005-DR-XXL,XXL,1.0,925.0,925.0
2022-02-05,20220205,Feb-22,JNE3627,JNE3627-KR-L,L,1.0,438.75,439.0
2022-02-05,20220205,Feb-22,JNE3627,JNE3627-KR-XXXL,XXXL,1.0,438.75,439.0
2022-02-05,20220205,Feb-22,JNE3627,JNE3627-KR-XS,XS,1.0,438.75,439.0
2022-02-05,20220205,Feb-22,JNE3576,JNE3576-KR-XS,XS,1.0,425.0,425.0
2022-02-05,20220205,Feb-22,JNE3576,JNE3576-KR-XXL,XXL,1.0,425.0,425.0
2022-02-05,20220205,Feb-22,JNE3535,JNE3535-KR-XL,XL,1.0,425.0,425.0
2022-02-05,20220205,Feb-22,JNE3535,JNE3535-KR-XXXL,XXXL,1.0,425.0,425.0
2022-02-05,20220205,Feb-22,JNE3445,JNE3445-KR-L,L,1.0,425.0,425.0
2022-02-05,20220205,Feb-22,JNE3445,JNE3445-KR-XL,XL,1.0,425.0,425.0
2022-02-05,20220205,Feb-22,JNE3434,JNE3434-KR-L,L,1.0,425.0,425.0
2022-02-05,20220205,Feb-22,JNE3434,JNE3434-KR-XXL,XXL,1.0,425.0,425.0
2022-02-05,20220205,Feb-22,JNE3489,JNE3489-KR-L,L,1.0,425.0,425.0
2022-02-05,20220205,Feb-22,JNE3489,JNE3489-KR-XXL,XXL,1.0,425.0,425.0
2022-02-05,20220205,Feb-22,JNE3420,JNE3420-KR-L,L,1.0,390.0,390.0
2022-02-05,20220205,Feb-22,JNE3420,JNE3420-KR-XXL,XXL,1.0,390.0,390.0
2022-02-05,20220205,Feb-22,JNE3405,JNE3405-KR-M,M,1.0,390.0,390.0
2022-02-05,20220205,Feb-22,JNE3805,JNE3805-KR-XL,XL,1.0,425.0,425.0
2022-02-05,20220205,Feb-22,JNE3802,JNE3802-KR-XXXL,XXXL,1.0,425.0,425.0
2022-02-05,20220205,Feb-22,JNE3435,JNE3435-KR-XXL,XXL,1.0,390.0,390.0
2022-02-05,20220205,Feb-22,JNE3435,JNE3435-KR-L,L,1.0,390.0,390.0
2022-02-05,20220205,Feb-22,JNE3440,JNE3440-KR-L,L,1.0,390.0,390.0
2022-02-05,20220205,Feb-22,JNE3440,JNE3440-KR-XXL,XXL,1.0,390.0,390.0
2022-02-05,20220205,Feb-22,BTM005,BTM005-L,L,1.0,486.0,471.0
2022-02-05,20220205,Feb-22,BTM005,BTM005-M,M,1.0,486.0,471.0
2022-02-05,20220205,Feb-22,BTM005,BTM005-S,S,1.0,486.0,471.0
2022-02-05,20220205,Feb-22,BTM005,BTM005-XL,XL,1.0,486.0,471.0
2022-02-05,20220205,Feb-22,BTM005,BTM005-XS,XS,1.0,486.0,471.0
2022-02-05,20220205,Feb-22,BTM005,BTM005-XXL,XXL,1.0,486.0,471.0
2022-02-05,20220205,Feb-22,BTM005,BTM005-XXXL,XXXL,1.0,486.0,471.0
2022-02-05,20220205,Feb-22,BTM008,BTM008-L,L,1.0,486.0,471.0
2022-02-05,20220205,Feb-22,BTM008,BTM008-M,M,1.0,486.0,471.0
2022-02-05,20220205,Feb-22,BTM008,BTM008-S,S,1.0,486.0,471.0
2022-02-05,20220205,Feb-22,BTM008,BTM008-XL,XL,1.0,486.0,471.0
2022-02-05,20220205,Feb-22,BTM008,BTM008-XS,XS,1.0,486.0,471.0
2022-02-05,20220205,Feb-22,BTM008,BTM008-XXL,XXL,1.0,486.0,471.0
2022-02-05,20220205,Feb-22,BTM008,BTM008-XXXL,XXXL,1.0,486.0,471.0
2022-02-05,20220205,Feb-22,BTM021,BTM021-L,L,1.0,486.0,471.0
2022-02-05,20220205,Feb-22,BTM021,BTM021-M,M,1.0,486.0,471.0
2022-02-05,20220205,Feb-22,BTM021,BTM021-S,S,1.0,486.0,471.0
2022-02-05,20220205,Feb-22,BTM021,BTM021-XL,XL,1.0,486.0,471.0
2022-02-05,20220205,Feb-22,BTM021,BTM021-XS,XS,1.0,486.0,471.0
2022-02-05,20220205,Feb-22,BTM021,BTM021-XXL,XXL,1.0,486.0,471.0
2022-02-05,20220205,Feb-22,BTM021,BTM021-XXXL,XXXL,1.0,486.0,471.0
2022-02-05,20220205,Feb-22,J0096,J0096-KR-L,L,1.0,562.5,546.0
2022-02-05,20220205,Feb-22,J0096,J0096-KR-M,M,1.0,562.5,546.0
2022-02-05,20220205,Feb-22,J0096,J0096-KR-XL,XL,1.0,562.5,546.0
2022-02-05,20220205,Feb-22,J0096,J0096-KR-XXL,XXL,1.0,562.5,546.0
2022-02-05,20220205,Feb-22,J0096,J0096-KR-XXXL,XXXL,1.0,562.5,546.0
2022-02-05,20220205,Feb-22,J0172,J0172-TP-L,L,1.0,390.0,378.0
2022-02-05,20220205,Feb-22,J0172,J0172-TP-M,M,1.0,390.0,378.0
2022-02-05,20220205,Feb-22,J0172,J0172-TP-XL,XL,1.0,390.0,378.0
2022-02-05,20220205,Feb-22,J0172,J0172-TP-XXL,XXL,1.0,390.0,378.0
2022-02-05,20220205,Feb-22,J0172,J0172-TP-XXXL.,XXXL,1.0,390.0,378.0
2022-02-05,20220205,Feb-22,J0214,J0214-TP-L,L,1.0,687.5,667.0
2022-02-05,20220205,Feb-22,J0214,J0214-TP-M,M,1.0,687.5,667.0
2022-02-05,20220205,Feb-22,J0214,J0214-TP-XL,XL,1.0,687.5,667.0
2022-02-05,20220205,Feb-22,J0214,J0214-TP-XXL,XXL,1.0,687.5,667.0
2022-02-05,20220205,Feb-22,J0214,J0214-TP-XXXL,XXXL,1.0,687.5,667.0
2022-02-05,20220205,Feb-22,JNE1408,,Free,1.0,503.75,489.0
2022-02-05,20220205,Feb-22,JNE1408,JNE1408-GREY-KR-UDF19-XXXL,XXXL,1.0,503.75,489.0
2022-02-05,20220205,Feb-22,JNE2014,JNE2014-KR-178-L,L,1.0,462.5,449.0
2022-02-05,20220205,Feb-22,JNE2014,JNE2014-KR-178-M,M,1.0,462.5,449.0
2022-02-05,20220205,Feb-22,JNE2014,JNE2014-KR-178-XL,XL,1.0,462.5,449.0
2022-02-05,20220205,Feb-22,JNE2014,JNE2014-KR-178-XXL,XXL,1.0,462.5,449.0
2022-02-05,20220205,Feb-22,JNE2014,JNE2014-KR-178-XXXL,XXXL,1.0,462.5,449.0
2022-02-05,20220205,Feb-22,JNE2032,JNE2032-KR-205-L,L,1.0,503.75,489.0
2022-02-05,20220205,Feb-22,JNE2032,JNE2032-KR-205-M,M,1.0,503.75,489.0
2022-02-05,20220205,Feb-22,JNE2032,JNE2032-KR-205-XL,XL,1.0,503.75,489.0
2022-02-05,20220205,Feb-22,JNE2032,JNE2032-KR-205-XXL,XXL,1.0,503.75,489.0
2022-02-05,20220205,Feb-22,JNE2032,JNE2032-KR-205-XXXL,XXXL,1.0,503.75,489.0
2022-02-05,20220205,Feb-22,JNE2100,JNE2100-KR-144-L,L,1.0,477.5,463.0
2022-02-05,20220205,Feb-22,JNE2100,JNE2100-KR-144-M,M,1.0,477.5,463.0
2022-02-05,20220205,Feb-22,JNE2100,JNE2100-KR-144-XL,XL,1.0,477.5,463.0
2022-02-05,20220205,Feb-22,JNE2100,JNE2100-KR-144-XXL,XXL,1.0,477.5,463.0
2022-02-05,20220205,Feb-22,JNE2100,JNE2100-KR-144-XXXL,XXXL,1.0,477.5,463.0
2022-02-05,20220205,Feb-22,JNE2170,JNE2170-KR-436-L,L,1.0,562.5,546.0
2022-02-05,20220205,Feb-22,JNE2170,JNE2170-KR-436-M,M,1.0,562.5,546.0
2022-02-05,20220205,Feb-22,JNE2170,JNE2170-KR-436-XL,XL,1.0,562.5,546.0
2022-02-05,20220205,Feb-22,JNE2170,JNE2170-KR-436-XXL,XXL,1.0,562.5,546.0
2022-02-05,20220205,Feb-22,JNE2170,JNE2170-KR-436-XXXL,XXXL,1.0,562.5,546.0
2022-02-05,20220205,Feb-22,JNE2266,JNE2266-KR-490-L,L,1.0,557.5,541.0
2022-02-05,20220205,Feb-22,JNE2266,JNE2266-KR-490-M,M,1.0,557.5,541.0
2022-02-05,20220205,Feb-22,JNE2266,JNE2266-KR-490-XL,XL,1.0,557.5,541.0
2022-02-05,20220205,Feb-22,JNE2266,JNE2266-KR-490-XXL,XXL,1.0,557.5,541.0
2022-02-05,20220205,Feb-22,JNE3384,JNE3384-KR-L,L,1.0,462.5,449.0
2022-02-05,20220205,Feb-22,JNE3384,JNE3384-KR-M,M,1.0,462.5,449.0
2022-02-05,20220205,Feb-22,JNE3384,JNE3384-KR-XL,XL,1.0,462.5,449.0
2022-02-05,20220205,Feb-22,JNE3384,JNE3384-KR-XXL,XXL,1.0,462.5,449.0
2022-02-05,20220205,Feb-22,JNE3384,JNE3384-KR-XXXL,XXXL,1.0,462.5,449.0
2022-02-05,20220205,Feb-22,JNE3421,JNE3421-KR-L,L,1.0,411.25,399.0
2022-02-05,20220205,Feb-22,JNE3421,JNE3421-KR-M,M,1.0,411.25,399.0
2022-02-05,20220205,Feb-22,JNE3421,JNE3421-KR-XL,XL,1.0,411.25,399.0
2022-02-05,20220205,Feb-22,JNE3421,JNE3421-KR-XXL,XXL,1.0,411.25,399.0
2022-02-05,20220205,Feb-22,JNE3439,JNE3439-KR-L,L,1.0,390.0,378.0
2022-02-05,20220205,Feb-22,JNE3439,JNE3439-KR-M,M,1.0,390.0,378.0
2022-02-05,20220205,Feb-22,JNE3439,JNE3439-KR-XL,XL,1.0,390.0,378.0
2022-02-05,20220205,Feb-22,JNE3439,JNE3439-KR-XXL,XXL,1.0,390.0,378.0
2022-02-05,20220205,Feb-22,JNE3439,JNE3439-KR-XXXL,XXXL,1.0,390.0,378.0
2022-02-05,20220205,Feb-22,JNE3445,JNE3445-KR-L,L,1.0,425.0,412.0
2022-02-05,20220205,Feb-22,JNE3445,JNE3445-KR-M,M,1.0,425.0,412.0
2022-02-05,20220205,Feb-22,JNE3445,JNE3445-KR-XL,XL,1.0,425.0,412.0
2022-02-05,20220205,Feb-22,JNE3445,JNE3445-KR-XXL,XXL,1.0,425.0,412.0
2022-02-05,20220205,Feb-22,JNE3445,JNE3445-KR-XXXL,XXXL,1.0,425.0,412.0
2022-02-05,20220205,Feb-22,JNE3488,JNE3488-KR-L,L,1.0,425.0,412.0
2022-02-05,20220205,Feb-22,JNE3488,JNE3488-KR-M,M,1.0,425.0,412.0
2022-02-05,20220205,Feb-22,JNE3488,JNE3488-KR-XL,XL,1.0,425.0,412.0
2022-02-05,20220205,Feb-22,JNE3488,JNE3488-KR-XXL,XXL,1.0,425.0,412.0
2022-02-05,20220205,Feb-22,JNE3488,JNE3488-KR-XXXL,XXXL,1.0,425.0,412.0
2022-02-05,20220205,Feb-22,JNE3547,JNE3547-KR-L,L,1.0,462.5,449.0
2022-02-05,20220205,Feb-22,JNE3547,JNE3547-KR-M,M,1.0,462.5,449.0
2022-02-05,20220205,Feb-22,JNE3547,JNE3547-KR-XL,XL,1.0,462.5,449.0
2022-02-05,20220205,Feb-22,JNE3547,JNE3547-KR-XXL,XXL,1.0,462.5,449.0
2022-02-05,20220205,Feb-22,JNE3547,JNE3547-KR-XXXL,XXXL,1.0,462.5,449.0
2022-02-05,20220205,Feb-22,JNE3548,JNE3548-KR-L,L,1.0,462.5,449.0
2022-02-05,20220205,Feb-22,JNE3548,JNE3548-KR-M,M,1.0,462.5,449.0
2022-02-05,20220205,Feb-22,JNE3548,JNE3548-KR-XL,XL,1.0,462.5,449.0
2022-02-05,20220205,Feb-22,JNE3548,JNE3548-KR-XXL,XXL,1.0,462.5,449.0
2022-02-05,20220205,Feb-22,JNE3548,JNE3548-KR-XXXL,XXXL,1.0,462.5,449.0
2022-02-05,20220205,Feb-22,JNE3555,JNE3555-KR-L,L,1.0,462.5,449.0
2022-02-05,20220205,Feb-22,JNE3555,JNE3555-KR-M,M,1.0,462.5,449.0
2022-02-05,20220205,Feb-22,JNE3555,JNE3555-KR-XL,XL,1.0,462.5,449.0
2022-02-05,20220205,Feb-22,JNE3555,JNE3555-KR-XXL,XXL,1.0,462.5,449.0
2022-02-05,20220205,Feb-22,JNE3555,JNE3555-KR-XXXL,XXXL,1.0,462.5,449.0
2022-02-05,20220205,Feb-22,JNE3557,JNE3557-KR-L,L,1.0,462.5,449.0
2022-02-05,20220205,Feb-22,JNE3557,JNE3557-KR-M,M,1.0,462.5,449.0
2022-02-05,20220205,Feb-22,JNE3557,JNE3557-KR-XL,XL,1.0,462.5,449.0
2022-02-05,20220205,Feb-22,JNE3557,JNE3557-KR-XXL,XXL,1.0,462.5,449.0
2022-02-05,20220205,Feb-22,JNE3565,JNE3565-KR-L,L,1.0,462.5,449.0
2022-02-05,20220205,Feb-22,JNE3565,JNE3565-KR-M,M,1.0,462.5,449.0
2022-02-05,20220205,Feb-22,JNE3565,JNE3565-KR-XL,XL,1.0,462.5,449.0
2022-02-05,20220205,Feb-22,JNE3565,JNE3565-KR-XXL,XXL,1.0,462.5,449.0
2022-02-05,20220205,Feb-22,JNE3565,JNE3565-KR-XXXL,XXXL,1.0,462.5,449.0
2022-02-05,20220205,Feb-22,JNE3567,JNE3567-KR-L,L,1.0,425.0,412.0
2022-02-05,20220205,Feb-22,JNE3567,JNE3567-KR-M,M,1.0,425.0,412.0
2022-02-05,20220205,Feb-22,JNE3567,JNE3567-KR-XL,XL,1.0,425.0,412.0
2022-02-05,20220205,Feb-22,JNE3567,JNE3567-KR-XXL,XXL,1.0,425.0,412.0
2022-02-05,20220205,Feb-22,JNE3567,JNE3567-KR-XXXL,XXXL,1.0,425.0,412.0
2022-02-05,20220205,Feb-22,JNE3576,JNE3576-KR-L,L,1.0,425.0,412.0
2022-02-05,20220205,Feb-22,JNE3576,JNE3576-KR-M,M,1.0,425.0,412.0
2022-02-05,20220205,Feb-22,JNE3576,JNE3576-KR-XL,XL,1.0,425.0,412.0
2022-02-05,20220205,Feb-22,JNE3576,JNE3576-KR-XXL,XXL,1.0,425.0,412.0
2022-02-05,20220205,Feb-22,JNE3576,JNE3576-KR-XXXL,XXXL,1.0,425.0,412.0
2022-02-05,20220205,Feb-22,JNE3620,JNE3620-KR-L,L,1.0,562.5,546.0
2022-02-05,20220205,Feb-22,JNE3620,JNE3620-KR-M,M,1.0,562.5,546.0
2022-02-05,20220205,Feb-22,JNE3620,JNE3620-KR-XL,XL,1.0,562.5,546.0
2022-02-05,20220205,Feb-22,JNE3620,JNE3620-KR-XXL,XXL,1.0,562.5,546.0
2022-02-05,20220205,Feb-22,JNE3620,JNE3620-KR-XXXL,XXXL,1.0,562.5,546.0
2022-02-05,20220205,Feb-22,JNE3621,JNE3621-KR-L,L,1.0,687.5,667.0
2022-02-05,20220205,Feb-22,JNE3621,JNE3621-KR-M,M,1.0,687.5,667.0
2022-02-05,20220205,Feb-22,JNE3621,JNE3621-KR-XL,XL,1.0,687.5,667.0
2022-02-05,20220205,Feb-22,JNE3621,JNE3621-KR-XXL,XXL,1.0,687.5,667.0
2022-02-05,20220205,Feb-22,JNE3622,JNE3622-KR-L,L,1.0,417.5,405.0
2022-02-05,20220205,Feb-22,JNE3622,JNE3622-KR-M,M,1.0,417.5,405.0
2022-02-05,20220205,Feb-22,JNE3622,JNE3622-KR-XL,XL,1.0,417.5,405.0
2022-02-05,20220205,Feb-22,JNE3622,JNE3622-KR-XXL,XXL,1.0,417.5,405.0
2022-02-05,20220205,Feb-22,JNE3622,JNE3622-KR-XXXL,XXXL,1.0,417.5,405.0
2022-02-05,20220205,Feb-22,JNE3656,JNE3656-TP-L,L,1.0,425.0,412.0
2022-02-05,20220205,Feb-22,JNE3656,JNE3656-TP-M,M,1.0,425.0,412.0
2022-02-05,20220205,Feb-22,JNE3656,JNE3656-TP-XL,XL,1.0,425.0,412.0
2022-02-05,20220205,Feb-22,JNE3656,JNE3656-TP-XXL,XXL,1.0,425.0,412.0
2022-02-05,20220205,Feb-22,JNE3691,JNE3691-TU-L,L,1.0,562.5,546.0
2022-02-05,20220205,Feb-22,JNE3691,JNE3691-TU-M,M,1.0,562.5,546.0
2022-02-05,20220205,Feb-22,JNE3691,JNE3691-TU-XL,XL,1.0,562.5,546.0
2022-02-05,20220205,Feb-22,JNE3691,JNE3691-TU-XXL,XXL,1.0,562.5,546.0
2022-02-05,20220205,Feb-22,JNE3691,JNE3691-TU-XXXL,XXXL,1.0,562.5,546.0
2022-02-05,20220205,Feb-22,JNE3716,JNE3716-KR-L,L,1.0,462.5,449.0
2022-02-05,20220205,Feb-22,JNE3716,JNE3716-KR-M,M,1.0,462.5,449.0
2022-02-05,20220205,Feb-22,JNE3716,JNE3716-KR-XL,XL,1.0,462.5,449.0
2022-02-05,20220205,Feb-22,JNE3716,JNE3716-KR-XXL,XXL,1.0,462.5,449.0
2022-02-05,20220205,Feb-22,JNE3716,JNE3716-KR-XXXL,XXXL,1.0,462.5,449.0
2022-02-05,20220205,Feb-22,JNE3717,JNE3717-KR-L,L,1.0,305.56,296.0
2022-02-05,20220205,Feb-22,JNE3717,JNE3717-KR-M,M,1.0,305.56,296.0
2022-02-05,20220205,Feb-22,JNE3717,JNE3717-KR-XL,XL,1.0,305.56,296.0
2022-02-05,20220205,Feb-22,JNE3717,JNE3717-KR-XXL,XXL,1.0,305.56,296.0
2022-02-05,20220205,Feb-22,JNE3717,JNE3717-KR-XXXL,XXXL,1.0,305.56,296.0
2022-02-05,20220205,Feb-22,JNE3722,JNE3722-KR-L,L,1.0,462.5,449.0
2022-02-05,20220205,Feb-22,JNE3722,JNE3722-KR-M,M,1.0,462.5,449.0
2022-02-05,20220205,Feb-22,JNE3722,JNE3722-KR-XL,XL,1.0,462.5,449.0
2022-02-05,20220205,Feb-22,JNE3722,JNE3722-KR-XXL,XXL,1.0,462.5,449.0
2022-02-05,20220205,Feb-22,JNE3722,JNE3722-KR-XXXL,XXXL,1.0,462.5,449.0
2022-02-05,20220205,Feb-22,JNE3744,JNE3744-TU-L,L,1.0,562.5,546.0
2022-02-05,20220205,Feb-22,JNE3744,JNE3744-TU-M,M,1.0,562.5,546.0
2022-02-05,20220205,Feb-22,JNE3744,JNE3744-TU-XL,XL,1.0,562.5,546.0
2022-02-05,20220205,Feb-22,JNE3744,JNE3744-TU-XXL,XXL,1.0,562.5,546.0
2022-02-05,20220205,Feb-22,JNE3744,JNE3744-TU-XXXL,XXXL,1.0,562.5,546.0
2022-02-05,20220205,Feb-22,JNE3774,JNE3774-KR-L,L,1.0,612.5,594.0
2022-02-05,20220205,Feb-22,JNE3774,JNE3774-KR-M,M,1.0,612.5,594.0
2022-02-05,20220205,Feb-22,JNE3774,JNE3774-KR-XL,XL,1.0,612.5,594.0
2022-02-05,20220205,Feb-22,JNE3774,JNE3774-KR-XXL,XXL,1.0,612.5,594.0
2022-02-05,20220205,Feb-22,JNE3774,JNE3774-KR-XXXL,XXXL,1.0,612.5,594.0
2022-02-05,20220205,Feb-22,JNE3790,JNE3790-KR-L,L,1.0,562.5,546.0
2022-02-05,20220205,Feb-22,JNE3790,JNE3790-KR-M,M,1.0,562.5,546.0
2022-02-05,20220205,Feb-22,JNE3790,JNE3790-KR-XL,XL,1.0,562.5,546.0
2022-02-05,20220205,Feb-22,JNE3790,JNE3790-KR-XXL,XXL,1.0,562.5,546.0
2022-02-05,20220205,Feb-22,JNE3790,JNE3790-KR-XXXL,XXXL,1.0,562.5,546.0
2022-02-05,20220205,Feb-22,SET058,SET058-KR-NP-L,L,1.0,957.5,929.0
2022-02-05,20220205,Feb-22,SET058,SET058-KR-NP-M,M,1.0,957.5,929.0
2022-02-05,20220205,Feb-22,SET058,SET058-KR-NP-XL,XL,1.0,957.5,929.0
2022-02-05,20220205,Feb-22,SET058,SET058-KR-NP-XXL,XXL,1.0,957.5,929.0
2022-02-05,20220205,Feb-22,SET058,SET058-KR-NP-XXXL,XXXL,1.0,957.5,929.0
2022-02-05,20220205,Feb-22,SET184,SET184-KR-PP-L,L,1.0,612.5,594.0
2022-02-05,20220205,Feb-22,SET184,SET184-KR-PP-M,M,1.0,612.5,594.0
2022-02-05,20220205,Feb-22,SET184,SET184-KR-PP-XL,XL,1.0,612.5,594.0
2022-02-05,20220205,Feb-22,SET184,SET184-KR-PP-XXL,XXL,1.0,612.5,594.0
2022-02-05,20220205,Feb-22,SET184,SET184-KR-PP-XXXL,XXXL,1.0,612.5,594.0
2022-02-05,20220205,Feb-22,SET225,SET225-KR-NP-L,L,1.0,767.5,744.0
2022-02-05,20220205,Feb-22,SET225,SET225-KR-NP-M,M,1.0,767.5,744.0
2022-02-05,20220205,Feb-22,SET225,SET225-KR-NP-XL,XL,1.0,767.5,744.0
2022-02-05,20220205,Feb-22,SET225,SET225-KR-NP-XXL,XXL,1.0,767.5,744.0
2022-02-05,20220205,Feb-22,SET225,SET225-KR-NP-XXXL,XXXL,1.0,767.5,744.0
2022-02-05,20220205,Feb-22,SET286,SET286-KR-NP-L,L,1.0,687.5,667.0
2022-02-05,20220205,Feb-22,SET286,SET286-KR-NP-M,M,1.0,687.5,667.0
2022-02-05,20220205,Feb-22,SET286,SET286-KR-NP-XL,XL,1.0,687.5,667.0
2022-02-05,20220205,Feb-22,SET286,SET286-KR-NP-XXL,XXL,1.0,687.5,667.0
2022-02-05,20220205,Feb-22,SET286,SET286-KR-NP-XXXL,XXXL,1.0,687.5,667.0
2022-02-05,20220205,Feb-22,SET287,SET287-KR-NP-L,L,1.0,687.5,667.0
2022-02-05,20220205,Feb-22,SET287,SET287-KR-NP-M,M,1.0,687.5,667.0
2022-02-05,20220205,Feb-22,SET287,SET287-KR-NP-XL,XL,1.0,687.5,667.0
2022-02-05,20220205,Feb-22,SET287,SET287-KR-NP-XXL,XXL,1.0,687.5,667.0
2022-02-05,20220205,Feb-22,SET287,SET287-KR-NP-XXXL,XXXL,1.0,687.5,667.0
2022-02-05,20220205,Feb-22,SET328,SET328-KR-NP-L,L,1.0,650.0,630.0
2022-02-05,20220205,Feb-22,SET328,SET328-KR-NP-M,M,1.0,650.0,630.0
2022-02-05,20220205,Feb-22,SET328,SET328-KR-NP-XL,XL,1.0,650.0,630.0
2022-02-05,20220205,Feb-22,SET328,SET328-KR-NP-XXL,XXL,1.0,650.0,630.0
2022-02-05,20220205,Feb-22,SET328,SET328-KR-NP-XXXL,XXXL,1.0,650.0,630.0
2022-02-08,20220208,Feb-22,JNE3686,JNE3686-TU-XXL,XXL,1.0,456.25,433.0
2022-02-08,20220208,Feb-22,JNE3672,JNE3672-TU-XXL,XXL,1.0,500.0,475.0
2022-02-08,20220208,Feb-22,JNE3662,JNE3662-TP-XXL,XXL,1.0,431.25,410.0
2022-02-08,20220208,Feb-22,JNE3680,JNE3680-TU-XXL,XXL,1.0,462.5,439.0
2022-02-08,20220208,Feb-22,JNE3678,JNE3678-TU-XXL,XXL,1.0,425.0,404.0
2022-02-08,20220208,Feb-22,J0301,J0301-TP-XXL,XXL,1.0,387.5,368.0
2022-02-08,20220208,Feb-22,JNE3683,JNE3683-TU-XXL,XXL,1.0,356.25,338.0
2022-02-08,20220208,Feb-22,JNE3669,JNE3669-TU-XXL,XXL,1.0,562.5,534.0
2022-02-08,20220208,Feb-22,JNE3688,JNE3688-TU-XXL,XXL,1.0,537.5,511.0
2022-02-08,20220208,Feb-22,JNE3671,JNE3671-TU-XXL,XXL,1.0,500.0,475.0
2022-02-08,20220208,Feb-22,JNE3671,JNE3671-TU-S,S,1.0,500.0,475.0
2022-02-08,20220208,Feb-22,JNE3688,JNE3688-TU-S,S,1.0,537.5,511.0
2022-02-08,20220208,Feb-22,J0034,J0034-SET-XS,XS,1.0,968.75,920.0
2022-02-08,20220208,Feb-22,SET353,SET353-KR-NP-XS,XS,1.0,975.0,926.0
2022-02-08,20220208,Feb-22,JNE3683,JNE3683-TU-XXXL,XXXL,1.0,356.25,338.0
2022-02-08,20220208,Feb-22,JNE3686,JNE3686-TU-XXXL,XXXL,1.0,456.25,433.0
2022-02-08,20220208,Feb-22,JNE3669,JNE3669-TU-L,L,1.0,562.5,534.0
2022-02-08,20220208,Feb-22,JNE3656,JNE3656-TP-XXL,XXL,1.0,425.0,404.0
2022-02-08,20220208,Feb-22,J0292,J0292-TP-XXL,XXL,1.0,393.75,374.0
2022-02-08,20220208,Feb-22,JNE3687,JNE3687-TU-L,L,1.0,462.5,439.0
2022-02-08,20220208,Feb-22,J0118,J0118-TP-L,L,1.0,425.0,404.0
2022-02-08,20220208,Feb-22,JNE3688,JNE3688-TU-L,L,1.0,537.5,511.0
2022-02-08,20220208,Feb-22,JNE3671,JNE3671-TU-L,L,1.0,500.0,475.0
2022-02-08,20220208,Feb-22,J0120,J0120-TP-XXL,XXL,1.0,387.5,368.0
2022-02-08,20220208,Feb-22,JNE3657,JNE3657-TP-XL,XL,1.0,331.25,315.0
2022-02-08,20220208,Feb-22,JNE3713,JNE3713-TP-XL,XL,1.0,356.25,338.0
2022-02-08,20220208,Feb-22,JNE3644,JNE3644-TP-XL,XL,1.0,318.75,303.0
2022-02-08,20220208,Feb-22,JNE3648,JNE3648-TP-XL,XL,1.0,425.0,404.0
2022-02-08,20220208,Feb-22,JNE3712,JNE3712-TP-L,L,1.0,425.0,404.0
2022-02-08,20220208,Feb-22,J0300,J0300-TP-L,L,1.0,243.75,232.0
2022-02-08,20220208,Feb-22,J0120,J0120-TP-L,L,1.0,387.5,368.0
2022-02-08,20220208,Feb-22,JNE3668,JNE3668-TP-L,L,1.0,425.0,404.0
2022-02-08,20220208,Feb-22,JNE3660,JNE3660-TP-M,M,1.0,387.5,368.0
2022-02-08,20220208,Feb-22,J0172,J0172-TP-M,M,1.0,425.0,404.0
2022-02-08,20220208,Feb-22,JNE3648,JNE3648-TP-M,M,1.0,425.0,404.0
2022-02-08,20220208,Feb-22,J0307,J0307-TP-M,M,1.0,425.0,404.0
2022-02-08,20220208,Feb-22,JNE3676,JNE3676-TU-XXXL,XXXL,1.0,412.5,392.0
2022-02-08,20220208,Feb-22,JNE3679,JNE3679-TU-XXXL,XXXL,1.0,456.25,433.0
2022-02-08,20220208,Feb-22,SET094,SET094-KR-NP-XL,XL,1.0,1000.0,950.0
2022-02-08,20220208,Feb-22,J0197,J0197-TP-L,L,1.0,562.5,534.0
2022-02-08,20220208,Feb-22,J0172,J0172-TP-L,L,1.0,425.0,404.0
2022-02-08,20220208,Feb-22,JNE3645,JNE3645-TP-L,L,1.0,350.0,332.0
2022-02-08,20220208,Feb-22,SET290,SET290-KR-DPT-M,M,1.0,812.5,772.0
2022-02-08,20220208,Feb-22,SET321,SET321-KR-DPT-M,M,1.0,1037.5,986.0
2022-02-10,20220210,Feb-22,SET230,SET230-KR-PP-XXL,XXL,1.0,850.0,850.0
2022-02-10,20220210,Feb-22,J0002,J0002-SKD-XXL,XXL,1.0,1350.0,1350.0
2022-02-10,20220210,Feb-22,SET306,SET306-KR-PP-XXL,XXL,1.0,737.5,738.0
2022-02-10,20220210,Feb-22,SET331,SET331-KR-NP-XXL,XXL,1.0,650.0,650.0
2022-02-10,20220210,Feb-22,SET285,SET285-KR-SHA-XXL,XXL,1.0,612.5,612.0
2022-02-10,20220210,Feb-22,J0006,J0006-SET-XXL,XXL,1.0,925.0,925.0
2022-02-10,20220210,Feb-22,J0159,J0159-DR-XXL,XXL,1.0,718.75,719.0
2022-02-10,20220210,Feb-22,J0101,J0101-DR-XXL,XXL,1.0,1056.25,1056.0
2022-02-10,20220210,Feb-22,J0085,J0085-TP-XXL,XXL,1.0,368.75,369.0
2022-02-10,20220210,Feb-22,JNE3785,JNE3785-KR-XXL,XXL,1.0,431.25,431.0
2022-02-10,20220210,Feb-22,JNE3750,JNE3750-KR-XXL,XXL,1.0,500.0,500.0
2022-02-10,20220210,Feb-22,JNE3627,JNE3627-KR-XXL,XXL,1.0,393.75,394.0
2022-02-10,20220210,Feb-22,J0178,J0178-TP-XXL,XXL,1.0,306.25,306.0
2022-02-10,20220210,Feb-22,JNE3648,JNE3648-TP-XXL,XXL,1.0,425.0,425.0
2022-02-10,20220210,Feb-22,J0300,J0300-TP-XXL,XXL,1.0,243.75,244.0
2022-02-11,20220211,Feb-22,JNE3669,JNE3669-TU-XL,XL,1.0,562.5,562.0
2022-02-11,20220211,Feb-22,JNE3688,JNE3688-TU-L,L,1.0,537.5,538.0
2022-02-11,20220211,Feb-22,JNE3674,JNE3674-TU-L,L,1.0,500.0,500.0
2022-02-11,20220211,Feb-22,J0077,J0077-SKD-S,S,1.0,1625.0,1625.0
2022-02-11,20220211,Feb-22,J0172,J0172-TP-L,L,2.0,425.0,850.0
2022-02-11,20220211,Feb-22,J0300,J0300-TP-L,L,1.0,243.75,244.0
2022-02-11,20220211,Feb-22,J0119,J0119-TP-L,L,1.0,500.0,500.0
2022-02-11,20220211,Feb-22,J0098,J0098-TP-L,L,1.0,431.25,431.0
2022-02-11,20220211,Feb-22,J0113,J0113-TP-L,L,1.0,500.0,500.0
2022-02-11,20220211,Feb-22,J0342,J0342-TP-L,L,1.0,500.0,500.0
2022-02-11,20220211,Feb-22,SET268,SET268-KR-NP-XXL,XXL,1.0,925.0,925.0
2022-02-11,20220211,Feb-22,J0202,J0202-TP-XXL,XXL,1.0,593.75,594.0
2022-02-11,20220211,Feb-22,JNE3660,JNE3660-TP-XL,XL,1.0,387.5,388.0
2022-02-11,20220211,Feb-22,J0090,J0090-TP-XL,XL,1.0,693.75,694.0
2022-02-11,20220211,Feb-22,J0202,J0202-TP-L,L,1.0,593.75,594.0
2022-02-11,20220211,Feb-22,J0120,J0120-TP-L,L,1.0,387.5,388.0
2022-02-11,20220211,Feb-22,JNE3670,JNE3670-TU-L,L,1.0,443.75,444.0
2022-02-11,20220211,Feb-22,JNE3665,JNE3665-TP-L,L,1.0,387.5,388.0
2022-02-11,20220211,Feb-22,JNE3678,JNE3678-TU-L,L,1.0,425.0,425.0
2022-02-11,20220211,Feb-22,JNE3744,JNE3744-TU-L,L,1.0,562.5,562.0
2022-02-11,20220211,Feb-22,JNE3679,JNE3679-TU-L,L,1.0,456.25,456.0
2022-02-11,20220211,Feb-22,JNE3684,JNE3684-TU-L,L,1.0,318.75,319.0
2022-02-11,20220211,Feb-22,SET268,SET268-KR-NP-L,L,1.0,925.0,925.0
2022-02-11,20220211,Feb-22,SET268,SET268-KR-NP-M,M,1.0,925.0,925.0
2022-02-12,20220212,Feb-22,JNE3855,CMB5-JNE3855,Free,5.0,299.0,1495.0
2022-02-12,20220212,Feb-22,JNE3853,CMB5-JNE3853,Free,15.0,299.0,4485.0
2022-02-12,20220212,Feb-22,JNE3849,CMB5-JNE3849,Free,15.0,299.0,4485.0
2022-02-12,20220212,Feb-22,JNE3848,CMB5-JNE3848,Free,5.0,299.0,1495.0
2022-02-12,20220212,Feb-22,JNE3852,CMB5-JNE3852,Free,5.0,299.0,1495.0
2022-02-12,20220212,Feb-22,JNE3827,CMB5-JNE3827,Free,5.0,299.0,1495.0
2022-02-12,20220212,Feb-22,JNE3832,CMB5-JNE3832,Free,5.0,299.0,1495.0
2022-02-12,20220212,Feb-22,JNE3830,CMB5-JNE3830,Free,10.0,299.0,2990.0
2022-02-12,20220212,Feb-22,JNE3828,CMB5-JNE3828,Free,5.0,299.0,1495.0
2022-02-12,20220212,Feb-22,JNE3839,CMB5-JNE3839,Free,10.0,374.0,3740.0
2022-02-12,20220212,Feb-22,JNE3840,CMB5-JNE3840,Free,10.0,374.0,3740.0
2022-02-12,20220212,Feb-22,JNE3844,CMB5-JNE3844,Free,5.0,374.0,1870.0
2022-02-12,20220212,Feb-22,JNE3845,CMB5-JNE3845,Free,5.0,374.0,1870.0
2022-02-12,20220212,Feb-22,JNE3846,CMB5-JNE3846,Free,10.0,374.0,3740.0
2022-02-12,20220212,Feb-22,JNE3847,CMB5-JNE3847,Free,5.0,374.0,1870.0
2022-02-12,20220212,Feb-22,SET316,SET316-KR-DPT-XS,XS,1.0,1312.5,1312.0
2022-02-12,20220212,Feb-22,SET316,SET316-KR-DPT-S,S,1.0,1312.5,1312.0
2022-02-12,20220212,Feb-22,SET316,SET316-KR-DPT-M,M,1.0,1312.5,1312.0
2022-02-12,20220212,Feb-22,SET316,SET316-KR-DPT-L,L,1.0,1312.5,1312.0
2022-02-12,20220212,Feb-22,SET316,SET316-KR-DPT-XL,XL,1.0,1312.5,1312.0
2022-02-12,20220212,Feb-22,SET316,SET316-KR-DPT-XXL,XXL,1.0,1312.5,1312.0
2022-02-12,20220212,Feb-22,SET316,SET316-KR-DPT-XXXL,XXXL,1.0,1312.5,1312.0
2022-02-12,20220212,Feb-22,SET323,SET323-KR-NP-XS,XS,1.0,1162.5,1162.0
2022-02-12,20220212,Feb-22,SET323,SET323-KR-NP-S,S,1.0,1162.5,1162.0
2022-02-12,20220212,Feb-22,SET323,SET323-KR-NP-M,M,1.0,1162.5,1162.0
2022-02-12,20220212,Feb-22,SET323,SET323-KR-NP-L,L,1.0,1162.5,1162.0
2022-02-12,20220212,Feb-22,SET323,SET323-KR-NP-XL,XL,1.0,1162.5,1162.0
2022-02-12,20220212,Feb-22,SET323,SET323-KR-NP-XXL,XXL,1.0,1162.5,1162.0
2022-02-12,20220212,Feb-22,SET323,SET323-KR-NP-XXXL,XXXL,1.0,1162.5,1162.0
2022-02-12,20220212,Feb-22,JNE3771,JNE3771-KR-XS,XS,1.0,525.0,525.0
2022-02-12,20220212,Feb-22,JNE3771,JNE3771-KR-S,S,1.0,525.0,525.0
2022-02-12,20220212,Feb-22,JNE3771,JNE3771-KR-M,M,1.0,525.0,525.0
2022-02-12,20220212,Feb-22,JNE3771,JNE3771-KR-L,L,1.0,525.0,525.0
2022-02-12,20220212,Feb-22,JNE3771,JNE3771-KR-XL,XL,1.0,525.0,525.0
2022-02-12,20220212,Feb-22,JNE3771,JNE3771-KR-XXL,XXL,1.0,525.0,525.0
2022-02-12,20220212,Feb-22,JNE3771,JNE3771-KR-XXXL,XXXL,1.0,525.0,525.0
2022-02-12,20220212,Feb-22,JNE3611,JNE3611-KR-XS,XS,1.0,562.5,562.0
2022-02-12,20220212,Feb-22,JNE3611,JNE3611-KR-S,S,1.0,562.5,562.0
2022-02-12,20220212,Feb-22,JNE3611,JNE3611-KR-M,M,1.0,562.5,562.0
2022-02-12,20220212,Feb-22,JNE3611,JNE3611-KR-L,L,1.0,562.5,562.0
2022-02-12,20220212,Feb-22,JNE3611,JNE3611-KR-XL,XL,1.0,562.5,562.0
2022-02-12,20220212,Feb-22,JNE3611,JNE3611-KR-XXL,XXL,1.0,562.5,562.0
2022-02-12,20220212,Feb-22,JNE3611,JNE3611-KR-XXXL,XXXL,1.0,562.5,562.0
2022-02-12,20220212,Feb-22,SET306,SET306-KR-PP-XS,XS,1.0,737.5,738.0
2022-02-12,20220212,Feb-22,SET306,SET306-KR-PP-S,S,1.0,737.5,738.0
2022-02-12,20220212,Feb-22,SET306,SET306-KR-PP-M,M,1.0,737.5,738.0
2022-02-12,20220212,Feb-22,SET306,SET306-KR-PP-L,L,1.0,737.5,738.0
2022-02-12,20220212,Feb-22,SET306,SET306-KR-PP-XL,XL,1.0,737.5,738.0
2022-02-12,20220212,Feb-22,SET306,SET306-KR-PP-XXL,XXL,1.0,737.5,738.0
2022-02-12,20220212,Feb-22,SET306,SET306-KR-PP-XXXL,XXXL,1.0,737.5,738.0
2022-02-14,20220214,Feb-22,SET062,SET062-KR-SP-L,L,1.0,925.0,925.0
2022-02-14,20220214,Feb-22,SET062,SET062-KR-SP-M,M,1.0,925.0,925.0
2022-02-14,20220214,Feb-22,SET331,SET331-KR-NP-XXL,XXL,1.0,650.0,650.0
2022-02-14,20220214,Feb-22,SET331,SET331-KR-NP-L,L,1.0,650.0,650.0
2022-02-14,20220214,Feb-22,SET331,SET331-KR-NP-M,M,1.0,650.0,650.0
2022-02-14,20220214,Feb-22,SET331,SET331-KR-NP-S,S,1.0,650.0,650.0
2022-02-14,20220214,Feb-22,SET268,SET268-KR-NP-M,M,1.0,925.0,925.0
2022-02-14,20220214,Feb-22,SET268,SET268-KR-NP-L,L,1.0,925.0,925.0
2022-02-14,20220214,Feb-22,J0370,J0370-SKD-XXL,XXL,1.0,1237.5,1238.0
2022-02-14,20220214,Feb-22,J0370,J0370-SKD-XL,XL,1.0,1237.5,1238.0
2022-02-14,20220214,Feb-22,J0370,J0370-SKD-L,L,1.0,1237.5,1238.0
2022-02-14,20220214,Feb-22,J0370,J0370-SKD-M,M,1.0,1237.5,1238.0
2022-02-14,20220214,Feb-22,J0370,J0370-SKD-S,S,1.0,1237.5,1238.0
2022-02-14,20220214,Feb-22,J0238,J0238-LCD-L,L,1.0,1937.5,1938.0
2022-02-14,20220214,Feb-22,J0252,J0252-SKD-XL,XL,1.0,1037.5,1038.0
2022-02-14,20220214,Feb-22,J0131,J0131-KR-M,M,1.0,418.75,419.0
2022-02-14,20220214,Feb-22,J0131,J0131-KR-S,S,1.0,418.75,419.0
2022-02-14,20220214,Feb-22,J0131,J0131-KR-XL,XL,1.0,418.75,419.0
2022-02-14,20220214,Feb-22,J0252,J0252-SKD-XXL,XXL,1.0,1037.5,1038.0
2022-02-14,20220214,Feb-22,SET062,SET062-KR-SP-XL,XL,1.0,925.0,925.0
2022-02-14,20220214,Feb-22,SET301,SET301-KR-PP-L,L,1.0,1312.5,1312.0
2022-02-14,20220214,Feb-22,J0131,J0131-KR-L,L,1.0,418.75,419.0
2022-02-14,20220214,Feb-22,SET326,SET326-KR-PP-XL,XL,1.0,687.5,688.0
2022-02-14,20220214,Feb-22,SET326,SET326-KR-PP-L,L,1.0,687.5,688.0
2022-02-14,20220214,Feb-22,SET326,SET326-KR-PP-M,M,1.0,687.5,688.0
2022-02-14,20220214,Feb-22,SET268,SET268-KR-NP-S,S,1.0,925.0,925.0
2022-02-14,20220214,Feb-22,SET225,SET225-KR-NP-M,M,1.0,750.0,750.0
2022-02-14,20220214,Feb-22,SET301,SET301-KR-PP-M,M,1.0,1312.5,1312.0
2022-02-14,20220214,Feb-22,SET331,SET331-KR-NP-XXXL,XXXL,1.0,650.0,650.0
2022-02-14,20220214,Feb-22,SET331,SET331-KR-NP-XL,XL,1.0,650.0,650.0
2022-02-14,20220214,Feb-22,SET240,SET240-KR-PP-S,S,1.0,775.0,775.0
2022-02-14,20220214,Feb-22,SET306,SET306-KR-PP-M,M,1.0,737.5,738.0
2022-02-14,20220214,Feb-22,SET306,SET306-KR-PP-XXXL,XXXL,1.0,737.5,738.0
2022-02-14,20220214,Feb-22,JNE3571,JNE3571-KR-M,M,1.0,425.0,425.0
2022-02-14,20220214,Feb-22,PJNE3445,PJNE3445-KR-5XL,5XL,1.0,537.5,538.0
2022-02-14,20220214,Feb-22,PJNE3445,PJNE3445-KR-4XL,4XL,1.0,537.5,538.0
2022-02-14,20220214,Feb-22,JNE3571,JNE3571-KR-XL,XL,1.0,425.0,425.0
2022-02-14,20220214,Feb-22,SAR050,SAR050,Free,1.0,598.5,598.0
2022-02-14,20220214,Feb-22,SAR049,SAR049,Free,1.0,598.5,598.0
2022-02-14,20220214,Feb-22,SET062,SET062-KR-SP-XXL,XXL,1.0,925.0,925.0
2022-02-16,20220216,Feb-22,JNE2009,JNE2009-KR-310-L,L,1.0,462.5,462.0
2022-02-16,20220216,Feb-22,JNE2009,JNE2009-KR-310-M,M,1.0,462.5,462.0
2022-02-16,20220216,Feb-22,JNE2009,JNE2009-KR-310-XL,XL,1.0,462.5,462.0
2022-02-16,20220216,Feb-22,JNE2009,JNE2009-KR-310-XXL,XXL,1.0,462.5,462.0
2022-02-16,20220216,Feb-22,JNE3439,JNE3439-KR-L,L,1.0,350.0,350.0
2022-02-16,20220216,Feb-22,JNE3439,JNE3439-KR-M,M,1.0,350.0,350.0
2022-02-16,20220216,Feb-22,JNE3439,JNE3439-KR-XL,XL,1.0,350.0,350.0
2022-02-16,20220216,Feb-22,JNE3439,JNE3439-KR-XXL,XXL,1.0,350.0,350.0
2022-02-16,20220216,Feb-22,JNE3440,JNE3440-KR-L,L,1.0,387.5,388.0
2022-02-16,20220216,Feb-22,JNE3440,JNE3440-KR-M,M,1.0,387.5,388.0
2022-02-16,20220216,Feb-22,JNE3440,JNE3440-KR-XL,XL,1.0,387.5,388.0
2022-02-16,20220216,Feb-22,JNE3440,JNE3440-KR-XXL,XXL,1.0,387.5,388.0
2022-02-16,20220216,Feb-22,JNE3489,JNE3489-KR-L,L,1.0,387.5,388.0
2022-02-16,20220216,Feb-22,JNE3489,JNE3489-KR-M,M,1.0,387.5,388.0
2022-02-16,20220216,Feb-22,JNE3489,JNE3489-KR-XL,XL,1.0,387.5,388.0
2022-02-16,20220216,Feb-22,JNE3489,JNE3489-KR-XXL,XXL,1.0,387.5,388.0
2022-02-16,20220216,Feb-22,JNE3528,JNE3528-KR-L,L,1.0,356.25,356.0
2022-02-16,20220216,Feb-22,JNE3528,JNE3528-KR-M,M,1.0,356.25,356.0
2022-02-16,20220216,Feb-22,JNE3528,JNE3528-KR-XL,XL,1.0,356.25,356.0
2022-02-16,20220216,Feb-22,JNE3528,JNE3528-KR-XXL,XXL,1.0,356.25,356.0
2022-02-16,20220216,Feb-22,JNE3528,JNE3528-KR-XXXL,XXXL,1.0,356.25,356.0
2022-02-16,20220216,Feb-22,JNE3561,JNE3561-KR-L,L,1.0,462.5,462.0
2022-02-16,20220216,Feb-22,JNE3561,JNE3561-KR-M,M,1.0,462.5,462.0
2022-02-16,20220216,Feb-22,JNE3561,JNE3561-KR-XL,XL,1.0,462.5,462.0
2022-02-16,20220216,Feb-22,JNE3561,JNE3561-KR-XXL,XXL,1.0,462.5,462.0
2022-02-16,20220216,Feb-22,JNE3561,JNE3561-KR-XXXL,XXXL,1.0,462.5,462.0
2022-02-16,20220216,Feb-22,BTM002,BTM002-L,L,2.0,425.0,850.0
2022-02-16,20220216,Feb-22,BTM002,BTM002-M,M,1.0,425.0,425.0
2022-02-16,20220216,Feb-22,BTM002,BTM002-XL,XL,1.0,425.0,425.0
2022-02-16,20220216,Feb-22,BTM005,BTM005-L,L,2.0,425.0,850.0
2022-02-16,20220216,Feb-22,BTM005,BTM005-M,M,1.0,425.0,425.0
2022-02-16,20220216,Feb-22,BTM005,BTM005-XL,XL,1.0,425.0,425.0
2022-02-16,20220216,Feb-22,J0113,J0113-TP-M,M,1.0,500.0,500.0
2022-02-16,20220216,Feb-22,J0118,J0118-TP-L,L,1.0,425.0,425.0
2022-02-16,20220216,Feb-22,J0119,J0119-TP-L,L,1.0,500.0,500.0
2022-02-16,20220216,Feb-22,J0196,J0196-TP-L,L,1.0,537.5,538.0
2022-02-16,20220216,Feb-22,J0197,J0197-TP-M,M,1.0,562.5,562.0
2022-02-16,20220216,Feb-22,J0213,J0213-TP-M,M,1.0,537.5,538.0
2022-02-16,20220216,Feb-22,J0301,J0301-TP-L,L,1.0,387.5,388.0
2022-02-16,20220216,Feb-22,JNE2171,JNE2171-KR-437-XL,XL,1.0,500.0,500.0
2022-02-16,20220216,Feb-22,JNE3225,JNE3225-KR-M,M,1.0,393.75,394.0
2022-02-16,20220216,Feb-22,JNE3404,JNE3404-KR-XL,XL,1.0,462.5,462.0
2022-02-16,20220216,Feb-22,JNE3488,JNE3488-KR-M,M,1.0,356.25,356.0
2022-02-16,20220216,Feb-22,JNE3553,JNE3553-KR-XL,XL,1.0,462.5,462.0
2022-02-16,20220216,Feb-22,JNE3560,JNE3560-KR-M,M,1.0,462.5,462.0
2022-02-16,20220216,Feb-22,JNE3571,JNE3571-KR-M,M,1.0,425.0,425.0
2022-02-16,20220216,Feb-22,JNE3605,JNE3605-KR-XL,XL,1.0,462.5,462.0
2022-02-16,20220216,Feb-22,JNE3640,JNE3640-TP-M,M,1.0,425.0,425.0
2022-02-16,20220216,Feb-22,JNE3669,JNE3669-TU-L,L,1.0,562.5,562.0
2022-02-16,20220216,Feb-22,JNE3671,JNE3671-TU-M,M,1.0,500.0,500.0
2022-02-16,20220216,Feb-22,JNE3680,JNE3680-TU-L,L,1.0,462.5,462.0
2022-02-16,20220216,Feb-22,JNE3686,JNE3686-TU-L,L,1.0,456.25,456.0
2022-02-16,20220216,Feb-22,JNE3697,JNE3697-KR-M,M,1.0,462.5,462.0
2022-02-16,20220216,Feb-22,JNE3708,JNE3708-TU-L,L,1.0,650.0,650.0
2022-02-16,20220216,Feb-22,SET110,SET110-KR-PP-L,L,1.0,825.0,825.0
2022-02-16,20220216,Feb-22,J0306,J0306-DR-M,M,1.0,650.0,650.0
2022-02-16,20220216,Feb-22,J0091,J0091-TP-XXL,XXL,1.0,306.25,306.0
2022-02-16,20220216,Feb-22,J0148,J0148-SET-L,L,1.0,856.25,856.0
2022-02-16,20220216,Feb-22,JNE3160,JNE3160-KR-M,M,2.0,687.5,1375.0
2022-02-16,20220216,Feb-22,JNE3399,JNE3399-KR-XXL,XXL,1.0,587.5,588.0
2022-02-16,20220216,Feb-22,J0236,J0236-SKD-L,L,1.0,1237.5,1238.0
2022-02-16,20220216,Feb-22,J0236,J0236-SKD-XL,XL,1.0,1237.5,1238.0
2022-02-16,20220216,Feb-22,J0006,J0006-SET-M,M,1.0,925.0,925.0
2022-02-16,20220216,Feb-22,J0230,J0230-SKD-L,L,1.0,1425.0,1425.0
2022-02-16,20220216,Feb-22,J0230,J0230-SKD-XXL,XXL,1.0,1425.0,1425.0
2022-02-17,20220217,Feb-22,J0148,J0148-SET-XXXL,XXXL,1.0,856.25,856.0
2022-02-17,20220217,Feb-22,J0371,J0371-SKD-L,L,1.0,1237.5,1238.0
2022-02-17,20220217,Feb-22,JNE3555,JNE3555-KR-L,L,1.0,462.5,462.0
2022-02-17,20220217,Feb-22,JNE3558,JNE3558-KR-M,M,1.0,356.25,356.0
2022-02-17,20220217,Feb-22,JNE3558,JNE3558-KR-S,S,1.0,356.25,356.0
2022-02-17,20220217,Feb-22,JNE3561,JNE3561-KR-M,M,1.0,462.5,462.0
2022-02-17,20220217,Feb-22,JNE3561,JNE3561-KR-S,S,1.0,462.5,462.0
2022-02-17,20220217,Feb-22,JNE3566,JNE3566-KR-M,M,1.0,462.5,462.0
2022-02-17,20220217,Feb-22,JNE3566,JNE3566-KR-S,S,1.0,462.5,462.0
2022-02-17,20220217,Feb-22,JNE3570,JNE3570-KR-L,L,1.0,368.75,369.0
2022-02-17,20220217,Feb-22,JNE3570,JNE3570-KR-XS,XS,1.0,368.75,369.0
2022-02-17,20220217,Feb-22,JNE3573,JNE3573-KR-M,M,1.0,456.25,456.0
2022-02-17,20220217,Feb-22,JNE3573,JNE3573-KR-XL,XL,1.0,456.25,456.0
2022-02-17,20220217,Feb-22,JNE3630,JNE3630-KR-M,M,1.0,462.5,462.0
2022-02-17,20220217,Feb-22,JNE3750,JNE3750-KR-L,L,1.0,500.0,500.0
2022-02-17,20220217,Feb-22,JNE3750,JNE3750-KR-M,M,1.0,500.0,500.0
2022-02-17,20220217,Feb-22,JNE3752,JNE3752-KR-M,M,1.0,431.25,431.0
2022-02-17,20220217,Feb-22,JNE3796,JNE3796-KR-XS,XS,1.0,431.25,431.0
2022-02-17,20220217,Feb-22,JNE3819,JNE3819-KR-XL,XL,1.0,650.0,650.0
2022-02-17,20220217,Feb-22,NW029,NW029-ST-SR-S,S,1.0,556.25,556.0
2022-02-17,20220217,Feb-22,NW031,NW031-TP-PJ-S,S,1.0,743.75,744.0
2022-02-17,20220217,Feb-22,SET263,SET263-KR-NP-S,S,1.0,775.0,775.0
2022-02-17,20220217,Feb-22,SET343,SET343-KR-NP-M,M,1.0,1237.5,1238.0
2022-02-17,20220217,Feb-22,J0328,J0328-KR-L,L,1.0,1037.5,1038.0
2022-02-17,20220217,Feb-22,J0328,J0328-KR-M,M,1.0,1037.5,1038.0
2022-02-17,20220217,Feb-22,J0328,J0328-KR-S,S,2.0,1037.5,2075.0
2022-02-17,20220217,Feb-22,J0328,J0328-KR-XL,XL,1.0,1037.5,1038.0
2022-02-17,20220217,Feb-22,J0328,J0328-KR-XS,XS,1.0,1037.5,1038.0
2022-02-17,20220217,Feb-22,J0328,J0328-KR-XXXL,XXXL,1.0,1037.5,1038.0
2022-02-17,20220217,Feb-22,JNE3363,JNE3363-KR-1032-M,M,1.0,425.0,425.0
2022-02-17,20220217,Feb-22,JNE3363,JNE3363-KR-1032-XS,XS,1.0,425.0,425.0
2022-02-17,20220217,Feb-22,JNE3404,JNE3404-KR-M,M,1.0,462.5,462.0
2022-02-17,20220217,Feb-22,JNE3404,JNE3404-KR-XL,XL,1.0,462.5,462.0
2022-02-17,20220217,Feb-22,JNE3548,JNE3548-KR-L,L,2.0,462.5,925.0
2022-02-17,20220217,Feb-22,JNE3548,JNE3548-KR-M,M,2.0,462.5,925.0
2022-02-17,20220217,Feb-22,JNE3548,JNE3548-KR-XS,XS,1.0,462.5,462.0
2022-02-17,20220217,Feb-22,JNE3548,JNE3548-KR-XXXL,XXXL,1.0,462.5,462.0
2022-02-17,20220217,Feb-22,JNE3556,JNE3556-KR-XL,XL,2.0,462.5,925.0
2022-02-17,20220217,Feb-22,JNE3559,JNE3559-KR-XL,XL,1.0,462.5,462.0
2022-02-17,20220217,Feb-22,JNE3624,JNE3624-KR-XL,XL,1.0,462.5,462.0
2022-02-17,20220217,Feb-22,JNE3750,JNE3750-KR-S,S,1.0,500.0,500.0
2022-02-17,20220217,Feb-22,SET252,SET252-KR-PP-M.,M,1.0,887.5,888.0
2022-02-19,20220219,Feb-22,SET386,SET386-KR-NP-M,M,1.0,925.0,925.0
2022-02-19,20220219,Feb-22,SET383,SET383-KR-NP-L,L,1.0,925.0,925.0
2022-02-19,20220219,Feb-22,JNE3816,JNE3816-KR-XL,XL,1.0,650.0,650.0
2022-02-19,20220219,Feb-22,JNE3856,JNE3856-KR-L,L,1.0,687.5,688.0
2022-02-19,20220219,Feb-22,SET385,SET385-KR-NP-XL,XL,1.0,925.0,925.0
2022-02-19,20220219,Feb-22,SET384,SET384-KR-NP-XXL,XXL,1.0,925.0,925.0
2022-02-19,20220219,Feb-22,JNE3807,JNE3807-KR-XXL,XXL,1.0,687.5,688.0
2022-02-19,20220219,Feb-22,J0352,J0352-KR-XXL,XXL,1.0,650.0,650.0
2022-02-19,20220219,Feb-22,SET397,SET397-KR-NP-XL,XL,1.0,1350.0,1350.0
2022-02-19,20220219,Feb-22,SET395,SET395-KR-NP-M,M,1.0,1275.0,1275.0
2022-02-19,20220219,Feb-22,SET395,SET395-KR-NP-XXL,XXL,1.0,1275.0,1275.0
2022-02-19,20220219,Feb-22,SET341,SET341-KR-NP-M,M,1.0,1312.5,1312.0
2022-02-19,20220219,Feb-22,SET341,SET341-KR-NP-XXL,XXL,1.0,1312.5,1312.0
2022-02-19,20220219,Feb-22,SET343,SET343-KR-NP-M,M,1.0,1237.5,1238.0
2022-02-19,20220219,Feb-22,SET343,SET343-KR-NP-XL,XL,1.0,1237.5,1238.0
2022-02-19,20220219,Feb-22,SET343,SET343-KR-NP-XXXL,XXXL,1.0,1237.5,1238.0
2022-02-19,20220219,Feb-22,SET394,SET394-KR-NP-L,L,1.0,1475.0,1475.0
2022-02-19,20220219,Feb-22,SET342,SET342-KR-NP-L,L,1.0,1237.5,1238.0
2022-02-19,20220219,Feb-22,JNE3837,JNE3837-KR-L,L,1.0,650.0,650.0
2022-02-19,20220219,Feb-22,JNE3837,JNE3837-KR-XXL,XXL,1.0,650.0,650.0
2022-02-19,20220219,Feb-22,JNE3675,JNE3675-TU-M,M,1.0,425.0,425.0
2022-02-19,20220219,Feb-22,JNE3675,JNE3675-TU-L,L,1.0,425.0,425.0
2022-02-19,20220219,Feb-22,JNE3675,JNE3675-TU-XL,XL,1.0,425.0,425.0
2022-02-19,20220219,Feb-22,JNE3675,JNE3675-TU-XXXL,XXXL,1.0,425.0,425.0
2022-02-19,20220219,Feb-22,SET279,SET279-LC-M,M,1.0,975.0,975.0
2022-02-19,20220219,Feb-22,SET279,SET279-LC-L,L,1.0,975.0,975.0
2022-02-19,20220219,Feb-22,SET279,SET279-LC-XL,XL,1.0,975.0,975.0
2022-02-19,20220219,Feb-22,SET279,SET279-LC-XXXL,XXXL,1.0,975.0,975.0
2022-02-19,20220219,Feb-22,J0174,J0174-TP-M,M,1.0,481.25,481.0
2022-02-19,20220219,Feb-22,J0174,J0174-TP-L,L,1.0,481.25,481.0
2022-02-19,20220219,Feb-22,J0174,J0174-TP-XL,XL,1.0,481.25,481.0
2022-02-19,20220219,Feb-22,J0174,J0174-TP-XXXL,XXXL,1.0,481.25,481.0
2022-02-19,20220219,Feb-22,J0306,J0306-DR-M,M,1.0,650.0,650.0
2022-02-19,20220219,Feb-22,J0306,J0306-DR-L,L,1.0,650.0,650.0
2022-02-19,20220219,Feb-22,J0306,J0306-DR-XL,XL,1.0,650.0,650.0
2022-02-19,20220219,Feb-22,J0306,J0306-DR-XXXL,XXXL,1.0,650.0,650.0
2022-02-19,20220219,Feb-22,JNE3709,JNE3709-DR-M,M,1.0,1075.0,1075.0
2022-02-19,20220219,Feb-22,JNE3709,JNE3709-DR-L,L,1.0,1075.0,1075.0
2022-02-19,20220219,Feb-22,JNE3709,JNE3709-DR-XL,XL,1.0,1075.0,1075.0
2022-02-19,20220219,Feb-22,JNE3709,JNE3709-DR-XXXL,XXXL,1.0,1075.0,1075.0
2022-02-19,20220219,Feb-22,J0396,J0396-DR-L,L,1.0,850.0,850.0
2022-02-19,20220219,Feb-22,SET252,SET252-KR-PP-L,L,3.0,887.5,2662.0
2022-02-19,20220219,Feb-22,SET252,SET252-KR-PP-S.,S,2.0,887.5,1775.0
2022-02-19,20220219,Feb-22,SET252,SET252-KR-PP-M.,M,1.0,887.5,888.0
2022-02-19,20220219,Feb-22,SET252,SET252-KR-PP-XXL,XXL,1.0,887.5,888.0
2022-02-19,20220219,Feb-22,SET251,SET251-KR-PP-XS,XS,1.0,887.5,888.0
2022-02-19,20220219,Feb-22,SET251,SET251-KR-PP-L,L,1.0,887.5,888.0
2022-02-19,20220219,Feb-22,SET251,SET251-KR-PP-M,M,1.0,887.5,888.0
2022-02-21,20220221,Feb-22,SET336,SET336-KR-NP-S,S,1.0,1081.25,1081.0
2022-02-21,20220221,Feb-22,SET336,SET336-KR-NP-M,M,1.0,1081.25,1081.0
2022-02-21,20220221,Feb-22,SET336,SET336-KR-NP-L,L,1.0,1081.25,1081.0
2022-02-21,20220221,Feb-22,J0278,J0278-SET-S,S,1.0,968.75,969.0
2022-02-21,20220221,Feb-22,J0278,J0278-SET-L,L,1.0,968.75,969.0
2022-02-21,20220221,Feb-22,SET221,SET221-KR-NP-S,S,1.0,968.75,969.0
2022-02-21,20220221,Feb-22,SET221,SET221-KR-NP-M,M,1.0,968.75,969.0
2022-02-21,20220221,Feb-22,SET221,SET221-KR-NP-L,L,1.0,968.75,969.0
2022-02-21,20220221,Feb-22,SET233,SET233-KR-PP-S,S,1.0,718.75,719.0
2022-02-21,20220221,Feb-22,SET233,SET233-KR-PP-M,M,1.0,718.75,719.0
2022-02-21,20220221,Feb-22,J0130,J0130-SET-S,S,1.0,868.75,869.0
2022-02-21,20220221,Feb-22,JNE3567,JNE3567-KR-S,S,1.0,425.0,425.0
2022-02-21,20220221,Feb-22,JNE3567,JNE3567-KR-M,M,1.0,425.0,425.0
2022-02-21,20220221,Feb-22,JNE3567,JNE3567-KR-L,L,1.0,425.0,425.0
2022-02-21,20220221,Feb-22,JNE3750,JNE3750-KR-S,S,1.0,500.0,500.0
2022-02-21,20220221,Feb-22,JNE3750,JNE3750-KR-M,M,1.0,500.0,500.0
2022-02-21,20220221,Feb-22,JNE3750,JNE3750-KR-L,L,1.0,500.0,500.0
2022-02-21,20220221,Feb-22,J0224,J0224-SKD-L,L,1.0,1862.5,1788.0
2022-02-21,20220221,Feb-22,J0224,J0224-SKD-M,M,1.0,1862.5,1788.0
2022-02-21,20220221,Feb-22,J0224,J0224-SKD-S,S,1.0,1862.5,1788.0
2022-02-21,20220221,Feb-22,J0224,J0224-SKD-XL,XL,1.0,1862.5,1788.0
2022-02-21,20220221,Feb-22,J0224,J0224-SKD-XS,XS,1.0,1862.5,1788.0
2022-02-21,20220221,Feb-22,J0224,J0224-SKD-XXL,XXL,1.0,1862.5,1788.0
2022-02-21,20220221,Feb-22,J0224,J0224-SKD-XXXL,XXXL,1.0,1862.5,1788.0
2022-02-21,20220221,Feb-22,J0225,J0225-SKD-L,L,1.0,1737.5,1668.0
2022-02-21,20220221,Feb-22,J0225,J0225-SKD-M,M,1.0,1737.5,1668.0
2022-02-21,20220221,Feb-22,J0225,J0225-SKD-S,S,1.0,1737.5,1668.0
2022-02-21,20220221,Feb-22,J0225,J0225-SKD-XL,XL,1.0,1737.5,1668.0
2022-02-21,20220221,Feb-22,J0225,J0225-SKD-XS,XS,1.0,1737.5,1668.0
2022-02-21,20220221,Feb-22,J0225,J0225-SKD-XXL,XXL,1.0,1737.5,1668.0
2022-02-21,20220221,Feb-22,J0225,J0225-SKD-XXXL,XXXL,1.0,1737.5,1668.0
2022-02-21,20220221,Feb-22,J0375,J0375-SKD-L,L,1.0,1475.0,1416.0
2022-02-21,20220221,Feb-22,J0375,J0375-SKD-M,M,1.0,1475.0,1416.0
2022-02-21,20220221,Feb-22,J0375,J0375-SKD-S,S,1.0,1475.0,1416.0
2022-02-21,20220221,Feb-22,J0375,J0375-SKD-XL,XL,1.0,1475.0,1416.0
2022-02-21,20220221,Feb-22,J0375,J0375-SKD-XS,XS,1.0,1475.0,1416.0
2022-02-21,20220221,Feb-22,J0375,J0375-SKD-XXL,XXL,1.0,1475.0,1416.0
2022-02-21,20220221,Feb-22,J0375,J0375-SKD-XXXL,XXXL,1.0,1475.0,1416.0
2022-02-21,20220221,Feb-22,J0398,J0398-DR-L,L,1.0,887.5,852.0
2022-02-21,20220221,Feb-22,J0398,J0398-DR-M,M,1.0,887.5,852.0
2022-02-21,20220221,Feb-22,J0398,J0398-DR-S,S,1.0,887.5,852.0
2022-02-21,20220221,Feb-22,J0398,J0398-DR-XL,XL,1.0,887.5,852.0
2022-02-21,20220221,Feb-22,J0398,J0398-DR-XS,XS,1.0,887.5,852.0
2022-02-21,20220221,Feb-22,J0398,J0398-DR-XXL,XXL,1.0,887.5,852.0
2022-02-21,20220221,Feb-22,J0398,J0398-DR-XXXL,XXXL,1.0,887.5,852.0
2022-02-21,20220221,Feb-22,JNE3252,JNE3252-KR-L,L,1.0,475.0,456.0
2022-02-21,20220221,Feb-22,JNE3252,JNE3252-KR-M,M,1.0,475.0,456.0
2022-02-21,20220221,Feb-22,JNE3252,JNE3252-KR-S,S,1.0,475.0,456.0
2022-02-21,20220221,Feb-22,JNE3252,JNE3252-KR-XL,XL,1.0,475.0,456.0
2022-02-21,20220221,Feb-22,JNE3252,JNE3252-KR-XS,XS,1.0,475.0,456.0
2022-02-21,20220221,Feb-22,JNE3252,JNE3252-KR-XXL,XXL,1.0,475.0,456.0
2022-02-21,20220221,Feb-22,JNE3252,JNE3252-KR-XXXL,XXXL,1.0,475.0,456.0
2022-02-21,20220221,Feb-22,JNE3807,JNE3807-KR-L,L,1.0,687.5,660.0
2022-02-21,20220221,Feb-22,JNE3807,JNE3807-KR-M,M,1.0,687.5,660.0
2022-02-21,20220221,Feb-22,JNE3807,JNE3807-KR-SC,Free,1.0,687.5,660.0
2022-02-21,20220221,Feb-22,JNE3807,JNE3807-KR-XL,XL,1.0,687.5,660.0
2022-02-21,20220221,Feb-22,JNE3807,JNE3807-KR-XS,XS,1.0,687.5,660.0
2022-02-21,20220221,Feb-22,JNE3807,JNE3807-KR-XXL,XXL,1.0,687.5,660.0
2022-02-21,20220221,Feb-22,JNE3807,JNE3807-KR-XXXL,XXXL,1.0,687.5,660.0
2022-02-21,20220221,Feb-22,JNE3816,JNE3816-KR-L,L,1.0,650.0,624.0
2022-02-21,20220221,Feb-22,JNE3816,JNE3816-KR-M,M,1.0,650.0,624.0
2022-02-21,20220221,Feb-22,JNE3816,JNE3816-KR-S,S,1.0,650.0,624.0
2022-02-21,20220221,Feb-22,JNE3816,JNE3816-KR-XL,XL,1.0,650.0,624.0
2022-02-21,20220221,Feb-22,JNE3816,JNE3816-KR-XS,XS,1.0,650.0,624.0
2022-02-21,20220221,Feb-22,JNE3816,JNE3816-KR-XXL,XXL,1.0,650.0,624.0
2022-02-21,20220221,Feb-22,JNE3816,JNE3816-KR-XXXL,XXXL,1.0,650.0,624.0
2022-02-21,20220221,Feb-22,JNE3833,JNE3833-KR-L,L,1.0,650.0,624.0
2022-02-21,20220221,Feb-22,JNE3833,JNE3833-KR-M,M,1.0,650.0,624.0
2022-02-21,20220221,Feb-22,JNE3833,JNE3833-KR-S,S,1.0,650.0,624.0
2022-02-21,20220221,Feb-22,JNE3833,JNE3833-KR-XL,XL,1.0,650.0,624.0
2022-02-21,20220221,Feb-22,JNE3833,JNE3833-KR-XS,XS,1.0,650.0,624.0
2022-02-21,20220221,Feb-22,JNE3833,JNE3833-KR-XXL,XXL,1.0,650.0,624.0
2022-02-21,20220221,Feb-22,JNE3833,JNE3833-KR-XXXL,XXXL,1.0,650.0,624.0
2022-02-21,20220221,Feb-22,JNE3834,JNE3834-KR-L,L,1.0,650.0,624.0
2022-02-21,20220221,Feb-22,JNE3834,JNE3834-KR-M,M,1.0,650.0,624.0
2022-02-21,20220221,Feb-22,JNE3834,JNE3834-KR-S,S,1.0,650.0,624.0
2022-02-21,20220221,Feb-22,JNE3834,JNE3834-KR-XL,XL,1.0,650.0,624.0
2022-02-21,20220221,Feb-22,JNE3834,JNE3834-KR-XS,XS,1.0,650.0,624.0
2022-02-21,20220221,Feb-22,JNE3834,JNE3834-KR-XXL,XXL,1.0,650.0,624.0
2022-02-21,20220221,Feb-22,JNE3834,JNE3834-KR-XXXL,XXXL,1.0,650.0,624.0
2022-02-21,20220221,Feb-22,JNE3835,JNE3835-KR-L,L,1.0,650.0,624.0
2022-02-21,20220221,Feb-22,JNE3835,JNE3835-KR-M,M,1.0,650.0,624.0
2022-02-21,20220221,Feb-22,JNE3835,JNE3835-KR-S,S,1.0,650.0,624.0
2022-02-21,20220221,Feb-22,JNE3835,JNE3835-KR-XL,XL,1.0,650.0,624.0
2022-02-21,20220221,Feb-22,JNE3835,JNE3835-KR-XS,XS,1.0,650.0,624.0
2022-02-21,20220221,Feb-22,JNE3835,JNE3835-KR-XXL,XXL,1.0,650.0,624.0
2022-02-21,20220221,Feb-22,JNE3835,JNE3835-KR-XXXL,XXXL,1.0,650.0,624.0
2022-02-21,20220221,Feb-22,JNE3836,JNE3836-KR-L,L,1.0,650.0,624.0
2022-02-21,20220221,Feb-22,JNE3836,JNE3836-KR-M,M,1.0,650.0,624.0
2022-02-21,20220221,Feb-22,JNE3836,JNE3836-KR-S,S,1.0,650.0,624.0
2022-02-21,20220221,Feb-22,JNE3836,JNE3836-KR-XL,XL,1.0,650.0,624.0
2022-02-21,20220221,Feb-22,JNE3836,JNE3836-KR-XS,XS,1.0,650.0,624.0
2022-02-21,20220221,Feb-22,JNE3836,JNE3836-KR-XXL,XXL,1.0,650.0,624.0
2022-02-21,20220221,Feb-22,JNE3836,JNE3836-KR-XXXL,XXXL,1.0,650.0,624.0
2022-02-21,20220221,Feb-22,JNE3856,JNE3856-KR-L,L,1.0,687.5,660.0
2022-02-21,20220221,Feb-22,JNE3856,JNE3856-KR-M,M,1.0,687.5,660.0
2022-02-21,20220221,Feb-22,JNE3856,JNE3856-KR-S,S,1.0,687.5,660.0
2022-02-21,20220221,Feb-22,JNE3856,JNE3856-KR-XL,XL,1.0,687.5,660.0
2022-02-21,20220221,Feb-22,JNE3856,JNE3856-KR-XS,XS,1.0,687.5,660.0
2022-02-21,20220221,Feb-22,JNE3856,JNE3856-KR-XXL,XXL,1.0,687.5,660.0
2022-02-21,20220221,Feb-22,JNE3856,JNE3856-KR-XXXL,XXXL,1.0,687.5,660.0
2022-02-21,20220221,Feb-22,JNE3863,JNE3863-TU-L,L,1.0,500.0,480.0
2022-02-21,20220221,Feb-22,JNE3863,JNE3863-TU-M,M,1.0,500.0,480.0
2022-02-21,20220221,Feb-22,JNE3863,JNE3863-TU-S,S,1.0,500.0,480.0
2022-02-21,20220221,Feb-22,JNE3863,JNE3863-TU-XL,XL,1.0,500.0,480.0
2022-02-21,20220221,Feb-22,JNE3863,JNE3863-TU-XS,XS,1.0,500.0,480.0
2022-02-21,20220221,Feb-22,JNE3863,JNE3863-TU-XXL,XXL,1.0,500.0,480.0
2022-02-21,20220221,Feb-22,JNE3863,JNE3863-TU-XXXL,XXXL,1.0,500.0,480.0
2022-02-21,20220221,Feb-22,JNE3864,JNE3864-TU-L,L,1.0,537.5,516.0
2022-02-21,20220221,Feb-22,JNE3864,JNE3864-TU-M,M,1.0,537.5,516.0
2022-02-21,20220221,Feb-22,JNE3864,JNE3864-TU-S,S,1.0,537.5,516.0
2022-02-21,20220221,Feb-22,JNE3864,JNE3864-TU-XL,XL,1.0,537.5,516.0
2022-02-21,20220221,Feb-22,JNE3864,JNE3864-TU-XS,XS,1.0,537.5,516.0
2022-02-21,20220221,Feb-22,JNE3864,JNE3864-TU-XXL,XXL,1.0,537.5,516.0
2022-02-21,20220221,Feb-22,JNE3864,JNE3864-TU-XXXL,XXXL,1.0,537.5,516.0
2022-02-21,20220221,Feb-22,JNE3870,JNE3870-DR-L,L,1.0,687.5,660.0
2022-02-21,20220221,Feb-22,JNE3870,JNE3870-DR-M,M,1.0,687.5,660.0
2022-02-21,20220221,Feb-22,JNE3870,JNE3870-DR-S,S,1.0,687.5,660.0
2022-02-21,20220221,Feb-22,JNE3870,JNE3870-DR-XL,XL,1.0,687.5,660.0
2022-02-21,20220221,Feb-22,JNE3870,JNE3870-DR-XS,XS,1.0,687.5,660.0
2022-02-21,20220221,Feb-22,JNE3870,JNE3870-DR-XXL,XXL,1.0,687.5,660.0
2022-02-21,20220221,Feb-22,JNE3870,JNE3870-DR-XXXL,XXXL,1.0,687.5,660.0
2022-02-21,20220221,Feb-22,PJNE3252,PJNE3252-KR-4XL,4XL,1.0,775.0,744.0
2022-02-21,20220221,Feb-22,PJNE3252,PJNE3252-KR-5XL,5XL,1.0,775.0,744.0
2022-02-21,20220221,Feb-22,PJNE3252,PJNE3252-KR-6XL,6XL,1.0,775.0,744.0
2022-02-21,20220221,Feb-22,PSET268,PSET268-KR-NP-4XL,4XL,1.0,1075.0,1032.0
2022-02-21,20220221,Feb-22,PSET268,PSET268-KR-NP-5XL,5XL,1.0,1075.0,1032.0
2022-02-21,20220221,Feb-22,PSET268,PSET268-KR-NP-6XL,6XL,1.0,1075.0,1032.0
2022-02-21,20220221,Feb-22,SET268,SET268-KR-NP-L,L,1.0,925.0,888.0
2022-02-21,20220221,Feb-22,SET268,SET268-KR-NP-M,M,1.0,925.0,888.0
2022-02-21,20220221,Feb-22,SET268,SET268-KR-NP-S,S,1.0,925.0,888.0
2022-02-21,20220221,Feb-22,SET268,SET268-KR-NP-XL,XL,1.0,925.0,888.0
2022-02-21,20220221,Feb-22,SET268,SET268-KR-NP-XS,XS,1.0,925.0,888.0
2022-02-21,20220221,Feb-22,SET268,SET268-KR-NP-XXL,XXL,1.0,925.0,888.0
2022-02-21,20220221,Feb-22,SET268,SET268-KR-NP-XXXL,XXXL,1.0,925.0,888.0
2022-02-21,20220221,Feb-22,SET302,SET302-KR-PP-L,L,1.0,1037.5,996.0
2022-02-21,20220221,Feb-22,SET302,SET302-KR-PP-M,M,1.0,1037.5,996.0
2022-02-21,20220221,Feb-22,SET302,SET302-KR-PP-S,S,1.0,1037.5,996.0
2022-02-21,20220221,Feb-22,SET302,SET302-KR-PP-XL,XL,1.0,1037.5,996.0
2022-02-21,20220221,Feb-22,SET302,SET302-KR-PP-XS,XS,1.0,1037.5,996.0
2022-02-21,20220221,Feb-22,SET302,SET302-KR-PP-XXL,XXL,1.0,1037.5,996.0
2022-02-21,20220221,Feb-22,SET302,SET302-KR-PP-XXXL,XXXL,1.0,1037.5,996.0
2022-02-21,20220221,Feb-22,SET315,SET315-KR-PP-L,L,1.0,925.0,888.0
2022-02-21,20220221,Feb-22,SET315,SET315-KR-PP-M,M,1.0,925.0,888.0
2022-02-21,20220221,Feb-22,SET315,SET315-KR-PP-S,S,1.0,925.0,888.0
2022-02-21,20220221,Feb-22,SET315,SET315-KR-PP-XL,XL,1.0,925.0,888.0
2022-02-21,20220221,Feb-22,SET315,SET315-KR-PP-XS,XS,1.0,925.0,888.0
2022-02-21,20220221,Feb-22,SET315,SET315-KR-PP-XXL,XXL,1.0,925.0,888.0
2022-02-21,20220221,Feb-22,SET315,SET315-KR-PP-XXXL,XXXL,1.0,925.0,888.0
2022-02-21,20220221,Feb-22,SET317,SET317-KR-PP-L,L,1.0,1350.0,1296.0
2022-02-21,20220221,Feb-22,SET317,SET317-KR-PP-M,M,1.0,1350.0,1296.0
2022-02-21,20220221,Feb-22,SET317,SET317-KR-PP-S,S,1.0,1350.0,1296.0
2022-02-21,20220221,Feb-22,SET317,SET317-KR-PP-XL,XL,1.0,1350.0,1296.0
2022-02-21,20220221,Feb-22,SET317,SET317-KR-PP-XS,XS,1.0,1350.0,1296.0
2022-02-21,20220221,Feb-22,SET317,SET317-KR-PP-XXL,XXL,1.0,1350.0,1296.0
2022-02-21,20220221,Feb-22,SET317,SET317-KR-PP-XXXL,XXXL,1.0,1350.0,1296.0
2022-02-21,20220221,Feb-22,SET339,SET339-KR-NP-L,L,1.0,737.5,708.0
2022-02-21,20220221,Feb-22,SET339,SET339-KR-NP-M,M,1.0,737.5,708.0
2022-02-21,20220221,Feb-22,SET339,SET339-KR-NP-S,S,1.0,737.5,708.0
2022-02-21,20220221,Feb-22,SET339,SET339-KR-NP-XL,XL,1.0,737.5,708.0
2022-02-21,20220221,Feb-22,SET339,SET339-KR-NP-XS,XS,1.0,737.5,708.0
2022-02-21,20220221,Feb-22,SET339,SET339-KR-NP-XXL,XXL,1.0,737.5,708.0
2022-02-21,20220221,Feb-22,SET339,SET339-KR-NP-XXXL,XXXL,1.0,737.5,708.0
2022-02-21,20220221,Feb-22,SET342,SET342-KR-NP-L,L,1.0,1237.5,1188.0
2022-02-21,20220221,Feb-22,SET342,SET342-KR-NP-M,M,1.0,1237.5,1188.0
2022-02-21,20220221,Feb-22,SET342,SET342-KR-NP-S,S,1.0,1237.5,1188.0
2022-02-21,20220221,Feb-22,SET342,SET342-KR-NP-XL,XL,1.0,1237.5,1188.0
2022-02-21,20220221,Feb-22,SET342,SET342-KR-NP-XS,XS,1.0,1237.5,1188.0
2022-02-21,20220221,Feb-22,SET342,SET342-KR-NP-XXL,XXL,1.0,1237.5,1188.0
2022-02-21,20220221,Feb-22,SET342,SET342-KR-NP-XXXL,XXXL,1.0,1237.5,1188.0
2022-02-21,20220221,Feb-22,SET343,SET343-KR-NP-L,L,1.0,1237.5,1188.0
2022-02-21,20220221,Feb-22,SET343,SET343-KR-NP-M,M,1.0,1237.5,1188.0
2022-02-21,20220221,Feb-22,SET343,SET343-KR-NP-S,S,1.0,1237.5,1188.0
2022-02-21,20220221,Feb-22,SET343,SET343-KR-NP-XL,XL,1.0,1237.5,1188.0
2022-02-21,20220221,Feb-22,SET343,SET343-KR-NP-XS,XS,1.0,1237.5,1188.0
2022-02-21,20220221,Feb-22,SET343,SET343-KR-NP-XXL,XXL,1.0,1237.5,1188.0
2022-02-21,20220221,Feb-22,SET343,SET343-KR-NP-XXXL,XXXL,1.0,1237.5,1188.0
2022-02-21,20220221,Feb-22,SET347,SET347-KR-NP-L,L,1.0,925.0,888.0
2022-02-21,20220221,Feb-22,SET347,SET347-KR-NP-M,M,1.0,925.0,888.0
2022-02-21,20220221,Feb-22,SET347,SET347-KR-NP-S,S,1.0,925.0,888.0
2022-02-21,20220221,Feb-22,SET347,SET347-KR-NP-XL,XL,1.0,925.0,888.0
2022-02-21,20220221,Feb-22,SET347,SET347-KR-NP-XS,XS,1.0,925.0,888.0
2022-02-21,20220221,Feb-22,SET347,SET347-KR-NP-XXL,XXL,1.0,925.0,888.0
2022-02-21,20220221,Feb-22,SET347,SET347-KR-NP-XXXL,XXXL,1.0,925.0,888.0
2022-02-21,20220221,Feb-22,SET348,SET348-KR-NP-L,L,1.0,1312.5,1260.0
2022-02-21,20220221,Feb-22,SET348,SET348-KR-NP-M,M,1.0,1312.5,1260.0
2022-02-21,20220221,Feb-22,SET348,SET348-KR-NP-S,S,1.0,1312.5,1260.0
2022-02-21,20220221,Feb-22,SET348,SET348-KR-NP-XL,XL,1.0,1312.5,1260.0
2022-02-21,20220221,Feb-22,SET348,SET348-KR-NP-XS,XS,1.0,1312.5,1260.0
2022-02-21,20220221,Feb-22,SET348,SET348-KR-NP-XXL,XXL,1.0,1312.5,1260.0
2022-02-21,20220221,Feb-22,SET348,SET348-KR-NP-XXXL,XXXL,1.0,1312.5,1260.0
2022-02-21,20220221,Feb-22,SET349,SET349-KR-NP-L,L,1.0,1312.5,1260.0
2022-02-21,20220221,Feb-22,SET349,SET349-KR-NP-M,M,1.0,1312.5,1260.0
2022-02-21,20220221,Feb-22,SET349,SET349-KR-NP-S,S,1.0,1312.5,1260.0
2022-02-21,20220221,Feb-22,SET349,SET349-KR-NP-XL,XL,1.0,1312.5,1260.0
2022-02-21,20220221,Feb-22,SET349,SET349-KR-NP-XS,XS,1.0,1312.5,1260.0
2022-02-21,20220221,Feb-22,SET349,SET349-KR-NP-XXL,XXL,1.0,1312.5,1260.0
2022-02-21,20220221,Feb-22,SET349,SET349-KR-NP-XXXL,XXXL,1.0,1312.5,1260.0
2022-02-21,20220221,Feb-22,SET350,SET350-KR-NP-L,L,1.0,1512.5,1452.0
2022-02-21,20220221,Feb-22,SET350,SET350-KR-NP-M,M,1.0,1512.5,1452.0
2022-02-21,20220221,Feb-22,SET350,SET350-KR-NP-S,S,1.0,1512.5,1452.0
2022-02-21,20220221,Feb-22,SET350,SET350-KR-NP-XL,XL,1.0,1512.5,1452.0
2022-02-21,20220221,Feb-22,SET350,SET350-KR-NP-XS,XS,1.0,1512.5,1452.0
2022-02-21,20220221,Feb-22,SET350,SET350-KR-NP-XXL,XXL,1.0,1512.5,1452.0
2022-02-21,20220221,Feb-22,SET350,SET350-KR-NP-XXXL,XXXL,1.0,1512.5,1452.0
2022-02-21,20220221,Feb-22,SET355,SET355-KR-PP-L,L,1.0,1625.0,1560.0
2022-02-21,20220221,Feb-22,SET355,SET355-KR-PP-M,M,1.0,1625.0,1560.0
2022-02-21,20220221,Feb-22,SET355,SET355-KR-PP-S,S,1.0,1625.0,1560.0
2022-02-21,20220221,Feb-22,SET355,SET355-KR-PP-XL,XL,1.0,1625.0,1560.0
2022-02-21,20220221,Feb-22,SET355,SET355-KR-PP-XS,XS,1.0,1625.0,1560.0
2022-02-21,20220221,Feb-22,SET355,SET355-KR-PP-XXL,XXL,1.0,1625.0,1560.0
2022-02-21,20220221,Feb-22,SET355,SET355-KR-PP-XXXL,XXXL,1.0,1625.0,1560.0
2022-02-21,20220221,Feb-22,SET358,SET358-KR-NP-L,L,1.0,1550.0,1488.0
2022-02-21,20220221,Feb-22,SET358,SET358-KR-NP-M,M,1.0,1550.0,1488.0
2022-02-21,20220221,Feb-22,SET358,SET358-KR-NP-S,S,1.0,1550.0,1488.0
2022-02-21,20220221,Feb-22,SET358,SET358-KR-NP-XL,XL,1.0,1550.0,1488.0
2022-02-21,20220221,Feb-22,SET358,SET358-KR-NP-XS,XS,1.0,1550.0,1488.0
2022-02-21,20220221,Feb-22,SET358,SET358-KR-NP-XXL,XXL,1.0,1550.0,1488.0
2022-02-21,20220221,Feb-22,SET358,SET358-KR-NP-XXXL,XXXL,1.0,1550.0,1488.0
2022-02-21,20220221,Feb-22,SET373,SET373-KR-PP-L,L,1.0,1000.0,960.0
2022-02-21,20220221,Feb-22,SET373,SET373-KR-PP-M,M,1.0,1000.0,960.0
2022-02-21,20220221,Feb-22,SET373,SET373-KR-PP-S,S,1.0,1000.0,960.0
2022-02-21,20220221,Feb-22,SET373,SET373-KR-PP-XL,XL,1.0,1000.0,960.0
2022-02-21,20220221,Feb-22,SET373,SET373-KR-PP-XS,XS,1.0,1000.0,960.0
2022-02-21,20220221,Feb-22,SET373,SET373-KR-PP-XXL,XXL,1.0,1000.0,960.0
2022-02-21,20220221,Feb-22,SET373,SET373-KR-PP-XXXL,XXXL,1.0,1000.0,960.0
2022-02-21,20220221,Feb-22,SET375,SET375-KR-NP-L,L,1.0,737.5,708.0
2022-02-21,20220221,Feb-22,SET375,SET375-KR-NP-M,M,1.0,737.5,708.0
2022-02-21,20220221,Feb-22,SET375,SET375-KR-NP-S,S,1.0,737.5,708.0
2022-02-21,20220221,Feb-22,SET375,SET375-KR-NP-XL,XL,1.0,737.5,708.0
2022-02-21,20220221,Feb-22,SET375,SET375-KR-NP-XS,XS,1.0,737.5,708.0
2022-02-21,20220221,Feb-22,SET375,SET375-KR-NP-XXL,XXL,1.0,737.5,708.0
2022-02-21,20220221,Feb-22,SET378,SET378-KR-NP-L,L,1.0,1512.5,1452.0
2022-02-21,20220221,Feb-22,SET378,SET378-KR-NP-M,M,1.0,1512.5,1452.0
2022-02-21,20220221,Feb-22,SET378,SET378-KR-NP-S,S,1.0,1512.5,1452.0
2022-02-21,20220221,Feb-22,SET378,SET378-KR-NP-XL,XL,1.0,1512.5,1452.0
2022-02-21,20220221,Feb-22,SET378,SET378-KR-NP-XS,XS,1.0,1512.5,1452.0
2022-02-21,20220221,Feb-22,SET378,SET378-KR-NP-XXL,XXL,1.0,1512.5,1452.0
2022-02-21,20220221,Feb-22,SET378,SET378-KR-NP-XXXL,XXXL,1.0,1512.5,1452.0
2022-02-21,20220221,Feb-22,SET380,SET380-KR-NP-L,L,1.0,1350.0,1296.0
2022-02-21,20220221,Feb-22,SET380,SET380-KR-NP-M,M,1.0,1350.0,1296.0
2022-02-21,20220221,Feb-22,SET380,SET380-KR-NP-S,S,1.0,1350.0,1296.0
2022-02-21,20220221,Feb-22,SET380,SET380-KR-NP-XL,XL,1.0,1350.0,1296.0
2022-02-21,20220221,Feb-22,SET380,SET380-KR-NP-XS,XS,1.0,1350.0,1296.0
2022-02-21,20220221,Feb-22,SET380,SET380-KR-NP-XXL,XXL,1.0,1350.0,1296.0
2022-02-21,20220221,Feb-22,SET380,SET380-KR-NP-XXXL,XXXL,1.0,1350.0,1296.0
2022-02-21,20220221,Feb-22,SET394,SET394-KR-NP-L,L,1.0,1475.0,1416.0
2022-02-21,20220221,Feb-22,SET394,SET394-KR-NP-M,M,1.0,1475.0,1416.0
2022-02-21,20220221,Feb-22,SET394,SET394-KR-NP-S,S,1.0,1475.0,1416.0
2022-02-21,20220221,Feb-22,SET394,SET394-KR-NP-XL,XL,1.0,1475.0,1416.0
2022-02-21,20220221,Feb-22,SET394,SET394-KR-NP-XS,XS,1.0,1475.0,1416.0
2022-02-21,20220221,Feb-22,SET394,SET394-KR-NP-XXL,XXL,1.0,1475.0,1416.0
2022-02-21,20220221,Feb-22,SET394,SET394-KR-NP-XXXL,XXXL,1.0,1475.0,1416.0
2022-02-21,20220221,Feb-22,SET397,SET397-KR-NP-L,L,1.0,1350.0,1296.0
2022-02-21,20220221,Feb-22,SET397,SET397-KR-NP-M,M,1.0,1350.0,1296.0
2022-02-21,20220221,Feb-22,SET397,SET397-KR-NP-S,S,1.0,1350.0,1296.0
2022-02-21,20220221,Feb-22,SET397,SET397-KR-NP-XL,XL,1.0,1350.0,1296.0
2022-02-21,20220221,Feb-22,SET397,SET397-KR-NP-XS,XS,1.0,1350.0,1296.0
2022-02-21,20220221,Feb-22,SET397,SET397-KR-NP-XXL,XXL,1.0,1350.0,1296.0
2022-02-21,20220221,Feb-22,SET397,SET397-KR-NP-XXXL,XXXL,1.0,1350.0,1296.0
2022-02-21,20220221,Feb-22,SET405,SET405-KR-NP-L,L,1.0,812.5,780.0
2022-02-21,20220221,Feb-22,SET405,SET405-KR-NP-M,M,1.0,812.5,780.0
2022-02-21,20220221,Feb-22,SET405,SET405-KR-NP-S,S,1.0,812.5,780.0
2022-02-21,20220221,Feb-22,SET405,SET405-KR-NP-XL,XL,1.0,812.5,780.0
2022-02-21,20220221,Feb-22,SET405,SET405-KR-NP-XS,XS,1.0,812.5,780.0
2022-02-21,20220221,Feb-22,SET405,SET405-KR-NP-XXL,XXL,1.0,812.5,780.0
2022-02-21,20220221,Feb-22,SET405,SET405-KR-NP-XXXL,XXXL,1.0,812.5,780.0
2022-02-21,20220221,Feb-22,SET409,SET409-KR-NP-L,L,1.0,812.5,780.0
2022-02-21,20220221,Feb-22,SET409,SET409-KR-NP-M,M,1.0,812.5,780.0
2022-02-21,20220221,Feb-22,SET409,SET409-KR-NP-S,S,1.0,812.5,780.0
2022-02-21,20220221,Feb-22,SET409,SET409-KR-NP-XL,XL,1.0,812.5,780.0
2022-02-21,20220221,Feb-22,SET409,SET409-KR-NP-XS,XS,1.0,812.5,780.0
2022-02-21,20220221,Feb-22,SET409,SET409-KR-NP-XXL,XXL,1.0,812.5,780.0
2022-02-21,20220221,Feb-22,SET413,SET413-KR-NP-L,L,1.0,925.0,888.0
2022-02-21,20220221,Feb-22,SET413,SET413-KR-NP-M,M,1.0,925.0,888.0
2022-02-21,20220221,Feb-22,SET413,SET413-KR-NP-S,S,1.0,925.0,888.0
2022-02-21,20220221,Feb-22,SET413,SET413-KR-NP-XL,XL,1.0,925.0,888.0
2022-02-21,20220221,Feb-22,SET413,SET413-KR-NP-XS,XS,1.0,925.0,888.0
2022-02-21,20220221,Feb-22,SET413,SET413-KR-NP-XXL,XXL,1.0,925.0,888.0
2022-02-21,20220221,Feb-22,SET413,SET413-KR-NP-XXXL,XXXL,1.0,925.0,888.0
2022-02-22,20220222,Feb-22,JNE3840,CMB5-JNE3840,Free,5.0,374.0,1870.0
2022-02-22,20220222,Feb-22,JNE3839,CMB5-JNE3839,Free,5.0,374.0,1870.0
2022-02-22,20220222,Feb-22,JNE3845,CMB5-JNE3845,Free,5.0,374.0,1870.0
2022-02-22,20220222,Feb-22,JNE3847,CMB5-JNE3847,Free,5.0,374.0,1870.0
2022-02-22,20220222,Feb-22,JNE3844,CMB5-JNE3844,Free,5.0,374.0,1870.0
2022-02-22,20220222,Feb-22,JNE2101,JNE2101-KR-210-S,S,1.0,306.25,306.0
2022-02-22,20220222,Feb-22,JNE2101,JNE2101-KR-210-L,L,1.0,306.25,306.0
2022-02-22,20220222,Feb-22,JNE2101,JNE2101-KR-210-XL,XL,1.0,306.25,306.0
2022-02-22,20220222,Feb-22,JNE2101,JNE2101-KR-210-XXL,XXL,1.0,306.25,306.0
2022-02-22,20220222,Feb-22,JNE2101,JNE2101-KR-210-XXXL,XXXL,1.0,306.25,306.0
2022-02-22,20220222,Feb-22,JNE3398,JNE3398-KR-S,S,1.0,356.25,356.0
2022-02-22,20220222,Feb-22,JNE3398,JNE3398-KR-M,M,1.0,356.25,356.0
2022-02-22,20220222,Feb-22,JNE3398,JNE3398-KR-L,L,1.0,356.25,356.0
2022-02-22,20220222,Feb-22,JNE3398,JNE3398-KR-XL,XL,1.0,356.25,356.0
2022-02-22,20220222,Feb-22,JNE3635,JNE3635-KR-S,S,1.0,431.25,431.0
2022-02-22,20220222,Feb-22,JNE3635,JNE3635-KR-M,M,1.0,431.25,431.0
2022-02-22,20220222,Feb-22,JNE3635,JNE3635-KR-L,L,1.0,431.25,431.0
2022-02-22,20220222,Feb-22,JNE3635,JNE3635-KR-XL,XL,1.0,431.25,431.0
2022-02-22,20220222,Feb-22,JNE3635,JNE3635-KR-XXL,XXL,1.0,431.25,431.0
2022-02-22,20220222,Feb-22,JNE3635,JNE3635-KR-XXXL,XXXL,1.0,431.25,431.0
2022-02-22,20220222,Feb-22,JNE3627,JNE3627-KR-S,S,1.0,393.75,394.0
2022-02-22,20220222,Feb-22,JNE3627,JNE3627-KR-M,M,1.0,393.75,394.0
2022-02-22,20220222,Feb-22,JNE3627,JNE3627-KR-L,L,1.0,393.75,394.0
2022-02-22,20220222,Feb-22,JNE3627,JNE3627-KR-XL,XL,1.0,393.75,394.0
2022-02-22,20220222,Feb-22,JNE3627,JNE3627-KR-XXL,XXL,1.0,393.75,394.0
2022-02-22,20220222,Feb-22,JNE3627,JNE3627-KR-XXXL,XXXL,1.0,393.75,394.0
2022-02-22,20220222,Feb-22,J0096,J0096-KR-M,M,1.0,562.5,534.0
2022-02-22,20220222,Feb-22,J0096,J0096-KR-XL,XL,1.0,562.5,534.0
2022-02-22,20220222,Feb-22,J0120,J0120-TP-S,S,1.0,387.5,368.0
2022-02-22,20220222,Feb-22,J0120,J0120-TP-M,M,1.0,387.5,368.0
2022-02-22,20220222,Feb-22,J0120,J0120-TP-L,L,1.0,387.5,368.0
2022-02-22,20220222,Feb-22,J0201,J0201-TP-S,S,1.0,562.5,534.0
2022-02-22,20220222,Feb-22,J0201,J0201-TP-M,M,1.0,562.5,534.0
2022-02-22,20220222,Feb-22,J0201,J0201-TP-L,L,1.0,562.5,534.0
2022-02-22,20220222,Feb-22,J0201,J0201-TP-XL,XL,1.0,562.5,534.0
2022-02-22,20220222,Feb-22,J0354,J0354-KR-S,S,1.0,562.5,534.0
2022-02-22,20220222,Feb-22,J0354,J0354-KR-L,L,1.0,562.5,534.0
2022-02-22,20220222,Feb-22,J0354,J0354-KR-XXL,XXL,1.0,562.5,534.0
2022-02-22,20220222,Feb-22,JNE2171,JNE2171-KR-437-XXXL,XXXL,1.0,500.0,475.0
2022-02-22,20220222,Feb-22,JNE3423,JNE3423-KR-XXXL,XXXL,1.0,362.5,344.0
2022-02-22,20220222,Feb-22,JNE3441,JNE3441-KR-XS,XS,1.0,425.0,404.0
2022-02-22,20220222,Feb-22,JNE3445,JNE3445-KR-XXXL,XXXL,1.0,425.0,404.0
2022-02-22,20220222,Feb-22,JNE3546,JNE3546-KR-S,S,1.0,425.0,404.0
2022-02-22,20220222,Feb-22,JNE3546,JNE3546-KR-XXL,XXL,1.0,425.0,404.0
2022-02-22,20220222,Feb-22,JNE3546,JNE3546-KR-XXXL,XXXL,1.0,425.0,404.0
2022-02-22,20220222,Feb-22,JNE3555,JNE3555-KR-XXXL,XXXL,1.0,462.5,439.0
2022-02-22,20220222,Feb-22,JNE3565,JNE3565-KR-XL,XL,1.0,412.5,392.0
2022-02-22,20220222,Feb-22,JNE3571,JNE3571-KR-XS,XS,1.0,425.0,404.0
2022-02-22,20220222,Feb-22,JNE3571,JNE3571-KR-M,M,1.0,425.0,404.0
2022-02-22,20220222,Feb-22,JNE3571,JNE3571-KR-XXXL,XXXL,1.0,425.0,404.0
2022-02-22,20220222,Feb-22,JNE3659,JNE3659-TP-L,L,1.0,350.0,332.0
2022-02-22,20220222,Feb-22,JNE3659,JNE3659-TP-XL,XL,1.0,350.0,332.0
2022-02-22,20220222,Feb-22,JNE3665,JNE3665-TP-L,L,1.0,387.5,368.0
2022-02-22,20220222,Feb-22,JNE3672,JNE3672-TU-XXL,XXL,1.0,500.0,475.0
2022-02-22,20220222,Feb-22,JNE3672,JNE3672-TU-M,M,1.0,500.0,475.0
2022-02-22,20220222,Feb-22,JNE3673,JNE3673-TU-S,S,1.0,537.5,511.0
2022-02-22,20220222,Feb-22,JNE3673,JNE3673-TU-M,M,1.0,537.5,511.0
2022-02-22,20220222,Feb-22,JNE3673,JNE3673-TU-L,L,1.0,537.5,511.0
2022-02-22,20220222,Feb-22,JNE3673,JNE3673-TU-XL,XL,1.0,537.5,511.0
2022-02-22,20220222,Feb-22,JNE3673,JNE3673-TU-XXL,XXL,1.0,537.5,511.0
2022-02-22,20220222,Feb-22,JNE3673,JNE3673-TU-XXXL,XXXL,1.0,537.5,511.0
2022-02-22,20220222,Feb-22,JNE3688,JNE3688-TU-L,L,1.0,537.5,511.0
2022-02-22,20220222,Feb-22,JNE3688,JNE3688-TU-XXL,XXL,1.0,537.5,511.0
2022-02-22,20220222,Feb-22,JNE3688,JNE3688-TU-XXXL,XXXL,1.0,537.5,511.0
2022-02-22,20220222,Feb-22,JNE3688,JNE3688-TU-S,S,1.0,537.5,511.0
2022-02-22,20220222,Feb-22,JNE3688,JNE3688-TU-M,M,1.0,537.5,511.0
2022-02-22,20220222,Feb-22,JNE3697,JNE3697-KR-XL,XL,1.0,462.5,439.0
2022-02-22,20220222,Feb-22,JNE3697,JNE3697-KR-M,M,1.0,462.5,439.0
2022-02-22,20220222,Feb-22,JNE3697,JNE3697-KR-XXL,XXL,1.0,462.5,439.0
2022-02-22,20220222,Feb-22,PJNE3068,PJNE3068-KR-4XL,4XL,1.0,775.0,736.0
2022-02-22,20220222,Feb-22,PJNE3068,PJNE3068-KR-5XL,5XL,1.0,775.0,736.0
2022-02-22,20220222,Feb-22,PJNE3068,PJNE3068-KR-6XL,6XL,1.0,775.0,736.0
2022-02-22,20220222,Feb-22,PJNE3423,PJNE3423-KR-6XL,6XL,1.0,537.5,511.0
2022-02-22,20220222,Feb-22,SET273,SET273-KR-NP-M,M,1.0,687.5,653.0
2022-02-22,20220222,Feb-22,SET327,SET327-KR-DPT-M,M,1.0,1000.0,950.0
2022-02-22,20220222,Feb-22,SET327,SET327-KR-DPT-L,L,1.0,1000.0,950.0
2022-02-22,20220222,Feb-22,SET327,SET327-KR-DPT-XL,XL,1.0,1000.0,950.0
2022-02-22,20220222,Feb-22,J0014,J0014-LCD-XL,XL,1.0,1312.5,1247.0
2022-02-22,20220222,Feb-22,J0014,J0014-LCD-S,S,1.0,1312.5,1247.0
2022-02-22,20220222,Feb-22,J0014,J0014-LCD-XS,XS,1.0,1312.5,1247.0
2022-02-22,20220222,Feb-22,J0014,J0014-LCD-M,M,1.0,1312.5,1247.0
2022-02-22,20220222,Feb-22,J0014,J0014-LCD-XXL,XXL,1.0,1312.5,1247.0
2022-02-22,20220222,Feb-22,J0014,J0014-LCD-XXXL,XXXL,1.0,1312.5,1247.0
2022-02-22,20220222,Feb-22,J0014,J0014-LCD-L,L,1.0,1312.5,1247.0
2022-02-22,20220222,Feb-22,J0041,J0041-SET-XXL,XXL,1.0,750.0,712.0
2022-02-22,20220222,Feb-22,J0041,J0041-SET-S,S,1.0,750.0,712.0
2022-02-22,20220222,Feb-22,J0041,J0041-SET-L,L,1.0,750.0,712.0
2022-02-22,20220222,Feb-22,J0041,J0041-SET-XL,XL,1.0,750.0,712.0
2022-02-22,20220222,Feb-22,J0041,J0041-SET-XS,XS,1.0,750.0,712.0
2022-02-22,20220222,Feb-22,J0041,J0041-SET-M,M,1.0,750.0,712.0
2022-02-22,20220222,Feb-22,J0041,J0041-SET-XXXL,XXXL,1.0,750.0,712.0
2022-02-22,20220222,Feb-22,J0096,J0096-KR-XS,XS,1.0,562.5,534.0
2022-02-22,20220222,Feb-22,J0096,J0096-KR-S,S,1.0,562.5,534.0
2022-02-22,20220222,Feb-22,J0096,J0096-KR-L,L,1.0,562.5,534.0
2022-02-22,20220222,Feb-22,J0096,J0096-KR-XXL,XXL,1.0,562.5,534.0
2022-02-22,20220222,Feb-22,J0096,J0096-KR-XXXL,XXXL,1.0,562.5,534.0
2022-02-22,20220222,Feb-22,J0118,J0118-TP-XS,XS,1.0,425.0,404.0
2022-02-22,20220222,Feb-22,J0118,J0118-TP-XL,XL,1.0,425.0,404.0
2022-02-22,20220222,Feb-22,J0118,J0118-TP-XXL,XXL,1.0,425.0,404.0
2022-02-22,20220222,Feb-22,J0118,J0118-TP-M,M,1.0,425.0,404.0
2022-02-22,20220222,Feb-22,J0118,J0118-TP-L,L,1.0,425.0,404.0
2022-02-22,20220222,Feb-22,J0118,J0118-TP-S,S,1.0,425.0,404.0
2022-02-22,20220222,Feb-22,J0118,J0118-TP-XXXL,XXXL,1.0,425.0,404.0
2022-02-22,20220222,Feb-22,J0119,J0119-TP-XS,XS,1.0,500.0,475.0
2022-02-22,20220222,Feb-22,J0119,J0119-TP-L,L,1.0,500.0,475.0
2022-02-22,20220222,Feb-22,J0119,J0119-TP-XXL,XXL,1.0,500.0,475.0
2022-02-22,20220222,Feb-22,J0119,J0119-TP-S,S,1.0,500.0,475.0
2022-02-22,20220222,Feb-22,J0119,J0119-TP-M,M,1.0,500.0,475.0
2022-02-22,20220222,Feb-22,J0119,J0119-TP-XL,XL,1.0,500.0,475.0
2022-02-22,20220222,Feb-22,J0119,J0119-TP-XXXL,XXXL,1.0,500.0,475.0
2022-02-22,20220222,Feb-22,J0120,J0120-TP-XL,XL,1.0,387.5,368.0
2022-02-22,20220222,Feb-22,J0120,J0120-TP-XS,XS,1.0,387.5,368.0
2022-02-22,20220222,Feb-22,J0120,J0120-TP-XXL,XXL,1.0,387.5,368.0
2022-02-22,20220222,Feb-22,J0120,J0120-TP-XXXL,XXXL,1.0,387.5,368.0
2022-02-22,20220222,Feb-22,J0195,J0195-TP-XL,XL,1.0,612.5,582.0
2022-02-22,20220222,Feb-22,J0195,J0195-TP-L,L,1.0,612.5,582.0
2022-02-22,20220222,Feb-22,J0195,J0195-TP-XXL,XXL,1.0,612.5,582.0
2022-02-22,20220222,Feb-22,J0195,J0195-TP-XS,XS,1.0,612.5,582.0
2022-02-22,20220222,Feb-22,J0195,J0195-TP-M,M,1.0,612.5,582.0
2022-02-22,20220222,Feb-22,J0195,J0195-TP-XXXL,XXXL,1.0,612.5,582.0
2022-02-22,20220222,Feb-22,J0195,J0195-TP-S,S,1.0,612.5,582.0
2022-02-22,20220222,Feb-22,J0197,J0197-TP-M,M,1.0,562.5,534.0
2022-02-22,20220222,Feb-22,J0197,J0197-TP-L,L,1.0,562.5,534.0
2022-02-22,20220222,Feb-22,J0197,J0197-TP-XL,XL,1.0,562.5,534.0
2022-02-22,20220222,Feb-22,J0197,J0197-TP-S,S,1.0,562.5,534.0
2022-02-22,20220222,Feb-22,J0197,J0197-TP-XXL,XXL,1.0,562.5,534.0
2022-02-22,20220222,Feb-22,J0197,J0197-TP-XS,XS,1.0,562.5,534.0
2022-02-22,20220222,Feb-22,J0197,J0197-TP-XXXL,XXXL,1.0,562.5,534.0
2022-02-22,20220222,Feb-22,J0198,J0198-TP-XXL,XXL,1.0,562.5,534.0
2022-02-22,20220222,Feb-22,J0198,J0198-TP-XS,XS,1.0,562.5,534.0
2022-02-22,20220222,Feb-22,J0198,J0198-TP-XXXL,XXXL,1.0,562.5,534.0
2022-02-22,20220222,Feb-22,J0198,J0198-TP-S,S,1.0,562.5,534.0
2022-02-22,20220222,Feb-22,J0198,J0198-TP-L,L,1.0,562.5,534.0
2022-02-22,20220222,Feb-22,J0198,J0198-TP-XL,XL,1.0,562.5,534.0
2022-02-22,20220222,Feb-22,J0198,J0198-TP-M,M,1.0,562.5,534.0
2022-02-22,20220222,Feb-22,J0201,J0201-TP-XXXL,XXXL,1.0,562.5,534.0
2022-02-22,20220222,Feb-22,J0201,J0201-TP-XXL,XXL,1.0,562.5,534.0
2022-02-22,20220222,Feb-22,J0201,J0201-TP-XS,XS,1.0,562.5,534.0
2022-02-22,20220222,Feb-22,J0203,J0203-TP-XXL,XXL,1.0,612.5,582.0
2022-02-22,20220222,Feb-22,J0203,J0203-TP-XXXL,XXXL,1.0,612.5,582.0
2022-02-22,20220222,Feb-22,J0203,J0203-TP-XS,XS,1.0,612.5,582.0
2022-02-22,20220222,Feb-22,J0203,J0203-TP-XL,XL,1.0,612.5,582.0
2022-02-22,20220222,Feb-22,J0203,J0203-TP-M,M,1.0,612.5,582.0
2022-02-22,20220222,Feb-22,J0203,J0203-TP-S,S,1.0,612.5,582.0
2022-02-22,20220222,Feb-22,J0203,J0203-TP-L,L,1.0,612.5,582.0
2022-02-22,20220222,Feb-22,J0351,J0351-SET-XL,XL,1.0,687.5,653.0
2022-02-22,20220222,Feb-22,J0351,J0351-SET-XXL,XXL,1.0,687.5,653.0
2022-02-22,20220222,Feb-22,J0351,J0351-SET-XS,XS,1.0,687.5,653.0
2022-02-22,20220222,Feb-22,J0351,J0351-SET-XXXL,XXXL,1.0,687.5,653.0
2022-02-22,20220222,Feb-22,J0351,J0351-SET-M,M,1.0,687.5,653.0
2022-02-22,20220222,Feb-22,J0351,J0351-SET-S,S,1.0,687.5,653.0
2022-02-22,20220222,Feb-22,J0351,J0351-SET-L,L,1.0,687.5,653.0
2022-02-22,20220222,Feb-22,J0354,J0354-KR-XL,XL,1.0,562.5,534.0
2022-02-22,20220222,Feb-22,J0354,J0354-KR-M,M,1.0,562.5,534.0
2022-02-22,20220222,Feb-22,JNE2014,JNE2014-KR-178-XXXL,XXXL,1.0,462.5,439.0
2022-02-22,20220222,Feb-22,JNE2014,JNE2014-KR-178-XXL,XXL,1.0,462.5,439.0
2022-02-22,20220222,Feb-22,JNE2171,JNE2171-KR-437-XL,XL,1.0,500.0,475.0
2022-02-22,20220222,Feb-22,JNE2171,JNE2171-KR-437-XS,XS,1.0,500.0,475.0
2022-02-22,20220222,Feb-22,JNE2171,JNE2171-KR-437-L,L,1.0,500.0,475.0
2022-02-22,20220222,Feb-22,JNE2171,JNE2171-KR-437-XXL,XXL,1.0,500.0,475.0
2022-02-22,20220222,Feb-22,JNE2171,JNE2171-KR-437-S,S,1.0,500.0,475.0
2022-02-22,20220222,Feb-22,JNE2171,JNE2171-KR-437-M,M,1.0,500.0,475.0
2022-02-22,20220222,Feb-22,JNE3068,JNE3068-KR-XXL,XXL,1.0,687.5,653.0
2022-02-22,20220222,Feb-22,JNE3405,JNE3405-KR-XXL,XXL,1.0,350.0,332.0
2022-02-22,20220222,Feb-22,JNE3405,JNE3405-KR-XXXL,XXXL,1.0,350.0,332.0
2022-02-22,20220222,Feb-22,JNE3405,JNE3405-KR-XL,XL,1.0,350.0,332.0
2022-02-22,20220222,Feb-22,JNE3405,JNE3405-KR-XS,XS,1.0,350.0,332.0
2022-02-22,20220222,Feb-22,JNE3405,JNE3405-KR-S,S,1.0,350.0,332.0
2022-02-22,20220222,Feb-22,JNE3405,JNE3405-KR-L,L,1.0,350.0,332.0
2022-02-22,20220222,Feb-22,JNE3405,JNE3405-KR-M,M,1.0,350.0,332.0
2022-02-22,20220222,Feb-22,JNE3423,JNE3423-KR-XXL,XXL,1.0,362.5,344.0
2022-02-22,20220222,Feb-22,JNE3439,JNE3439-KR-XXXL,XXXL,1.0,350.0,332.0
2022-02-22,20220222,Feb-22,JNE3439,JNE3439-KR-XS,XS,1.0,350.0,332.0
2022-02-22,20220222,Feb-22,JNE3439,JNE3439-KR-XXL,XXL,1.0,350.0,332.0
2022-02-22,20220222,Feb-22,JNE3439,JNE3439-KR-M,M,1.0,350.0,332.0
2022-02-22,20220222,Feb-22,JNE3439,JNE3439-KR-L,L,1.0,350.0,332.0
2022-02-22,20220222,Feb-22,JNE3439,JNE3439-KR-XL,XL,1.0,350.0,332.0
2022-02-22,20220222,Feb-22,JNE3439,JNE3439-KR-S,S,1.0,350.0,332.0
2022-02-22,20220222,Feb-22,JNE3441,JNE3441-KR-XL,XL,1.0,425.0,404.0
2022-02-22,20220222,Feb-22,JNE3441,JNE3441-KR-XXXL,XXXL,1.0,425.0,404.0
2022-02-22,20220222,Feb-22,JNE3441,JNE3441-KR-M,M,1.0,425.0,404.0
2022-02-22,20220222,Feb-22,JNE3441,JNE3441-KR-L,L,1.0,425.0,404.0
2022-02-22,20220222,Feb-22,JNE3441,JNE3441-KR-S,S,1.0,425.0,404.0
2022-02-22,20220222,Feb-22,JNE3441,JNE3441-KR-XXL,XXL,1.0,425.0,404.0
2022-02-22,20220222,Feb-22,JNE3445,JNE3445-KR-XXL,XXL,1.0,425.0,404.0
2022-02-22,20220222,Feb-22,JNE3534,JNE3534-KR-XXL,XXL,1.0,387.5,368.0
2022-02-22,20220222,Feb-22,JNE3534,JNE3534-KR-S,S,1.0,387.5,368.0
2022-02-22,20220222,Feb-22,JNE3534,JNE3534-KR-M,M,1.0,387.5,368.0
2022-02-22,20220222,Feb-22,JNE3534,JNE3534-KR-XL,XL,1.0,387.5,368.0
2022-02-22,20220222,Feb-22,JNE3534,JNE3534-KR-XXXL,XXXL,1.0,387.5,368.0
2022-02-22,20220222,Feb-22,JNE3534,JNE3534-KR-XS,XS,1.0,387.5,368.0
2022-02-22,20220222,Feb-22,JNE3534,JNE3534-KR-L,L,1.0,387.5,368.0
2022-02-22,20220222,Feb-22,JNE3546,JNE3546-KR-XL,XL,1.0,425.0,404.0
2022-02-22,20220222,Feb-22,JNE3546,JNE3546-KR-M,M,1.0,425.0,404.0
2022-02-22,20220222,Feb-22,JNE3546,JNE3546-KR-L,L,1.0,425.0,404.0
2022-02-22,20220222,Feb-22,JNE3546,JNE3546-KR-XS,XS,1.0,425.0,404.0
2022-02-22,20220222,Feb-22,JNE3553,JNE3553-KR-L,L,1.0,462.5,439.0
2022-02-22,20220222,Feb-22,JNE3553,JNE3553-KR-M,M,1.0,462.5,439.0
2022-02-22,20220222,Feb-22,JNE3553,JNE3553-KR-XXXL,XXXL,1.0,462.5,439.0
2022-02-22,20220222,Feb-22,JNE3553,JNE3553-KR-XL,XL,1.0,462.5,439.0
2022-02-22,20220222,Feb-22,JNE3553,JNE3553-KR-XS,XS,1.0,462.5,439.0
2022-02-22,20220222,Feb-22,JNE3553,JNE3553-KR-S,S,1.0,462.5,439.0
2022-02-22,20220222,Feb-22,JNE3553,JNE3553-KR-XXL,XXL,1.0,462.5,439.0
2022-02-22,20220222,Feb-22,JNE3555,JNE3555-KR-XS,XS,1.0,462.5,439.0
2022-02-22,20220222,Feb-22,JNE3555,JNE3555-KR-S.,S,1.0,462.5,439.0
2022-02-22,20220222,Feb-22,JNE3555,JNE3555-KR-L,L,1.0,462.5,439.0
2022-02-22,20220222,Feb-22,JNE3555,JNE3555-KR-XL,XL,1.0,462.5,439.0
2022-02-22,20220222,Feb-22,JNE3555,JNE3555-KR-M,M,1.0,462.5,439.0
2022-02-22,20220222,Feb-22,JNE3555,JNE3555-KR-XXL,XXL,1.0,462.5,439.0
2022-02-22,20220222,Feb-22,JNE3565,JNE3565-KR-XXL,XXL,1.0,412.5,392.0
2022-02-22,20220222,Feb-22,JNE3565,JNE3565-KR-XXXL,XXXL,1.0,412.5,392.0
2022-02-22,20220222,Feb-22,JNE3565,JNE3565-KR-M,M,1.0,412.5,392.0
2022-02-22,20220222,Feb-22,JNE3565,JNE3565-KR-S,S,1.0,412.5,392.0
2022-02-22,20220222,Feb-22,JNE3565,JNE3565-KR-XS,XS,1.0,412.5,392.0
2022-02-22,20220222,Feb-22,JNE3565,JNE3565-KR-L,L,1.0,412.5,392.0
2022-02-22,20220222,Feb-22,JNE3571,JNE3571-KR-L,L,1.0,425.0,404.0
2022-02-22,20220222,Feb-22,JNE3571,JNE3571-KR-XL,XL,1.0,425.0,404.0
2022-02-22,20220222,Feb-22,JNE3571,JNE3571-KR-S,S,1.0,425.0,404.0
2022-02-22,20220222,Feb-22,JNE3571,JNE3571-KR-XXL,XXL,1.0,425.0,404.0
2022-02-22,20220222,Feb-22,JNE3659,JNE3659-TP-M,M,1.0,350.0,332.0
2022-02-22,20220222,Feb-22,JNE3659,JNE3659-TP-S,S,1.0,350.0,332.0
2022-02-22,20220222,Feb-22,JNE3659,JNE3659-TP-XXL,XXL,1.0,350.0,332.0
2022-02-22,20220222,Feb-22,JNE3659,JNE3659-TP-XS,XS,1.0,350.0,332.0
2022-02-22,20220222,Feb-22,JNE3665,JNE3665-TP-XS,XS,1.0,387.5,368.0
2022-02-22,20220222,Feb-22,JNE3665,JNE3665-TP-XXL,XXL,1.0,387.5,368.0
2022-02-22,20220222,Feb-22,JNE3665,JNE3665-TP-XL,XL,1.0,387.5,368.0
2022-02-22,20220222,Feb-22,JNE3665,JNE3665-TP-S,S,1.0,387.5,368.0
2022-02-22,20220222,Feb-22,JNE3665,JNE3665-TP-M,M,1.0,387.5,368.0
2022-02-22,20220222,Feb-22,JNE3672,JNE3672-TU-L,L,1.0,500.0,475.0
2022-02-22,20220222,Feb-22,JNE3672,JNE3672-TU-XL,XL,1.0,500.0,475.0
2022-02-22,20220222,Feb-22,JNE3672,JNE3672-TU-XXXL,XXXL,1.0,500.0,475.0
2022-02-22,20220222,Feb-22,JNE3672,JNE3672-TU-XS,XS,1.0,500.0,475.0
2022-02-22,20220222,Feb-22,JNE3672,JNE3672-TU-S,S,1.0,500.0,475.0
2022-02-22,20220222,Feb-22,JNE3673,JNE3673-TU-XS,XS,1.0,537.5,511.0
2022-02-22,20220222,Feb-22,JNE3676,JNE3676-TU-XXXL,XXXL,1.0,412.5,392.0
2022-02-22,20220222,Feb-22,JNE3676,JNE3676-TU-XXL,XXL,1.0,412.5,392.0
2022-02-22,20220222,Feb-22,JNE3676,JNE3676-TU-XS,XS,1.0,412.5,392.0
2022-02-22,20220222,Feb-22,JNE3676,JNE3676-TU-XL,XL,1.0,412.5,392.0
2022-02-22,20220222,Feb-22,JNE3676,JNE3676-TU-M,M,1.0,412.5,392.0
2022-02-22,20220222,Feb-22,JNE3676,JNE3676-TU-S,S,1.0,412.5,392.0
2022-02-22,20220222,Feb-22,JNE3676,JNE3676-TU-L,L,1.0,412.5,392.0
2022-02-22,20220222,Feb-22,JNE3688,JNE3688-TU-XL,XL,1.0,537.5,511.0
2022-02-22,20220222,Feb-22,JNE3688,JNE3688-TU-XS,XS,1.0,537.5,511.0
2022-02-22,20220222,Feb-22,JNE3697,JNE3697-KR-L,L,1.0,462.5,439.0
2022-02-22,20220222,Feb-22,JNE3697,JNE3697-KR-S,S,1.0,462.5,439.0
2022-02-22,20220222,Feb-22,JNE3744,JNE3744-TU-XXXL,XXXL,1.0,562.5,534.0
2022-02-22,20220222,Feb-22,JNE3744,JNE3744-TU-XS,XS,1.0,562.5,534.0
2022-02-22,20220222,Feb-22,JNE3744,JNE3744-TU-XL,XL,1.0,562.5,534.0
2022-02-22,20220222,Feb-22,JNE3744,JNE3744-TU-XXL,XXL,1.0,562.5,534.0
2022-02-22,20220222,Feb-22,JNE3744,JNE3744-TU-L,L,1.0,562.5,534.0
2022-02-22,20220222,Feb-22,JNE3744,JNE3744-TU-M,M,1.0,562.5,534.0
2022-02-22,20220222,Feb-22,JNE3744,JNE3744-TU-S,S,1.0,562.5,534.0
2022-02-22,20220222,Feb-22,JNE3863,JNE3863-TU-L,L,1.0,500.0,475.0
2022-02-22,20220222,Feb-22,JNE3863,JNE3863-TU-XS,XS,1.0,500.0,475.0
2022-02-22,20220222,Feb-22,JNE3863,JNE3863-TU-S,S,1.0,500.0,475.0
2022-02-22,20220222,Feb-22,JNE3863,JNE3863-TU-XXL,XXL,1.0,500.0,475.0
2022-02-22,20220222,Feb-22,JNE3863,JNE3863-TU-XXXL,XXXL,1.0,500.0,475.0
2022-02-22,20220222,Feb-22,JNE3863,JNE3863-TU-M,M,1.0,500.0,475.0
2022-02-22,20220222,Feb-22,JNE3863,JNE3863-TU-XL,XL,1.0,500.0,475.0
2022-02-22,20220222,Feb-22,PJNE2014,PJNE2014-KR-4XL,4XL,1.0,650.0,618.0
2022-02-22,20220222,Feb-22,PJNE2014,PJNE2014-KR-6XL,6XL,1.0,650.0,618.0
2022-02-22,20220222,Feb-22,PJNE2014,PJNE2014-KR-5XL,5XL,1.0,650.0,618.0
2022-02-22,20220222,Feb-22,PJNE3405,PJNE3405-KR-4XL,4XL,1.0,462.5,439.0
2022-02-22,20220222,Feb-22,PJNE3405,PJNE3405-KR-5XL,5XL,1.0,462.5,439.0
2022-02-22,20220222,Feb-22,PJNE3405,PJNE3405-KR-6XL,6XL,1.0,462.5,439.0
2022-02-22,20220222,Feb-22,PJNE3423,PJNE3423-KR-4XL,4XL,1.0,537.5,511.0
2022-02-22,20220222,Feb-22,PJNE3423,PJNE3423-KR-5XL,5XL,1.0,537.5,511.0
2022-02-22,20220222,Feb-22,PJNE3445,PJNE3445-KR-5XL,5XL,1.0,537.5,511.0
2022-02-22,20220222,Feb-22,PJNE3445,PJNE3445-KR-4XL,4XL,1.0,537.5,511.0
2022-02-22,20220222,Feb-22,PJNE3445,PJNE3445-KR-6XL,6XL,1.0,537.5,511.0
2022-02-22,20220222,Feb-22,SET098,SET098-KR-PP-XXXL,XXXL,1.0,900.0,855.0
2022-02-22,20220222,Feb-22,SET098,SET098-KR-PP-XXL,XXL,1.0,900.0,855.0
2022-02-22,20220222,Feb-22,SET098,SET098-KR-PP-L,L,1.0,900.0,855.0
2022-02-22,20220222,Feb-22,SET098,SET098-KR-PP-XL,XL,1.0,900.0,855.0
2022-02-22,20220222,Feb-22,SET098,SET098-KR-PP-XS,XS,1.0,900.0,855.0
2022-02-22,20220222,Feb-22,SET098,SET098-KR-PP-M,M,1.0,900.0,855.0
2022-02-22,20220222,Feb-22,SET098,SET098-KR-PP-S,S,1.0,900.0,855.0
2022-02-22,20220222,Feb-22,SET273,SET273-KR-NP-S,S,1.0,687.5,653.0
2022-02-22,20220222,Feb-22,SET273,SET273-KR-NP-XS,XS,1.0,687.5,653.0
2022-02-22,20220222,Feb-22,SET273,SET273-KR-NP-L,L,1.0,687.5,653.0
2022-02-22,20220222,Feb-22,SET273,SET273-KR-NP-XXL,XXL,1.0,687.5,653.0
2022-02-22,20220222,Feb-22,SET273,SET273-KR-NP-XXXL,XXXL,1.0,687.5,653.0
2022-02-22,20220222,Feb-22,SET273,SET273-KR-NP-XL,XL,1.0,687.5,653.0
2022-02-22,20220222,Feb-22,SET289,SET289-KR-NP-S,S,1.0,687.5,653.0
2022-02-22,20220222,Feb-22,SET289,SET289-KR-NP-XXXL,XXXL,1.0,687.5,653.0
2022-02-22,20220222,Feb-22,SET289,SET289-KR-NP-XXL,XXL,1.0,687.5,653.0
2022-02-22,20220222,Feb-22,SET289,SET289-KR-NP-M,M,1.0,687.5,653.0
2022-02-22,20220222,Feb-22,SET289,SET289-KR-NP-L,L,1.0,687.5,653.0
2022-02-22,20220222,Feb-22,SET289,SET289-KR-NP-XL,XL,1.0,687.5,653.0
2022-02-22,20220222,Feb-22,SET289,SET289-KR-NP-XS,XS,1.0,687.5,653.0
2022-02-22,20220222,Feb-22,SET327,SET327-KR-DPT-S,S,1.0,1000.0,950.0
2022-02-22,20220222,Feb-22,SET327,SET327-KR-DPT-XXXL,XXXL,1.0,1000.0,950.0
2022-02-22,20220222,Feb-22,SET327,SET327-KR-DPT-XS,XS,1.0,1000.0,950.0
2022-02-22,20220222,Feb-22,SET327,SET327-KR-DPT-XXL,XXL,1.0,1000.0,950.0
2022-02-22,20220222,Feb-22,SET347,SET347-KR-NP-XXL,XXL,1.0,925.0,879.0
2022-02-22,20220222,Feb-22,SET347,SET347-KR-NP-XXXL,XXXL,1.0,925.0,879.0
2022-02-22,20220222,Feb-22,SET347,SET347-KR-NP-XL,XL,1.0,925.0,879.0
2022-02-22,20220222,Feb-22,SET347,SET347-KR-NP-L,L,1.0,925.0,879.0
2022-02-22,20220222,Feb-22,SET347,SET347-KR-NP-XS,XS,1.0,925.0,879.0
2022-02-22,20220222,Feb-22,SET347,SET347-KR-NP-M,M,1.0,925.0,879.0
2022-02-22,20220222,Feb-22,SET347,SET347-KR-NP-S,S,1.0,925.0,879.0
2022-02-22,20220222,Feb-22,JNE1977,JNE1977-KR-237-M,M,1.0,312.5,312.0
2022-02-22,20220222,Feb-22,JNE3421,JNE3421-KR-XXL,XXL,1.0,362.5,362.0
2022-02-22,20220222,Feb-22,JNE3405,JNE3405-KR-M,M,1.0,350.0,350.0
2022-02-22,20220222,Feb-22,SAR031,SAR031,Free,1.0,848.75,849.0
2022-02-22,20220222,Feb-22,PJNE1906,PJNE1906-KR-4XL,4XL,1.0,587.5,588.0
2022-02-22,20220222,Feb-22,JNE3373,JNE3373-KR-M,M,1.0,525.0,525.0
2022-02-22,20220222,Feb-22,JNE3459,JNE3459-KR-XXXL,XXXL,1.0,687.5,688.0
2022-02-22,20220222,Feb-22,J0136,J0136-KR-XXXL,XXXL,1.0,500.0,500.0
2022-02-22,20220222,Feb-22,J0097,J0097-KR-M,M,1.0,562.5,562.0
2022-02-22,20220222,Feb-22,JNE3273,JNE3273-KR-XXXL,XXXL,1.0,650.0,650.0
2022-02-22,20220222,Feb-22,JNE3160,JNE3160-KR-M,M,1.0,687.5,688.0
2022-02-22,20220222,Feb-22,JNE3042,JNE3042-KR-M,M,1.0,462.5,462.0
2022-02-22,20220222,Feb-22,JNE3795,JNE3795-KR-M,M,1.0,650.0,650.0
2022-02-22,20220222,Feb-22,JNE3738,JNE3738-KR-XXL,XXL,1.0,562.5,562.0
2022-02-22,20220222,Feb-22,JNE3726,JNE3726-KR-XXXL,XXXL,1.0,431.25,431.0
2022-02-22,20220222,Feb-22,SET289,SET289-KR-NP-L,L,1.0,687.5,688.0
2022-02-22,20220222,Feb-22,SET327,SET327-KR-DPT-XXXL,XXXL,1.0,1000.0,1000.0
2022-02-22,20220222,Feb-22,J0306,J0306-DR-L,L,1.0,650.0,650.0
2022-02-22,20220222,Feb-22,J0339,J0339-DR-XXXL,XXXL,1.0,775.0,775.0
2022-02-22,20220222,Feb-22,JNE3708,JNE3708-TU-XXXL,XXXL,1.0,650.0,650.0
2022-02-22,20220222,Feb-22,J0172,J0172-TP-L,L,1.0,425.0,425.0
2022-02-23,20220223,Feb-22,BL099,BL099-XL,XL,1.0,231.25,227.0
2022-02-23,20220223,Feb-22,BL099,BL099-XXL,XXL,1.0,231.25,227.0
2022-02-23,20220223,Feb-22,BTM008,BTM008-XXL,XXL,1.0,425.0,416.0
2022-02-23,20220223,Feb-22,BTM021,BTM021-XXL,XXL,1.0,425.0,416.0
2022-02-23,20220223,Feb-22,BTM031,BTM031-NP-XXL,XXL,1.0,425.0,416.0
2022-02-23,20220223,Feb-22,J0157,J0157-DR-M,M,1.0,562.5,551.0
2022-02-23,20220223,Feb-22,J0157,J0157-DR-XL,XL,1.0,562.5,551.0
2022-02-23,20220223,Feb-22,J0157,J0157-DR-XXL,XXL,1.0,562.5,551.0
2022-02-23,20220223,Feb-22,J0196,J0196-TP-L,L,1.0,537.5,527.0
2022-02-23,20220223,Feb-22,J0196,J0196-TP-XL,XL,1.0,537.5,527.0
2022-02-23,20220223,Feb-22,J0196,J0196-TP-XXL,XXL,1.0,537.5,527.0
2022-02-23,20220223,Feb-22,J0207,J0207-DR-L,L,1.0,775.0,760.0
2022-02-23,20220223,Feb-22,J0207,J0207-DR-M,M,1.0,775.0,760.0
2022-02-23,20220223,Feb-22,J0207,J0207-DR-XL,XL,1.0,775.0,760.0
2022-02-23,20220223,Feb-22,J0207,J0207-DR-XXL,XXL,1.0,775.0,760.0
2022-02-23,20220223,Feb-22,J0208,J0208-DR-L,L,1.0,687.5,674.0
2022-02-23,20220223,Feb-22,J0208,J0208-DR-M,M,1.0,687.5,674.0
2022-02-23,20220223,Feb-22,J0208,J0208-DR-XL,XL,1.0,687.5,674.0
2022-02-23,20220223,Feb-22,J0208,J0208-DR-XXL,XXL,1.0,687.5,674.0
2022-02-23,20220223,Feb-22,J0212,J0212-DR-L,L,1.0,775.0,760.0
2022-02-23,20220223,Feb-22,J0212,J0212-DR-M,M,1.0,775.0,760.0
2022-02-23,20220223,Feb-22,J0212,J0212-DR-XL,XL,1.0,775.0,760.0
2022-02-23,20220223,Feb-22,J0212,J0212-DR-XXL,XXL,1.0,775.0,760.0
2022-02-23,20220223,Feb-22,J0344,J0344-TP-L,L,1.0,425.0,416.0
2022-02-23,20220223,Feb-22,J0344,J0344-TP-XL,XL,1.0,425.0,416.0
2022-02-23,20220223,Feb-22,J0344,J0344-TP-XXL,XXL,1.0,425.0,416.0
2022-02-23,20220223,Feb-22,JNE2009,JNE2009-KR-310-L,L,1.0,462.5,453.0
2022-02-23,20220223,Feb-22,JNE2009,JNE2009-KR-310-XL,XL,1.0,462.5,453.0
2022-02-23,20220223,Feb-22,JNE2009,JNE2009-KR-310-XXL,XXL,1.0,462.5,453.0
2022-02-23,20220223,Feb-22,JNE3366,JNE3366-KR-1053-L,L,1.0,525.0,514.0
2022-02-23,20220223,Feb-22,JNE3366,JNE3366-KR-1053-XL,XL,1.0,525.0,514.0
2022-02-23,20220223,Feb-22,JNE3366,JNE3366-KR-1053-XXL,XXL,1.0,525.0,514.0
2022-02-23,20220223,Feb-22,JNE3384,JNE3384-KR-L,L,1.0,462.5,453.0
2022-02-23,20220223,Feb-22,JNE3384,JNE3384-KR-XL,XL,1.0,462.5,453.0
2022-02-23,20220223,Feb-22,JNE3384,JNE3384-KR-XXL,XXL,1.0,462.5,453.0
2022-02-23,20220223,Feb-22,JNE3396,JNE3396-KR-L,L,1.0,587.5,576.0
2022-02-23,20220223,Feb-22,JNE3396,JNE3396-KR-XL,XL,1.0,587.5,576.0
2022-02-23,20220223,Feb-22,JNE3396,JNE3396-KR-XXL,XXL,1.0,587.5,576.0
2022-02-23,20220223,Feb-22,JNE3535,JNE3535-KR-L,L,1.0,387.5,380.0
2022-02-23,20220223,Feb-22,JNE3535,JNE3535-KR-XL,XL,1.0,387.5,380.0
2022-02-23,20220223,Feb-22,JNE3535,JNE3535-KR-XXL,XXL,1.0,387.5,380.0
2022-02-23,20220223,Feb-22,JNE3548,JNE3548-KR-L,L,1.0,462.5,453.0
2022-02-23,20220223,Feb-22,JNE3548,JNE3548-KR-XL,XL,1.0,462.5,453.0
2022-02-23,20220223,Feb-22,JNE3548,JNE3548-KR-XXL,XXL,1.0,462.5,453.0
2022-02-23,20220223,Feb-22,JNE3559,JNE3559-KR-L,L,1.0,462.5,453.0
2022-02-23,20220223,Feb-22,JNE3559,JNE3559-KR-XL,XL,1.0,462.5,453.0
2022-02-23,20220223,Feb-22,JNE3559,JNE3559-KR-XXL,XXL,1.0,462.5,453.0
2022-02-23,20220223,Feb-22,JNE3639,JNE3639-TP-L,L,1.0,425.0,416.0
2022-02-23,20220223,Feb-22,JNE3639,JNE3639-TP-XL,XL,1.0,425.0,416.0
2022-02-23,20220223,Feb-22,JNE3639,JNE3639-TP-XXL,XXL,1.0,425.0,416.0
2022-02-23,20220223,Feb-22,JNE3640,JNE3640-TP-L,L,1.0,425.0,416.0
2022-02-23,20220223,Feb-22,JNE3640,JNE3640-TP-XL,XL,1.0,425.0,416.0
2022-02-23,20220223,Feb-22,JNE3640,JNE3640-TP-XXL,XXL,1.0,425.0,416.0
2022-02-23,20220223,Feb-22,JNE3680,JNE3680-TU-L,L,1.0,462.5,453.0
2022-02-23,20220223,Feb-22,JNE3680,JNE3680-TU-XL,XL,1.0,462.5,453.0
2022-02-23,20220223,Feb-22,JNE3680,JNE3680-TU-XXL,XXL,1.0,462.5,453.0
2022-02-23,20220223,Feb-22,JNE3687,JNE3687-TU-L,L,1.0,462.5,453.0
2022-02-23,20220223,Feb-22,JNE3687,JNE3687-TU-XL,XL,1.0,462.5,453.0
2022-02-23,20220223,Feb-22,JNE3687,JNE3687-TU-XXL,XXL,1.0,462.5,453.0
2022-02-23,20220223,Feb-22,JNE3710,JNE3710-DR-L,L,1.0,687.5,674.0
2022-02-23,20220223,Feb-22,JNE3710,JNE3710-DR-M,M,1.0,687.5,674.0
2022-02-23,20220223,Feb-22,JNE3710,JNE3710-DR-XL,XL,1.0,687.5,674.0
2022-02-23,20220223,Feb-22,JNE3710,JNE3710-DR-XXL,XXL,1.0,687.5,674.0
2022-02-23,20220223,Feb-22,JNE3770,JNE3770-KR-L,L,1.0,525.0,514.0
2022-02-23,20220223,Feb-22,JNE3770,JNE3770-KR-XL,XL,1.0,525.0,514.0
2022-02-23,20220223,Feb-22,JNE3770,JNE3770-KR-XXL,XXL,1.0,525.0,514.0
2022-02-23,20220223,Feb-22,JNE3805,JNE3805-KR-L,L,1.0,425.0,416.0
2022-02-23,20220223,Feb-22,JNE3805,JNE3805-KR-XL,XL,1.0,425.0,416.0
2022-02-23,20220223,Feb-22,JNE3805,JNE3805-KR-XXL,XXL,1.0,425.0,416.0
2022-02-24,20220224,Feb-22,SAR027,SAR027,Free,1.0,661.25,661.0
2022-02-24,20220224,Feb-22,SAR038,SAR038,Free,1.0,811.25,811.0
2022-02-24,20220224,Feb-22,SAR103,SAR103-FREE,FREE,1.0,561.25,561.0
2022-02-24,20220224,Feb-22,JNE3547,JNE3547-KR-XL,XL,1.0,462.5,462.0
2022-02-24,20220224,Feb-22,J0006,J0006-SET-XL,XL,1.0,925.0,925.0
2022-02-24,20220224,Feb-22,SET316,SET316-KR-DPT-S,S,1.0,1312.5,1312.0
2022-02-24,20220224,Feb-22,SAR102,SAR102-FREE,FREE,1.0,561.25,561.0
2022-02-24,20220224,Feb-22,J0249,J0249-SKD-XXXL,XXXL,1.0,1037.5,1038.0
2022-02-24,20220224,Feb-22,SET305,SET305-KR-DPT-XL,XL,1.0,1037.5,1038.0
2022-02-24,20220224,Feb-22,JNE3548,JNE3548-KR-XL,XL,1.0,462.5,462.0
2022-02-24,20220224,Feb-22,SET305,SET305-KR-DPT-S,S,1.0,1037.5,1038.0
2022-02-24,20220224,Feb-22,SET285,SET285-KR-SHA-S,S,1.0,612.5,612.0
2022-02-24,20220224,Feb-22,J0006,J0006-SET-M,M,1.0,925.0,925.0
2022-02-24,20220224,Feb-22,JNE3548,JNE3548-KR-XXXL,XXXL,1.0,462.5,462.0
2022-02-24,20220224,Feb-22,J0006,J0006-SET-XXXL,XXXL,1.0,925.0,925.0
2022-02-24,20220224,Feb-22,J0248,J0248-SET-XXXL,XXXL,1.0,1125.0,1125.0
2022-02-24,20220224,Feb-22,J0217,J0217-BL-XXL,XXL,1.0,612.5,612.0
2022-02-24,20220224,Feb-22,JNE3440,JNE3440-KR-L,L,3.0,387.5,1104.0
2022-02-24,20220224,Feb-22,JNE3440,JNE3440-KR-M,M,3.0,387.5,1104.0
2022-02-24,20220224,Feb-22,JNE3440,JNE3440-KR-S,S,2.0,387.5,736.0
2022-02-24,20220224,Feb-22,JNE3440,JNE3440-KR-XL,XL,3.0,387.5,1104.0
2022-02-24,20220224,Feb-22,JNE3440,JNE3440-KR-XXL,XXL,3.0,387.5,1104.0
2022-02-24,20220224,Feb-22,JNE3548,JNE3548-KR-L,L,3.0,462.5,1318.0
2022-02-24,20220224,Feb-22,JNE3548,JNE3548-KR-M,M,3.0,462.5,1318.0
2022-02-24,20220224,Feb-22,JNE3548,JNE3548-KR-S,S,3.0,462.5,1318.0
2022-02-24,20220224,Feb-22,JNE3548,JNE3548-KR-XL,XL,3.0,462.5,1318.0
2022-02-24,20220224,Feb-22,JNE3548,JNE3548-KR-XXL,XXL,3.0,462.5,1318.0
2022-02-24,20220224,Feb-22,JNE3549,JNE3549-KR-L,L,3.0,412.5,1176.0
2022-02-24,20220224,Feb-22,JNE3549,JNE3549-KR-M,M,3.0,412.5,1176.0
2022-02-24,20220224,Feb-22,JNE3549,JNE3549-KR-S,S,3.0,412.5,1176.0
2022-02-24,20220224,Feb-22,JNE3549,JNE3549-KR-XL,XL,3.0,412.5,1176.0
2022-02-24,20220224,Feb-22,JNE3549,JNE3549-KR-XXL,XXL,3.0,412.5,1176.0
2022-02-24,20220224,Feb-22,JNE3553,JNE3553-KR-L,L,2.0,462.5,879.0
2022-02-24,20220224,Feb-22,JNE3553,JNE3553-KR-M,M,2.0,462.5,879.0
2022-02-24,20220224,Feb-22,JNE3553,JNE3553-KR-S,S,2.0,462.5,879.0
2022-02-24,20220224,Feb-22,JNE3553,JNE3553-KR-XL,XL,2.0,462.5,879.0
2022-02-24,20220224,Feb-22,JNE3553,JNE3553-KR-XXL,XXL,2.0,462.5,879.0
2022-02-24,20220224,Feb-22,JNE3560,JNE3560-KR-L,L,5.0,462.5,2197.0
2022-02-24,20220224,Feb-22,JNE3560,JNE3560-KR-M,M,5.0,462.5,2197.0
2022-02-24,20220224,Feb-22,JNE3560,JNE3560-KR-S,S,3.0,462.5,1318.0
2022-02-24,20220224,Feb-22,JNE3560,JNE3560-KR-XL,XL,5.0,462.5,2197.0
2022-02-24,20220224,Feb-22,JNE3560,JNE3560-KR-XS,XS,3.0,462.5,1318.0
2022-02-24,20220224,Feb-22,JNE3560,JNE3560-KR-XXL,XXL,3.0,462.5,1318.0
2022-02-24,20220224,Feb-22,JNE3560,JNE3560-KR-XXXL,XXXL,3.0,462.5,1318.0
2022-02-24,20220224,Feb-22,JNE3567,JNE3567-KR-L,L,5.0,425.0,2019.0
2022-02-24,20220224,Feb-22,JNE3567,JNE3567-KR-M,M,5.0,425.0,2019.0
2022-02-24,20220224,Feb-22,JNE3567,JNE3567-KR-S,S,3.0,425.0,1211.0
2022-02-24,20220224,Feb-22,JNE3567,JNE3567-KR-XL,XL,5.0,425.0,2019.0
2022-02-24,20220224,Feb-22,JNE3567,JNE3567-KR-XXL,XXL,3.0,425.0,1211.0
2022-02-24,20220224,Feb-22,JNE3567,JNE3567-KR-XXXL,XXXL,3.0,425.0,1211.0
2022-02-24,20220224,Feb-22,JNE3576,JNE3576-KR-L,L,2.0,425.0,808.0
2022-02-24,20220224,Feb-22,JNE3576,JNE3576-KR-M,M,2.0,425.0,808.0
2022-02-24,20220224,Feb-22,JNE3576,JNE3576-KR-S,S,2.0,425.0,808.0
2022-02-24,20220224,Feb-22,JNE3576,JNE3576-KR-XL,XL,2.0,425.0,808.0
2022-02-24,20220224,Feb-22,JNE3576,JNE3576-KR-XXL,XXL,2.0,425.0,808.0
2022-02-24,20220224,Feb-22,JNE3605,JNE3605-KR-L,L,5.0,462.5,2197.0
2022-02-24,20220224,Feb-22,JNE3605,JNE3605-KR-M,M,3.0,462.5,1318.0
2022-02-24,20220224,Feb-22,JNE3605,JNE3605-KR-S,S,2.0,462.5,879.0
2022-02-24,20220224,Feb-22,JNE3605,JNE3605-KR-XL,XL,5.0,462.5,2197.0
2022-02-24,20220224,Feb-22,JNE3605,JNE3605-KR-XXL,XXL,5.0,462.5,2197.0
2022-02-24,20220224,Feb-22,JNE3605,JNE3605-KR-XXXL,XXXL,3.0,462.5,1318.0
2022-02-24,20220224,Feb-22,JNE3722,JNE3722-KR-L,L,4.0,362.5,1378.0
2022-02-24,20220224,Feb-22,JNE3722,JNE3722-KR-M,M,4.0,362.5,1378.0
2022-02-24,20220224,Feb-22,JNE3722,JNE3722-KR-S,S,4.0,362.5,1378.0
2022-02-24,20220224,Feb-22,JNE3722,JNE3722-KR-XL,XL,4.0,362.5,1378.0
2022-02-24,20220224,Feb-22,JNE3722,JNE3722-KR-XS,XS,2.0,362.5,689.0
2022-02-24,20220224,Feb-22,JNE3722,JNE3722-KR-XXL,XXL,4.0,362.5,1378.0
2022-02-24,20220224,Feb-22,JNE3759,JNE3759-KR-L,L,5.0,500.0,2375.0
2022-02-24,20220224,Feb-22,JNE3759,JNE3759-KR-M,M,5.0,500.0,2375.0
2022-02-24,20220224,Feb-22,JNE3759,JNE3759-KR-S,S,5.0,500.0,2375.0
2022-02-24,20220224,Feb-22,JNE3759,JNE3759-KR-XL,XL,3.0,500.0,1425.0
2022-02-24,20220224,Feb-22,JNE3759,JNE3759-KR-XXL,XXL,3.0,500.0,1425.0
2022-02-24,20220224,Feb-22,SET184,SET184-KR-PP-L,L,2.0,612.5,1164.0
2022-02-24,20220224,Feb-22,SET184,SET184-KR-PP-M,M,2.0,612.5,1164.0
2022-02-24,20220224,Feb-22,SET184,SET184-KR-PP-S,S,2.0,612.5,1164.0
2022-02-24,20220224,Feb-22,SET184,SET184-KR-PP-XL,XL,2.0,612.5,1164.0
2022-02-24,20220224,Feb-22,SET184,SET184-KR-PP-XXL,XXL,2.0,612.5,1164.0
2022-02-24,20220224,Feb-22,SET248,SET248-KR-NP-L,L,2.0,687.5,1306.0
2022-02-24,20220224,Feb-22,SET248,SET248-KR-NP-M,M,2.0,687.5,1306.0
2022-02-24,20220224,Feb-22,SET248,SET248-KR-NP-S,S,2.0,687.5,1306.0
2022-02-24,20220224,Feb-22,SET248,SET248-KR-NP-XL,XL,2.0,687.5,1306.0
2022-02-24,20220224,Feb-22,SET248,SET248-KR-NP-XS,XS,1.0,687.5,653.0
2022-02-24,20220224,Feb-22,SET287,SET287-KR-NP-L,L,2.0,612.5,1164.0
2022-02-24,20220224,Feb-22,SET287,SET287-KR-NP-M,M,2.0,612.5,1164.0
2022-02-24,20220224,Feb-22,SET287,SET287-KR-NP-S,S,2.0,612.5,1164.0
2022-02-24,20220224,Feb-22,SET287,SET287-KR-NP-XL,XL,2.0,612.5,1164.0
2022-02-24,20220224,Feb-22,SET287,SET287-KR-NP-XXL,XXL,2.0,612.5,1164.0
2022-02-24,20220224,Feb-22,SET397,SET397-KR-NP-L,L,2.0,1350.0,2565.0
2022-02-24,20220224,Feb-22,SET397,SET397-KR-NP-XL,XL,2.0,1350.0,2565.0
2022-02-24,20220224,Feb-22,SET397,SET397-KR-NP-XXL,XXL,2.0,1350.0,2565.0
2022-02-24,20220224,Feb-22,SET397,SET397-KR-NP-XXXL,XXXL,2.0,1350.0,2565.0
2022-02-25,20220225,Feb-22,JNE3535,JNE3535-KR-XL,XL,2.0,387.5,775.0
2022-02-25,20220225,Feb-22,JNE3535,JNE3535-KR-S,S,2.0,387.5,775.0
2022-02-25,20220225,Feb-22,JNE3571,JNE3571-KR-XL,XL,2.0,425.0,850.0
2022-02-25,20220225,Feb-22,JNE3571,JNE3571-KR-S,S,2.0,425.0,850.0
2022-02-25,20220225,Feb-22,JNE3759,JNE3759-KR-L,L,2.0,500.0,1000.0
2022-02-25,20220225,Feb-22,JNE3759,JNE3759-KR-M,M,1.0,500.0,500.0
2022-02-25,20220225,Feb-22,JNE3759,JNE3759-KR-S,S,3.0,500.0,1500.0
2022-02-25,20220225,Feb-22,JNE3767,JNE3767-KR-S,S,2.0,562.5,1125.0
2022-02-25,20220225,Feb-22,JNE3767,JNE3767-KR-XS,XS,2.0,562.5,1125.0
2022-02-25,20220225,Feb-22,JNE3751,JNE3751-KR-L,L,3.0,462.5,1388.0
2022-02-25,20220225,Feb-22,JNE3751,JNE3751-KR-M,M,3.0,462.5,1388.0
2022-02-25,20220225,Feb-22,JNE3751,JNE3751-KR-S,S,3.0,462.5,1388.0
2022-02-25,20220225,Feb-22,JNE3567,JNE3567-KR-L,L,2.0,425.0,850.0
2022-02-25,20220225,Feb-22,JNE3405,JNE3405-KR-L,L,2.0,350.0,700.0
2022-02-25,20220225,Feb-22,JNE3567,JNE3567-KR-M,M,2.0,425.0,850.0
2022-02-25,20220225,Feb-22,JNE3405,JNE3405-KR-M,M,2.0,350.0,700.0
2022-02-25,20220225,Feb-22,JNE3567,JNE3567-KR-S,S,2.0,425.0,850.0
2022-02-25,20220225,Feb-22,JNE3405,JNE3405-KR-S,S,2.0,350.0,700.0
2022-02-25,20220225,Feb-22,JNE3567,JNE3567-KR-XS,XS,2.0,425.0,850.0
2022-02-25,20220225,Feb-22,JNE3732,JNE3732-KR-L,L,3.0,500.0,1500.0
2022-02-25,20220225,Feb-22,JNE3732,JNE3732-KR-M,M,3.0,500.0,1500.0
2022-02-25,20220225,Feb-22,JNE3732,JNE3732-KR-S,S,4.0,500.0,2000.0
2022-02-25,20220225,Feb-22,JNE3732,JNE3732-KR-XS,XS,2.0,500.0,1000.0
2022-02-25,20220225,Feb-22,JNE3449,JNE3449-KR-S,S,2.0,356.25,712.0
2022-02-25,20220225,Feb-22,JNE3449,JNE3449-KR-M,M,2.0,356.25,712.0
2022-02-25,20220225,Feb-22,JNE3449,JNE3449-KR-L,L,1.0,356.25,356.0
2022-02-25,20220225,Feb-22,JNE3535,JNE3535-KR-M,M,2.0,387.5,775.0
2022-02-25,20220225,Feb-22,JNE3535,JNE3535-KR-L,L,2.0,387.5,775.0
2022-02-25,20220225,Feb-22,JNE3564,JNE3564-KR-S,S,3.0,425.0,1275.0
2022-02-25,20220225,Feb-22,JNE3564,JNE3564-KR-M,M,2.0,425.0,850.0
2022-02-25,20220225,Feb-22,JNE3571,JNE3571-KR-M,M,2.0,425.0,850.0
2022-02-25,20220225,Feb-22,JNE3435,JNE3435-KR-S,S,2.0,425.0,850.0
2022-02-25,20220225,Feb-22,JNE3435,JNE3435-KR-M,M,3.0,425.0,1275.0
2022-02-25,20220225,Feb-22,JNE3405,JNE3405-KR-XL,XL,1.0,350.0,350.0
2022-02-25,20220225,Feb-22,JNE3428,JNE3428-KR-S,S,1.0,293.75,294.0
2022-02-25,20220225,Feb-22,JNE3507,JNE3507-KR-S,S,1.0,306.25,306.0
2022-02-25,20220225,Feb-22,SET333,SET333-KR-DPT-L,L,1.0,1075.0,1075.0
2022-02-25,20220225,Feb-22,SET285,SET285-KR-SHA-XS,XS,1.0,612.5,612.0
2022-02-25,20220225,Feb-22,SET058,SET058-KR-NP-M,M,1.0,1000.0,1000.0
2022-02-25,20220225,Feb-22,SET144,SET144-KR-NP-L,L,1.0,825.0,825.0
2022-02-25,20220225,Feb-22,SET186,SET186-KR-DH-L,L,1.0,825.0,825.0
2022-02-25,20220225,Feb-22,JNE3564,JNE3564-KR-L,L,1.0,425.0,425.0
2022-02-25,20220225,Feb-22,SET316,SET316-KR-DPT-XS,XS,1.0,1312.5,1312.0
2022-02-25,20220225,Feb-22,SET316,SET316-KR-DPT-M,M,1.0,1312.5,1312.0
2022-02-25,20220225,Feb-22,JNE3252,JNE3252-KR-M,M,1.0,475.0,475.0
2022-02-25,20220225,Feb-22,JNE3373,JNE3373-KR-XS,XS,1.0,525.0,525.0
2022-02-25,20220225,Feb-22,JNE3383,JNE3383-KR-L,L,1.0,650.0,650.0
2022-02-25,20220225,Feb-22,JNE3548,JNE3548-KR-L,L,1.0,462.5,439.0
2022-02-25,20220225,Feb-22,JNE3548,JNE3548-KR-M,M,1.0,462.5,439.0
2022-02-25,20220225,Feb-22,JNE3548,JNE3548-KR-S,S,1.0,462.5,439.0
2022-02-25,20220225,Feb-22,JNE3548,JNE3548-KR-XL,XL,1.0,462.5,439.0
2022-02-25,20220225,Feb-22,JNE3548,JNE3548-KR-XS,XS,1.0,462.5,439.0
2022-02-25,20220225,Feb-22,SET262,SET262-KR-NP-L,L,1.0,743.75,707.0
2022-02-25,20220225,Feb-22,SET262,SET262-KR-NP-M,M,1.0,743.75,707.0
2022-02-25,20220225,Feb-22,SET262,SET262-KR-NP-S,S,1.0,743.75,707.0
2022-02-25,20220225,Feb-22,SET262,SET262-KR-NP-XL,XL,1.0,743.75,707.0
2022-02-25,20220225,Feb-22,SET262,SET262-KR-NP-XXL,XXL,1.0,743.75,707.0
2022-02-25,20220225,Feb-22,SET270,SET270-KR-PP-L,L,1.0,718.75,683.0
2022-02-25,20220225,Feb-22,SET270,SET270-KR-PP-M,M,1.0,718.75,683.0
2022-02-25,20220225,Feb-22,SET270,SET270-KR-PP-S,S,1.0,718.75,683.0
2022-02-25,20220225,Feb-22,SET270,SET270-KR-PP-XL,XL,1.0,718.75,683.0
2022-02-25,20220225,Feb-22,SET270,SET270-KR-PP-XXL,XXL,1.0,718.75,683.0
2022-02-25,20220225,Feb-22,SET348,SET348-KR-NP-L,L,1.0,1312.5,1247.0
2022-02-25,20220225,Feb-22,SET348,SET348-KR-NP-S,S,1.0,1312.5,1247.0
2022-02-25,20220225,Feb-22,SET348,SET348-KR-NP-XL,XL,1.0,1312.5,1247.0
2022-02-25,20220225,Feb-22,SET373,SET373-KR-PP-L,L,1.0,1000.0,950.0
2022-02-25,20220225,Feb-22,SET373,SET373-KR-PP-M,M,1.0,1000.0,950.0
2022-02-25,20220225,Feb-22,SET373,SET373-KR-PP-S,S,1.0,1000.0,950.0
2022-02-25,20220225,Feb-22,SET373,SET373-KR-PP-XL,XL,1.0,1000.0,950.0
2022-02-25,20220225,Feb-22,SET373,SET373-KR-PP-XXL,XXL,1.0,1000.0,950.0
2022-02-25,20220225,Feb-22,SET380,SET380-KR-NP-M,M,1.0,1350.0,1282.0
2022-02-25,20220225,Feb-22,SET380,SET380-KR-NP-XXL,XXL,1.0,1350.0,1282.0
2022-02-25,20220225,Feb-22,SET380,SET380-KR-NP-S,S,1.0,1350.0,1282.0
2022-02-25,20220225,Feb-22,SET380,SET380-KR-NP-XL,XL,1.0,1350.0,1282.0
2022-02-25,20220225,Feb-22,SET380,SET380-KR-NP-L,L,1.0,1350.0,1282.0
2022-02-25,20220225,Feb-22,SET396,SET396-KR-PP-L,L,1.0,1312.5,1247.0
2022-02-25,20220225,Feb-22,SET396,SET396-KR-PP-M,M,1.0,1312.5,1247.0
2022-02-25,20220225,Feb-22,SET396,SET396-KR-PP-S,S,1.0,1312.5,1247.0
2022-02-25,20220225,Feb-22,SET275,SET275-KR-NP-S,S,1.0,868.75,825.0
2022-02-25,20220225,Feb-22,SET275,SET275-KR-NP-L,L,1.0,868.75,825.0
2022-02-25,20220225,Feb-22,SET275,SET275-KR-NP-M,M,1.0,868.75,825.0
2022-02-25,20220225,Feb-22,SET275,SET275-KR-NP-XL,XL,1.0,868.75,825.0
2022-02-25,20220225,Feb-22,SET275,SET275-KR-NP-XXL,XXL,1.0,868.75,825.0
2022-02-25,20220225,Feb-22,SET396,SET396-KR-PP-XL,XL,1.0,1312.5,1247.0
2022-02-25,20220225,Feb-22,SET396,SET396-KR-PP-XXL,XXL,1.0,1312.5,1247.0
2022-02-25,20220225,Feb-22,J0198,J0198-TP-XXL,XXL,1.0,562.5,534.0
2022-02-25,20220225,Feb-22,J0374,J0374-KR-XXL,XXL,1.0,775.0,736.0
2022-02-25,20220225,Feb-22,J0374,J0374-KR-XL,XL,1.0,775.0,736.0
2022-02-25,20220225,Feb-22,J0398,J0398-DR-XXL,XXL,1.0,887.5,843.0
2022-02-25,20220225,Feb-22,JNE3729,JNE3729-KR-XXL,XXL,1.0,443.75,422.0
2022-02-25,20220225,Feb-22,JNE3729,JNE3729-KR-XL,XL,1.0,443.75,422.0
2022-02-25,20220225,Feb-22,JNE3732,JNE3732-KR-XXL,XXL,1.0,500.0,475.0
2022-02-25,20220225,Feb-22,JNE3732,JNE3732-KR-XL,XL,1.0,500.0,475.0
2022-02-25,20220225,Feb-22,JNE3734,JNE3734-KR-XXL,XXL,1.0,500.0,475.0
2022-02-25,20220225,Feb-22,JNE3734,JNE3734-KR-XL,XL,1.0,500.0,475.0
2022-02-25,20220225,Feb-22,JNE3779,JNE3779-KR-XXL,XXL,1.0,525.0,499.0
2022-02-25,20220225,Feb-22,JNE3779,JNE3779-KR-XL,XL,1.0,525.0,499.0
2022-02-25,20220225,Feb-22,JNE3787,JNE3787-KR-XXL,XXL,1.0,462.5,439.0
2022-02-25,20220225,Feb-22,JNE3787,JNE3787-KR-XL,XL,1.0,462.5,439.0
2022-02-25,20220225,Feb-22,JNE3797,JNE3797-KR-XXL,XXL,1.0,975.0,926.0
2022-02-25,20220225,Feb-22,JNE3797,JNE3797-KR-XL,XL,1.0,975.0,926.0
2022-02-25,20220225,Feb-22,JNE3798,JNE3798-KR-XXL,XXL,1.0,975.0,926.0
2022-02-25,20220225,Feb-22,JNE3798,JNE3798-KR-XL,XL,1.0,975.0,926.0
2022-02-25,20220225,Feb-22,JNE3813,JNE3813-KR-XXL,XXL,1.0,650.0,618.0
2022-02-25,20220225,Feb-22,JNE3813,JNE3813-KR-XL,XL,1.0,650.0,618.0
2022-02-25,20220225,Feb-22,JNE3864,JNE3864-TU-XXL,XXL,1.0,537.5,511.0
2022-02-25,20220225,Feb-22,JNE3864,JNE3864-TU-XL,XL,1.0,537.5,511.0
2022-02-25,20220225,Feb-22,JNE3870,JNE3870-DR-XXL,XXL,1.0,687.5,653.0
2022-02-25,20220225,Feb-22,JNE3870,JNE3870-DR-XL,XL,1.0,687.5,653.0
2022-02-25,20220225,Feb-22,JNE3880,JNE3880-DR-XXL,XXL,1.0,650.0,618.0
2022-02-25,20220225,Feb-22,SET307,SET307-KR-DPT-XXL,XXL,1.0,775.0,736.0
2022-02-25,20220225,Feb-22,SET333,SET333-KR-DPT-XXL,XXL,1.0,1075.0,1021.0
2022-02-25,20220225,Feb-22,SET340,SET340-KR-NP-XXL,XXL,1.0,850.0,808.0
2022-02-25,20220225,Feb-22,SET392,SET392-KR-NP-XXL,XXL,1.0,850.0,808.0
2022-02-25,20220225,Feb-22,SET409,SET409-KR-NP-XXL,XXL,1.0,812.5,772.0
2022-02-26,20220226,Feb-22,JNE3576,JNE3576-KR-XXL,XXL,1.0,425.0,425.0
2022-02-26,20220226,Feb-22,SET282,SET282-KR-PP-XL,XL,1.0,1237.5,1238.0
2022-02-26,20220226,Feb-22,JNE3576,JNE3576-KR-XS,XS,1.0,425.0,425.0
2022-02-26,20220226,Feb-22,JNE3555,JNE3555-KR-XXL,XXL,1.0,462.5,462.0
2022-02-26,20220226,Feb-22,JNE3561,JNE3561-KR-XL,XL,1.0,462.5,462.0
2022-02-26,20220226,Feb-22,JNE2171,JNE2171-KR-437-XL,XL,1.0,500.0,500.0
2022-02-26,20220226,Feb-22,JNE3750,JNE3750-KR-XL,XL,1.0,500.0,500.0
2022-02-26,20220226,Feb-22,JNE3553,JNE3553-KR-XL,XL,1.0,462.5,462.0
2022-02-26,20220226,Feb-22,JNE3421,JNE3421-KR-M,M,1.0,362.5,362.0
2022-02-26,20220226,Feb-22,JNE3622,JNE3622-KR-M,M,1.0,462.5,462.0
2022-02-26,20220226,Feb-22,JNE3560,JNE3560-KR-XL,XL,1.0,462.5,462.0
2022-02-26,20220226,Feb-22,JNE3554,JNE3554-KR-XL,XL,1.0,462.5,462.0
2022-02-26,20220226,Feb-22,SET346,SET346-KR-PP-XL,XL,1.0,1000.0,1000.0
2022-02-26,20220226,Feb-22,JNE3480,JNE3480-KR-L,L,1.0,293.75,279.0
2022-02-26,20220226,Feb-22,JNE3480,JNE3480-KR-XL,XL,1.0,293.75,279.0
2022-02-26,20220226,Feb-22,JNE3428,JNE3428-KR-L,L,1.0,293.75,279.0
2022-02-26,20220226,Feb-22,JNE3428,JNE3428-KR-XL,XL,1.0,293.75,279.0
2022-02-26,20220226,Feb-22,JNE3576,JNE3576-KR-S,S,1.0,425.0,404.0
2022-02-26,20220226,Feb-22,JNE3576,JNE3576-KR-L,L,1.0,425.0,404.0
2022-02-26,20220226,Feb-22,JNE3574,JNE3574-KR-M,M,1.0,343.75,327.0
2022-02-26,20220226,Feb-22,JNE3449,JNE3449-KR-S,S,1.0,356.25,338.0
2022-02-26,20220226,Feb-22,JNE3449,JNE3449-KR-M,M,1.0,356.25,338.0
2022-02-26,20220226,Feb-22,JNE3225,JNE3225-KR-M,M,1.0,393.75,374.0
2022-02-26,20220226,Feb-22,JNE3555,JNE3555-KR-XXXL,XXXL,1.0,462.5,439.0
2022-02-26,20220226,Feb-22,JNE3716,JNE3716-KR-M,M,1.0,462.5,439.0
2022-02-26,20220226,Feb-22,JNE3716,JNE3716-KR-L,L,1.0,462.5,439.0
2022-02-26,20220226,Feb-22,JNE3716,JNE3716-KR-XL,XL,1.0,462.5,439.0
2022-02-26,20220226,Feb-22,JNE3760,JNE3760-KR-M,M,1.0,525.0,499.0
2022-02-26,20220226,Feb-22,JNE3760,JNE3760-KR-XL,XL,1.0,525.0,499.0
2022-02-26,20220226,Feb-22,JNE3760,JNE3760-KR-XXXL,XXXL,1.0,525.0,499.0
2022-02-26,20220226,Feb-22,J0097,J0097-KR-M,M,1.0,562.5,534.0
2022-02-26,20220226,Feb-22,J0097,J0097-KR-L,L,1.0,562.5,534.0
2022-02-26,20220226,Feb-22,BTM042,BTM042-PP-L,L,1.0,368.75,350.0
2022-02-26,20220226,Feb-22,BTM043,BTM043-PP-M,M,1.0,393.75,374.0
2022-02-26,20220226,Feb-22,JNE3376,JNE3376-KR-S,S,1.0,537.5,511.0
2022-02-26,20220226,Feb-22,JNE3376,JNE3376-KR-M,M,1.0,537.5,511.0
2022-02-26,20220226,Feb-22,JNE3376,JNE3376-KR-L,L,1.0,537.5,511.0
2022-02-26,20220226,Feb-22,JNE3376,JNE3376-KR-XL,XL,1.0,537.5,511.0
2022-02-26,20220226,Feb-22,JNE3376,JNE3376-KR-XXL,XXL,1.0,537.5,511.0
2022-02-26,20220226,Feb-22,JNE3548,JNE3548-KR-S,S,1.0,462.5,439.0
2022-02-26,20220226,Feb-22,JNE3548,JNE3548-KR-M,M,1.0,462.5,439.0
2022-02-26,20220226,Feb-22,JNE3548,JNE3548-KR-L,L,1.0,462.5,439.0
2022-02-26,20220226,Feb-22,JNE3548,JNE3548-KR-XL,XL,1.0,462.5,439.0
2022-02-26,20220226,Feb-22,JNE3548,JNE3548-KR-XXL,XXL,1.0,462.5,439.0
2022-02-26,20220226,Feb-22,JNE3548,JNE3548-KR-XXXL,XXXL,1.0,462.5,439.0
2022-02-26,20220226,Feb-22,JNE3480,JNE3480-KR-S,S,1.0,293.75,279.0
2022-02-26,20220226,Feb-22,JNE3480,JNE3480-KR-M,M,1.0,293.75,279.0
2022-02-26,20220226,Feb-22,JNE1525,KURTI,Free,1.0,525.0,499.0
2022-02-26,20220226,Feb-22,JNE3428,JNE3428-KR-S,S,1.0,293.75,279.0
2022-02-26,20220226,Feb-22,JNE3428,JNE3428-KR-M,M,1.0,293.75,279.0
2022-02-26,20220226,Feb-22,JNE3428,JNE3428-KR-XXL,XXL,1.0,293.75,279.0
2022-02-26,20220226,Feb-22,JNE3556,JNE3556-KR-S,S,1.0,462.5,439.0
2022-02-26,20220226,Feb-22,JNE3556,JNE3556-KR-M,M,1.0,462.5,439.0
2022-02-26,20220226,Feb-22,JNE3556,JNE3556-KR-L,L,1.0,462.5,439.0
2022-02-26,20220226,Feb-22,JNE3556,JNE3556-KR-XL,XL,1.0,462.5,439.0
2022-02-26,20220226,Feb-22,JNE3556,JNE3556-KR-XXL,XXL,1.0,462.5,439.0
2022-02-26,20220226,Feb-22,JNE3576,JNE3576-KR-M,M,1.0,425.0,404.0
2022-02-26,20220226,Feb-22,JNE3576,JNE3576-KR-XL,XL,1.0,425.0,404.0
2022-02-26,20220226,Feb-22,JNE3576,JNE3576-KR-XXL,XXL,1.0,425.0,404.0
2022-02-26,20220226,Feb-22,JNE3574,JNE3574-KR-S,S,1.0,343.75,327.0
2022-02-26,20220226,Feb-22,JNE3574,JNE3574-KR-L,L,1.0,343.75,327.0
2022-02-26,20220226,Feb-22,JNE3574,JNE3574-KR-XL,XL,1.0,343.75,327.0
2022-02-26,20220226,Feb-22,JNE3574,JNE3574-KR-XXL,XXL,1.0,343.75,327.0
2022-02-26,20220226,Feb-22,JNE3422,JNE3422-KR-S,S,1.0,343.75,327.0
2022-02-26,20220226,Feb-22,JNE3422,JNE3422-KR-M,M,1.0,343.75,327.0
2022-02-26,20220226,Feb-22,JNE3422,JNE3422-KR-L,L,1.0,343.75,327.0
2022-02-26,20220226,Feb-22,JNE3422,JNE3422-KR-XL,XL,1.0,343.75,327.0
2022-02-26,20220226,Feb-22,JNE3422,JNE3422-KR-XXL,XXL,1.0,343.75,327.0
2022-02-26,20220226,Feb-22,JNE3429,JNE3429-KR-S,S,1.0,356.25,338.0
2022-02-26,20220226,Feb-22,JNE3429,JNE3429-KR-M,M,1.0,356.25,338.0
2022-02-26,20220226,Feb-22,JNE3429,JNE3429-KR-L,L,1.0,356.25,338.0
2022-02-26,20220226,Feb-22,JNE3429,JNE3429-KR-XL,XL,1.0,356.25,338.0
2022-02-26,20220226,Feb-22,JNE3429,JNE3429-KR-XXL,XXL,1.0,356.25,338.0
2022-02-26,20220226,Feb-22,JNE3449,JNE3449-KR-L,L,1.0,356.25,338.0
2022-02-26,20220226,Feb-22,JNE3449,JNE3449-KR-XL,XL,1.0,356.25,338.0
2022-02-26,20220226,Feb-22,JNE3449,JNE3449-KR-XXL,XXL,1.0,356.25,338.0
2022-02-26,20220226,Feb-22,JNE3722,JNE3722-KR-S,S,1.0,362.5,344.0
2022-02-26,20220226,Feb-22,JNE3722,JNE3722-KR-M,M,1.0,362.5,344.0
2022-02-26,20220226,Feb-22,JNE3722,JNE3722-KR-L,L,1.0,362.5,344.0
2022-02-26,20220226,Feb-22,JNE3722,JNE3722-KR-XL,XL,1.0,362.5,344.0
2022-02-26,20220226,Feb-22,JNE3722,JNE3722-KR-XXL,XXL,1.0,362.5,344.0
2022-02-26,20220226,Feb-22,JNE3722,JNE3722-KR-XXXL,XXXL,1.0,362.5,344.0
2022-02-26,20220226,Feb-22,JNE3534,JNE3534-KR-S,S,1.0,387.5,368.0
2022-02-26,20220226,Feb-22,JNE3534,JNE3534-KR-M,M,1.0,387.5,368.0
2022-02-26,20220226,Feb-22,JNE3534,JNE3534-KR-L,L,1.0,387.5,368.0
2022-02-26,20220226,Feb-22,JNE3534,JNE3534-KR-XL,XL,1.0,387.5,368.0
2022-02-26,20220226,Feb-22,JNE3534,JNE3534-KR-XXL,XXL,1.0,387.5,368.0
2022-02-26,20220226,Feb-22,JNE3261,JNE3261-KR-S,S,1.0,387.5,368.0
2022-02-26,20220226,Feb-22,JNE3261,JNE3261-KR-M,M,1.0,387.5,368.0
2022-02-26,20220226,Feb-22,JNE3261,JNE3261-KR-L,L,1.0,387.5,368.0
2022-02-26,20220226,Feb-22,JNE3261,JNE3261-KR-XL,XL,1.0,387.5,368.0
2022-02-26,20220226,Feb-22,JNE3261,JNE3261-KR-XXL,XXL,1.0,387.5,368.0
2022-02-26,20220226,Feb-22,JNE3261,JNE3261-KR-XXXL,XXXL,1.0,387.5,368.0
2022-02-26,20220226,Feb-22,JNE3627,JNE3627-KR-S,S,1.0,393.75,374.0
2022-02-26,20220226,Feb-22,JNE3627,JNE3627-KR-M,M,1.0,393.75,374.0
2022-02-26,20220226,Feb-22,JNE3627,JNE3627-KR-L,L,1.0,393.75,374.0
2022-02-26,20220226,Feb-22,JNE3627,JNE3627-KR-XL,XL,1.0,393.75,374.0
2022-02-26,20220226,Feb-22,JNE3627,JNE3627-KR-XXL,XXL,1.0,393.75,374.0
2022-02-26,20220226,Feb-22,JNE3627,JNE3627-KR-XXXL,XXXL,1.0,393.75,374.0
2022-02-26,20220226,Feb-22,JNE3225,JNE3225-KR-S,S,1.0,393.75,374.0
2022-02-26,20220226,Feb-22,JNE3225,JNE3225-KR-L,L,1.0,393.75,374.0
2022-02-26,20220226,Feb-22,JNE3225,JNE3225-KR-XL,XL,1.0,393.75,374.0
2022-02-26,20220226,Feb-22,JNE3363,JNE3363-KR-1032-S,S,1.0,425.0,404.0
2022-02-26,20220226,Feb-22,JNE3363,JNE3363-KR-1032-M,M,1.0,425.0,404.0
2022-02-26,20220226,Feb-22,JNE3363,JNE3363-KR-1032-L,L,1.0,425.0,404.0
2022-02-26,20220226,Feb-22,JNE3363,JNE3363-KR-1032-XL,XL,1.0,425.0,404.0
2022-02-26,20220226,Feb-22,JNE3363,JNE3363-KR-1032-XXL,XXL,1.0,425.0,404.0
2022-02-26,20220226,Feb-22,JNE3363,JNE3363-KR-1032-XXXL,XXXL,1.0,425.0,404.0
2022-02-26,20220226,Feb-22,J0132,J0132-KR-S,S,1.0,431.25,410.0
2022-02-26,20220226,Feb-22,J0132,J0132-KR-M,M,1.0,431.25,410.0
2022-02-26,20220226,Feb-22,J0132,J0132-KR-L,L,1.0,431.25,410.0
2022-02-26,20220226,Feb-22,J0132,J0132-KR-XL,XL,1.0,431.25,410.0
2022-02-26,20220226,Feb-22,J0132,J0132-KR-XXL,XXL,1.0,431.25,410.0
2022-02-26,20220226,Feb-22,JNE3785,JNE3785-KR-S,S,1.0,431.25,410.0
2022-02-26,20220226,Feb-22,JNE3785,JNE3785-KR-M,M,1.0,431.25,410.0
2022-02-26,20220226,Feb-22,JNE3785,JNE3785-KR-L,L,1.0,431.25,410.0
2022-02-26,20220226,Feb-22,JNE3785,JNE3785-KR-XL,XL,1.0,431.25,410.0
2022-02-26,20220226,Feb-22,JNE3785,JNE3785-KR-XXL,XXL,1.0,431.25,410.0
2022-02-26,20220226,Feb-22,JNE3555,JNE3555-KR-XS,XS,1.0,462.5,439.0
2022-02-26,20220226,Feb-22,JNE3555,JNE3555-KR-S.,S,1.0,462.5,439.0
2022-02-26,20220226,Feb-22,JNE3555,JNE3555-KR-M,M,1.0,462.5,439.0
2022-02-26,20220226,Feb-22,JNE3555,JNE3555-KR-L,L,1.0,462.5,439.0
2022-02-26,20220226,Feb-22,JNE3555,JNE3555-KR-XL,XL,1.0,462.5,439.0
2022-02-26,20220226,Feb-22,JNE3555,JNE3555-KR-XXL,XXL,1.0,462.5,439.0
2022-02-26,20220226,Feb-22,JNE3560,JNE3560-KR-S,S,1.0,462.5,439.0
2022-02-26,20220226,Feb-22,JNE3560,JNE3560-KR-XL,XL,1.0,462.5,439.0
2022-02-26,20220226,Feb-22,JNE3560,JNE3560-KR-XXL,XXL,1.0,462.5,439.0
2022-02-26,20220226,Feb-22,JNE3716,JNE3716-KR-S,S,1.0,462.5,439.0
2022-02-26,20220226,Feb-22,JNE3716,JNE3716-KR-XXL,XXL,1.0,462.5,439.0
2022-02-26,20220226,Feb-22,JNE3716,JNE3716-KR-XXXL,XXXL,1.0,462.5,439.0
2022-02-26,20220226,Feb-22,JNE3788,JNE3788-KR-S,S,1.0,462.5,439.0
2022-02-26,20220226,Feb-22,JNE3788,JNE3788-KR-M,M,1.0,462.5,439.0
2022-02-26,20220226,Feb-22,JNE3788,JNE3788-KR-L,L,1.0,462.5,439.0
2022-02-26,20220226,Feb-22,JNE3788,JNE3788-KR-XL,XL,1.0,462.5,439.0
2022-02-26,20220226,Feb-22,JNE3788,JNE3788-KR-XXL,XXL,1.0,462.5,439.0
2022-02-26,20220226,Feb-22,JNE3760,JNE3760-KR-S,S,1.0,525.0,499.0
2022-02-26,20220226,Feb-22,JNE3760,JNE3760-KR-L,L,1.0,525.0,499.0
2022-02-26,20220226,Feb-22,JNE3760,JNE3760-KR-XXL,XXL,1.0,525.0,499.0
2022-02-26,20220226,Feb-22,JNE3770,JNE3770-KR-S,S,1.0,525.0,499.0
2022-02-26,20220226,Feb-22,JNE3770,JNE3770-KR-M,M,1.0,525.0,499.0
2022-02-26,20220226,Feb-22,JNE3770,JNE3770-KR-L,L,1.0,525.0,499.0
2022-02-26,20220226,Feb-22,JNE3770,JNE3770-KR-XL,XL,1.0,525.0,499.0
2022-02-26,20220226,Feb-22,JNE3770,JNE3770-KR-XXL,XXL,1.0,525.0,499.0
2022-02-26,20220226,Feb-22,JNE3400,JNE3400-KR-S,S,1.0,562.5,534.0
2022-02-26,20220226,Feb-22,JNE3400,JNE3400-KR-M,M,1.0,562.5,534.0
2022-02-26,20220226,Feb-22,JNE3400,JNE3400-KR-L,L,1.0,562.5,534.0
2022-02-26,20220226,Feb-22,JNE3400,JNE3400-KR-XL,XL,1.0,562.5,534.0
2022-02-26,20220226,Feb-22,J0097,J0097-KR-S,S,1.0,562.5,534.0
2022-02-26,20220226,Feb-22,J0097,J0097-KR-XL,XL,1.0,562.5,534.0
2022-02-26,20220226,Feb-22,J0097,J0097-KR-XXL,XXL,1.0,562.5,534.0
2022-02-26,20220226,Feb-22,J0097,J0097-KR-XXXL,XXXL,1.0,562.5,534.0
2022-02-26,20220226,Feb-22,BTM039,BTM039-PP-M,M,1.0,368.75,350.0
2022-02-26,20220226,Feb-22,BTM039,BTM039-PP-L,L,1.0,368.75,350.0
2022-02-26,20220226,Feb-22,BTM039,BTM039-PP-XL,XL,1.0,368.75,350.0
2022-02-26,20220226,Feb-22,BTM038,BTM038-PP-M,M,1.0,393.75,374.0
2022-02-26,20220226,Feb-22,BTM038,BTM038-PP-L,L,1.0,393.75,374.0
2022-02-26,20220226,Feb-22,BTM038,BTM038-PP-XL,XL,1.0,393.75,374.0
2022-02-26,20220226,Feb-22,BTM046,BTM046-PP-M,M,1.0,393.75,374.0
2022-02-26,20220226,Feb-22,BTM046,BTM046-PP-L,L,1.0,393.75,374.0
2022-02-26,20220226,Feb-22,BTM046,BTM046-PP-XL,XL,1.0,393.75,374.0
2022-02-26,20220226,Feb-22,SET182,SET182-KR-DH-S,S,1.0,725.0,689.0
2022-02-26,20220226,Feb-22,SET182,SET182-KR-DH-M,M,1.0,725.0,689.0
2022-02-26,20220226,Feb-22,SET182,SET182-KR-DH-L,L,1.0,725.0,689.0
2022-02-26,20220226,Feb-22,SET182,SET182-KR-DH-XL,XL,1.0,725.0,689.0
2022-02-26,20220226,Feb-22,SET209,SET209-KR-PP-S,S,1.0,725.0,689.0
2022-02-26,20220226,Feb-22,SET209,SET209-KR-PP-M,M,1.0,725.0,689.0
2022-02-26,20220226,Feb-22,SET209,SET209-KR-PP-L,L,1.0,725.0,689.0
2022-02-26,20220226,Feb-22,SET209,SET209-KR-PP-XL,XL,1.0,725.0,689.0
2022-02-26,20220226,Feb-22,SET306,SET306-KR-PP-M,M,1.0,737.5,701.0
2022-02-26,20220226,Feb-22,SET306,SET306-KR-PP-L,L,1.0,737.5,701.0
2022-02-26,20220226,Feb-22,SET306,SET306-KR-PP-XL,XL,1.0,737.5,701.0
2022-02-26,20220226,Feb-22,SET306,SET306-KR-PP-XXL,XXL,1.0,737.5,701.0
2022-02-26,20220226,Feb-22,SET083,SET083-KR-PP-M,M,1.0,793.75,754.0
2022-02-26,20220226,Feb-22,SET083,SET083-KR-PP-L,L,1.0,793.75,754.0
2022-02-26,20220226,Feb-22,SET083,SET083-KR-PP-XL,XL,1.0,793.75,754.0
2022-02-26,20220226,Feb-22,SET083,SET083-KR-PP-XXL,XXL,1.0,793.75,754.0
2022-02-26,20220226,Feb-22,SET110,SET110-KR-PP-S,S,1.0,825.0,784.0
2022-02-26,20220226,Feb-22,SET110,SET110-KR-PP-M,M,1.0,825.0,784.0
2022-02-26,20220226,Feb-22,SET110,SET110-KR-PP-L,L,1.0,825.0,784.0
2022-02-26,20220226,Feb-22,SET110,SET110-KR-PP-XL,XL,1.0,825.0,784.0
2022-02-26,20220226,Feb-22,BTM042,BTM042-PP-M,M,1.0,368.75,350.0
2022-02-26,20220226,Feb-22,BTM042,BTM042-PP-XL,XL,1.0,368.75,350.0
2022-02-26,20220226,Feb-22,BTM043,BTM043-PP-L,L,1.0,393.75,374.0
2022-02-26,20220226,Feb-22,BTM043,BTM043-PP-XL,XL,1.0,393.75,374.0
2022-02-28,20220228,Feb-22,J0306,J0306-DR-XXXL,XXXL,1.0,650.0,650.0
2022-02-28,20220228,Feb-22,J0370,J0370-SKD-L,L,1.0,1237.5,1238.0
2022-02-28,20220228,Feb-22,J0370,J0370-SKD-XXXL,XXXL,1.0,1237.5,1238.0
2022-02-28,20220228,Feb-22,JNE3546,JNE3546-KR-M,M,1.0,425.0,425.0
2022-02-28,20220228,Feb-22,JNE3568,JNE3568-KR-S,S,1.0,425.0,425.0
2022-02-28,20220228,Feb-22,JNE3634,JNE3634-KR-XL,XL,1.0,687.5,688.0
2022-02-28,20220228,Feb-22,JNE3634,JNE3634-KR-XXL,XXL,1.0,687.5,688.0
2022-02-28,20220228,Feb-22,SET326,SET326-KR-PP-L,L,1.0,687.5,688.0
2022-02-28,20220228,Feb-22,SET326,SET326-KR-PP-M,M,1.0,687.5,688.0
2022-03-01,20220301,Mar-22,J0024,J0024-KR-XS,XS,1.0,437.5,416.0
2022-03-01,20220301,Mar-22,J0110,J0110-SKD-XXL,XXL,1.0,1181.25,1122.0
2022-03-01,20220301,Mar-22,J0118,J0118-TP-XXL,XXL,1.0,425.0,404.0
2022-03-01,20220301,Mar-22,J0120,J0120-TP-XXL,XXL,1.0,387.5,368.0
2022-03-01,20220301,Mar-22,J0197,J0197-TP-S,S,1.0,562.5,534.0
2022-03-01,20220301,Mar-22,J0301,J0301-TP-XXXL,XXXL,1.0,387.5,368.0
2022-03-01,20220301,Mar-22,J0336,J0336-TP-L,L,1.0,537.5,511.0
2022-03-01,20220301,Mar-22,J0337,J0337-TP-L,L,1.0,425.0,404.0
2022-03-01,20220301,Mar-22,J0344,J0344-TP-L,L,1.0,425.0,404.0
2022-03-01,20220301,Mar-22,JNE3554,JNE3554-KR-S,S,1.0,462.5,439.0
2022-03-01,20220301,Mar-22,JNE3639,JNE3639-TP-XXL,XXL,1.0,425.0,404.0
2022-03-01,20220301,Mar-22,JNE3686,JNE3686-TU-M,M,1.0,456.25,433.0
2022-03-01,20220301,Mar-22,PJNE1906,PJNE1906-KR-6XL,6XL,1.0,587.5,558.0
2022-03-01,20220301,Mar-22,PJNE2014,PJNE2014-KR-6XL,6XL,1.0,650.0,618.0
2022-03-01,20220301,Mar-22,SET098,SET098-KR-PP-S,S,1.0,900.0,855.0
2022-03-01,20220301,Mar-22,SET156,SET156-KR-NP-S,S,1.0,925.0,879.0
2022-03-01,20220301,Mar-22,SET171,SET171-KR-NP-XS,XS,1.0,1056.25,1003.0
2022-03-01,20220301,Mar-22,SET224,SET224-KR-NP-XXL,XXL,1.0,1587.5,1508.0
2022-03-01,20220301,Mar-22,SET226,SET226-KR-PP-XXL,XXL,1.0,812.5,772.0
2022-03-01,20220301,Mar-22,SET243,SET243-KR-PP-L,L,1.0,687.5,653.0
2022-03-01,20220301,Mar-22,SET268,SET268-KR-NP-M,M,1.0,925.0,879.0
2022-03-01,20220301,Mar-22,SET269,SET269-KR-NP-S,S,1.0,975.0,926.0
2022-03-01,20220301,Mar-22,SET287,SET287-KR-NP-L,L,1.0,612.5,582.0
2022-03-01,20220301,Mar-22,SET293,SET293-KR-NP-S,S,1.0,775.0,736.0
2022-03-01,20220301,Mar-22,SET328,SET328-KR-NP-XXL,XXL,1.0,650.0,618.0
2022-03-03,20220303,Mar-22,JNE2101,JNE2101-KR-210-L,L,1.0,306.25,291.0
2022-03-03,20220303,Mar-22,JNE2101,JNE2101-KR-210-M,M,1.0,306.25,291.0
2022-03-03,20220303,Mar-22,JNE2101,JNE2101-KR-210-S,S,1.0,306.25,291.0
2022-03-03,20220303,Mar-22,JNE2101,JNE2101-KR-210-XL,XL,1.0,306.25,291.0
2022-03-03,20220303,Mar-22,JNE3405,JNE3405-KR-L,L,1.0,350.0,332.0
2022-03-03,20220303,Mar-22,JNE3405,JNE3405-KR-M,M,1.0,350.0,332.0
2022-03-03,20220303,Mar-22,JNE3405,JNE3405-KR-S,S,1.0,350.0,332.0
2022-03-03,20220303,Mar-22,JNE3405,JNE3405-KR-XL,XL,1.0,350.0,332.0
2022-03-03,20220303,Mar-22,JNE3440,JNE3440-KR-L,L,1.0,387.5,368.0
2022-03-03,20220303,Mar-22,JNE3440,JNE3440-KR-M,M,1.0,387.5,368.0
2022-03-03,20220303,Mar-22,JNE3440,JNE3440-KR-S,S,1.0,387.5,368.0
2022-03-03,20220303,Mar-22,JNE3440,JNE3440-KR-XL,XL,1.0,387.5,368.0
2022-03-03,20220303,Mar-22,JNE3479,JNE3479-KR-L,L,1.0,293.75,279.0
2022-03-03,20220303,Mar-22,JNE3479,JNE3479-KR-M,M,1.0,293.75,279.0
2022-03-03,20220303,Mar-22,JNE3479,JNE3479-KR-S,S,1.0,293.75,279.0
2022-03-03,20220303,Mar-22,JNE3479,JNE3479-KR-XL,XL,1.0,293.75,279.0
2022-03-03,20220303,Mar-22,JNE3480,JNE3480-KR-L,L,1.0,293.75,279.0
2022-03-03,20220303,Mar-22,JNE3480,JNE3480-KR-M,M,1.0,293.75,279.0
2022-03-03,20220303,Mar-22,JNE3480,JNE3480-KR-S,S,1.0,293.75,279.0
2022-03-03,20220303,Mar-22,JNE3480,JNE3480-KR-XL,XL,1.0,293.75,279.0
2022-03-03,20220303,Mar-22,JNE3489,JNE3489-KR-L,L,1.0,387.5,368.0
2022-03-03,20220303,Mar-22,JNE3489,JNE3489-KR-M,M,1.0,387.5,368.0
2022-03-03,20220303,Mar-22,JNE3489,JNE3489-KR-S,S,1.0,387.5,368.0
2022-03-03,20220303,Mar-22,JNE3489,JNE3489-KR-XL,XL,1.0,387.5,368.0
2022-03-03,20220303,Mar-22,JNE3546,JNE3546-KR-L,L,1.0,425.0,404.0
2022-03-03,20220303,Mar-22,JNE3546,JNE3546-KR-M,M,1.0,425.0,404.0
2022-03-03,20220303,Mar-22,JNE3546,JNE3546-KR-S,S,1.0,425.0,404.0
2022-03-03,20220303,Mar-22,JNE3546,JNE3546-KR-XL,XL,1.0,425.0,404.0
2022-03-03,20220303,Mar-22,JNE3622,JNE3622-KR-L,L,1.0,462.5,439.0
2022-03-03,20220303,Mar-22,JNE3622,JNE3622-KR-M,M,1.0,462.5,439.0
2022-03-03,20220303,Mar-22,JNE3622,JNE3622-KR-S,S,1.0,462.5,439.0
2022-03-03,20220303,Mar-22,JNE3622,JNE3622-KR-XL,XL,1.0,462.5,439.0
2022-03-03,20220303,Mar-22,JNE3701,JNE3701-KR-L,L,1.0,462.5,439.0
2022-03-03,20220303,Mar-22,JNE3701,JNE3701-KR-M,M,1.0,462.5,439.0
2022-03-03,20220303,Mar-22,JNE3701,JNE3701-KR-S,S,1.0,462.5,439.0
2022-03-03,20220303,Mar-22,JNE3701,JNE3701-KR-XL,XL,1.0,462.5,439.0
2022-03-03,20220303,Mar-22,JNE3736,JNE3736-KR-L,L,1.0,537.5,511.0
2022-03-03,20220303,Mar-22,JNE3736,JNE3736-KR-M,M,1.0,537.5,511.0
2022-03-03,20220303,Mar-22,JNE3736,JNE3736-KR-S,S,1.0,537.5,511.0
2022-03-03,20220303,Mar-22,JNE3736,JNE3736-KR-XL,XL,1.0,537.5,511.0
2022-03-03,20220303,Mar-22,JNE3775,JNE3775-KR-L,L,1.0,525.0,499.0
2022-03-03,20220303,Mar-22,JNE3775,JNE3775-KR-M,M,1.0,525.0,499.0
2022-03-03,20220303,Mar-22,JNE3775,JNE3775-KR-S,S,1.0,525.0,499.0
2022-03-03,20220303,Mar-22,JNE3775,JNE3775-KR-XL,XL,1.0,525.0,499.0
2022-03-03,20220303,Mar-22,JNE3790,JNE3790-KR-L,L,1.0,562.5,534.0
2022-03-03,20220303,Mar-22,JNE3790,JNE3790-KR-M,M,1.0,562.5,534.0
2022-03-03,20220303,Mar-22,JNE3790,JNE3790-KR-S,S,1.0,562.5,534.0
2022-03-03,20220303,Mar-22,JNE3790,JNE3790-KR-XL,XL,1.0,562.5,534.0
2022-03-03,20220303,Mar-22,JNE3793,JNE3793-KR-L,L,1.0,587.5,558.0
2022-03-03,20220303,Mar-22,JNE3793,JNE3793-KR-M,M,1.0,587.5,558.0
2022-03-03,20220303,Mar-22,JNE3793,JNE3793-KR-S,S,1.0,587.5,558.0
2022-03-03,20220303,Mar-22,JNE3793,JNE3793-KR-XL,XL,1.0,587.5,558.0
2022-03-03,20220303,Mar-22,SET044,SET044-KR-NP-L,L,1.0,687.5,653.0
2022-03-03,20220303,Mar-22,SET044,SET044-KR-NP-M,M,1.0,687.5,653.0
2022-03-03,20220303,Mar-22,SET044,SET044-KR-NP-S,S,1.0,687.5,653.0
2022-03-03,20220303,Mar-22,SET044,SET044-KR-NP-XL,XL,1.0,687.5,653.0
2022-03-03,20220303,Mar-22,SET098,SET098-KR-PP-L,L,1.0,900.0,855.0
2022-03-03,20220303,Mar-22,SET098,SET098-KR-PP-M,M,1.0,900.0,855.0
2022-03-03,20220303,Mar-22,SET098,SET098-KR-PP-S,S,1.0,900.0,855.0
2022-03-03,20220303,Mar-22,SET098,SET098-KR-PP-XL,XL,1.0,900.0,855.0
2022-03-03,20220303,Mar-22,SET144,SET144-KR-NP-L,L,1.0,825.0,784.0
2022-03-03,20220303,Mar-22,SET144,SET144-KR-NP-M,M,1.0,825.0,784.0
2022-03-03,20220303,Mar-22,SET144,SET144-KR-NP-S,S,1.0,825.0,784.0
2022-03-03,20220303,Mar-22,SET144,SET144-KR-NP-XL,XL,1.0,825.0,784.0
2022-03-03,20220303,Mar-22,SET182,SET182-KR-DH-L,L,1.0,725.0,689.0
2022-03-03,20220303,Mar-22,SET182,SET182-KR-DH-M,M,1.0,725.0,689.0
2022-03-03,20220303,Mar-22,SET182,SET182-KR-DH-S,S,1.0,725.0,689.0
2022-03-03,20220303,Mar-22,SET182,SET182-KR-DH-XL,XL,1.0,725.0,689.0
2022-03-03,20220303,Mar-22,SET194,SET194-KR-NP-L,L,1.0,737.5,701.0
2022-03-03,20220303,Mar-22,SET194,SET194-KR-NP-M,M,1.0,737.5,701.0
2022-03-03,20220303,Mar-22,SET194,SET194-KR-NP-S,S,1.0,737.5,701.0
2022-03-03,20220303,Mar-22,SET194,SET194-KR-NP-XL,XL,1.0,737.5,701.0
2022-03-03,20220303,Mar-22,SET205,SET205-KR-DPT-L,L,1.0,506.25,481.0
2022-03-03,20220303,Mar-22,SET205,SET205-KR-DPT-M,M,1.0,506.25,481.0
2022-03-03,20220303,Mar-22,SET205,SET205-KR-DPT-S,S,1.0,506.25,481.0
2022-03-03,20220303,Mar-22,SET205,SET205-KR-DPT-XL,XL,1.0,506.25,481.0
2022-03-03,20220303,Mar-22,SET232,SET232-KR-PP-L,L,1.0,656.25,623.0
2022-03-03,20220303,Mar-22,SET232,SET232-KR-PP-M,M,1.0,656.25,623.0
2022-03-03,20220303,Mar-22,SET232,SET232-KR-PP-S,S,1.0,656.25,623.0
2022-03-03,20220303,Mar-22,SET232,SET232-KR-PP-XL,XL,1.0,656.25,623.0
2022-03-03,20220303,Mar-22,SET236,SET236-KR-PP-L,L,1.0,750.0,712.0
2022-03-03,20220303,Mar-22,SET236,SET236-KR-PP-M,M,1.0,750.0,712.0
2022-03-03,20220303,Mar-22,SET236,SET236-KR-PP-S,S,1.0,750.0,712.0
2022-03-03,20220303,Mar-22,SET236,SET236-KR-PP-XL,XL,1.0,750.0,712.0
2022-03-03,20220303,Mar-22,SET246,SET246-KR-PP-L,L,1.0,593.75,564.0
2022-03-03,20220303,Mar-22,SET246,SET246-KR-PP-M,M,1.0,593.75,564.0
2022-03-03,20220303,Mar-22,SET246,SET246-KR-PP-S,S,1.0,593.75,564.0
2022-03-03,20220303,Mar-22,SET246,SET246-KR-PP-XL,XL,1.0,593.75,564.0
2022-03-03,20220303,Mar-22,SET252,SET252-KR-PP-L,L,1.0,887.5,843.0
2022-03-03,20220303,Mar-22,SET252,SET252-KR-PP-M.,M,1.0,887.5,843.0
2022-03-03,20220303,Mar-22,SET252,SET252-KR-PP-S.,S,1.0,887.5,843.0
2022-03-03,20220303,Mar-22,SET252,SET252-KR-PP-XL.,XL,1.0,887.5,843.0
2022-03-03,20220303,Mar-22,SET262,SET262-KR-NP-L,L,1.0,743.75,707.0
2022-03-03,20220303,Mar-22,SET262,SET262-KR-NP-M,M,1.0,743.75,707.0
2022-03-03,20220303,Mar-22,SET262,SET262-KR-NP-S,S,1.0,743.75,707.0
2022-03-03,20220303,Mar-22,SET262,SET262-KR-NP-XL,XL,1.0,743.75,707.0
2022-03-03,20220303,Mar-22,SET267,SET267-KR-NP-L,L,1.0,925.0,879.0
2022-03-03,20220303,Mar-22,SET267,SET267-KR-NP-M,M,1.0,925.0,879.0
2022-03-03,20220303,Mar-22,SET267,SET267-KR-NP-S,S,1.0,925.0,879.0
2022-03-03,20220303,Mar-22,SET267,SET267-KR-NP-XL,XL,1.0,925.0,879.0
2022-03-03,20220303,Mar-22,SET273,SET273-KR-NP-M,M,5.0,687.5,3266.0
2022-03-03,20220303,Mar-22,SET273,SET273-KR-NP-S,S,1.0,687.5,653.0
2022-03-03,20220303,Mar-22,SET285,SET285-KR-SHA-L,L,1.0,612.5,582.0
2022-03-03,20220303,Mar-22,SET285,SET285-KR-SHA-M,M,1.0,612.5,582.0
2022-03-03,20220303,Mar-22,SET285,SET285-KR-SHA-S,S,1.0,612.5,582.0
2022-03-03,20220303,Mar-22,SET285,SET285-KR-SHA-XL,XL,1.0,612.5,582.0
2022-03-03,20220303,Mar-22,BTM002,BTM002-XL,XL,1.0,425.0,404.0
2022-03-03,20220303,Mar-22,J0009,J0009-SKD-XXL,XXL,1.0,1125.0,1069.0
2022-03-03,20220303,Mar-22,J0086,J0086-DR-XL,XL,1.0,618.75,588.0
2022-03-03,20220303,Mar-22,J0086,J0086-DR-XXL,XXL,1.0,618.75,588.0
2022-03-03,20220303,Mar-22,J0086,J0086-DR-S,S,1.0,618.75,588.0
2022-03-03,20220303,Mar-22,J0086,J0086-DR-XS,XS,1.0,618.75,588.0
2022-03-03,20220303,Mar-22,J0086,J0086-DR-M,M,1.0,618.75,588.0
2022-03-03,20220303,Mar-22,J0090,J0090-TP-M,M,1.0,693.75,659.0
2022-03-03,20220303,Mar-22,J0094,J0094-KR-M,M,1.0,718.75,683.0
2022-03-03,20220303,Mar-22,J0094,J0094-KR-S,S,1.0,718.75,683.0
2022-03-03,20220303,Mar-22,J0094,J0094-KR-XS,XS,1.0,718.75,683.0
2022-03-03,20220303,Mar-22,J0094,J0094-KR-XL,XL,2.0,718.75,1366.0
2022-03-03,20220303,Mar-22,J0094,J0094-KR-XXXL,XXXL,1.0,718.75,683.0
2022-03-03,20220303,Mar-22,J0094,J0094-KR-XXL,XXL,1.0,718.75,683.0
2022-03-03,20220303,Mar-22,J0094,J0094-KR-L,L,2.0,718.75,1366.0
2022-03-03,20220303,Mar-22,J0131,J0131-KR-L,L,1.0,418.75,398.0
2022-03-03,20220303,Mar-22,J0133,J0133-KR-XXL,XXL,1.0,456.25,433.0
2022-03-03,20220303,Mar-22,J0157,J0157-DR-XXL,XXL,1.0,562.5,534.0
2022-03-03,20220303,Mar-22,J0158,J0158-DR-XXL,XXL,1.0,687.5,653.0
2022-03-03,20220303,Mar-22,J0172,J0172-TP-XXL,XXL,1.0,425.0,404.0
2022-03-03,20220303,Mar-22,J0172,J0172-TP-XL,XL,1.0,425.0,404.0
2022-03-03,20220303,Mar-22,J0237,J0237-SKD-XXXL,XXXL,1.0,1625.0,1544.0
2022-03-03,20220303,Mar-22,J0252,J0252-SKD-L,L,1.0,1037.5,986.0
2022-03-03,20220303,Mar-22,J0295,J0295-DR-L,L,1.0,850.0,808.0
2022-03-03,20220303,Mar-22,J0307,J0307-TP-XXL,XXL,1.0,425.0,404.0
2022-03-03,20220303,Mar-22,J0382,J0382-SKD-M,M,1.0,1550.0,1472.0
2022-03-03,20220303,Mar-22,JNE3160,JNE3160-KR-M,M,1.0,687.5,653.0
2022-03-03,20220303,Mar-22,JNE3252,JNE3252-KR-XL,XL,1.0,475.0,451.0
2022-03-03,20220303,Mar-22,JNE3798,JNE3798-KR-XL,XL,1.0,975.0,926.0
2022-03-03,20220303,Mar-22,SET225,SET225-KR-NP-XL,XL,1.0,750.0,712.0
2022-03-03,20220303,Mar-22,SET225,SET225-KR-NP-XXL,XXL,1.0,750.0,712.0
2022-03-03,20220303,Mar-22,SET225,SET225-KR-NP-L,L,1.0,750.0,712.0
2022-03-03,20220303,Mar-22,SET225,SET225-KR-NP-M,M,1.0,750.0,712.0
2022-03-03,20220303,Mar-22,SET268,SET268-KR-NP-XS,XS,1.0,925.0,879.0
2022-03-03,20220303,Mar-22,SET286,SET286-KR-NP-L,L,1.0,687.5,653.0
2022-03-03,20220303,Mar-22,SET286,SET286-KR-NP-XL,XL,1.0,687.5,653.0
2022-03-03,20220303,Mar-22,SET286,SET286-KR-NP-M,M,1.0,687.5,653.0
2022-03-03,20220303,Mar-22,SET300,SET300-KR-NP-XS,XS,1.0,1162.5,1104.0
2022-03-03,20220303,Mar-22,SET378,SET378-KR-NP-XXXL,XXXL,1.0,1512.5,1437.0
2022-03-03,20220303,Mar-22,SET392,SET392-KR-NP-M,M,1.0,850.0,808.0
2022-03-03,20220303,Mar-22,JNE3839,CMB5-JNE3839,Free,5.0,374.0,1776.0
2022-03-03,20220303,Mar-22,JNE3840,CMB5-JNE3840,Free,5.0,374.0,1776.0
2022-03-03,20220303,Mar-22,JNE3843,CMB5-JNE3843,Free,5.0,374.0,1776.0
2022-03-03,20220303,Mar-22,JNE3844,CMB5-JNE3844,Free,5.0,374.0,1776.0
2022-03-03,20220303,Mar-22,JNE3845,CMB5-JNE3845,Free,5.0,374.0,1776.0
2022-03-03,20220303,Mar-22,JNE3846,CMB5-JNE3846,Free,5.0,374.0,1776.0
2022-03-03,20220303,Mar-22,JNE3848,CMB5-JNE3848,Free,5.0,299.0,1420.0
2022-03-03,20220303,Mar-22,JNE3849,CMB5-JNE3849,Free,5.0,299.0,1420.0
2022-03-03,20220303,Mar-22,J0073,J0073-KR-L,L,1.0,393.75,374.0
2022-03-03,20220303,Mar-22,J0094,J0094-KR-L,L,1.0,718.75,683.0
2022-03-03,20220303,Mar-22,J0242,J0242-SKD-L,L,1.0,1350.0,1282.0
2022-03-03,20220303,Mar-22,J0242,J0242-SKD-M,M,1.0,1350.0,1282.0
2022-03-03,20220303,Mar-22,J0247,J0247-SKD-M,M,1.0,1162.5,1104.0
2022-03-03,20220303,Mar-22,J0009,J0009-SKD-L,L,1.0,1125.0,1125.0
2022-03-03,20220303,Mar-22,J0014,J0014-LCD-M,M,1.0,1312.5,1312.0
2022-03-03,20220303,Mar-22,J0228,J0228-SKD-S,S,1.0,2087.5,2088.0
2022-03-03,20220303,Mar-22,J0238,J0238-LCD-L,L,1.0,1937.5,1938.0
2022-03-03,20220303,Mar-22,J0243,J0243-DR-XL,XL,1.0,1475.0,1475.0
2022-03-03,20220303,Mar-22,J0247,J0247-SKD-M,M,1.0,1162.5,1162.0
2022-03-03,20220303,Mar-22,J0251,J0251-SKD-XL,XL,1.0,1037.5,1038.0
2022-03-03,20220303,Mar-22,J0252,J0252-SKD-L,L,1.0,1037.5,1038.0
2022-03-03,20220303,Mar-22,J0252,J0252-SKD-S,S,1.0,1037.5,1038.0
2022-03-03,20220303,Mar-22,J0352,J0352-KR-M,M,1.0,650.0,650.0
2022-03-03,20220303,Mar-22,J0399,J0399-DR-SC,Free,1.0,775.0,775.0
2022-03-03,20220303,Mar-22,SET264,SET264-KR-NP-XL,XL,1.0,975.0,975.0
2022-03-03,20220303,Mar-22,SET264,SET264-KR-NP-XXL,XXL,1.0,975.0,975.0
2022-03-03,20220303,Mar-22,SET265,SET265-KR-NP-M,M,1.0,975.0,975.0
2022-03-03,20220303,Mar-22,SET265,SET265-KR-NP-XL,XL,1.0,975.0,975.0
2022-03-03,20220303,Mar-22,SET266,SET266-KR-NP-M,M,1.0,925.0,925.0
2022-03-03,20220303,Mar-22,SET267,SET267-KR-NP-L,L,1.0,925.0,925.0
2022-03-03,20220303,Mar-22,SET267,SET267-KR-NP-XXL,XXL,1.0,925.0,925.0
2022-03-03,20220303,Mar-22,SET285,SET285-KR-SHA-L,L,1.0,612.5,612.0
2022-03-03,20220303,Mar-22,SET293,SET293-KR-NP-XXXL,XXXL,1.0,775.0,775.0
2022-03-03,20220303,Mar-22,SET320,SET320-KR-NP-M,M,1.0,1000.0,1000.0
2022-03-03,20220303,Mar-22,SET322,SET322-KR-SHA-L,L,1.0,1237.5,1238.0
2022-03-03,20220303,Mar-22,SET323,SET323-KR-NP-XXL,XXL,1.0,1162.5,1162.0
2022-03-03,20220303,Mar-22,SET331,SET331-KR-NP-XL,XL,1.0,650.0,650.0
2022-03-03,20220303,Mar-22,SET344,SET344-KR-NP-XXL,XXL,1.0,1312.5,1312.0
2022-03-03,20220303,Mar-22,SET353,SET353-KR-NP-S,S,1.0,975.0,975.0
2022-03-03,20220303,Mar-22,SET355,SET355-KR-PP-L,L,1.0,1625.0,1625.0
2022-03-03,20220303,Mar-22,SET358,SET358-KR-NP-XL,XL,1.0,1550.0,1550.0
2022-03-03,20220303,Mar-22,SET363,SET363-KR-NP-S,S,1.0,1550.0,1550.0
2022-03-03,20220303,Mar-22,SET393,SET393-KR-NP-XXL,XXL,1.0,1350.0,1350.0
2022-03-03,20220303,Mar-22,SET394,SET394-KR-NP-M,M,1.0,1475.0,1475.0
2022-03-03,20220303,Mar-22,SET405,SET405-KR-NP-XXXL,XXXL,1.0,812.5,812.0
2022-03-05,20220305,Mar-22,SET252,SET252-KR-PP-XS.,XS,1.0,887.5,888.0
2022-03-05,20220305,Mar-22,SET252,SET252-KR-PP-S.,S,2.0,887.5,1775.0
2022-03-05,20220305,Mar-22,SET251,SET251-KR-PP-S,S,1.0,887.5,888.0
2022-03-05,20220305,Mar-22,SET251,SET251-KR-PP-M,M,1.0,887.5,888.0
2022-03-05,20220305,Mar-22,SET304,SET304-KR-DPT-S,S,1.0,1350.0,1350.0
2022-03-05,20220305,Mar-22,SET333,SET333-KR-DPT-M,M,1.0,1075.0,1075.0
2022-03-05,20220305,Mar-22,SET172,SET172-KR-PP-L,L,1.0,1312.5,1312.0
2022-03-05,20220305,Mar-22,SET251,SET251-KR-PP-XS,XS,1.0,887.5,888.0
2022-03-05,20220305,Mar-22,J0254,J0254-SKD-L,L,1.0,1075.0,1021.0
2022-03-05,20220305,Mar-22,J0254,J0254-SKD-XXL,XXL,1.0,1075.0,1021.0
2022-03-05,20220305,Mar-22,J0278,J0278-SET-M,M,1.0,968.75,920.0
2022-03-05,20220305,Mar-22,J0373,J0373-KR-M,M,1.0,812.5,772.0
2022-03-05,20220305,Mar-22,JNE3554,JNE3554-KR-L,L,1.0,462.5,439.0
2022-03-05,20220305,Mar-22,JNE3556,JNE3556-KR-XL,XL,1.0,462.5,439.0
2022-03-05,20220305,Mar-22,JNE3556,JNE3556-KR-XXL,XXL,1.0,462.5,439.0
2022-03-05,20220305,Mar-22,JNE3562,JNE3562-KR-M,M,1.0,593.75,564.0
2022-03-05,20220305,Mar-22,JNE3563,JNE3563-KR-XL,XL,1.0,593.75,564.0
2022-03-05,20220305,Mar-22,JNE3616,JNE3616-KR-L,L,1.0,356.25,338.0
2022-03-05,20220305,Mar-22,JNE3616,JNE3616-KR-XXL,XXL,1.0,356.25,338.0
2022-03-05,20220305,Mar-22,JNE3716,JNE3716-KR-L,L,1.0,462.5,439.0
2022-03-05,20220305,Mar-22,JNE3718,JNE3718-KR-L,L,1.0,525.0,499.0
2022-03-05,20220305,Mar-22,JNE3718,JNE3718-KR-XXL,XXL,1.0,525.0,499.0
2022-03-05,20220305,Mar-22,JNE3722,JNE3722-KR-XL,XL,1.0,362.5,344.0
2022-03-05,20220305,Mar-22,JNE3722,JNE3722-KR-XXL,XXL,1.0,362.5,344.0
2022-03-05,20220305,Mar-22,JNE3727,JNE3727-KR-M,M,1.0,737.5,701.0
2022-03-05,20220305,Mar-22,JNE3739,JNE3739-KR-L,L,1.0,562.5,534.0
2022-03-05,20220305,Mar-22,JNE3739,JNE3739-KR-XL,XL,1.0,562.5,534.0
2022-03-05,20220305,Mar-22,JNE3756,JNE3756-KR-XXL,XXL,1.0,587.5,558.0
2022-03-05,20220305,Mar-22,JNE3773,JNE3773-KR-L,L,1.0,306.25,291.0
2022-03-05,20220305,Mar-22,JNE3780,JNE3780-KR-XL,XL,1.0,562.5,534.0
2022-03-05,20220305,Mar-22,JNE3790,JNE3790-KR-L,L,1.0,562.5,534.0
2022-03-05,20220305,Mar-22,JNE3790,JNE3790-KR-XL,XL,1.0,562.5,534.0
2022-03-05,20220305,Mar-22,SET286,SET286-KR-NP-XL,XL,1.0,687.5,653.0
2022-03-05,20220305,Mar-22,SET290,SET290-KR-DPT-L,L,1.0,812.5,772.0
2022-03-05,20220305,Mar-22,SET290,SET290-KR-DPT-XL,XL,1.0,812.5,772.0
2022-03-05,20220305,Mar-22,SET290,SET290-KR-DPT-XXL,XXL,1.0,812.5,772.0
2022-03-05,20220305,Mar-22,SET304,SET304-KR-DPT-L,L,1.0,1350.0,1282.0
2022-03-05,20220305,Mar-22,SET316,SET316-KR-DPT-L,L,1.0,1312.5,1247.0
2022-03-05,20220305,Mar-22,SET332,SET332-KR-PP-XL,XL,1.0,737.5,701.0
2022-03-08,20220308,Mar-22,J0006,J0006-SET-M,M,1.0,925.0,925.0
2022-03-08,20220308,Mar-22,JNE3489,JNE3489-KR-XL,XL,1.0,387.5,388.0
2022-03-08,20220308,Mar-22,JNE3489,JNE3489-KR-M,M,1.0,387.5,388.0
2022-03-08,20220308,Mar-22,JNE3697,JNE3697-KR-XL,XL,1.0,462.5,462.0
2022-03-08,20220308,Mar-22,J0295,J0295-DR-M,M,1.0,850.0,850.0
2022-03-08,20220308,Mar-22,J0396,J0396-DR-M,M,1.0,850.0,850.0
2022-03-08,20220308,Mar-22,J0207,J0207-DR-S,S,1.0,775.0,775.0
2022-03-08,20220308,Mar-22,J0093,J0093-DR-XL,XL,1.0,743.75,744.0
2022-03-08,20220308,Mar-22,JNE3861,JNE3861-DR-L,L,1.0,775.0,775.0
2022-03-08,20220308,Mar-22,JNE3566,JNE3566-KR-M,M,1.0,462.5,462.0
2022-03-08,20220308,Mar-22,J0094,J0094-KR-M,M,1.0,718.75,719.0
2022-03-08,20220308,Mar-22,BTM026,BTM026-NP-L,L,1.0,425.0,425.0
2022-03-09,20220309,Mar-22,JNE3405,JNE3405-KR-XXL,XXL,1.0,362.5,362.0
2022-03-09,20220309,Mar-22,JNE3489,JNE3489-KR-XXL,XXL,1.0,387.5,388.0
2022-03-09,20220309,Mar-22,JNE3555,JNE3555-KR-M,M,1.0,462.5,462.0
2022-03-09,20220309,Mar-22,JNE3567,JNE3567-KR-L,L,1.0,362.5,362.0
2022-03-09,20220309,Mar-22,JNE3567,JNE3567-KR-M,M,1.0,362.5,362.0
2022-03-09,20220309,Mar-22,JNE3576,JNE3576-KR-M,M,1.0,425.0,425.0
2022-03-09,20220309,Mar-22,JNE3576,JNE3576-KR-XL,XL,1.0,425.0,425.0
2022-03-09,20220309,Mar-22,JNE3628,JNE3628-KR-XXL,XXL,1.0,462.5,462.0
2022-03-09,20220309,Mar-22,JNE3674,JNE3674-TU-XXL,XXL,1.0,500.0,500.0
2022-03-09,20220309,Mar-22,JNE3687,JNE3687-TU-M,M,1.0,462.5,462.0
2022-03-09,20220309,Mar-22,JNE3687,JNE3687-TU-XXL,XXL,1.0,462.5,462.0
2022-03-09,20220309,Mar-22,JNE3691,JNE3691-TU-XXL,XXL,1.0,562.5,562.0
2022-03-09,20220309,Mar-22,JNE3759,JNE3759-KR-M,M,1.0,500.0,500.0
2022-03-09,20220309,Mar-22,SET043,SET043-KR-NP-M,M,1.0,1000.0,1000.0
2022-03-09,20220309,Mar-22,SET204,SET204-KR-DPT-M,M,1.0,588.0,588.0
2022-03-09,20220309,Mar-22,SET236,SET236-KR-PP-L,L,1.0,750.0,750.0
2022-03-09,20220309,Mar-22,SET253,SET253-KR-NP-XXXL,XXXL,1.0,850.0,850.0
2022-03-09,20220309,Mar-22,SET295,SET295-KR-NP-M,M,1.0,850.0,850.0
2022-03-09,20220309,Mar-22,SET375,SET375-KR-NP-M,M,1.0,737.5,738.0
2022-03-09,20220309,Mar-22,JNE3364,JNE3364-KR-1051-S,S,1.0,425.0,425.0
2022-03-09,20220309,Mar-22,JNE3364,JNE3364-KR-1051-XL,XL,1.0,425.0,425.0
2022-03-09,20220309,Mar-22,JNE3364,JNE3364-KR-1051-XXL,XXL,1.0,425.0,425.0
2022-03-09,20220309,Mar-22,JNE3364,JNE3364-KR-1051-XXXL,XXXL,1.0,425.0,425.0
2022-03-09,20220309,Mar-22,JNE3364,JNE3364-KR-1051-M,M,1.0,425.0,425.0
2022-03-09,20220309,Mar-22,JNE3364,JNE3364-KR-1051-L,L,1.0,425.0,425.0
2022-03-09,20220309,Mar-22,JNE3365,JNE3365-KR-1052-S,S,1.0,425.0,425.0
2022-03-09,20220309,Mar-22,JNE3365,JNE3365-KR-1052-M,M,1.0,425.0,425.0
2022-03-09,20220309,Mar-22,JNE3365,JNE3365-KR-1052-XXL,XXL,1.0,425.0,425.0
2022-03-09,20220309,Mar-22,JNE3365,JNE3365-KR-1052-XXXL,XXXL,1.0,425.0,425.0
2022-03-09,20220309,Mar-22,JNE3365,JNE3365-KR-1052-L,L,1.0,425.0,425.0
2022-03-09,20220309,Mar-22,JNE3365,JNE3365-KR-1052-XL.,XL,1.0,425.0,425.0
2022-03-09,20220309,Mar-22,JNE3366,JNE3366-KR-1053-S,S,1.0,425.0,425.0
2022-03-09,20220309,Mar-22,JNE3366,JNE3366-KR-1053-M,M,1.0,425.0,425.0
2022-03-09,20220309,Mar-22,JNE3366,JNE3366-KR-1053-L,L,1.0,425.0,425.0
2022-03-09,20220309,Mar-22,JNE3366,JNE3366-KR-1053-XL,XL,1.0,425.0,425.0
2022-03-09,20220309,Mar-22,JNE3366,JNE3366-KR-1053-XXL,XXL,1.0,425.0,425.0
2022-03-09,20220309,Mar-22,JNE3366,JNE3366-KR-1053-XXXL,XXXL,1.0,425.0,425.0
2022-03-09,20220309,Mar-22,JNE3384,JNE3384-KR-S,S,1.0,337.5,338.0
2022-03-09,20220309,Mar-22,JNE3384,JNE3384-KR-M,M,1.0,337.5,338.0
2022-03-09,20220309,Mar-22,JNE3384,JNE3384-KR-L,L,1.0,337.5,338.0
2022-03-09,20220309,Mar-22,JNE3384,JNE3384-KR-XL,XL,1.0,337.5,338.0
2022-03-09,20220309,Mar-22,JNE3384,JNE3384-KR-XXL,XXL,1.0,337.5,338.0
2022-03-09,20220309,Mar-22,JNE3384,JNE3384-KR-XXXL,XXXL,1.0,337.5,338.0
2022-03-09,20220309,Mar-22,JNE3435,JNE3435-KR-S,S,1.0,425.0,425.0
2022-03-09,20220309,Mar-22,JNE3435,JNE3435-KR-M,M,1.0,425.0,425.0
2022-03-09,20220309,Mar-22,JNE3435,JNE3435-KR-L,L,1.0,425.0,425.0
2022-03-09,20220309,Mar-22,JNE3435,JNE3435-KR-XL,XL,1.0,425.0,425.0
2022-03-09,20220309,Mar-22,JNE3435,JNE3435-KR-XXL,XXL,1.0,425.0,425.0
2022-03-09,20220309,Mar-22,JNE3435,JNE3435-KR-XXXL,XXXL,1.0,425.0,425.0
2022-03-09,20220309,Mar-22,JNE3440,JNE3440-KR-S,S,1.0,387.5,388.0
2022-03-09,20220309,Mar-22,JNE3440,JNE3440-KR-M,M,1.0,387.5,388.0
2022-03-09,20220309,Mar-22,JNE3440,JNE3440-KR-L,L,1.0,387.5,388.0
2022-03-09,20220309,Mar-22,JNE3440,JNE3440-KR-XL,XL,1.0,387.5,388.0
2022-03-09,20220309,Mar-22,JNE3440,JNE3440-KR-XXL,XXL,1.0,387.5,388.0
2022-03-09,20220309,Mar-22,JNE3440,JNE3440-KR-XXXL,XXXL,1.0,387.5,388.0
2022-03-09,20220309,Mar-22,JNE3547,JNE3547-KR-XL,XL,1.0,462.5,462.0
2022-03-09,20220309,Mar-22,JNE3547,JNE3547-KR-S,S,1.0,462.5,462.0
2022-03-09,20220309,Mar-22,JNE3547,JNE3547-KR-M,M,1.0,462.5,462.0
2022-03-09,20220309,Mar-22,JNE3547,JNE3547-KR-L,L,1.0,462.5,462.0
2022-03-09,20220309,Mar-22,JNE3547,JNE3547-KR-XXL,XXL,1.0,462.5,462.0
2022-03-09,20220309,Mar-22,JNE3547,JNE3547-KR-XXXL,XXXL,1.0,462.5,462.0
2022-03-09,20220309,Mar-22,JNE3548,JNE3548-KR-S,S,1.0,462.5,462.0
2022-03-09,20220309,Mar-22,JNE3548,JNE3548-KR-M,M,1.0,462.5,462.0
2022-03-09,20220309,Mar-22,JNE3548,JNE3548-KR-L,L,1.0,462.5,462.0
2022-03-09,20220309,Mar-22,JNE3548,JNE3548-KR-XL,XL,1.0,462.5,462.0
2022-03-09,20220309,Mar-22,JNE3548,JNE3548-KR-XXL,XXL,1.0,462.5,462.0
2022-03-09,20220309,Mar-22,JNE3548,JNE3548-KR-XXXL,XXXL,1.0,462.5,462.0
2022-03-09,20220309,Mar-22,JNE3554,JNE3554-KR-S,S,1.0,462.5,462.0
2022-03-09,20220309,Mar-22,JNE3554,JNE3554-KR-M,M,1.0,462.5,462.0
2022-03-09,20220309,Mar-22,JNE3554,JNE3554-KR-L,L,1.0,462.5,462.0
2022-03-09,20220309,Mar-22,JNE3554,JNE3554-KR-XL,XL,1.0,462.5,462.0
2022-03-09,20220309,Mar-22,JNE3554,JNE3554-KR-XXL,XXL,1.0,462.5,462.0
2022-03-09,20220309,Mar-22,JNE3555,JNE3555-KR-XXXL,XXXL,1.0,462.5,462.0
2022-03-09,20220309,Mar-22,JNE3555,JNE3555-KR-S.,S,1.0,462.5,462.0
2022-03-09,20220309,Mar-22,JNE3555,JNE3555-KR-M,M,1.0,462.5,462.0
2022-03-09,20220309,Mar-22,JNE3555,JNE3555-KR-L,L,1.0,462.5,462.0
2022-03-09,20220309,Mar-22,JNE3555,JNE3555-KR-XL,XL,1.0,462.5,462.0
2022-03-09,20220309,Mar-22,JNE3555,JNE3555-KR-XXL,XXL,1.0,462.5,462.0
2022-03-09,20220309,Mar-22,JNE3556,JNE3556-KR-XXXL,XXXL,1.0,462.5,462.0
2022-03-09,20220309,Mar-22,JNE3556,JNE3556-KR-S,S,1.0,462.5,462.0
2022-03-09,20220309,Mar-22,JNE3556,JNE3556-KR-M,M,1.0,462.5,462.0
2022-03-09,20220309,Mar-22,JNE3556,JNE3556-KR-L,L,1.0,462.5,462.0
2022-03-09,20220309,Mar-22,JNE3556,JNE3556-KR-XL,XL,1.0,462.5,462.0
2022-03-09,20220309,Mar-22,JNE3556,JNE3556-KR-XXL,XXL,1.0,462.5,462.0
2022-03-09,20220309,Mar-22,JNE3564,JNE3564-KR-XXXL,XXXL,1.0,425.0,425.0
2022-03-09,20220309,Mar-22,JNE3564,JNE3564-KR-S,S,1.0,425.0,425.0
2022-03-09,20220309,Mar-22,JNE3564,JNE3564-KR-M,M,1.0,425.0,425.0
2022-03-09,20220309,Mar-22,JNE3564,JNE3564-KR-L,L,1.0,425.0,425.0
2022-03-09,20220309,Mar-22,JNE3564,JNE3564-KR-XL,XL,1.0,425.0,425.0
2022-03-09,20220309,Mar-22,JNE3564,JNE3564-KR-XXL,XXL,1.0,425.0,425.0
2022-03-09,20220309,Mar-22,PJNE3364,PJNE3364-KR-5XL,5XL,1.0,587.5,588.0
2022-03-09,20220309,Mar-22,PJNE3364,PJNE3364-KR-6XL,6XL,1.0,587.5,588.0
2022-03-09,20220309,Mar-22,PJNE3364,PJNE3364-KR-4XL,4XL,1.0,587.5,588.0
2022-03-09,20220309,Mar-22,PJNE3440,PJNE3440-KR-4XL,4XL,1.0,537.5,538.0
2022-03-09,20220309,Mar-22,PJNE3440,PJNE3440-KR-5XL,5XL,1.0,537.5,538.0
2022-03-09,20220309,Mar-22,PJNE3440,PJNE3440-KR-6XL,6XL,1.0,537.5,538.0
2022-03-09,20220309,Mar-22,SET269,SET269-KR-NP-S,S,1.0,975.0,975.0
2022-03-09,20220309,Mar-22,SET269,SET269-KR-NP-L,L,1.0,975.0,975.0
2022-03-09,20220309,Mar-22,SET199,SET199-KR-NP-S,S,1.0,737.5,738.0
2022-03-09,20220309,Mar-22,SET199,SET199-KR-NP-L,L,1.0,737.5,738.0
2022-03-09,20220309,Mar-22,SET199,SET199-KR-NP-XL,XL,1.0,737.5,738.0
2022-03-09,20220309,Mar-22,SET194,SET194-KR-NP-M,M,1.0,737.5,738.0
2022-03-09,20220309,Mar-22,SET194,SET194-KR-NP-XL,XL,1.0,737.5,738.0
2022-03-09,20220309,Mar-22,SET194,SET194-KR-NP-L,L,1.0,737.5,738.0
2022-03-09,20220309,Mar-22,J0282,J0282-SET-S,S,1.0,1237.5,1238.0
2022-03-09,20220309,Mar-22,SET197,SET197-KR-NP-S,S,1.0,887.5,888.0
2022-03-09,20220309,Mar-22,SET197,SET197-KR-NP-M,M,2.0,887.5,1775.0
2022-03-09,20220309,Mar-22,SET197,SET197-KR-NP-XL,XL,1.0,887.5,888.0
2022-03-09,20220309,Mar-22,SET197,SET197-KR-NP-L,L,1.0,887.5,888.0
2022-03-09,20220309,Mar-22,SET043,SET043-KR-NP-M,M,1.0,1000.0,1000.0
2022-03-09,20220309,Mar-22,SET043,SET043-KR-NP-L,L,1.0,1000.0,1000.0
2022-03-09,20220309,Mar-22,J0371,J0371-SKD-L,L,1.0,1237.5,1238.0
2022-03-09,20220309,Mar-22,SET329,SET329-KR-NP-XL,XL,1.0,687.5,688.0
2022-03-09,20220309,Mar-22,SET329,SET329-KR-NP-M,M,1.0,687.5,688.0
2022-03-09,20220309,Mar-22,SET326,SET326-KR-PP-M,M,1.0,687.5,688.0
2022-03-09,20220309,Mar-22,SET326,SET326-KR-PP-L,L,1.0,687.5,688.0
2022-03-09,20220309,Mar-22,SET306,SET306-KR-PP-L,L,1.0,737.5,738.0
2022-03-09,20220309,Mar-22,SET293,SET293-KR-NP-M,M,1.0,775.0,775.0
2022-03-09,20220309,Mar-22,SET293,SET293-KR-NP-L,L,1.0,775.0,775.0
2022-03-09,20220309,Mar-22,SET295,SET295-KR-NP-XL,XL,1.0,850.0,850.0
2022-03-09,20220309,Mar-22,SET301,SET301-KR-PP-M,M,1.0,1312.5,1312.0
2022-03-09,20220309,Mar-22,SET339,SET339-KR-NP-S,S,1.0,737.5,738.0
2022-03-09,20220309,Mar-22,SET351,SET351-KR-NP-L,L,1.0,612.5,612.0
2022-03-09,20220309,Mar-22,SET374,SET374-KR-NP-L,L,1.0,650.0,650.0
2022-03-09,20220309,Mar-22,SET374,SET374-KR-NP-M,M,1.0,650.0,650.0
2022-03-10,20220310,Mar-22,SET333,SET333-KR-DPT-XL,XL,1.0,1075.0,1075.0
2022-03-10,20220310,Mar-22,JNE3667,JNE3667-TP-M.,M,1.0,331.25,331.0
2022-03-10,20220310,Mar-22,JNE3676,JNE3676-TU-M,M,1.0,412.5,412.0
2022-03-10,20220310,Mar-22,SET388,SET388-KR-NP-M,M,1.0,1475.0,1475.0
2022-03-10,20220310,Mar-22,SET204,SET204-KR-DPT-XL,XL,1.0,587.5,588.0
2022-03-10,20220310,Mar-22,SET276,SET276-KR-PP-XXXL,XXXL,1.0,1425.0,1425.0
2022-03-10,20220310,Mar-22,J0005,J0005-DR-XXXL,XXXL,1.0,925.0,925.0
2022-03-10,20220310,Mar-22,JNE3545,JNE3545-KR-XL,XL,1.0,356.25,356.0
2022-03-10,20220310,Mar-22,PJNE1906,PJNE1906-KR-6XL,6XL,1.0,587.5,588.0
2022-03-10,20220310,Mar-22,PJNE2100,PJNE2100-KR-6XL,6XL,1.0,587.5,588.0
2022-03-10,20220310,Mar-22,PJNE2171,PJNE2171-KR-6XL,6XL,1.0,775.0,775.0
2022-03-10,20220310,Mar-22,PJ0096,PJ0096-KR-6XL,6XL,1.0,737.5,738.0
2022-03-10,20220310,Mar-22,J0236,J0236-SKD-M,M,1.0,1181.25,1181.0
2022-03-10,20220310,Mar-22,J0341,J0341-DR-L,L,1.0,775.0,775.0
2022-03-10,20220310,Mar-22,JNE3798,JNE3798-KR-M,M,1.0,975.0,975.0
2022-03-10,20220310,Mar-22,SET297,SET297-KR-NP-L,L,1.0,812.5,812.0
2022-03-10,20220310,Mar-22,SET320,SET320-KR-NP-L,L,1.0,1000.0,1000.0
2022-03-10,20220310,Mar-22,SET300,SET300-KR-NP-M,M,1.0,1162.5,1162.0
2022-03-10,20220310,Mar-22,SET304,SET304-KR-DPT-S,S,1.0,1350.0,1350.0
2022-03-10,20220310,Mar-22,J0252,J0252-SKD-L,L,1.0,1037.5,1038.0
2022-03-10,20220310,Mar-22,PJNE2171,PJNE2171-KR-5XL,5XL,1.0,775.0,775.0
2022-03-10,20220310,Mar-22,SET300,SET300-KR-NP-XL,XL,1.0,1162.5,1162.0
2022-03-10,20220310,Mar-22,PJNE3440,PJNE3440-KR-5XL,5XL,1.0,537.5,538.0
2022-03-10,20220310,Mar-22,J0398,J0398-DR-XS,XS,1.0,887.5,888.0
2022-03-10,20220310,Mar-22,SET297,SET297-KR-NP-XXXL,XXXL,1.0,812.5,812.0
2022-03-10,20220310,Mar-22,J0226,J0226-SKD-XXL,XXL,1.0,1862.5,1862.0
2022-03-10,20220310,Mar-22,J0250,J0250-SKD-L,L,1.0,1037.5,1038.0
2022-03-10,20220310,Mar-22,JNE3813,JNE3813-KR-M,M,1.0,650.0,650.0
2022-03-10,20220310,Mar-22,SET282,SET282-KR-PP-S,S,1.0,1237.5,1238.0
2022-03-10,20220310,Mar-22,SET355,SET355-KR-PP-S,S,1.0,1625.0,1625.0
2022-03-10,20220310,Mar-22,J0401,J0401-DR-SC,Free,1.0,887.5,888.0
2022-03-10,20220310,Mar-22,J0397,J0397-DR-M,M,1.0,1075.0,1075.0
2022-03-10,20220310,Mar-22,J0397,J0397-DR-S,S,1.0,1075.0,1075.0
2022-03-10,20220310,Mar-22,SET311,SET311-KR-NP-S,S,1.0,1137.5,1138.0
2022-03-10,20220310,Mar-22,SET372,SET372-KR-PP-XXL,XXL,1.0,850.0,850.0
2022-03-10,20220310,Mar-22,PJNE3405,PJNE3405-KR-5XL,5XL,1.0,462.5,462.0
2022-03-10,20220310,Mar-22,JNE3861,JNE3861-DR-SC,Free,1.0,775.0,775.0
2022-03-10,20220310,Mar-22,JNE3870,JNE3870-DR-S,S,1.0,687.5,688.0
2022-03-10,20220310,Mar-22,PJNE3568,PJNE3568-KR-5XL,5XL,1.0,462.5,462.0
2022-03-10,20220310,Mar-22,J0024,J0024-KR-L,L,1.0,381.0,381.0
2022-03-10,20220310,Mar-22,J0024,J0024-KR-M,M,1.0,381.0,381.0
2022-03-10,20220310,Mar-22,J0024,J0024-KR-S,S,1.0,438.0,438.0
2022-03-10,20220310,Mar-22,J0024,J0024-KR-XXL,XXL,1.0,381.0,381.0
2022-03-10,20220310,Mar-22,J0037,J0037-KR-XL,XL,1.0,619.0,619.0
2022-03-10,20220310,Mar-22,J0037,J0037-KR-XXL,XXL,1.0,619.0,619.0
2022-03-10,20220310,Mar-22,J0037,J0037-KR-XXXL,XXXL,1.0,619.0,619.0
2022-03-10,20220310,Mar-22,J0081,J0081-DR-XL,XL,1.0,831.0,831.0
2022-03-10,20220310,Mar-22,J0081,J0081-DR-XXL,XXL,1.0,831.0,831.0
2022-03-10,20220310,Mar-22,J0093,J0093-DR-M,M,1.0,744.0,744.0
2022-03-10,20220310,Mar-22,J0093,J0093-DR-XXL,XXL,1.0,744.0,744.0
2022-03-10,20220310,Mar-22,J0211,J0211-DR-L,L,1.0,812.5,812.0
2022-03-10,20220310,Mar-22,J0211,J0211-DR-XXXL,XXXL,1.0,812.5,812.0
2022-03-10,20220310,Mar-22,JNE3371,JNE3371-KR-M,M,1.0,381.0,381.0
2022-03-10,20220310,Mar-22,JNE3563,JNE3563-KR-M,M,1.0,569.0,569.0
2022-03-10,20220310,Mar-22,JNE3563,JNE3563-KR-XXL,XXL,1.0,569.0,569.0
2022-03-10,20220310,Mar-22,JNE3577,JNE3577-KR-L,L,1.0,687.5,688.0
2022-03-10,20220310,Mar-22,JNE3637,JNE3637-KR-L,L,1.0,687.5,688.0
2022-03-10,20220310,Mar-22,JNE3637,JNE3637-KR-M,M,1.0,687.5,688.0
2022-03-10,20220310,Mar-22,JNE3637,JNE3637-KR-XL,XL,1.0,687.5,688.0
2022-03-10,20220310,Mar-22,JNE3683,JNE3683-TU-XXXL,XXXL,1.0,344.0,344.0
2022-03-10,20220310,Mar-22,JNE3687,JNE3687-TU-M,M,1.0,462.5,462.0
2022-03-10,20220310,Mar-22,JNE3687,JNE3687-TU-S,S,1.0,462.5,462.0
2022-03-10,20220310,Mar-22,JNE3816,JNE3816-KR-L,L,1.0,550.0,550.0
2022-03-10,20220310,Mar-22,JNE3816,JNE3816-KR-M,M,1.0,550.0,550.0
2022-03-10,20220310,Mar-22,JNE3856,JNE3856-KR-L,L,1.0,587.5,588.0
2022-03-10,20220310,Mar-22,SET182,SET182-KR-DH-M,M,1.0,725.0,725.0
2022-03-10,20220310,Mar-22,SET182,SET182-KR-DH-S,S,1.0,725.0,725.0
2022-03-10,20220310,Mar-22,SET339,SET339-KR-NP-XL,XL,1.0,737.5,738.0
2022-03-10,20220310,Mar-22,J0093,J0093-DR-XXL,XXL,1.0,719.0,719.0
2022-03-10,20220310,Mar-22,J0210,J0210-DR-M,M,1.0,825.0,825.0
2022-03-10,20220310,Mar-22,J0210,J0210-DR-XL,XL,1.0,825.0,825.0
2022-03-10,20220310,Mar-22,J0210,J0210-DR-XXXL,XXXL,1.0,825.0,825.0
2022-03-10,20220310,Mar-22,J0212,J0212-DR-L,L,1.0,775.0,775.0
2022-03-10,20220310,Mar-22,J0212,J0212-DR-XXL,XXL,1.0,775.0,775.0
2022-03-10,20220310,Mar-22,J0212,J0212-DR-XXXL,XXXL,1.0,775.0,775.0
2022-03-10,20220310,Mar-22,JNE09187,SAREE,Free,1.0,886.25,886.0
2022-03-10,20220310,Mar-22,JNE3688,JNE3688-TU-XL,XL,1.0,537.5,538.0
2022-03-10,20220310,Mar-22,JNE3691,JNE3691-TU-L,L,1.0,562.5,562.0
2022-03-10,20220310,Mar-22,JNE3691,JNE3691-TU-M,M,1.0,562.5,562.0
2022-03-10,20220310,Mar-22,JNE3691,JNE3691-TU-XL,XL,1.0,562.5,562.0
2022-03-10,20220310,Mar-22,JNE3709,JNE3709-DR-L,L,1.0,912.5,912.0
2022-03-10,20220310,Mar-22,JNE3709,JNE3709-DR-XL,XL,1.0,912.5,912.0
2022-03-10,20220310,Mar-22,JNE3709,JNE3709-DR-XXL,XXL,1.0,912.5,912.0
2022-03-10,20220310,Mar-22,JNE3744,JNE3744-TU-L,L,1.0,562.5,562.0
2022-03-10,20220310,Mar-22,JNE3744,JNE3744-TU-XL,XL,1.0,562.5,562.0
2022-03-10,20220310,Mar-22,JNE3744,JNE3744-TU-XXL,XXL,1.0,562.5,562.0
2022-03-10,20220310,Mar-22,JNE3822,JNE3822-KR-L,L,1.0,525.0,525.0
2022-03-10,20220310,Mar-22,JNE3822,JNE3822-KR-XL,XL,1.0,525.0,525.0
2022-03-10,20220310,Mar-22,SAR045,SAR045,Free,1.0,698.75,699.0
2022-03-10,20220310,Mar-22,SAR054,SAR054,Free,1.0,998.75,999.0
2022-03-10,20220310,Mar-22,SAR101,SAR101-FREE,FREE,1.0,561.25,561.0
2022-03-10,20220310,Mar-22,SET388,SET388-KR-NP-L,L,1.0,1475.0,1475.0
2022-03-10,20220310,Mar-22,SET388,SET388-KR-NP-XL,XL,1.0,1475.0,1475.0
2022-03-10,20220310,Mar-22,SET388,SET388-KR-NP-XXL,XXL,1.0,1475.0,1475.0
2022-03-10,20220310,Mar-22,SET392,SET392-KR-NP-XL,XL,1.0,850.0,850.0
2022-03-10,20220310,Mar-22,SET392,SET392-KR-NP-XXL,XXL,1.0,850.0,850.0
2022-03-10,20220310,Mar-22,J0093,J0093-DR-L,L,1.0,719.0,719.0
2022-03-10,20220310,Mar-22,J0093,J0093-DR-XXXL,XXXL,1.0,719.0,719.0
2022-03-10,20220310,Mar-22,J0183,J0183-TP-L,L,1.0,481.0,481.0
2022-03-10,20220310,Mar-22,J0183,J0183-TP-M,M,1.0,481.0,481.0
2022-03-10,20220310,Mar-22,J0183,J0183-TP-XXL,XXL,1.0,481.0,481.0
2022-03-10,20220310,Mar-22,J0242,J0242-SKD-XL,XL,1.0,1350.0,1350.0
2022-03-10,20220310,Mar-22,J0242,J0242-SKD-XXXL,XXXL,1.0,1350.0,1350.0
2022-03-10,20220310,Mar-22,JNE3371,JNE3371-KR-L,L,1.0,381.0,381.0
2022-03-10,20220310,Mar-22,JNE3577,JNE3577-KR-XL,XL,1.0,687.5,688.0
2022-03-10,20220310,Mar-22,JNE3671,JNE3671-TU-L,L,1.0,500.0,500.0
2022-03-10,20220310,Mar-22,JNE3671,JNE3671-TU-M,M,1.0,500.0,500.0
2022-03-10,20220310,Mar-22,JNE3671,JNE3671-TU-XL,XL,1.0,500.0,500.0
2022-03-10,20220310,Mar-22,JNE3671,JNE3671-TU-XXL,XXL,1.0,500.0,500.0
2022-03-10,20220310,Mar-22,JNE3671,JNE3671-TU-XXXL,XXXL,1.0,500.0,500.0
2022-03-10,20220310,Mar-22,JNE3672,JNE3672-TU-L,L,1.0,500.0,500.0
2022-03-10,20220310,Mar-22,JNE3672,JNE3672-TU-XL,XL,1.0,500.0,500.0
2022-03-10,20220310,Mar-22,JNE3672,JNE3672-TU-XXL,XXL,1.0,500.0,500.0
2022-03-10,20220310,Mar-22,JNE3673,JNE3673-TU-L,L,1.0,537.5,538.0
2022-03-10,20220310,Mar-22,JNE3673,JNE3673-TU-M,M,1.0,537.5,538.0
2022-03-10,20220310,Mar-22,JNE3673,JNE3673-TU-XL,XL,1.0,537.5,538.0
2022-03-10,20220310,Mar-22,JNE3673,JNE3673-TU-XXL,XXL,1.0,537.5,538.0
2022-03-10,20220310,Mar-22,JNE3673,JNE3673-TU-XXXL,XXXL,1.0,537.5,538.0
2022-03-10,20220310,Mar-22,JNE3674,JNE3674-TU-L,L,1.0,500.0,500.0
2022-03-10,20220310,Mar-22,JNE3674,JNE3674-TU-M,M,1.0,500.0,500.0
2022-03-10,20220310,Mar-22,JNE3674,JNE3674-TU-S,S,1.0,500.0,500.0
2022-03-10,20220310,Mar-22,JNE3674,JNE3674-TU-XL,XL,1.0,500.0,500.0
2022-03-10,20220310,Mar-22,JNE3674,JNE3674-TU-XXL,XXL,1.0,500.0,500.0
2022-03-10,20220310,Mar-22,JNE3674,JNE3674-TU-XXXL,XXXL,1.0,500.0,500.0
2022-03-10,20220310,Mar-22,JNE3683,JNE3683-TU-L,L,1.0,344.0,344.0
2022-03-10,20220310,Mar-22,JNE3688,JNE3688-TU-M,M,1.0,537.5,538.0
2022-03-10,20220310,Mar-22,JNE3688,JNE3688-TU-S,S,1.0,537.5,538.0
2022-03-10,20220310,Mar-22,SAR029,SAR029,Free,1.0,661.25,661.0
2022-03-10,20220310,Mar-22,SAR105,SAR105-FREE,FREE,1.0,561.25,561.0
2022-03-10,20220310,Mar-22,SAR108,SAR108-FREE,FREE,1.0,561.25,561.0
2022-03-10,20220310,Mar-22,SAR110,SAR110-FREE,FREE,1.0,561.25,561.0
2022-03-10,20220310,Mar-22,SET376,SET376-KR-NP-XXXL,XXXL,1.0,687.5,688.0
2022-03-12,20220312,Mar-22,JNE3844,CMB5-JNE3844,Free,5.0,374.0,1870.0
2022-03-12,20220312,Mar-22,JNE3849,CMB5-JNE3849,Free,5.0,299.0,1495.0
2022-03-12,20220312,Mar-22,J0001,J0001-DR-L,L,1.0,650.0,650.0
2022-03-12,20220312,Mar-22,J0012,J0012-SKD-XL,XL,1.0,1387.5,1388.0
2022-03-12,20220312,Mar-22,J0086,J0086-DR-M,M,1.0,618.75,619.0
2022-03-12,20220312,Mar-22,J0086,J0086-DR-S,S,1.0,618.75,619.0
2022-03-12,20220312,Mar-22,J0101,J0101-DR-XL,XL,1.0,1006.25,1006.0
2022-03-12,20220312,Mar-22,J0118,J0118-TP-XL,XL,1.0,387.5,388.0
2022-03-12,20220312,Mar-22,J0158,J0158-DR-XS,XS,1.0,687.5,688.0
2022-03-12,20220312,Mar-22,J0209,J0209-DR-L,L,1.0,687.5,688.0
2022-03-12,20220312,Mar-22,J0336,J0336-TP-L,L,1.0,537.5,538.0
2022-03-12,20220312,Mar-22,JNE3384,JNE3384-KR-S,S,1.0,337.5,338.0
2022-03-12,20220312,Mar-22,JNE3642,JNE3642-TP-M,M,1.0,306.25,306.0
2022-03-12,20220312,Mar-22,JNE3642,JNE3642-TP-XL,XL,1.0,306.25,306.0
2022-03-12,20220312,Mar-22,JNE3658,JNE3658-TP-XL,XL,1.0,356.25,356.0
2022-03-12,20220312,Mar-22,JNE3661,JNE3661-TP-XL,XL,1.0,293.75,294.0
2022-03-12,20220312,Mar-22,JNE3667,JNE3667-TP-XL,XL,1.0,331.25,331.0
2022-03-12,20220312,Mar-22,JNE3880,JNE3880-DR-SC,Free,1.0,650.0,650.0
2022-03-12,20220312,Mar-22,SET227,SET227-KR-PP-L,L,1.0,693.75,694.0
2022-03-12,20220312,Mar-22,SET227,SET227-KR-PP-M,M,1.0,693.75,694.0
2022-03-12,20220312,Mar-22,SET227,SET227-KR-PP-XL,XL,1.0,693.75,694.0
2022-03-12,20220312,Mar-22,SET280,SET280-KR-PP-L,L,1.0,1006.25,1006.0
2022-03-17,20220317,Mar-22,J0398,J0398-DR-L,L,1.0,887.5,888.0
2022-03-17,20220317,Mar-22,JNE3856,JNE3856-KR-S,S,1.0,587.5,588.0
2022-03-17,20220317,Mar-22,J0333,J0333-DR-M,M,1.0,812.5,812.0
2022-03-17,20220317,Mar-22,J0333,J0333-DR-L,L,1.0,812.5,812.0
2022-03-17,20220317,Mar-22,J0396,J0396-DR-SC,Free,1.0,850.0,850.0
2022-03-17,20220317,Mar-22,J0396,J0396-DR-M,M,1.0,850.0,850.0
2022-03-17,20220317,Mar-22,J0396,J0396-DR-L,L,1.0,850.0,850.0
2022-03-17,20220317,Mar-22,J0332,J0332-DR-M,M,1.0,887.5,888.0
2022-03-17,20220317,Mar-22,J0006,J0006-SET-M,M,2.0,925.0,1850.0
2022-03-17,20220317,Mar-22,J0397,J0397-DR-M,M,2.0,1075.0,2150.0
2022-03-17,20220317,Mar-22,J0279,J0279-SET-M,M,1.0,1237.5,1238.0
2022-03-17,20220317,Mar-22,J0279,J0279-SET-S,S,1.0,1237.5,1238.0
2022-03-17,20220317,Mar-22,J0002,J0002-SKD-M,M,1.0,1350.0,1350.0
2022-03-17,20220317,Mar-22,J0002,J0002-SKD-L,L,1.0,1350.0,1350.0
2022-03-17,20220317,Mar-22,J0008,J0008-SKD-M,M,2.0,1275.0,2550.0
2022-03-17,20220317,Mar-22,J0012,J0012-SKD-M,M,1.0,1387.5,1388.0
2022-03-17,20220317,Mar-22,J0012,J0012-SKD-L,L,1.0,1387.5,1388.0
2022-03-17,20220317,Mar-22,J0399,J0399-DR-M,M,2.0,775.0,1550.0
2022-03-17,20220317,Mar-22,J0399,J0399-DR-SC,Free,1.0,775.0,775.0
2022-03-17,20220317,Mar-22,J0395,J0395-DR-M,M,2.0,850.0,1700.0
2022-03-17,20220317,Mar-22,J0395,J0395-DR-S,S,1.0,850.0,850.0
2022-03-17,20220317,Mar-22,J0398,J0398-DR-M,M,2.0,887.5,1775.0
2022-03-17,20220317,Mar-22,SET338,SET338-KR-NP-M,M,1.0,1350.0,1350.0
2022-03-17,20220317,Mar-22,SET345,SET345-KR-NP-M,M,1.0,687.5,688.0
2022-03-17,20220317,Mar-22,BTM002,BTM002-M,M,1.0,425.0,425.0
2022-03-17,20220317,Mar-22,BTM002,BTM002-XXL,XXL,1.0,425.0,425.0
2022-03-17,20220317,Mar-22,JNE3722,JNE3722-KR-L,L,1.0,306.25,306.0
2022-03-17,20220317,Mar-22,JNE3722,JNE3722-KR-M,M,1.0,306.25,306.0
2022-03-17,20220317,Mar-22,JNE3722,JNE3722-KR-S,S,1.0,306.25,306.0
2022-03-17,20220317,Mar-22,JNE3722,JNE3722-KR-XL,XL,1.0,306.25,306.0
2022-03-17,20220317,Mar-22,JNE3722,JNE3722-KR-XXL,XXL,1.0,306.25,306.0
2022-03-17,20220317,Mar-22,JNE3797,JNE3797-KR-M,M,1.0,975.0,975.0
2022-03-17,20220317,Mar-22,JNE3819,JNE3819-KR-L,L,1.0,550.0,550.0
2022-03-17,20220317,Mar-22,JNE3819,JNE3819-KR-M,M,1.0,550.0,550.0
2022-03-17,20220317,Mar-22,JNE3819,JNE3819-KR-XL,XL,1.0,550.0,550.0
2022-03-17,20220317,Mar-22,JNE3819,JNE3819-KR-XS,XS,1.0,550.0,550.0
2022-03-17,20220317,Mar-22,JNE3833,JNE3833-KR-XXL,XXL,1.0,550.0,550.0
2022-03-17,20220317,Mar-22,SET307,SET307-KR-DPT-L,L,1.0,775.0,775.0
2022-03-17,20220317,Mar-22,SET307,SET307-KR-DPT-M,M,1.0,775.0,775.0
2022-03-17,20220317,Mar-22,SET307,SET307-KR-DPT-S,S,1.0,775.0,775.0
2022-03-17,20220317,Mar-22,SET307,SET307-KR-DPT-XL,XL,1.0,775.0,775.0
2022-03-17,20220317,Mar-22,SET307,SET307-KR-DPT-XS,XS,1.0,775.0,775.0
2022-03-17,20220317,Mar-22,SET307,SET307-KR-DPT-XXL,XXL,1.0,775.0,775.0
2022-03-17,20220317,Mar-22,SET307,SET307-KR-DPT-XXXL,XXXL,1.0,775.0,775.0
2022-03-17,20220317,Mar-22,SET334,SET334-KR-NP-L,L,1.0,687.5,688.0
2022-03-17,20220317,Mar-22,SET334,SET334-KR-NP-M,M,2.0,687.5,1375.0
2022-03-17,20220317,Mar-22,SET334,SET334-KR-NP-S,S,1.0,687.5,688.0
2022-03-17,20220317,Mar-22,SET388,SET388-KR-NP-M,M,1.0,1475.0,1475.0
2022-03-17,20220317,Mar-22,SET392,SET392-KR-NP-M,M,1.0,850.0,850.0
2022-03-21,20220321,Mar-22,BTM002,BTM002-L,L,2.0,425.0,850.0
2022-03-21,20220321,Mar-22,BTM005,BTM005-L,L,1.0,425.0,425.0
2022-03-21,20220321,Mar-22,J0094,J0094-KR-L,L,2.0,681.25,1362.0
2022-03-21,20220321,Mar-22,J0094,J0094-KR-M,M,1.0,681.25,681.0
2022-03-21,20220321,Mar-22,JNE1408,,Free,1.0,387.5,388.0
2022-03-21,20220321,Mar-22,JNE1998,JNE1998-KR-311-L,L,1.0,337.5,338.0
2022-03-21,20220321,Mar-22,JNE2009,JNE2009-KR-310-M,M,1.0,337.5,338.0
2022-03-21,20220321,Mar-22,JNE2014,JNE2014-KR-178-L,L,1.0,362.5,362.0
2022-03-21,20220321,Mar-22,JNE2170,JNE2170-KR-436-L,L,1.0,500.0,500.0
2022-03-21,20220321,Mar-22,JNE2170,JNE2170-KR-436-M,M,1.0,500.0,500.0
2022-03-21,20220321,Mar-22,JNE2199,JNE2199-KR-411-L,L,1.0,462.5,462.0
2022-03-21,20220321,Mar-22,JNE2266,JNE2266-KR-490-M,M,1.0,425.0,425.0
2022-03-21,20220321,Mar-22,JNE2266,JNE2266-KR-490-XL,XL,1.0,425.0,425.0
2022-03-21,20220321,Mar-22,JNE2291,JNE2291-KR-602-L,L,1.0,525.0,525.0
2022-03-21,20220321,Mar-22,JNE3261,JNE3261-KR-L,L,1.0,387.5,388.0
2022-03-21,20220321,Mar-22,JNE3270,JNE3270-KR-XL,XL,1.0,425.0,425.0
2022-03-21,20220321,Mar-22,JNE3408,JNE3408-KR-L,L,1.0,525.0,525.0
2022-03-21,20220321,Mar-22,JNE3465,JNE3465-KR-L,L,1.0,650.0,650.0
2022-03-21,20220321,Mar-22,JNE3480,JNE3480-KR-L,L,1.0,281.25,281.0
2022-03-21,20220321,Mar-22,JNE3480,JNE3480-KR-M,M,1.0,281.25,281.0
2022-03-21,20220321,Mar-22,JNE3506,JNE3506-KR-L,L,2.0,825.0,1650.0
2022-03-21,20220321,Mar-22,JNE3506,JNE3506-KR-M,M,1.0,825.0,825.0
2022-03-21,20220321,Mar-22,JNE3515,JNE3515-KR-M,M,1.0,562.5,562.0
2022-03-21,20220321,Mar-22,JNE3516,JNE3516-KR-M,M,1.0,431.25,431.0
2022-03-21,20220321,Mar-22,JNE3549,JNE3549-KR-L,L,1.0,393.75,394.0
2022-03-21,20220321,Mar-22,JNE3567,JNE3567-KR-M,M,1.0,362.5,362.0
2022-03-21,20220321,Mar-22,JNE3579,JNE3579-KR-M,M,1.0,331.25,331.0
2022-03-21,20220321,Mar-22,JNE3602,JNE3602-KR-L,L,2.0,525.0,1050.0
2022-03-21,20220321,Mar-22,JNE3610,JNE3610-KR-L,L,1.0,343.75,344.0
2022-03-21,20220321,Mar-22,JNE3613,JNE3613-KR-L,L,1.0,562.5,562.0
2022-03-21,20220321,Mar-22,JNE3636,JNE3636-KR-L,L,1.0,562.5,562.0
2022-03-21,20220321,Mar-22,JNE3701,JNE3701-KR-L,L,1.0,462.5,462.0
2022-03-21,20220321,Mar-22,JNE3720,JNE3720-KR-L,L,1.0,650.0,650.0
2022-03-21,20220321,Mar-22,JNE3721,JNE3721-KR-L,L,1.0,356.25,356.0
2022-03-21,20220321,Mar-22,JNE3732,JNE3732-KR-L,L,1.0,500.0,500.0
2022-03-21,20220321,Mar-22,JNE3741,JNE3741-KR-L,L,1.0,425.0,425.0
2022-03-21,20220321,Mar-22,JNE3749,JNE3749-KR-L,L,1.0,593.75,594.0
2022-03-21,20220321,Mar-22,JNE3753,JNE3753-KR-L,L,1.0,650.0,650.0
2022-03-21,20220321,Mar-22,JNE3756,JNE3756-KR-L,L,1.0,587.5,588.0
2022-03-21,20220321,Mar-22,JNE3764,JNE3764-KR-L,L,1.0,587.5,588.0
2022-03-21,20220321,Mar-22,JNE3767,JNE3767-KR-XL,XL,1.0,562.5,562.0
2022-03-21,20220321,Mar-22,JNE3785,JNE3785-KR-L,L,1.0,418.75,419.0
2022-03-21,20220321,Mar-22,JNE3811,JNE3811-KR-L,L,1.0,562.5,562.0
2022-03-21,20220321,Mar-22,JNE3813,JNE3813-KR-M,M,1.0,650.0,650.0
2022-03-21,20220321,Mar-22,SET062,SET062-KR-SP-L,L,1.0,831.25,831.0
2022-03-21,20220321,Mar-22,SET194,SET194-KR-NP-XL,XL,1.0,737.5,738.0
2022-03-21,20220321,Mar-22,SET264,SET264-KR-NP-XL,XL,1.0,825.0,825.0
2022-03-21,20220321,Mar-22,SET266,SET266-KR-NP-L,L,1.0,825.0,825.0
2022-03-21,20220321,Mar-22,SET267,SET267-KR-NP-XL,XL,1.0,925.0,925.0
2022-03-21,20220321,Mar-22,SET268,SET268-KR-NP-L,L,1.0,787.5,788.0
2022-03-21,20220321,Mar-22,SET339,SET339-KR-NP-XL,XL,1.0,737.5,738.0
2022-03-21,20220321,Mar-22,SET340,SET340-KR-NP-XL,XL,1.0,850.0,850.0
2022-03-21,20220321,Mar-22,SET374,SET374-KR-NP-L,L,1.0,650.0,650.0
2022-03-21,20220321,Mar-22,SET374,SET374-KR-NP-XL,XL,1.0,650.0,650.0
2022-03-22,20220322,Mar-22,BTM029,BTM029-NP-M,M,1.0,425.0,425.0
2022-03-22,20220322,Mar-22,J0023,J0023-TP-XL,XL,1.0,418.75,419.0
2022-03-22,20220322,Mar-22,J0118,J0118-TP-M,M,1.0,387.5,388.0
2022-03-22,20220322,Mar-22,J0213,J0213-TP-L,L,1.0,537.5,538.0
2022-03-22,20220322,Mar-22,J0297,J0297-TP-L,L,1.0,425.0,425.0
2022-03-22,20220322,Mar-22,JNE3642,JNE3642-TP-XS,XS,1.0,306.25,306.0
2022-03-22,20220322,Mar-22,JNE3643,JNE3643-TP-S,S,1.0,231.25,231.0
2022-03-22,20220322,Mar-22,JNE3644,JNE3644-TP-S,S,1.0,293.75,294.0
2022-03-22,20220322,Mar-22,JNE3655,JNE3655-TP-S,S,1.0,343.75,344.0
2022-03-22,20220322,Mar-22,JNE3658,JNE3658-TP-S,S,1.0,356.25,356.0
2022-03-22,20220322,Mar-22,JNE3664,JNE3664-TP-S,S,1.0,431.25,431.0
2022-03-22,20220322,Mar-22,JNE3665,JNE3665-TP-L,L,1.0,387.5,388.0
2022-03-22,20220322,Mar-22,JNE3691,JNE3691-TU-L,L,1.0,562.5,562.0
2022-03-22,20220322,Mar-22,JNE3789,JNE3789-KR-L,L,1.0,450.0,450.0
2022-03-22,20220322,Mar-22,PJNE2100,PJNE2100-KR-4XL,4XL,1.0,587.5,588.0
2022-03-22,20220322,Mar-22,PSET268,PSET268-KR-NP-5XL,5XL,1.0,1075.0,1075.0
2022-03-22,20220322,Mar-22,SET098,SET098-KR-PP-S,S,1.0,750.0,750.0
2022-03-22,20220322,Mar-22,SET268,SET268-KR-NP-XXL,XXL,2.0,787.5,1575.0
2022-03-22,20220322,Mar-22,SET293,SET293-KR-NP-M,M,1.0,775.0,775.0
2022-03-22,20220322,Mar-22,SET330,SET330-KR-PP-XXL,XXL,1.0,687.5,688.0
2022-03-22,20220322,Mar-22,SET339,SET339-KR-NP-M,M,1.0,737.5,738.0
2022-03-22,20220322,Mar-22,SET358,SET358-KR-NP-M,M,1.0,1312.5,1312.0
2022-03-23,20220323,Mar-22,J0094,J0094-KR-L,L,1.0,681.25,681.0
2022-03-23,20220323,Mar-22,J0094,J0094-KR-M,M,1.0,681.25,681.0
2022-03-23,20220323,Mar-22,J0094,J0094-KR-S,S,1.0,681.25,681.0
2022-03-23,20220323,Mar-22,J0094,J0094-KR-XL,XL,1.0,681.25,681.0
2022-03-23,20220323,Mar-22,J0094,J0094-KR-XXL,XXL,1.0,681.25,681.0
2022-03-23,20220323,Mar-22,J0094,J0094-KR-XXXL,XXXL,1.0,681.25,681.0
2022-03-23,20220323,Mar-22,J0132,J0132-KR-XL,XL,1.0,418.75,419.0
2022-03-23,20220323,Mar-22,J0132,J0132-KR-XXL,XXL,1.0,418.75,419.0
2022-03-23,20220323,Mar-22,J0132,J0132-KR-XXXL,XXXL,1.0,418.75,419.0
2022-03-23,20220323,Mar-22,J0352,J0352-KR-L,L,1.0,650.0,650.0
2022-03-23,20220323,Mar-22,J0352,J0352-KR-M,M,1.0,650.0,650.0
2022-03-23,20220323,Mar-22,J0352,J0352-KR-S,S,1.0,650.0,650.0
2022-03-23,20220323,Mar-22,J0352,J0352-KR-XXL,XXL,1.0,650.0,650.0
2022-03-23,20220323,Mar-22,JNE2205,JNE2205-KR-467-L,L,1.0,381.25,381.0
2022-03-23,20220323,Mar-22,JNE2205,JNE2205-KR-467-M,M,1.0,381.25,381.0
2022-03-23,20220323,Mar-22,JNE2205,JNE2205-KR-467-S,S,1.0,381.25,381.0
2022-03-23,20220323,Mar-22,JNE2205,JNE2205-KR-467-XL,XL,1.0,381.25,381.0
2022-03-23,20220323,Mar-22,JNE2205,JNE2205-KR-467-XXL,XXL,1.0,381.25,381.0
2022-03-23,20220323,Mar-22,JNE2205,JNE2205-KR-467-XXXL,XXXL,1.0,381.25,381.0
2022-03-23,20220323,Mar-22,JNE2266,JNE2266-KR-490-L,L,1.0,425.0,425.0
2022-03-23,20220323,Mar-22,JNE2266,JNE2266-KR-490-M,M,1.0,425.0,425.0
2022-03-23,20220323,Mar-22,JNE2266,JNE2266-KR-490-S,S,1.0,425.0,425.0
2022-03-23,20220323,Mar-22,JNE2266,JNE2266-KR-490-XL,XL,1.0,425.0,425.0
2022-03-23,20220323,Mar-22,JNE2266,JNE2266-KR-490-XXL,XXL,1.0,425.0,425.0
2022-03-23,20220323,Mar-22,JNE2270,JNE2270-KR-487-L,L,1.0,725.0,725.0
2022-03-23,20220323,Mar-22,JNE2270,JNE2270-KR-487-M,M,1.0,725.0,725.0
2022-03-23,20220323,Mar-22,JNE2270,JNE2270-KR-487-S,S,1.0,725.0,725.0
2022-03-23,20220323,Mar-22,JNE2270,JNE2270-KR-487-XL,XL,1.0,725.0,725.0
2022-03-23,20220323,Mar-22,JNE2270,JNE2270-KR-487-XXL,XXL,1.0,725.0,725.0
2022-03-23,20220323,Mar-22,JNE3065,JNE3065-KR-L,L,1.0,456.25,456.0
2022-03-23,20220323,Mar-22,JNE3065,JNE3065-KR-M,M,1.0,456.25,456.0
2022-03-23,20220323,Mar-22,JNE3065,JNE3065-KR-S,S,1.0,456.25,456.0
2022-03-23,20220323,Mar-22,JNE3065,JNE3065-KR-XL,XL,1.0,456.25,456.0
2022-03-23,20220323,Mar-22,JNE3065,JNE3065-KR-XXL,XXL,1.0,456.25,456.0
2022-03-23,20220323,Mar-22,JNE3294,JNE3294-KR-L,L,1.0,425.0,425.0
2022-03-23,20220323,Mar-22,JNE3294,JNE3294-KR-M,M,1.0,425.0,425.0
2022-03-23,20220323,Mar-22,JNE3294,JNE3294-KR-S,S,1.0,425.0,425.0
2022-03-23,20220323,Mar-22,JNE3294,JNE3294-KR-XL,XL,1.0,425.0,425.0
2022-03-23,20220323,Mar-22,JNE3294,JNE3294-KR-XXL,XXL,1.0,425.0,425.0
2022-03-23,20220323,Mar-22,JNE3294,JNE3294-KR-XXXL,XXXL,1.0,425.0,425.0
2022-03-23,20220323,Mar-22,JNE3364,JNE3364-KR-1051-L,L,1.0,425.0,425.0
2022-03-23,20220323,Mar-22,JNE3364,JNE3364-KR-1051-S,S,1.0,425.0,425.0
2022-03-23,20220323,Mar-22,JNE3364,JNE3364-KR-1051-XL,XL,1.0,425.0,425.0
2022-03-23,20220323,Mar-22,JNE3440,JNE3440-KR-L,L,1.0,387.5,388.0
2022-03-23,20220323,Mar-22,JNE3440,JNE3440-KR-M,M,1.0,387.5,388.0
2022-03-23,20220323,Mar-22,JNE3440,JNE3440-KR-S,S,1.0,387.5,388.0
2022-03-23,20220323,Mar-22,JNE3440,JNE3440-KR-XL,XL,1.0,387.5,388.0
2022-03-23,20220323,Mar-22,JNE3440,JNE3440-KR-XXL,XXL,1.0,387.5,388.0
2022-03-23,20220323,Mar-22,JNE3440,JNE3440-KR-XXXL,XXXL,1.0,387.5,388.0
2022-03-23,20220323,Mar-22,JNE3461,JNE3461-KR-L,L,1.0,450.0,450.0
2022-03-23,20220323,Mar-22,JNE3461,JNE3461-KR-M,M,1.0,450.0,450.0
2022-03-23,20220323,Mar-22,JNE3461,JNE3461-KR-S,S,1.0,450.0,450.0
2022-03-23,20220323,Mar-22,JNE3461,JNE3461-KR-XL,XL,1.0,450.0,450.0
2022-03-23,20220323,Mar-22,JNE3461,JNE3461-KR-XXL,XXL,1.0,450.0,450.0
2022-03-23,20220323,Mar-22,JNE3461,JNE3461-KR-XXXL,XXXL,1.0,450.0,450.0
2022-03-23,20220323,Mar-22,JNE3554,JNE3554-KR-L,L,1.0,462.5,462.0
2022-03-23,20220323,Mar-22,JNE3554,JNE3554-KR-M,M,1.0,462.5,462.0
2022-03-23,20220323,Mar-22,JNE3554,JNE3554-KR-S,S,1.0,462.5,462.0
2022-03-23,20220323,Mar-22,JNE3554,JNE3554-KR-XL,XL,1.0,462.5,462.0
2022-03-23,20220323,Mar-22,JNE3554,JNE3554-KR-XXL,XXL,1.0,462.5,462.0
2022-03-23,20220323,Mar-22,JNE3555,JNE3555-KR-L,L,1.0,462.5,462.0
2022-03-23,20220323,Mar-22,JNE3555,JNE3555-KR-M,M,1.0,462.5,462.0
2022-03-23,20220323,Mar-22,JNE3555,JNE3555-KR-S.,S,1.0,462.5,462.0
2022-03-23,20220323,Mar-22,JNE3555,JNE3555-KR-XL,XL,1.0,462.5,462.0
2022-03-23,20220323,Mar-22,JNE3555,JNE3555-KR-XXL,XXL,1.0,462.5,462.0
2022-03-23,20220323,Mar-22,JNE3556,JNE3556-KR-L,L,1.0,462.5,462.0
2022-03-23,20220323,Mar-22,JNE3556,JNE3556-KR-M,M,1.0,462.5,462.0
2022-03-23,20220323,Mar-22,JNE3556,JNE3556-KR-XXL,XXL,1.0,462.5,462.0
2022-03-23,20220323,Mar-22,JNE3574,JNE3574-KR-L,L,1.0,343.75,344.0
2022-03-23,20220323,Mar-22,JNE3609,JNE3609-KR-L,L,1.0,725.0,725.0
2022-03-23,20220323,Mar-22,JNE3609,JNE3609-KR-M,M,1.0,725.0,725.0
2022-03-23,20220323,Mar-22,JNE3609,JNE3609-KR-S,S,1.0,725.0,725.0
2022-03-23,20220323,Mar-22,JNE3609,JNE3609-KR-XL,XL,1.0,725.0,725.0
2022-03-23,20220323,Mar-22,JNE3609,JNE3609-KR-XXL,XXL,1.0,725.0,725.0
2022-03-23,20220323,Mar-22,JNE3609,JNE3609-KR-XXXL,XXXL,1.0,725.0,725.0
2022-03-23,20220323,Mar-22,JNE3614,JNE3614-KR-L,L,1.0,562.5,562.0
2022-03-23,20220323,Mar-22,JNE3614,JNE3614-KR-M,M,1.0,562.5,562.0
2022-03-23,20220323,Mar-22,JNE3614,JNE3614-KR-S,S,1.0,562.5,562.0
2022-03-23,20220323,Mar-22,JNE3614,JNE3614-KR-XL,XL,1.0,562.5,562.0
2022-03-23,20220323,Mar-22,JNE3614,JNE3614-KR-XXL,XXL,1.0,562.5,562.0
2022-03-23,20220323,Mar-22,JNE3614,JNE3614-KR-XXXL,XXXL,1.0,562.5,562.0
2022-03-23,20220323,Mar-22,JNE3624,JNE3624-KR-L,L,1.0,462.5,462.0
2022-03-23,20220323,Mar-22,JNE3624,JNE3624-KR-M,M,1.0,462.5,462.0
2022-03-23,20220323,Mar-22,JNE3624,JNE3624-KR-S,S,1.0,462.5,462.0
2022-03-23,20220323,Mar-22,JNE3624,JNE3624-KR-XL,XL,1.0,462.5,462.0
2022-03-23,20220323,Mar-22,JNE3637,JNE3637-KR-L,L,1.0,687.5,688.0
2022-03-23,20220323,Mar-22,JNE3637,JNE3637-KR-M,M,1.0,687.5,688.0
2022-03-23,20220323,Mar-22,JNE3637,JNE3637-KR-S,S,1.0,687.5,688.0
2022-03-23,20220323,Mar-22,JNE3637,JNE3637-KR-XXL,XXL,1.0,687.5,688.0
2022-03-23,20220323,Mar-22,JNE3637,JNE3637-KR-XXXL,XXXL,1.0,687.5,688.0
2022-03-23,20220323,Mar-22,JNE3733,JNE3733-KR-L,L,1.0,612.5,612.0
2022-03-23,20220323,Mar-22,JNE3733,JNE3733-KR-M,M,1.0,612.5,612.0
2022-03-23,20220323,Mar-22,JNE3733,JNE3733-KR-S,S,1.0,612.5,612.0
2022-03-23,20220323,Mar-22,JNE3733,JNE3733-KR-XL,XL,1.0,612.5,612.0
2022-03-23,20220323,Mar-22,JNE3733,JNE3733-KR-XXL,XXL,1.0,612.5,612.0
2022-03-23,20220323,Mar-22,JNE3733,JNE3733-KR-XXXL,XXXL,1.0,612.5,612.0
2022-03-23,20220323,Mar-22,JNE3739,JNE3739-KR-L,L,1.0,562.5,562.0
2022-03-23,20220323,Mar-22,JNE3739,JNE3739-KR-M,M,1.0,562.5,562.0
2022-03-23,20220323,Mar-22,JNE3739,JNE3739-KR-S,S,1.0,562.5,562.0
2022-03-23,20220323,Mar-22,JNE3739,JNE3739-KR-XL,XL,1.0,562.5,562.0
2022-03-23,20220323,Mar-22,JNE3739,JNE3739-KR-XXL,XXL,1.0,562.5,562.0
2022-03-23,20220323,Mar-22,JNE3739,JNE3739-KR-XXXL,XXXL,1.0,562.5,562.0
2022-03-23,20220323,Mar-22,JNE3770,JNE3770-KR-L,L,1.0,525.0,525.0
2022-03-23,20220323,Mar-22,JNE3770,JNE3770-KR-M,M,1.0,525.0,525.0
2022-03-23,20220323,Mar-22,JNE3770,JNE3770-KR-S,S,1.0,525.0,525.0
2022-03-23,20220323,Mar-22,JNE3770,JNE3770-KR-XL,XL,1.0,525.0,525.0
2022-03-23,20220323,Mar-22,JNE3770,JNE3770-KR-XXL,XXL,1.0,525.0,525.0
2022-03-23,20220323,Mar-22,JNE3770,JNE3770-KR-XXXL,XXXL,1.0,525.0,525.0
2022-03-23,20220323,Mar-22,JNE3792,JNE3792-KR-L,L,1.0,525.0,525.0
2022-03-23,20220323,Mar-22,JNE3792,JNE3792-KR-M,M,1.0,525.0,525.0
2022-03-23,20220323,Mar-22,JNE3792,JNE3792-KR-S,S,1.0,525.0,525.0
2022-03-23,20220323,Mar-22,JNE3792,JNE3792-KR-XL,XL,1.0,525.0,525.0
2022-03-23,20220323,Mar-22,JNE3792,JNE3792-KR-XXL,XXL,1.0,525.0,525.0
2022-03-23,20220323,Mar-22,JNE3792,JNE3792-KR-XXXL,XXXL,1.0,525.0,525.0
2022-03-23,20220323,Mar-22,JNE3800,JNE3800-KR-XL,XL,1.0,975.0,975.0
2022-03-23,20220323,Mar-22,JNE3800,JNE3800-KR-XXXL,XXXL,1.0,975.0,975.0
2022-03-23,20220323,Mar-22,JNE3817,JNE3817-KR-L,L,1.0,550.0,550.0
2022-03-23,20220323,Mar-22,JNE3817,JNE3817-KR-M,M,1.0,550.0,550.0
2022-03-23,20220323,Mar-22,JNE3817,JNE3817-KR-S,S,1.0,550.0,550.0
2022-03-23,20220323,Mar-22,JNE3817,JNE3817-KR-XL,XL,1.0,550.0,550.0
2022-03-23,20220323,Mar-22,JNE3817,JNE3817-KR-XXL,XXL,1.0,550.0,550.0
2022-03-23,20220323,Mar-22,JNE3817,JNE3817-KR-XXXL,XXXL,1.0,550.0,550.0
2022-03-23,20220323,Mar-22,JNE3819,JNE3819-KR-L,L,1.0,550.0,550.0
2022-03-23,20220323,Mar-22,JNE3819,JNE3819-KR-M,M,1.0,550.0,550.0
2022-03-23,20220323,Mar-22,JNE3819,JNE3819-KR-S,S,1.0,550.0,550.0
2022-03-23,20220323,Mar-22,JNE3819,JNE3819-KR-XL,XL,1.0,550.0,550.0
2022-03-23,20220323,Mar-22,JNE3819,JNE3819-KR-XXL,XXL,1.0,550.0,550.0
2022-03-23,20220323,Mar-22,JNE3819,JNE3819-KR-XXXL,XXXL,1.0,550.0,550.0
2022-03-23,20220323,Mar-22,JNE3834,JNE3834-KR-L,L,1.0,550.0,550.0
2022-03-23,20220323,Mar-22,JNE3834,JNE3834-KR-M,M,1.0,550.0,550.0
2022-03-23,20220323,Mar-22,JNE3834,JNE3834-KR-S,S,1.0,550.0,550.0
2022-03-23,20220323,Mar-22,JNE3834,JNE3834-KR-XL,XL,1.0,550.0,550.0
2022-03-23,20220323,Mar-22,JNE3834,JNE3834-KR-XXL,XXL,1.0,550.0,550.0
2022-03-23,20220323,Mar-22,JNE3834,JNE3834-KR-XXXL,XXXL,1.0,550.0,550.0
2022-03-23,20220323,Mar-22,JNE3835,JNE3835-KR-M,M,1.0,550.0,550.0
2022-03-23,20220323,Mar-22,JNE3835,JNE3835-KR-S,S,1.0,550.0,550.0
2022-03-23,20220323,Mar-22,JNE3835,JNE3835-KR-XL,XL,1.0,550.0,550.0
2022-03-23,20220323,Mar-22,JNE3835,JNE3835-KR-XXL,XXL,1.0,550.0,550.0
2022-03-23,20220323,Mar-22,JNE3835,JNE3835-KR-XXXL,XXXL,1.0,550.0,550.0
2022-03-23,20220323,Mar-22,SET228,SET228-KR-PP-L,L,1.0,850.0,850.0
2022-03-23,20220323,Mar-22,SET228,SET228-KR-PP-M,M,1.0,850.0,850.0
2022-03-23,20220323,Mar-22,SET228,SET228-KR-PP-S,S,1.0,850.0,850.0
2022-03-23,20220323,Mar-22,SET228,SET228-KR-PP-XL,XL,1.0,850.0,850.0
2022-03-23,20220323,Mar-22,SET228,SET228-KR-PP-XXL,XXL,1.0,850.0,850.0
2022-03-23,20220323,Mar-22,SET228,SET228-KR-PP-XXXL,XXXL,1.0,850.0,850.0
2022-03-23,20220323,Mar-22,SET251,SET251-KR-PP-L,L,1.0,787.5,788.0
2022-03-23,20220323,Mar-22,SET251,SET251-KR-PP-M,M,1.0,787.5,788.0
2022-03-23,20220323,Mar-22,SET251,SET251-KR-PP-S,S,1.0,787.5,788.0
2022-03-23,20220323,Mar-22,SET251,SET251-KR-PP-XL,XL,1.0,787.5,788.0
2022-03-23,20220323,Mar-22,SET251,SET251-KR-PP-XXL,XXL,1.0,787.5,788.0
2022-03-23,20220323,Mar-22,SET251,SET251-KR-PP-XXXL,XXXL,1.0,787.5,788.0
2022-03-23,20220323,Mar-22,SET252,SET252-KR-PP-L,L,1.0,887.5,888.0
2022-03-23,20220323,Mar-22,SET252,SET252-KR-PP-M.,M,1.0,887.5,888.0
2022-03-23,20220323,Mar-22,SET252,SET252-KR-PP-S.,S,1.0,887.5,888.0
2022-03-23,20220323,Mar-22,SET252,SET252-KR-PP-XL.,XL,1.0,887.5,888.0
2022-03-23,20220323,Mar-22,SET252,SET252-KR-PP-XXL,XXL,1.0,887.5,888.0
2022-03-23,20220323,Mar-22,SET252,SET252-KR-PP-XXXL,XXXL,1.0,887.5,888.0
2022-03-23,20220323,Mar-22,SET275,SET275-KR-NP-L,L,1.0,843.75,844.0
2022-03-23,20220323,Mar-22,SET275,SET275-KR-NP-M,M,1.0,843.75,844.0
2022-03-23,20220323,Mar-22,SET275,SET275-KR-NP-S,S,1.0,843.75,844.0
2022-03-23,20220323,Mar-22,SET275,SET275-KR-NP-XL,XL,1.0,843.75,844.0
2022-03-23,20220323,Mar-22,SET275,SET275-KR-NP-XXL,XXL,1.0,843.75,844.0
2022-03-23,20220323,Mar-22,SET275,SET275-KR-NP-XXXL,XXXL,1.0,843.75,844.0
2022-03-23,20220323,Mar-22,SET291,SET291-KR-PP-L,L,1.0,612.5,612.0
2022-03-23,20220323,Mar-22,SET291,SET291-KR-PP-M,M,1.0,612.5,612.0
2022-03-23,20220323,Mar-22,SET291,SET291-KR-PP-S,S,1.0,612.5,612.0
2022-03-23,20220323,Mar-22,SET291,SET291-KR-PP-XL,XL,1.0,612.5,612.0
2022-03-23,20220323,Mar-22,SET291,SET291-KR-PP-XXL,XXL,1.0,612.5,612.0
2022-03-23,20220323,Mar-22,SET291,SET291-KR-PP-XXXL,XXXL,1.0,612.5,612.0
2022-03-23,20220323,Mar-22,SET306,SET306-KR-PP-L,L,1.0,737.5,738.0
2022-03-23,20220323,Mar-22,SET306,SET306-KR-PP-M,M,1.0,737.5,738.0
2022-03-23,20220323,Mar-22,SET306,SET306-KR-PP-S,S,1.0,737.5,738.0
2022-03-23,20220323,Mar-22,SET306,SET306-KR-PP-XL,XL,1.0,737.5,738.0
2022-03-23,20220323,Mar-22,SET306,SET306-KR-PP-XXL,XXL,1.0,737.5,738.0
2022-03-23,20220323,Mar-22,SET306,SET306-KR-PP-XXXL,XXXL,1.0,737.5,738.0
2022-03-23,20220323,Mar-22,SET337,SET337-KR-NP-L,L,1.0,1081.25,1081.0
2022-03-23,20220323,Mar-22,SET337,SET337-KR-NP-M,M,1.0,1081.25,1081.0
2022-03-23,20220323,Mar-22,SET337,SET337-KR-NP-S,S,1.0,1081.25,1081.0
2022-03-23,20220323,Mar-22,SET347,SET347-KR-NP-L,L,1.0,925.0,925.0
2022-03-23,20220323,Mar-22,SET347,SET347-KR-NP-M,M,1.0,925.0,925.0
2022-03-23,20220323,Mar-22,SET347,SET347-KR-NP-S,S,1.0,925.0,925.0
2022-03-23,20220323,Mar-22,SET347,SET347-KR-NP-XL,XL,1.0,925.0,925.0
2022-03-23,20220323,Mar-22,SET347,SET347-KR-NP-XXL,XXL,1.0,925.0,925.0
2022-03-23,20220323,Mar-22,SET347,SET347-KR-NP-XXXL,XXXL,1.0,925.0,925.0
2022-03-23,20220323,Mar-22,SET383,SET383-KR-NP-L,L,1.0,925.0,925.0
2022-03-23,20220323,Mar-22,SET383,SET383-KR-NP-M,M,1.0,925.0,925.0
2022-03-23,20220323,Mar-22,SET383,SET383-KR-NP-S,S,1.0,925.0,925.0
2022-03-23,20220323,Mar-22,SET383,SET383-KR-NP-XL,XL,1.0,925.0,925.0
2022-03-23,20220323,Mar-22,SET383,SET383-KR-NP-XXL,XXL,1.0,925.0,925.0
2022-03-23,20220323,Mar-22,SET383,SET383-KR-NP-XXXL,XXXL,1.0,925.0,925.0
2022-03-23,20220323,Mar-22,MEN5020,MEN5020-KR-S,S,1.0,531.25,531.0
2022-03-23,20220323,Mar-22,MEN5020,MEN5020-KR-XXL,XXL,1.0,531.25,531.0
2022-03-23,20220323,Mar-22,MEN5005,MEN5005-KR-L,L,1.0,531.25,531.0
2022-03-23,20220323,Mar-22,MEN5005,MEN5005-KR-XXL,XXL,1.0,531.25,531.0
2022-03-23,20220323,Mar-22,MEN5010,MEN5010-KR-M,M,1.0,568.75,569.0
2022-03-23,20220323,Mar-22,MEN5010,MEN5010-KR-XXL,XXL,1.0,568.75,569.0
2022-03-23,20220323,Mar-22,PJNE3363,PJNE3363-KR-4XL,4XL,2.0,587.5,1175.0
2022-03-23,20220323,Mar-22,PJ0096,PJ0096-KR-5XL,5XL,1.0,737.5,738.0
2022-03-23,20220323,Mar-22,PJ0096,PJ0096-KR-6XL,6XL,1.0,737.5,738.0
2022-03-23,20220323,Mar-22,PJNE3440,PJNE3440-KR-4XL,4XL,1.0,537.5,538.0
2022-03-23,20220323,Mar-22,PJNE3440,PJNE3440-KR-5XL,5XL,1.0,537.5,538.0
2022-03-23,20220323,Mar-22,PJNE3440,PJNE3440-KR-6XL,6XL,1.0,537.5,538.0
2022-03-23,20220323,Mar-22,JNE3440,JNE3440-KR-XS,XS,1.0,387.5,388.0
2022-03-23,20220323,Mar-22,JNE3440,JNE3440-KR-S,S,1.0,387.5,388.0
2022-03-23,20220323,Mar-22,JNE3440,JNE3440-KR-M,M,1.0,387.5,388.0
2022-03-23,20220323,Mar-22,JNE3440,JNE3440-KR-L,L,1.0,387.5,388.0
2022-03-23,20220323,Mar-22,JNE3440,JNE3440-KR-XXXL,XXXL,1.0,387.5,388.0
2022-03-23,20220323,Mar-22,JNE3813,JNE3813-KR-XS,XS,1.0,650.0,650.0
2022-03-23,20220323,Mar-22,JNE3813,JNE3813-KR-S,S,1.0,650.0,650.0
2022-03-23,20220323,Mar-22,JNE3813,JNE3813-KR-M,M,1.0,650.0,650.0
2022-03-23,20220323,Mar-22,JNE3813,JNE3813-KR-L,L,1.0,650.0,650.0
2022-03-23,20220323,Mar-22,JNE3813,JNE3813-KR-XL,XL,1.0,650.0,650.0
2022-03-23,20220323,Mar-22,JNE3813,JNE3813-KR-XXL,XXL,1.0,650.0,650.0
2022-03-23,20220323,Mar-22,JNE3813,JNE3813-KR-XXXL,XXXL,1.0,650.0,650.0
2022-03-23,20220323,Mar-22,JNE3751,JNE3751-KR-XS,XS,1.0,387.5,388.0
2022-03-23,20220323,Mar-22,JNE3751,JNE3751-KR-S,S,1.0,387.5,388.0
2022-03-23,20220323,Mar-22,JNE3751,JNE3751-KR-M,M,1.0,387.5,388.0
2022-03-23,20220323,Mar-22,JNE3751,JNE3751-KR-L,L,1.0,387.5,388.0
2022-03-23,20220323,Mar-22,JNE3751,JNE3751-KR-XL,XL,1.0,387.5,388.0
2022-03-23,20220323,Mar-22,JNE3751,JNE3751-KR-XXL,XXL,1.0,387.5,388.0
2022-03-23,20220323,Mar-22,JNE3751,JNE3751-KR-XXXL,XXXL,1.0,387.5,388.0
2022-03-25,20220325,Mar-22,BTM026,BTM026-NP-M,M,1.0,425.0,425.0
2022-03-25,20220325,Mar-22,BTM026,BTM026-NP-S,S,1.0,425.0,425.0
2022-03-25,20220325,Mar-22,SET366,SET366-KR-NP-M,M,2.0,1337.5,2675.0
2022-03-25,20220325,Mar-22,SET358,SET358-KR-NP-M,M,1.0,1312.5,1312.0
2022-03-25,20220325,Mar-22,JNE3788,JNE3788-KR-XL,XL,2.0,462.5,925.0
2022-03-25,20220325,Mar-22,JNE3788,JNE3788-KR-S,S,2.0,462.5,925.0
2022-03-25,20220325,Mar-22,JNE3788,JNE3788-KR-XS,XS,2.0,462.5,925.0
2022-03-25,20220325,Mar-22,JNE3763,JNE3763-KR-S,S,1.0,525.0,525.0
2022-03-25,20220325,Mar-22,J0329,J0329-KR-XL,XL,1.0,825.0,825.0
2022-03-25,20220325,Mar-22,J0329,J0329-KR-S,S,1.0,825.0,825.0
2022-03-25,20220325,Mar-22,JNE3795,JNE3795-KR-S,S,1.0,650.0,650.0
2022-03-25,20220325,Mar-22,JNE3795,JNE3795-KR-XS,XS,1.0,650.0,650.0
2022-03-25,20220325,Mar-22,JNE3751,JNE3751-KR-L,L,2.0,387.5,775.0
2022-03-25,20220325,Mar-22,JNE3751,JNE3751-KR-M,M,2.0,387.5,775.0
2022-03-25,20220325,Mar-22,JNE3751,JNE3751-KR-S,S,1.0,387.5,388.0
2022-03-25,20220325,Mar-22,JNE3751,JNE3751-KR-XS,XS,1.0,387.5,388.0
2022-03-25,20220325,Mar-22,SET303,SET303-KR-NP-XL,XL,1.0,975.0,975.0
2022-03-25,20220325,Mar-22,SET303,SET303-KR-NP-L,L,2.0,975.0,1950.0
2022-03-25,20220325,Mar-22,SET303,SET303-KR-NP-M,M,1.0,975.0,975.0
2022-03-25,20220325,Mar-22,J0126,J0126-SKD-L,L,2.0,1068.75,2138.0
2022-03-25,20220325,Mar-22,J0126,J0126-SKD-M,M,3.0,1068.75,3206.0
2022-03-25,20220325,Mar-22,J0126,J0126-SKD-S,S,2.0,1068.75,2138.0
2022-03-25,20220325,Mar-22,J0126,J0126-SKD-XS,XS,2.0,1068.75,2138.0
2022-03-25,20220325,Mar-22,SET250,SET250-KR-SHA-L,L,1.0,825.0,825.0
2022-03-25,20220325,Mar-22,SET250,SET250-KR-SHA-S,S,1.0,825.0,825.0
2022-03-25,20220325,Mar-22,SET073,SET073-KR-SHA-S,S,1.0,975.0,975.0
2022-03-25,20220325,Mar-22,SET073,SET073-KR-SHA-M,M,1.0,975.0,975.0
2022-03-26,20220326,Mar-22,J0087,J0087-TP-S,S,1.0,356.25,356.0
2022-03-26,20220326,Mar-22,J0087,J0087-TP-L,L,1.0,356.25,356.0
2022-03-26,20220326,Mar-22,J0087,J0087-TP-M,M,1.0,356.25,356.0
2022-03-26,20220326,Mar-22,J0087,J0087-TP-XL,XL,1.0,356.25,356.0
2022-03-26,20220326,Mar-22,J0087,J0087-TP-XXL,XXL,1.0,356.25,356.0
2022-03-26,20220326,Mar-22,J0087,J0087-TP-XXXL,XXXL,1.0,356.25,356.0
2022-03-26,20220326,Mar-22,SET171,SET171-KR-NP-S,S,1.0,1056.25,1056.0
2022-03-26,20220326,Mar-22,SET171,SET171-KR-NP-L,L,1.0,1056.25,1056.0
2022-03-26,20220326,Mar-22,SET171,SET171-KR-NP-M,M,1.0,1056.25,1056.0
2022-03-26,20220326,Mar-22,SET171,SET171-KR-NP-XL,XL,1.0,1056.25,1056.0
2022-03-26,20220326,Mar-22,SET171,SET171-KR-NP-XXL,XXL,1.0,1056.25,1056.0
2022-03-26,20220326,Mar-22,SET171,SET171-KR-NP-XXXL,XXXL,1.0,1056.25,1056.0
2022-03-26,20220326,Mar-22,JNE3434,JNE3434-KR-S,S,1.0,356.25,356.0
2022-03-26,20220326,Mar-22,JNE3434,JNE3434-KR-L,L,1.0,356.25,356.0
2022-03-26,20220326,Mar-22,JNE3434,JNE3434-KR-M,M,1.0,356.25,356.0
2022-03-26,20220326,Mar-22,JNE3434,JNE3434-KR-XL,XL,1.0,356.25,356.0
2022-03-26,20220326,Mar-22,JNE3434,JNE3434-KR-XXL,XXL,1.0,356.25,356.0
2022-03-26,20220326,Mar-22,JNE3434,JNE3434-KR-XXXL,XXXL,1.0,356.25,356.0
2022-03-26,20220326,Mar-22,J0091,J0091-TP-S,S,1.0,306.25,306.0
2022-03-26,20220326,Mar-22,J0091,J0091-TP-L,L,1.0,306.25,306.0
2022-03-26,20220326,Mar-22,J0091,J0091-TP-M,M,1.0,306.25,306.0
2022-03-26,20220326,Mar-22,J0091,J0091-TP-XL,XL,1.0,306.25,306.0
2022-03-26,20220326,Mar-22,J0091,J0091-TP-XXL,XXL,1.0,306.25,306.0
2022-03-26,20220326,Mar-22,J0091,J0091-TP-XXXL,XXXL,1.0,306.25,306.0
2022-03-26,20220326,Mar-22,JNE3578,JNE3578-KR-S,S,1.0,612.5,612.0
2022-03-26,20220326,Mar-22,JNE3578,JNE3578-KR-L,L,1.0,612.5,612.0
2022-03-26,20220326,Mar-22,JNE3578,JNE3578-KR-M,M,1.0,612.5,612.0
2022-03-26,20220326,Mar-22,JNE3578,JNE3578-KR-XL,XL,1.0,612.5,612.0
2022-03-26,20220326,Mar-22,JNE3578,JNE3578-KR-XXL,XXL,1.0,612.5,612.0
2022-03-26,20220326,Mar-22,JNE3578,JNE3578-KR-XXXL,XXXL,1.0,612.5,612.0
2022-03-26,20220326,Mar-22,JNE3294,JNE3294-KR-S,S,1.0,525.0,525.0
2022-03-26,20220326,Mar-22,JNE3294,JNE3294-KR-L,L,1.0,525.0,525.0
2022-03-26,20220326,Mar-22,JNE3294,JNE3294-KR-M,M,1.0,525.0,525.0
2022-03-26,20220326,Mar-22,JNE3294,JNE3294-KR-XL,XL,1.0,525.0,525.0
2022-03-26,20220326,Mar-22,JNE3294,JNE3294-KR-XXL,XXL,1.0,525.0,525.0
2022-03-26,20220326,Mar-22,JNE3294,JNE3294-KR-XXXL,XXXL,1.0,525.0,525.0
2022-03-26,20220326,Mar-22,J0101,J0101-DR-S,S,1.0,1056.25,1056.0
2022-03-26,20220326,Mar-22,J0101,J0101-DR-L,L,1.0,1056.25,1056.0
2022-03-26,20220326,Mar-22,J0101,J0101-DR-M,M,1.0,1056.25,1056.0
2022-03-26,20220326,Mar-22,J0101,J0101-DR-XL,XL,1.0,1056.25,1056.0
2022-03-26,20220326,Mar-22,J0101,J0101-DR-XXL,XXL,1.0,1056.25,1056.0
2022-03-26,20220326,Mar-22,J0101,J0101-DR-XXXL,XXXL,1.0,1056.25,1056.0
2022-03-26,20220326,Mar-22,JNE2009,JNE2009-KR-310-S,S,3.0,337.5,962.0
2022-03-26,20220326,Mar-22,JNE2009,JNE2009-KR-310-M,M,3.0,337.5,962.0
2022-03-26,20220326,Mar-22,JNE2009,JNE2009-KR-310-L,L,3.0,337.5,962.0
2022-03-26,20220326,Mar-22,JNE2009,JNE2009-KR-310-XL,XL,3.0,337.5,962.0
2022-03-26,20220326,Mar-22,JNE2009,JNE2009-KR-310-XXL,XXL,3.0,337.5,962.0
2022-03-26,20220326,Mar-22,JNE3384,JNE3384-KR-S,S,3.0,337.5,962.0
2022-03-26,20220326,Mar-22,JNE3384,JNE3384-KR-M,M,3.0,337.5,962.0
2022-03-26,20220326,Mar-22,JNE3384,JNE3384-KR-L,L,3.0,337.5,962.0
2022-03-26,20220326,Mar-22,JNE3384,JNE3384-KR-XL,XL,3.0,337.5,962.0
2022-03-26,20220326,Mar-22,JNE3384,JNE3384-KR-XXL,XXL,3.0,337.5,962.0
2022-03-26,20220326,Mar-22,JNE3384,JNE3384-KR-XXXL,XXXL,3.0,337.5,962.0
2022-03-26,20220326,Mar-22,JNE3612,JNE3612-KR-S,S,3.0,475.0,1354.0
2022-03-26,20220326,Mar-22,JNE3612,JNE3612-KR-M,M,3.0,475.0,1354.0
2022-03-26,20220326,Mar-22,JNE3612,JNE3612-KR-L,L,3.0,475.0,1354.0
2022-03-26,20220326,Mar-22,JNE3612,JNE3612-KR-XL,XL,3.0,475.0,1354.0
2022-03-26,20220326,Mar-22,JNE3612,JNE3612-KR-XXL,XXL,3.0,475.0,1354.0
2022-03-26,20220326,Mar-22,JNE3612,JNE3612-KR-XXXL,XXXL,3.0,475.0,1354.0
2022-03-26,20220326,Mar-22,JNE2014,JNE2014-KR-178-S,S,3.0,362.5,1033.0
2022-03-26,20220326,Mar-22,JNE2014,JNE2014-KR-178-M,M,3.0,362.5,1033.0
2022-03-26,20220326,Mar-22,JNE2014,JNE2014-KR-178-L,L,3.0,362.5,1033.0
2022-03-26,20220326,Mar-22,JNE2014,JNE2014-KR-178-XL,XL,3.0,362.5,1033.0
2022-03-26,20220326,Mar-22,JNE2014,JNE2014-KR-178-XXL,XXL,3.0,362.5,1033.0
2022-03-26,20220326,Mar-22,JNE2014,JNE2014-KR-178-XXXL,XXXL,3.0,362.5,1033.0
2022-03-26,20220326,Mar-22,JNE3405,JNE3405-KR-S,S,3.0,362.5,1033.0
2022-03-26,20220326,Mar-22,JNE3405,JNE3405-KR-M,M,3.0,362.5,1033.0
2022-03-26,20220326,Mar-22,JNE3405,JNE3405-KR-L,L,3.0,362.5,1033.0
2022-03-26,20220326,Mar-22,JNE3405,JNE3405-KR-XL,XL,3.0,362.5,1033.0
2022-03-26,20220326,Mar-22,JNE3405,JNE3405-KR-XXL,XXL,3.0,362.5,1033.0
2022-03-26,20220326,Mar-22,JNE3405,JNE3405-KR-XXXL,XXXL,3.0,362.5,1033.0
2022-03-26,20220326,Mar-22,JNE3567,JNE3567-KR-S,S,3.0,362.5,1033.0
2022-03-26,20220326,Mar-22,JNE3567,JNE3567-KR-M,M,3.0,362.5,1033.0
2022-03-26,20220326,Mar-22,JNE3567,JNE3567-KR-L,L,3.0,362.5,1033.0
2022-03-26,20220326,Mar-22,JNE3567,JNE3567-KR-XL,XL,3.0,362.5,1033.0
2022-03-26,20220326,Mar-22,JNE3567,JNE3567-KR-XXL,XXL,3.0,362.5,1033.0
2022-03-26,20220326,Mar-22,JNE3567,JNE3567-KR-XXXL,XXXL,3.0,362.5,1033.0
2022-03-26,20220326,Mar-22,JNE3568,JNE3568-KR-S,S,3.0,425.0,1211.0
2022-03-26,20220326,Mar-22,JNE3568,JNE3568-KR-M,M,3.0,425.0,1211.0
2022-03-26,20220326,Mar-22,JNE3568,JNE3568-KR-L,L,3.0,425.0,1211.0
2022-03-26,20220326,Mar-22,JNE3568,JNE3568-KR-XL,XL,3.0,425.0,1211.0
2022-03-26,20220326,Mar-22,JNE3568,JNE3568-KR-XXL,XXL,3.0,425.0,1211.0
2022-03-26,20220326,Mar-22,JNE3568,JNE3568-KR-XXXL,XXXL,3.0,425.0,1211.0
2022-03-26,20220326,Mar-22,JNE3698,JNE3698-KR-S,S,3.0,425.0,1211.0
2022-03-26,20220326,Mar-22,JNE3698,JNE3698-KR-M,M,3.0,425.0,1211.0
2022-03-26,20220326,Mar-22,JNE3698,JNE3698-KR-L,L,3.0,425.0,1211.0
2022-03-26,20220326,Mar-22,JNE3698,JNE3698-KR-XL,XL,3.0,425.0,1211.0
2022-03-26,20220326,Mar-22,JNE3698,JNE3698-KR-XXL,XXL,3.0,425.0,1211.0
2022-03-26,20220326,Mar-22,JNE3547,JNE3547-KR-S,S,3.0,462.5,1318.0
2022-03-26,20220326,Mar-22,JNE3547,JNE3547-KR-M,M,3.0,462.5,1318.0
2022-03-26,20220326,Mar-22,JNE3547,JNE3547-KR-L,L,3.0,462.5,1318.0
2022-03-26,20220326,Mar-22,JNE3547,JNE3547-KR-XL,XL,3.0,462.5,1318.0
2022-03-26,20220326,Mar-22,JNE3547,JNE3547-KR-XXL,XXL,3.0,462.5,1318.0
2022-03-26,20220326,Mar-22,JNE3547,JNE3547-KR-XXXL,XXXL,3.0,462.5,1318.0
2022-03-26,20220326,Mar-22,JNE3548,JNE3548-KR-S,S,3.0,462.5,1318.0
2022-03-26,20220326,Mar-22,JNE3548,JNE3548-KR-M,M,3.0,462.5,1318.0
2022-03-26,20220326,Mar-22,JNE3548,JNE3548-KR-L,L,3.0,462.5,1318.0
2022-03-26,20220326,Mar-22,JNE3548,JNE3548-KR-XL,XL,3.0,462.5,1318.0
2022-03-26,20220326,Mar-22,JNE3548,JNE3548-KR-XXL,XXL,3.0,462.5,1318.0
2022-03-26,20220326,Mar-22,JNE3548,JNE3548-KR-XXXL,XXXL,3.0,462.5,1318.0
2022-03-26,20220326,Mar-22,JNE3555,JNE3555-KR-S.,S,3.0,462.5,1318.0
2022-03-26,20220326,Mar-22,JNE3555,JNE3555-KR-M,M,3.0,462.5,1318.0
2022-03-26,20220326,Mar-22,JNE3555,JNE3555-KR-L,L,3.0,462.5,1318.0
2022-03-26,20220326,Mar-22,JNE3555,JNE3555-KR-XL,XL,3.0,462.5,1318.0
2022-03-26,20220326,Mar-22,JNE3555,JNE3555-KR-XXL,XXL,3.0,462.5,1318.0
2022-03-26,20220326,Mar-22,JNE3556,JNE3556-KR-S,S,3.0,462.5,1318.0
2022-03-26,20220326,Mar-22,JNE3556,JNE3556-KR-M,M,3.0,462.5,1318.0
2022-03-26,20220326,Mar-22,JNE3556,JNE3556-KR-L,L,3.0,462.5,1318.0
2022-03-26,20220326,Mar-22,JNE3556,JNE3556-KR-XL,XL,3.0,462.5,1318.0
2022-03-26,20220326,Mar-22,JNE3556,JNE3556-KR-XXL,XXL,3.0,462.5,1318.0
2022-03-26,20220326,Mar-22,JNE3560,JNE3560-KR-S,S,3.0,462.5,1318.0
2022-03-26,20220326,Mar-22,JNE3560,JNE3560-KR-M,M,3.0,462.5,1318.0
2022-03-26,20220326,Mar-22,JNE3560,JNE3560-KR-L,L,3.0,462.5,1318.0
2022-03-26,20220326,Mar-22,JNE3560,JNE3560-KR-XL,XL,3.0,462.5,1318.0
2022-03-26,20220326,Mar-22,JNE3560,JNE3560-KR-XXL,XXL,3.0,462.5,1318.0
2022-03-26,20220326,Mar-22,JNE3560,JNE3560-KR-XXXL,XXXL,3.0,462.5,1318.0
2022-03-26,20220326,Mar-22,JNE3561,JNE3561-KR-S,S,3.0,462.5,1318.0
2022-03-26,20220326,Mar-22,JNE3561,JNE3561-KR-M,M,3.0,462.5,1318.0
2022-03-26,20220326,Mar-22,JNE3561,JNE3561-KR-L,L,3.0,462.5,1318.0
2022-03-26,20220326,Mar-22,JNE3561,JNE3561-KR-XL,XL,3.0,462.5,1318.0
2022-03-26,20220326,Mar-22,JNE3561,JNE3561-KR-XXL,XXL,3.0,462.5,1318.0
2022-03-26,20220326,Mar-22,JNE3561,JNE3561-KR-XXXL,XXXL,3.0,462.5,1318.0
2022-03-26,20220326,Mar-22,JNE3725,JNE3725-KR-S,S,3.0,500.0,1425.0
2022-03-26,20220326,Mar-22,JNE3725,JNE3725-KR-M,M,3.0,500.0,1425.0
2022-03-26,20220326,Mar-22,JNE3725,JNE3725-KR-L,L,3.0,500.0,1425.0
2022-03-26,20220326,Mar-22,JNE3725,JNE3725-KR-XL,XL,3.0,500.0,1425.0
2022-03-26,20220326,Mar-22,JNE3725,JNE3725-KR-XXL,XXL,3.0,500.0,1425.0
2022-03-26,20220326,Mar-22,JNE3750,JNE3750-KR-S,S,3.0,500.0,1425.0
2022-03-26,20220326,Mar-22,JNE3750,JNE3750-KR-M,M,3.0,500.0,1425.0
2022-03-26,20220326,Mar-22,JNE3750,JNE3750-KR-L,L,3.0,500.0,1425.0
2022-03-26,20220326,Mar-22,JNE3750,JNE3750-KR-XL,XL,3.0,500.0,1425.0
2022-03-26,20220326,Mar-22,JNE3750,JNE3750-KR-XXL,XXL,3.0,500.0,1425.0
2022-03-26,20220326,Mar-22,JNE3750,JNE3750-KR-XXXL,XXXL,3.0,500.0,1425.0
2022-03-26,20220326,Mar-22,JNE3440,JNE3440-KR-S,S,3.0,387.5,1104.0
2022-03-26,20220326,Mar-22,JNE3440,JNE3440-KR-M,M,3.0,387.5,1104.0
2022-03-26,20220326,Mar-22,JNE3440,JNE3440-KR-L,L,3.0,387.5,1104.0
2022-03-26,20220326,Mar-22,JNE3440,JNE3440-KR-XL,XL,3.0,387.5,1104.0
2022-03-26,20220326,Mar-22,JNE3440,JNE3440-KR-XXL,XXL,3.0,387.5,1104.0
2022-03-26,20220326,Mar-22,JNE3440,JNE3440-KR-XXXL,XXXL,3.0,387.5,1104.0
2022-03-26,20220326,Mar-22,JNE3489,JNE3489-KR-S,S,3.0,387.5,1104.0
2022-03-26,20220326,Mar-22,JNE3489,JNE3489-KR-M,M,3.0,387.5,1104.0
2022-03-26,20220326,Mar-22,JNE3489,JNE3489-KR-L,L,3.0,387.5,1104.0
2022-03-26,20220326,Mar-22,JNE3489,JNE3489-KR-XL,XL,3.0,387.5,1104.0
2022-03-26,20220326,Mar-22,JNE3489,JNE3489-KR-XXL,XXL,3.0,387.5,1104.0
2022-03-26,20220326,Mar-22,JNE3489,JNE3489-KR-XXXL,XXXL,3.0,387.5,1104.0
2022-03-26,20220326,Mar-22,JNE3535,JNE3535-KR-S,S,3.0,387.5,1104.0
2022-03-26,20220326,Mar-22,JNE3535,JNE3535-KR-M,M,3.0,387.5,1104.0
2022-03-26,20220326,Mar-22,JNE3535,JNE3535-KR-L,L,3.0,387.5,1104.0
2022-03-26,20220326,Mar-22,JNE3535,JNE3535-KR-XL,XL,3.0,387.5,1104.0
2022-03-26,20220326,Mar-22,JNE3535,JNE3535-KR-XXL,XXL,3.0,387.5,1104.0
2022-03-26,20220326,Mar-22,JNE3535,JNE3535-KR-XXXL,XXXL,3.0,387.5,1104.0
2022-03-26,20220326,Mar-22,JNE3751,JNE3751-KR-S,S,3.0,387.5,1104.0
2022-03-26,20220326,Mar-22,JNE3751,JNE3751-KR-M,M,3.0,387.5,1104.0
2022-03-26,20220326,Mar-22,JNE3751,JNE3751-KR-L,L,3.0,387.5,1104.0
2022-03-26,20220326,Mar-22,JNE3751,JNE3751-KR-XL,XL,3.0,387.5,1104.0
2022-03-26,20220326,Mar-22,JNE3751,JNE3751-KR-XXL,XXL,3.0,387.5,1104.0
2022-03-26,20220326,Mar-22,JNE3751,JNE3751-KR-XXXL,XXXL,3.0,387.5,1104.0
2022-03-26,20220326,Mar-22,JNE3435,JNE3435-KR-S,S,3.0,425.0,1211.0
2022-03-26,20220326,Mar-22,JNE3435,JNE3435-KR-M,M,3.0,425.0,1211.0
2022-03-26,20220326,Mar-22,JNE3435,JNE3435-KR-L,L,3.0,425.0,1211.0
2022-03-26,20220326,Mar-22,JNE3435,JNE3435-KR-XL,XL,3.0,425.0,1211.0
2022-03-26,20220326,Mar-22,JNE3435,JNE3435-KR-XXL,XXL,3.0,425.0,1211.0
2022-03-26,20220326,Mar-22,JNE3435,JNE3435-KR-XXXL,XXXL,3.0,425.0,1211.0
2022-03-26,20220326,Mar-22,JNE3546,JNE3546-KR-S,S,3.0,425.0,1211.0
2022-03-26,20220326,Mar-22,JNE3546,JNE3546-KR-M,M,3.0,425.0,1211.0
2022-03-26,20220326,Mar-22,JNE3546,JNE3546-KR-L,L,3.0,425.0,1211.0
2022-03-26,20220326,Mar-22,JNE3546,JNE3546-KR-XL,XL,3.0,425.0,1211.0
2022-03-26,20220326,Mar-22,JNE3546,JNE3546-KR-XXL,XXL,3.0,425.0,1211.0
2022-03-26,20220326,Mar-22,JNE3546,JNE3546-KR-XXXL,XXXL,3.0,425.0,1211.0
2022-03-26,20220326,Mar-22,JNE3564,JNE3564-KR-S,S,3.0,425.0,1211.0
2022-03-26,20220326,Mar-22,JNE3564,JNE3564-KR-M,M,3.0,425.0,1211.0
2022-03-26,20220326,Mar-22,JNE3564,JNE3564-KR-L,L,3.0,425.0,1211.0
2022-03-26,20220326,Mar-22,JNE3564,JNE3564-KR-XL,XL,3.0,425.0,1211.0
2022-03-26,20220326,Mar-22,JNE3564,JNE3564-KR-XXL,XXL,3.0,425.0,1211.0
2022-03-26,20220326,Mar-22,JNE3628,JNE3628-KR-S,S,3.0,462.5,1318.0
2022-03-26,20220326,Mar-22,JNE3628,JNE3628-KR-M,M,3.0,462.5,1318.0
2022-03-26,20220326,Mar-22,JNE3628,JNE3628-KR-L,L,3.0,462.5,1318.0
2022-03-26,20220326,Mar-22,JNE3628,JNE3628-KR-XL,XL,3.0,462.5,1318.0
2022-03-26,20220326,Mar-22,JNE3628,JNE3628-KR-XXL,XXL,3.0,462.5,1318.0
2022-03-26,20220326,Mar-22,JNE3628,JNE3628-KR-XXXL,XXXL,3.0,462.5,1318.0
2022-03-26,20220326,Mar-22,JNE3557,JNE3557-KR-S,S,3.0,412.5,1176.0
2022-03-26,20220326,Mar-22,JNE3557,JNE3557-KR-M,M,3.0,412.5,1176.0
2022-03-26,20220326,Mar-22,JNE3557,JNE3557-KR-L,L,3.0,412.5,1176.0
2022-03-26,20220326,Mar-22,JNE3557,JNE3557-KR-XL,XL,3.0,412.5,1176.0
2022-03-26,20220326,Mar-22,JNE3557,JNE3557-KR-XXL,XXL,3.0,412.5,1176.0
2022-03-26,20220326,Mar-22,JNE3566,JNE3566-KR-S,S,3.0,462.5,1318.0
2022-03-26,20220326,Mar-22,JNE3566,JNE3566-KR-M,M,3.0,462.5,1318.0
2022-03-26,20220326,Mar-22,JNE3566,JNE3566-KR-L,L,3.0,462.5,1318.0
2022-03-26,20220326,Mar-22,JNE3566,JNE3566-KR-XL,XL,3.0,462.5,1318.0
2022-03-26,20220326,Mar-22,JNE3566,JNE3566-KR-XXL,XXL,3.0,462.5,1318.0
2022-03-26,20220326,Mar-22,JNE3697,JNE3697-KR-S,S,3.0,462.5,1318.0
2022-03-26,20220326,Mar-22,JNE3697,JNE3697-KR-M,M,3.0,462.5,1318.0
2022-03-26,20220326,Mar-22,JNE3697,JNE3697-KR-L,L,3.0,462.5,1318.0
2022-03-26,20220326,Mar-22,JNE3697,JNE3697-KR-XL,XL,3.0,462.5,1318.0
2022-03-26,20220326,Mar-22,JNE3697,JNE3697-KR-XXL,XXL,3.0,462.5,1318.0
2022-03-26,20220326,Mar-22,JNE3256,JNE3256-KR-S,S,3.0,587.5,1674.0
2022-03-26,20220326,Mar-22,JNE3256,JNE3256-KR-M,M,3.0,587.5,1674.0
2022-03-26,20220326,Mar-22,JNE3256,JNE3256-KR-L,L,3.0,587.5,1674.0
2022-03-26,20220326,Mar-22,JNE3256,JNE3256-KR-XL,XL,3.0,587.5,1674.0
2022-03-26,20220326,Mar-22,JNE3256,JNE3256-KR-XXL,XXL,3.0,587.5,1674.0
2022-03-26,20220326,Mar-22,JNE3256,JNE3256-KR-XXXL,XXXL,3.0,587.5,1674.0
2022-03-26,20220326,Mar-22,JNE3518,JNE3518-KR-S,S,3.0,587.5,1674.0
2022-03-26,20220326,Mar-22,JNE3518,JNE3518-KR-M,M,3.0,587.5,1674.0
2022-03-26,20220326,Mar-22,JNE3518,JNE3518-KR-L,L,3.0,587.5,1674.0
2022-03-26,20220326,Mar-22,JNE3518,JNE3518-KR-XL,XL,3.0,587.5,1674.0
2022-03-26,20220326,Mar-22,JNE3518,JNE3518-KR-XXL,XXL,3.0,587.5,1674.0
2022-03-26,20220326,Mar-22,JNE3518,JNE3518-KR-XXXL,XXXL,3.0,587.5,1674.0
2022-03-26,20220326,Mar-22,JNE3720,JNE3720-KR-S,S,3.0,650.0,1852.0
2022-03-26,20220326,Mar-22,JNE3720,JNE3720-KR-M,M,3.0,650.0,1852.0
2022-03-26,20220326,Mar-22,JNE3720,JNE3720-KR-L,L,3.0,650.0,1852.0
2022-03-26,20220326,Mar-22,JNE3720,JNE3720-KR-XL,XL,3.0,650.0,1852.0
2022-03-26,20220326,Mar-22,JNE3720,JNE3720-KR-XXL,XXL,3.0,650.0,1852.0
2022-03-26,20220326,Mar-22,JNE3720,JNE3720-KR-XXXL,XXXL,3.0,650.0,1852.0
2022-03-26,20220326,Mar-22,JNE3578,JNE3578-KR-S,S,3.0,612.5,1746.0
2022-03-26,20220326,Mar-22,JNE3578,JNE3578-KR-M,M,3.0,612.5,1746.0
2022-03-26,20220326,Mar-22,JNE3578,JNE3578-KR-L,L,3.0,612.5,1746.0
2022-03-26,20220326,Mar-22,JNE3578,JNE3578-KR-XL,XL,3.0,612.5,1746.0
2022-03-26,20220326,Mar-22,JNE3578,JNE3578-KR-XXL,XXL,3.0,612.5,1746.0
2022-03-26,20220326,Mar-22,JNE3728,JNE3728-KR-S,S,3.0,368.75,1051.0
2022-03-26,20220326,Mar-22,JNE3728,JNE3728-KR-M,M,3.0,368.75,1051.0
2022-03-26,20220326,Mar-22,JNE3728,JNE3728-KR-L,L,3.0,368.75,1051.0
2022-03-26,20220326,Mar-22,JNE3728,JNE3728-KR-XL,XL,3.0,368.75,1051.0
2022-03-26,20220326,Mar-22,JNE3728,JNE3728-KR-XXL,XXL,3.0,368.75,1051.0
2022-03-26,20220326,Mar-22,JNE3030,JNE3030-KR-S,S,3.0,775.0,2209.0
2022-03-26,20220326,Mar-22,JNE3030,JNE3030-KR-M,M,3.0,775.0,2209.0
2022-03-26,20220326,Mar-22,JNE3030,JNE3030-KR-L,L,3.0,775.0,2209.0
2022-03-26,20220326,Mar-22,JNE3030,JNE3030-KR-XL,XL,3.0,775.0,2209.0
2022-03-26,20220326,Mar-22,JNE3030,JNE3030-KR-XXL,XXL,3.0,775.0,2209.0
2022-03-26,20220326,Mar-22,JNE3030,JNE3030-KR-XXXL,XXXL,3.0,775.0,2209.0
2022-03-26,20220326,Mar-22,SET345,SET345-KR-NP-S,S,3.0,687.5,1959.0
2022-03-26,20220326,Mar-22,SET345,SET345-KR-NP-M,M,3.0,687.5,1959.0
2022-03-26,20220326,Mar-22,SET345,SET345-KR-NP-L,L,3.0,687.5,1959.0
2022-03-26,20220326,Mar-22,SET345,SET345-KR-NP-XL,XL,3.0,687.5,1959.0
2022-03-26,20220326,Mar-22,SET345,SET345-KR-NP-XXL,XXL,3.0,687.5,1959.0
2022-03-26,20220326,Mar-22,SET345,SET345-KR-NP-XXXL,XXXL,3.0,687.5,1959.0
2022-03-28,20220328,Mar-22,JNE3835,JNE3835-KR-XXL,XXL,1.0,550.0,550.0
2022-03-28,20220328,Mar-22,JNE3835,JNE3835-KR-M,M,1.0,550.0,550.0
2022-03-28,20220328,Mar-22,JNE3835,JNE3835-KR-S,S,1.0,550.0,550.0
2022-03-28,20220328,Mar-22,SET388,SET388-KR-NP-XXXL,XXXL,1.0,1475.0,1475.0
2022-03-28,20220328,Mar-22,SET388,SET388-KR-NP-XL,XL,1.0,1475.0,1475.0
2022-03-28,20220328,Mar-22,SET388,SET388-KR-NP-S,S,1.0,1475.0,1475.0
2022-03-28,20220328,Mar-22,SET378,SET378-KR-NP-XXXL,XXXL,1.0,1512.5,1512.0
2022-03-28,20220328,Mar-22,SET378,SET378-KR-NP-S,S,1.0,1512.5,1512.0
2022-03-28,20220328,Mar-22,JNE3807,JNE3807-KR-XL,XL,1.0,687.5,688.0
2022-03-28,20220328,Mar-22,JNE3807,JNE3807-KR-S,S,1.0,687.5,688.0
2022-03-28,20220328,Mar-22,JNE3807,JNE3807-KR-XS,XS,1.0,687.5,688.0
2022-03-28,20220328,Mar-22,J0396,J0396-DR-L,L,1.0,850.0,850.0
2022-03-28,20220328,Mar-22,J0396,J0396-DR-M,M,1.0,850.0,850.0
2022-03-28,20220328,Mar-22,J0396,J0396-DR-S,S,1.0,850.0,850.0
2022-03-28,20220328,Mar-22,J0396,J0396-DR-XS,XS,1.0,850.0,850.0
2022-03-28,20220328,Mar-22,J0081,J0081-DR-XXXL,XXXL,1.0,793.75,794.0
2022-03-28,20220328,Mar-22,J0081,J0081-DR-XXL,XXL,1.0,793.75,794.0
2022-03-28,20220328,Mar-22,J0081,J0081-DR-XL,XL,1.0,793.75,794.0
2022-03-28,20220328,Mar-22,J0081,J0081-DR-L,L,1.0,793.75,794.0
2022-03-28,20220328,Mar-22,J0081,J0081-DR-M,M,1.0,793.75,794.0
2022-03-28,20220328,Mar-22,J0081,J0081-DR-S,S,1.0,793.75,794.0
2022-03-28,20220328,Mar-22,J0081,J0081-DR-XS,XS,1.0,793.75,794.0
2022-03-28,20220328,Mar-22,J0293,J0293-DR-XS,XS,3.0,506.25,1519.0
2022-03-28,20220328,Mar-22,J0198,J0198-TP-L,L,1.0,562.5,562.0
2022-03-28,20220328,Mar-22,J0292,J0292-TP-XS,XS,1.0,381.25,381.0
2022-03-28,20220328,Mar-22,JNE3669,JNE3669-TU-S,S,1.0,562.5,562.0
2022-03-28,20220328,Mar-22,JNE3160,JNE3160-KR-L,L,1.0,687.5,688.0
2022-03-28,20220328,Mar-22,JNE3160,JNE3160-KR-XS,XS,1.0,687.5,688.0
2022-03-28,20220328,Mar-22,JNE3523,JNE3523-KR-XS,XS,2.0,431.25,862.0
2022-03-28,20220328,Mar-22,JNE3811,JNE3811-KR-S,S,1.0,562.5,562.0
2022-03-28,20220328,Mar-22,SET355,SET355-KR-PP-L,L,1.0,1625.0,1625.0
2022-03-28,20220328,Mar-22,SET355,SET355-KR-PP-S,S,1.0,1625.0,1625.0
2022-03-28,20220328,Mar-22,SET355,SET355-KR-PP-XS,XS,1.0,1625.0,1625.0
2022-03-28,20220328,Mar-22,JNE3811,JNE3811-KR-XL,XL,1.0,562.5,562.0
2022-03-28,20220328,Mar-22,JNE3811,JNE3811-KR-L,L,1.0,562.5,562.0
2022-03-28,20220328,Mar-22,JNE3811,JNE3811-KR-XS,XS,2.0,562.5,1125.0
2022-03-28,20220328,Mar-22,SET378,SET378-KR-NP-XXL,XXL,1.0,1512.5,1512.0
2022-03-28,20220328,Mar-22,SET378,SET378-KR-NP-XL,XL,1.0,1512.5,1512.0
2022-03-28,20220328,Mar-22,SET378,SET378-KR-NP-XS,XS,1.0,1512.5,1512.0
2022-03-28,20220328,Mar-22,SET388,SET388-KR-NP-L,L,1.0,1475.0,1475.0
2022-03-28,20220328,Mar-22,SET388,SET388-KR-NP-XS,XS,1.0,1475.0,1475.0
2022-03-28,20220328,Mar-22,JNE3835,JNE3835-KR-XS,XS,1.0,550.0,550.0
2022-03-28,20220328,Mar-22,JNE3828,CMB5-JNE3828,Free,5.0,299.0,1495.0
2022-03-28,20220328,Mar-22,JNE3855,CMB5-JNE3855,Free,5.0,299.0,1495.0
2022-03-28,20220328,Mar-22,JNE3858,CMB5-JNE3858,Free,5.0,299.0,1495.0
2022-03-28,20220328,Mar-22,JNE3857,CMB5-JNE3857,Free,5.0,299.0,1495.0
2022-03-28,20220328,Mar-22,JNE3826,CMB5-JNE3826,Free,5.0,299.0,1495.0
2022-03-28,20220328,Mar-22,JNE3831,CMB5-JNE3831,Free,5.0,299.0,1495.0
2022-03-28,20220328,Mar-22,JNE3566,JNE3566-KR-M,M,1.0,462.5,462.0
2022-03-28,20220328,Mar-22,JNE3629,JNE3629-KR-M,M,1.0,687.5,688.0
2022-03-28,20220328,Mar-22,JNE3577,JNE3577-KR-S,S,1.0,687.5,688.0
2022-03-28,20220328,Mar-22,JNE3750,JNE3750-KR-XXL,XXL,1.0,500.0,500.0
2022-03-28,20220328,Mar-22,JNE3725,JNE3725-KR-M,M,1.0,500.0,500.0
2022-03-28,20220328,Mar-22,JNE3566,JNE3566-KR-S,S,1.0,462.5,462.0
2022-03-28,20220328,Mar-22,JNE3575,JNE3575-KR-XS,XS,1.0,412.5,412.0
2022-03-28,20220328,Mar-22,JNE3575,JNE3575-KR-XL,XL,1.0,412.5,412.0
2022-03-28,20220328,Mar-22,JNE3768,JNE3768-KR-S,S,1.0,587.5,588.0
2022-03-28,20220328,Mar-22,SET172,SET172-KR-PP-M,M,1.0,1312.5,1312.0
2022-03-28,20220328,Mar-22,JNE3547,JNE3547-KR-XS,XS,1.0,462.5,462.0
2022-03-28,20220328,Mar-22,JNE3547,JNE3547-KR-S,S,1.0,462.5,462.0
2022-03-28,20220328,Mar-22,JNE3547,JNE3547-KR-XXL,XXL,1.0,462.5,462.0
2022-03-28,20220328,Mar-22,JNE3624,JNE3624-KR-M,M,1.0,462.5,462.0
2022-03-28,20220328,Mar-22,JNE3261,JNE3261-KR-M,M,1.0,387.5,388.0
2022-03-28,20220328,Mar-22,JNE3261,JNE3261-KR-XS,XS,1.0,387.5,388.0
2022-03-28,20220328,Mar-22,J0202,J0202-TP-XS,XS,1.0,568.75,569.0
2022-03-28,20220328,Mar-22,JNE3745,JNE3745-KR-M,M,1.0,450.0,450.0
2022-03-28,20220328,Mar-22,JNE3878,JNE3878-KR-S,S,1.0,587.5,588.0
2022-03-28,20220328,Mar-22,JNE3787,JNE3787-KR-XL,XL,1.0,462.5,462.0
2022-03-28,20220328,Mar-22,J0249,J0249-SKD-M,M,1.0,1037.5,1038.0
2022-03-28,20220328,Mar-22,SET316,SET316-KR-DPT-XXL,XXL,1.0,1312.5,1312.0
2022-03-28,20220328,Mar-22,SET252,SET252-KR-PP-S.,S,2.0,887.5,1775.0
2022-03-28,20220328,Mar-22,SET252,SET252-KR-PP-L,L,3.0,887.5,2662.0
2022-03-28,20220328,Mar-22,SET333,SET333-KR-DPT-XS,XS,1.0,1075.0,1075.0
2022-03-28,20220328,Mar-22,SET252,SET252-KR-PP-XS.,XS,1.0,887.5,888.0
2022-03-29,20220329,Mar-22,J0110,J0110-SKD-XXL,XXL,1.0,1131.25,1109.0
2022-03-29,20220329,Mar-22,J0009,J0009-SKD-L,L,1.0,1125.0,1102.0
2022-03-29,20220329,Mar-22,SET280,SET280-KR-PP-XXL,XXL,1.0,1006.25,986.0
2022-03-29,20220329,Mar-22,SET315,SET315-KR-PP-XL,XL,1.0,925.0,906.0
2022-03-29,20220329,Mar-22,PJ0096,PJ0096-KR-5XL,5XL,1.0,737.5,723.0
2022-03-29,20220329,Mar-22,SET266,SET266-KR-NP-XL,XL,1.0,825.0,808.0
2022-03-29,20220329,Mar-22,SET332,SET332-KR-PP-XL,XL,1.0,737.5,723.0
2022-03-29,20220329,Mar-22,BTM039,BTM039-PP-XXL,XXL,1.0,356.25,349.0
2022-03-29,20220329,Mar-22,JNE3654,JNE3654-TP-XL,XL,1.0,393.75,386.0
2022-03-29,20220329,Mar-22,JNE3708,JNE3708-TU-XL,XL,1.0,650.0,637.0
2022-03-29,20220329,Mar-22,JNE3678,JNE3678-TU-XL,XL,1.0,425.0,416.0
2022-03-29,20220329,Mar-22,J0172,J0172-TP-XL,XL,1.0,425.0,416.0
2022-03-29,20220329,Mar-22,JNE3807,JNE3807-KR-L,L,1.0,687.5,674.0
2022-03-29,20220329,Mar-22,JNE3863,JNE3863-TU-L,L,1.0,500.0,490.0
2022-03-29,20220329,Mar-22,SET373,SET373-KR-PP-XL,XL,1.0,1000.0,980.0
2022-03-29,20220329,Mar-22,SET286,SET286-KR-NP-L,L,1.0,687.5,674.0
2022-03-29,20220329,Mar-22,SET272,SET272-KR-PP-L,L,1.0,887.5,870.0
2022-03-29,20220329,Mar-22,SET258,SET258-KR-PP-XL,XL,1.0,1093.75,1072.0
2022-03-29,20220329,Mar-22,SET264,SET264-KR-NP-XL,XL,1.0,825.0,808.0
2022-03-29,20220329,Mar-22,SET262,SET262-KR-NP-L,L,1.0,718.75,704.0
2022-03-29,20220329,Mar-22,J0232,J0232-SKD-XL,XL,1.0,1275.0,1250.0
2022-03-29,20220329,Mar-22,J0126,J0126-SKD-XL,XL,1.0,1068.75,1047.0
2022-03-29,20220329,Mar-22,J0109,J0109-SKD-L,L,1.0,1387.5,1360.0
2022-03-29,20220329,Mar-22,SET210,SET210-KR-PP-L,L,1.0,693.75,680.0
2022-03-29,20220329,Mar-22,SET227,SET227-KR-PP-XL,XL,1.0,693.75,680.0
2022-03-29,20220329,Mar-22,J0012,J0012-SKD-L,L,1.0,1387.5,1360.0
2022-03-29,20220329,Mar-22,SET172,SET172-KR-PP-XL,XL,1.0,1312.5,1286.0
2022-03-29,20220329,Mar-22,SET038,SET038-KR-PP-L,L,1.0,650.0,637.0
2022-03-29,20220329,Mar-22,SET282,SET282-KR-PP-XL,XL,1.0,1237.5,1213.0
2022-03-29,20220329,Mar-22,SET326,SET326-KR-PP-XL,XL,1.0,687.5,674.0
2022-03-29,20220329,Mar-22,SET302,SET302-KR-PP-XL,XL,1.0,1037.5,1017.0
2022-03-29,20220329,Mar-22,SET301,SET301-KR-PP-XL,XL,1.0,1312.5,1286.0
2022-03-29,20220329,Mar-22,SET331,SET331-KR-NP-XL,XL,1.0,650.0,637.0
2022-03-29,20220329,Mar-22,SET375,SET375-KR-NP-XL,XL,1.0,737.5,723.0
2022-03-29,20220329,Mar-22,SET372,SET372-KR-PP-XL,XL,1.0,850.0,833.0
2022-03-29,20220329,Mar-22,J0381,J0381-SKD-XL,XL,1.0,1512.5,1482.0
2022-03-29,20220329,Mar-22,SET388,SET388-KR-NP-XL,XL,1.0,1475.0,1446.0
2022-03-29,20220329,Mar-22,JNE3560,JNE3560-KR-XL,XL,1.0,462.5,453.0
2022-03-29,20220329,Mar-22,JNE3623,JNE3623-KR-XXXL,XXXL,1.0,418.75,410.0
2022-03-29,20220329,Mar-22,JNE3546,JNE3546-KR-XL,XL,1.0,425.0,416.0
2022-03-29,20220329,Mar-22,JNE3636,JNE3636-KR-XL,XL,1.0,562.5,551.0
2022-03-29,20220329,Mar-22,JNE3612,JNE3612-KR-XL,XL,1.0,475.0,466.0
2022-03-29,20220329,Mar-22,JNE3629,JNE3629-KR-L,L,1.0,687.5,674.0
2022-03-29,20220329,Mar-22,J0083,J0083-KR-XL,XL,1.0,756.25,741.0
2022-03-29,20220329,Mar-22,J0033,J0033-KR-XL,XL,1.0,506.25,496.0
2022-03-29,20220329,Mar-22,J0094,J0094-KR-XL,XL,1.0,681.25,668.0
2022-03-29,20220329,Mar-22,JNE3567,JNE3567-KR-XL,XL,1.0,362.5,355.0
2022-03-29,20220329,Mar-22,JNE3273,JNE3273-KR-L,L,1.0,650.0,637.0
2022-03-29,20220329,Mar-22,JNE3504,JNE3504-KR-XL,XL,1.0,587.5,576.0
2022-03-29,20220329,Mar-22,J0374,J0374-KR-L,L,1.0,775.0,760.0
2022-03-29,20220329,Mar-22,JNE3860,JNE3860-DR-L,L,1.0,775.0,760.0
2022-03-29,20220329,Mar-22,JNE3806,JNE3806-KR-L,L,1.0,550.0,539.0
2022-03-29,20220329,Mar-22,JNE3813,JNE3813-KR-L,L,1.0,650.0,637.0
2022-03-29,20220329,Mar-22,JNE3879,JNE3879-DR-M,M,1.0,775.0,775.0
2022-03-29,20220329,Mar-22,JNE3879,JNE3879-DR-L,L,1.0,775.0,775.0
2022-03-29,20220329,Mar-22,JNE3879,JNE3879-DR-XL,XL,1.0,775.0,775.0
2022-03-29,20220329,Mar-22,JNE3879,JNE3879-DR-XXL,XXL,1.0,775.0,775.0
2022-03-29,20220329,Mar-22,J0399,J0399-DR-M,M,1.0,775.0,775.0
2022-03-29,20220329,Mar-22,J0399,J0399-DR-L,L,1.0,775.0,775.0
2022-03-29,20220329,Mar-22,J0399,J0399-DR-XL,XL,1.0,775.0,775.0
2022-03-29,20220329,Mar-22,J0399,J0399-DR-XXL,XXL,1.0,775.0,775.0
2022-03-29,20220329,Mar-22,JAN8641,JAN8641-S TO XXL,S TO XXL,5.0,1124.0,5620.0
2022-03-29,20220329,Mar-22,SET388,SET388-KR-NP-XXL,XXL,1.0,1450.0,1450.0
2022-03-31,20220331,Mar-22,JNE3421,JNE3421-KR-XL,XL,1.0,362.5,362.0
2022-03-31,20220331,Mar-22,JNE3672,JNE3672-TU-XL,XL,1.0,500.0,500.0
2022-03-31,20220331,Mar-22,SET272,SET272-KR-PP-XL,XL,1.0,887.5,888.0
2022-03-31,20220331,Mar-22,SET203,SET203-KR-DPT-XS,XS,1.0,531.25,531.0
2022-03-31,20220331,Mar-22,J0213,J0213-TP-M,M,1.0,537.5,538.0
2022-03-31,20220331,Mar-22,SET087,SET087-KR-PP-L,L,1.0,1206.25,1206.0
2022-03-31,20220331,Mar-22,SET307,SET307-KR-DPT-XL,XL,1.0,775.0,775.0
2022-03-31,20220331,Mar-22,JNE3065,JNE3065-KR-S,S,1.0,456.25,456.0
2022-03-31,20220331,Mar-22,SET330,SET330-KR-PP-XL,XL,1.0,687.5,688.0
2022-03-31,20220331,Mar-22,SET397,SET397-KR-NP-XL,XL,1.0,1350.0,1350.0
2022-03-31,20220331,Mar-22,SET268,SET268-KR-NP-S,S,1.0,787.5,788.0
2022-03-31,20220331,Mar-22,JNE3786,JNE3786-KR-XXXL,XXXL,1.0,387.5,388.0
2022-03-31,20220331,Mar-22,JNE3313,JNE3313-KR-XXL,XXL,1.0,783.75,784.0
2022-03-31,20220331,Mar-22,SET356,SET356-KR-NP-M,M,2.0,1275.0,2550.0
2022-03-31,20220331,Mar-22,SET374,SET374-KR-NP-XXL,XXL,1.0,650.0,650.0
2022-03-31,20220331,Mar-22,SET339,SET339-KR-NP-XXL,XXL,1.0,737.5,738.0
2022-03-31,20220331,Mar-22,SET375,SET375-KR-NP-XXL,XXL,1.0,737.5,738.0
2022-03-31,20220331,Mar-22,SET325,SET325-KR-NP-S,S,1.0,687.5,688.0
2022-03-31,20220331,Mar-22,SET276,SET276-KR-PP-L,L,1.0,1425.0,1425.0
2022-03-31,20220331,Mar-22,PJNE3423,PJNE3423-KR-4XL,4XL,1.0,537.5,538.0
2022-03-31,20220331,Mar-22,PJNE3404,PJNE3404-KR-4XL,4XL,1.0,500.0,500.0
2022-03-31,20220331,Mar-22,SET290,SET290-KR-DPT-M,M,1.0,812.5,812.0
2022-04-01,20220401,Apr-22,SET322,,L,1.0,1237.5,1237.5
2022-04-01,20220401,Apr-22,SET322,,XL,1.0,1237.5,1237.5
2022-04-01,20220401,Apr-22,SET197,,XL,1.0,787.5,787.5
2022-04-01,20220401,Apr-22,SET197,,L,1.0,787.5,787.5
2022-04-01,20220401,Apr-22,SET197,,M,1.0,787.5,787.5
2022-04-01,20220401,Apr-22,SET320,,XL,1.0,1000.0,1000.0
2022-04-01,20220401,Apr-22,SET320,,L,1.0,1000.0,1000.0
2022-04-01,20220401,Apr-22,SET320,,M,1.0,1000.0,1000.0
2022-04-01,20220401,Apr-22,J0279,,M,1.0,1237.5,1237.5
2022-04-01,20220401,Apr-22,J0280,,M,1.0,1795.0,1795.0
2022-04-01,20220401,Apr-22,J0280,,L,1.0,1795.0,1795.0
2022-04-01,20220401,Apr-22,J0280,,XL,1.0,1795.0,1795.0
2022-04-01,20220401,Apr-22,J0281,,L,1.0,1695.0,1695.0
2022-04-01,20220401,Apr-22,J0281,,XL,1.0,1695.0,1695.0
2022-04-01,20220401,Apr-22,SET302,,L,1.0,1037.5,1037.5
2022-04-01,20220401,Apr-22,SET405,,L,2.0,812.5,1625.0
2022-04-01,20220401,Apr-22,SET405,,XL,1.0,812.5,812.5
2022-04-01,20220401,Apr-22,SET264,,L,1.0,812.5,812.5
2022-04-01,20220401,Apr-22,SET264,,XL,1.0,812.5,812.5
2022-04-01,20220401,Apr-22,SET265,,L,1.0,975.0,975.0
2022-04-01,20220401,Apr-22,SET265,,XL,1.0,975.0,975.0
2022-04-01,20220401,Apr-22,SET319,,XL,1.0,975.0,975.0
2022-04-01,20220401,Apr-22,SET319,,L,1.0,975.0,975.0
2022-04-01,20220401,Apr-22,SET413,,XL,1.0,925.0,925.0
2022-04-01,20220401,Apr-22,SET413,,L,1.0,925.0,925.0
2022-04-01,20220401,Apr-22,J0282,,L,1.0,1162.5,1162.5
2022-04-01,20220401,Apr-22,J0282,,XL,1.0,1162.5,1162.5
2022-04-01,20220401,Apr-22,J0008,,L,1.0,1275.0,1275.0
2022-04-04,20220404,Apr-22,JNE3665,,S,1.0,310.0,310.0
2022-04-04,20220404,Apr-22,JNE3764,,S,1.0,400.0,400.0
2022-04-04,20220404,Apr-22,JNE3645,,XXL,1.0,280.0,280.0
2022-04-04,20220404,Apr-22,J0336,,XXXL,1.0,430.0,430.0
2022-04-04,20220404,Apr-22,J0238,,L,1.0,1520.0,1520.0
2022-04-04,20220404,Apr-22,J0240,,XXXL,1.0,1490.0,1490.0
2022-04-04,20220404,Apr-22,J0343,,XXXL,1.0,620.0,620.0
2022-04-04,20220404,Apr-22,JNE3764,,XL,1.0,400.0,400.0
2022-04-04,20220404,Apr-22,J0335,,XL,1.0,680.0,680.0
2022-04-04,20220404,Apr-22,SET322,,L,1.0,990.0,990.0
2022-04-04,20220404,Apr-22,PJ0096,,4XL,1.0,590.0,590.0
2022-04-04,20220404,Apr-22,PJ0096,,6XL,1.0,590.0,590.0
2022-04-04,20220404,Apr-22,PJ0096,,5XL,1.0,590.0,590.0
2022-04-04,20220404,Apr-22,PJNE3421,,5XL,1.0,450.0,450.0
2022-04-04,20220404,Apr-22,PJNE3421,,4XL,1.0,450.0,450.0
2022-04-04,20220404,Apr-22,PJNE3421,,6XL,1.0,450.0,450.0
2022-04-05,20220405,Apr-22,JAN8641,,S TO XXL,5.0,1124.0,5620.0
2022-04-05,20220405,Apr-22,JAN8685,,S TO XXL,5.0,1499.0,7495.0
2022-04-05,20220405,Apr-22,JAN8622,,S TO XXL,5.0,1949.0,9745.0
2022-04-05,20220405,Apr-22,JAN8612,,S TO XXL,5.0,1799.0,8995.0
2022-04-05,20220405,Apr-22,J0003,,L,1.0,738.0,738.0
2022-04-05,20220405,Apr-22,J0003,,M,1.0,738.0,738.0
2022-04-05,20220405,Apr-22,J0003,,S,1.0,738.0,738.0
2022-04-05,20220405,Apr-22,J0003,,XL,1.0,738.0,738.0
2022-04-05,20220405,Apr-22,J0003,,XS,1.0,738.0,738.0
2022-04-05,20220405,Apr-22,J0003,,XXL,1.0,738.0,738.0
2022-04-05,20220405,Apr-22,J0003,,XXXL,1.0,738.0,738.0
2022-04-05,20220405,Apr-22,J0004,,L,1.0,1350.0,1350.0
2022-04-05,20220405,Apr-22,J0004,,M,1.0,1350.0,1350.0
2022-04-05,20220405,Apr-22,J0004,,S,1.0,1350.0,1350.0
2022-04-05,20220405,Apr-22,J0004,,XL,1.0,1350.0,1350.0
2022-04-05,20220405,Apr-22,J0004,,XS,1.0,1350.0,1350.0
2022-04-05,20220405,Apr-22,J0004,,XXL,1.0,1350.0,1350.0
2022-04-05,20220405,Apr-22,J0004,,XXXL,1.0,1350.0,1350.0
2022-04-05,20220405,Apr-22,J0010,,L,1.0,1075.0,1075.0
2022-04-05,20220405,Apr-22,J0010,,M,1.0,1075.0,1075.0
2022-04-05,20220405,Apr-22,J0010,,S,1.0,1075.0,1075.0
2022-04-05,20220405,Apr-22,J0010,,XL,1.0,1075.0,1075.0
2022-04-05,20220405,Apr-22,J0010,,XS,1.0,1075.0,1075.0
2022-04-05,20220405,Apr-22,J0010,,XXL,1.0,1075.0,1075.0
2022-04-05,20220405,Apr-22,J0010,,XXXL,1.0,1075.0,1075.0
2022-04-05,20220405,Apr-22,J0011,,L,1.0,1350.0,1350.0
2022-04-05,20220405,Apr-22,J0011,,M,1.0,1350.0,1350.0
2022-04-05,20220405,Apr-22,J0011,,S,1.0,1350.0,1350.0
2022-04-05,20220405,Apr-22,J0011,,XL,1.0,1350.0,1350.0
2022-04-05,20220405,Apr-22,J0011,,XS,1.0,1350.0,1350.0
2022-04-05,20220405,Apr-22,J0011,,XXL,1.0,1350.0,1350.0
2022-04-05,20220405,Apr-22,J0011,,XXXL,1.0,1350.0,1350.0
2022-04-05,20220405,Apr-22,J0012,,L,2.0,1387.5,2775.0
2022-04-05,20220405,Apr-22,J0012,,M,2.0,1387.5,2775.0
2022-04-05,20220405,Apr-22,J0012,,S,2.0,1387.5,2775.0
2022-04-05,20220405,Apr-22,J0012,,XL,2.0,1387.5,2775.0
2022-04-05,20220405,Apr-22,J0012,,XS,2.0,1387.5,2775.0
2022-04-05,20220405,Apr-22,J0012,,XXL,2.0,1387.5,2775.0
2022-04-05,20220405,Apr-22,J0012,,XXXL,2.0,1387.5,2775.0
2022-04-05,20220405,Apr-22,J0013,,L,1.0,1200.0,1200.0
2022-04-05,20220405,Apr-22,J0013,,M,1.0,1200.0,1200.0
2022-04-05,20220405,Apr-22,J0013,,S,1.0,1200.0,1200.0
2022-04-05,20220405,Apr-22,J0013,,XL,1.0,1200.0,1200.0
2022-04-05,20220405,Apr-22,J0013,,XS,1.0,1200.0,1200.0
2022-04-05,20220405,Apr-22,J0013,,XXL,1.0,1200.0,1200.0
2022-04-05,20220405,Apr-22,J0013,,XXXL,1.0,1200.0,1200.0
2022-04-05,20220405,Apr-22,J0014,,L,1.0,1312.5,1312.5
2022-04-05,20220405,Apr-22,J0014,,M,1.0,1312.5,1312.5
2022-04-05,20220405,Apr-22,J0014,,S,1.0,1312.5,1312.5
2022-04-05,20220405,Apr-22,J0014,,XL,1.0,1312.5,1312.5
2022-04-05,20220405,Apr-22,J0014,,XS,1.0,1312.5,1312.5
2022-04-05,20220405,Apr-22,J0014,,XXL,1.0,1312.5,1312.5
2022-04-05,20220405,Apr-22,J0014,,XXXL,1.0,1312.5,1312.5
2022-04-05,20220405,Apr-22,J0216,,L,1.0,562.5,562.5
2022-04-05,20220405,Apr-22,J0216,,M,1.0,562.5,562.5
2022-04-05,20220405,Apr-22,J0216,,S,1.0,562.5,562.5
2022-04-05,20220405,Apr-22,J0216,,XL,1.0,562.5,562.5
2022-04-05,20220405,Apr-22,J0216,,XXL,1.0,562.5,562.5
2022-04-05,20220405,Apr-22,J0224,,L,1.0,1862.5,1862.5
2022-04-05,20220405,Apr-22,J0224,,M,1.0,1862.5,1862.5
2022-04-05,20220405,Apr-22,J0224,,S,1.0,1862.5,1862.5
2022-04-05,20220405,Apr-22,J0224,,XL,1.0,1862.5,1862.5
2022-04-05,20220405,Apr-22,J0224,,XS,1.0,1862.5,1862.5
2022-04-05,20220405,Apr-22,J0224,,XXL,1.0,1862.5,1862.5
2022-04-05,20220405,Apr-22,J0224,,XXXL,1.0,1862.5,1862.5
2022-04-05,20220405,Apr-22,J0228,,L,1.0,2087.5,2087.5
2022-04-05,20220405,Apr-22,J0228,,M,1.0,2087.5,2087.5
2022-04-05,20220405,Apr-22,J0228,,S,1.0,2087.5,2087.5
2022-04-05,20220405,Apr-22,J0228,,XL,1.0,2087.5,2087.5
2022-04-05,20220405,Apr-22,J0228,,XS,1.0,2087.5,2087.5
2022-04-05,20220405,Apr-22,J0228,,XXL,1.0,2087.5,2087.5
2022-04-05,20220405,Apr-22,J0228,,XXXL,1.0,2087.5,2087.5
2022-04-05,20220405,Apr-22,J0238,,L,1.0,1900.0,1900.0
2022-04-05,20220405,Apr-22,J0238,,M,1.0,1900.0,1900.0
2022-04-05,20220405,Apr-22,J0238,,S,1.0,1900.0,1900.0
2022-04-05,20220405,Apr-22,J0238,,XL,1.0,1900.0,1900.0
2022-04-05,20220405,Apr-22,J0238,,XS,1.0,1900.0,1900.0
2022-04-05,20220405,Apr-22,J0238,,XXL,1.0,1900.0,1900.0
2022-04-05,20220405,Apr-22,J0238,,XXXL,1.0,1900.0,1900.0
2022-04-05,20220405,Apr-22,J0254,,L,1.0,1075.0,1075.0
2022-04-05,20220405,Apr-22,J0254,,M,1.0,1075.0,1075.0
2022-04-05,20220405,Apr-22,J0254,,S,1.0,1075.0,1075.0
2022-04-05,20220405,Apr-22,J0254,,XL,1.0,1075.0,1075.0
2022-04-05,20220405,Apr-22,J0254,,XS,1.0,1075.0,1075.0
2022-04-05,20220405,Apr-22,J0254,,XXL,1.0,1075.0,1075.0
2022-04-05,20220405,Apr-22,J0254,,XXXL,1.0,1075.0,1075.0
2022-04-05,20220405,Apr-22,J0277,,L,1.0,1812.5,1812.5
2022-04-05,20220405,Apr-22,J0277,,M,1.0,1812.5,1812.5
2022-04-05,20220405,Apr-22,J0277,,S,1.0,1812.5,1812.5
2022-04-05,20220405,Apr-22,J0277,,XL,1.0,1812.5,1812.5
2022-04-05,20220405,Apr-22,J0277,,XS,1.0,1812.5,1812.5
2022-04-05,20220405,Apr-22,J0277,,XXL,1.0,1812.5,1812.5
2022-04-05,20220405,Apr-22,J0277,,XXXL,1.0,1812.5,1812.5
2022-04-05,20220405,Apr-22,J0280,,L,1.0,1795.0,1795.0
2022-04-05,20220405,Apr-22,J0280,,M,1.0,1795.0,1795.0
2022-04-05,20220405,Apr-22,J0280,,S,1.0,1795.0,1795.0
2022-04-05,20220405,Apr-22,J0280,,XL,1.0,1795.0,1795.0
2022-04-05,20220405,Apr-22,J0280,,XS,1.0,1795.0,1795.0
2022-04-05,20220405,Apr-22,J0280,,XXL,1.0,1795.0,1795.0
2022-04-05,20220405,Apr-22,J0280,,XXXL,1.0,1795.0,1795.0
2022-04-05,20220405,Apr-22,J0281,,L,1.0,1695.0,1695.0
2022-04-05,20220405,Apr-22,J0281,,M,1.0,1695.0,1695.0
2022-04-05,20220405,Apr-22,J0281,,S,1.0,1695.0,1695.0
2022-04-05,20220405,Apr-22,J0281,,XL,1.0,1695.0,1695.0
2022-04-05,20220405,Apr-22,J0281,,XS,1.0,1695.0,1695.0
2022-04-05,20220405,Apr-22,J0281,,XXL,1.0,1695.0,1695.0
2022-04-05,20220405,Apr-22,J0281,,XXXL,1.0,1695.0,1695.0
2022-04-05,20220405,Apr-22,J0285,,L,1.0,1775.0,1775.0
2022-04-05,20220405,Apr-22,J0285,,M,1.0,1775.0,1775.0
2022-04-05,20220405,Apr-22,J0285,,S,1.0,1775.0,1775.0
2022-04-05,20220405,Apr-22,J0285,,XL,1.0,1775.0,1775.0
2022-04-05,20220405,Apr-22,J0285,,XS,1.0,1775.0,1775.0
2022-04-05,20220405,Apr-22,J0285,,XXL,1.0,1775.0,1775.0
2022-04-05,20220405,Apr-22,J0285,,XXXL,1.0,1775.0,1775.0
2022-04-05,20220405,Apr-22,J0352,,L,1.0,650.0,650.0
2022-04-05,20220405,Apr-22,J0352,,M,1.0,650.0,650.0
2022-04-05,20220405,Apr-22,J0352,,S,1.0,650.0,650.0
2022-04-05,20220405,Apr-22,J0352,,XL,1.0,650.0,650.0
2022-04-05,20220405,Apr-22,J0352,,XXL,1.0,650.0,650.0
2022-04-05,20220405,Apr-22,J0353,,L,1.0,650.0,650.0
2022-04-05,20220405,Apr-22,J0353,,M,1.0,650.0,650.0
2022-04-05,20220405,Apr-22,J0353,,S,1.0,650.0,650.0
2022-04-05,20220405,Apr-22,J0353,,XL,1.0,650.0,650.0
2022-04-05,20220405,Apr-22,J0353,,XXL,1.0,650.0,650.0
2022-04-05,20220405,Apr-22,J0354,,L,1.0,562.5,562.5
2022-04-05,20220405,Apr-22,J0354,,M,1.0,562.5,562.5
2022-04-05,20220405,Apr-22,J0354,,S,1.0,562.5,562.5
2022-04-05,20220405,Apr-22,J0354,,XL,1.0,562.5,562.5
2022-04-05,20220405,Apr-22,J0354,,XXL,1.0,562.5,562.5
2022-04-05,20220405,Apr-22,J0355,,L,1.0,650.0,650.0
2022-04-05,20220405,Apr-22,J0355,,M,1.0,650.0,650.0
2022-04-05,20220405,Apr-22,J0355,,S,1.0,650.0,650.0
2022-04-05,20220405,Apr-22,J0355,,XL,1.0,650.0,650.0
2022-04-05,20220405,Apr-22,J0355,,XXL,1.0,650.0,650.0
2022-04-05,20220405,Apr-22,JNE3782,,L,1.0,500.0,500.0
2022-04-05,20220405,Apr-22,JNE3782,,M,1.0,500.0,500.0
2022-04-05,20220405,Apr-22,JNE3782,,S,1.0,500.0,500.0
2022-04-05,20220405,Apr-22,JNE3782,,XL,1.0,500.0,500.0
2022-04-05,20220405,Apr-22,JNE3782,,XS,1.0,500.0,500.0
2022-04-05,20220405,Apr-22,JNE3782,,XXL,1.0,500.0,500.0
2022-04-05,20220405,Apr-22,JNE3782,,XXXL,1.0,500.0,500.0
2022-04-05,20220405,Apr-22,JNE3783,,L,1.0,500.0,500.0
2022-04-05,20220405,Apr-22,JNE3783,,M,1.0,500.0,500.0
2022-04-05,20220405,Apr-22,JNE3783,,S,1.0,500.0,500.0
2022-04-05,20220405,Apr-22,JNE3783,,XL,1.0,500.0,500.0
2022-04-05,20220405,Apr-22,JNE3783,,XS,1.0,500.0,500.0
2022-04-05,20220405,Apr-22,JNE3783,,XXL,1.0,500.0,500.0
2022-04-05,20220405,Apr-22,JNE3783,,XXXL,1.0,500.0,500.0
2022-04-05,20220405,Apr-22,JNE3784,,L,1.0,500.0,500.0
2022-04-05,20220405,Apr-22,JNE3784,,M,1.0,500.0,500.0
2022-04-05,20220405,Apr-22,JNE3784,,S,1.0,500.0,500.0
2022-04-05,20220405,Apr-22,JNE3784,,XL,1.0,500.0,500.0
2022-04-05,20220405,Apr-22,JNE3784,,XS,1.0,500.0,500.0
2022-04-05,20220405,Apr-22,JNE3784,,XXL,1.0,500.0,500.0
2022-04-05,20220405,Apr-22,JNE3784,,XXXL,1.0,500.0,500.0
2022-04-05,20220405,Apr-22,JNE3861,,L,1.0,775.0,775.0
2022-04-05,20220405,Apr-22,JNE3861,,M,1.0,775.0,775.0
2022-04-05,20220405,Apr-22,JNE3861,,S,1.0,775.0,775.0
2022-04-05,20220405,Apr-22,JNE3861,,XL,1.0,775.0,775.0
2022-04-05,20220405,Apr-22,JNE3861,,XS,1.0,775.0,775.0
2022-04-05,20220405,Apr-22,JNE3861,,XXL,1.0,775.0,775.0
2022-04-05,20220405,Apr-22,JNE3861,,XXXL,1.0,775.0,775.0
2022-04-05,20220405,Apr-22,SET278,,L,1.0,1775.0,1775.0
2022-04-05,20220405,Apr-22,SET278,,M,1.0,1775.0,1775.0
2022-04-05,20220405,Apr-22,SET278,,S,1.0,1775.0,1775.0
2022-04-05,20220405,Apr-22,SET278,,XL,1.0,1775.0,1775.0
2022-04-05,20220405,Apr-22,SET278,,XS,1.0,1775.0,1775.0
2022-04-05,20220405,Apr-22,SET278,,XXL,1.0,1775.0,1775.0
2022-04-05,20220405,Apr-22,SET278,,XXXL,1.0,1775.0,1775.0
2022-04-05,20220405,Apr-22,SET282,,L,1.0,1237.5,1237.5
2022-04-05,20220405,Apr-22,SET282,,M,1.0,1237.5,1237.5
2022-04-05,20220405,Apr-22,SET282,,S,1.0,1237.5,1237.5
2022-04-05,20220405,Apr-22,SET282,,XL,1.0,1237.5,1237.5
2022-04-05,20220405,Apr-22,SET282,,XS,1.0,1237.5,1237.5
2022-04-05,20220405,Apr-22,SET282,,XXL,1.0,1237.5,1237.5
2022-04-05,20220405,Apr-22,SET282,,XXXL,1.0,1237.5,1237.5
2022-04-05,20220405,Apr-22,SET297,,L,1.0,812.5,812.5
2022-04-05,20220405,Apr-22,SET297,,M,1.0,812.5,812.5
2022-04-05,20220405,Apr-22,SET297,,S,1.0,812.5,812.5
2022-04-05,20220405,Apr-22,SET297,,XL,1.0,812.5,812.5
2022-04-05,20220405,Apr-22,SET297,,XS,1.0,812.5,812.5
2022-04-05,20220405,Apr-22,SET297,,XXL,1.0,812.5,812.5
2022-04-05,20220405,Apr-22,SET297,,XXXL,1.0,812.5,812.5
2022-04-05,20220405,Apr-22,SET305,,L,1.0,1037.5,1037.5
2022-04-05,20220405,Apr-22,SET305,,M,1.0,1037.5,1037.5
2022-04-05,20220405,Apr-22,SET305,,S,1.0,1037.5,1037.5
2022-04-05,20220405,Apr-22,SET305,,XL,1.0,1037.5,1037.5
2022-04-05,20220405,Apr-22,SET305,,XS,1.0,1037.5,1037.5
2022-04-05,20220405,Apr-22,SET305,,XXL,1.0,1037.5,1037.5
2022-04-05,20220405,Apr-22,SET305,,XXXL,1.0,1037.5,1037.5
2022-04-05,20220405,Apr-22,SET316,,L,1.0,1312.5,1312.5
2022-04-05,20220405,Apr-22,SET316,,M,1.0,1312.5,1312.5
2022-04-05,20220405,Apr-22,SET316,,S,1.0,1312.5,1312.5
2022-04-05,20220405,Apr-22,SET316,,XL,1.0,1312.5,1312.5
2022-04-05,20220405,Apr-22,SET316,,XS,1.0,1312.5,1312.5
2022-04-05,20220405,Apr-22,SET316,,XXL,1.0,1312.5,1312.5
2022-04-05,20220405,Apr-22,SET316,,XXXL,1.0,1312.5,1312.5
2022-04-05,20220405,Apr-22,SET319,,L,1.0,975.0,975.0
2022-04-05,20220405,Apr-22,SET319,,M,1.0,975.0,975.0
2022-04-05,20220405,Apr-22,SET319,,S,1.0,975.0,975.0
2022-04-05,20220405,Apr-22,SET319,,XL,1.0,975.0,975.0
2022-04-05,20220405,Apr-22,SET319,,XS,1.0,975.0,975.0
2022-04-05,20220405,Apr-22,SET319,,XXL,1.0,975.0,975.0
2022-04-05,20220405,Apr-22,SET319,,XXXL,1.0,975.0,975.0
2022-04-05,20220405,Apr-22,SET320,,L,1.0,1000.0,1000.0
2022-04-05,20220405,Apr-22,SET320,,M,1.0,1000.0,1000.0
2022-04-05,20220405,Apr-22,SET320,,S,1.0,1000.0,1000.0
2022-04-05,20220405,Apr-22,SET320,,XL,1.0,1000.0,1000.0
2022-04-05,20220405,Apr-22,SET320,,XS,1.0,1000.0,1000.0
2022-04-05,20220405,Apr-22,SET320,,XXL,1.0,1000.0,1000.0
2022-04-05,20220405,Apr-22,SET320,,XXXL,1.0,1000.0,1000.0
2022-04-05,20220405,Apr-22,SET321,,L,1.0,1037.5,1037.5
2022-04-05,20220405,Apr-22,SET321,,M,1.0,1037.5,1037.5
2022-04-05,20220405,Apr-22,SET321,,S,1.0,1037.5,1037.5
2022-04-05,20220405,Apr-22,SET321,,XL,1.0,1037.5,1037.5
2022-04-05,20220405,Apr-22,SET321,,XS,1.0,1037.5,1037.5
2022-04-05,20220405,Apr-22,SET321,,XXL,1.0,1037.5,1037.5
2022-04-05,20220405,Apr-22,SET321,,XXXL,1.0,1037.5,1037.5
2022-04-05,20220405,Apr-22,SET327,,L,1.0,1000.0,1000.0
2022-04-05,20220405,Apr-22,SET327,,M,1.0,1000.0,1000.0
2022-04-05,20220405,Apr-22,SET327,,S,1.0,1000.0,1000.0
2022-04-05,20220405,Apr-22,SET327,,XL,1.0,1000.0,1000.0
2022-04-05,20220405,Apr-22,SET327,,XS,1.0,1000.0,1000.0
2022-04-05,20220405,Apr-22,SET327,,XXL,1.0,1000.0,1000.0
2022-04-05,20220405,Apr-22,SET327,,XXXL,1.0,1000.0,1000.0
2022-04-05,20220405,Apr-22,SET333,,L,1.0,1075.0,1075.0
2022-04-05,20220405,Apr-22,SET333,,M,1.0,1075.0,1075.0
2022-04-05,20220405,Apr-22,SET333,,S,1.0,1075.0,1075.0
2022-04-05,20220405,Apr-22,SET333,,XL,1.0,1075.0,1075.0
2022-04-05,20220405,Apr-22,SET333,,XS,1.0,1075.0,1075.0
2022-04-05,20220405,Apr-22,SET333,,XXL,1.0,1075.0,1075.0
2022-04-05,20220405,Apr-22,SET333,,XXXL,1.0,1075.0,1075.0
2022-04-05,20220405,Apr-22,SET350,,L,2.0,1512.5,3025.0
2022-04-05,20220405,Apr-22,SET350,,M,2.0,1512.5,3025.0
2022-04-05,20220405,Apr-22,SET350,,S,2.0,1512.5,3025.0
2022-04-05,20220405,Apr-22,SET350,,XL,2.0,1512.5,3025.0
2022-04-05,20220405,Apr-22,SET350,,XS,2.0,1512.5,3025.0
2022-04-05,20220405,Apr-22,SET350,,XXL,2.0,1512.5,3025.0
2022-04-05,20220405,Apr-22,SET350,,XXXL,2.0,1512.5,3025.0
2022-04-05,20220405,Apr-22,SET355,,L,1.0,1625.0,1625.0
2022-04-05,20220405,Apr-22,SET355,,M,1.0,1625.0,1625.0
2022-04-05,20220405,Apr-22,SET355,,S,1.0,1625.0,1625.0
2022-04-05,20220405,Apr-22,SET355,,XL,1.0,1625.0,1625.0
2022-04-05,20220405,Apr-22,SET355,,XS,1.0,1625.0,1625.0
2022-04-05,20220405,Apr-22,SET355,,XXL,1.0,1625.0,1625.0
2022-04-05,20220405,Apr-22,SET355,,XXXL,1.0,1625.0,1625.0
2022-04-05,20220405,Apr-22,SET359,,L,1.0,1200.0,1200.0
2022-04-05,20220405,Apr-22,SET359,,M,1.0,1200.0,1200.0
2022-04-05,20220405,Apr-22,SET359,,S,1.0,1200.0,1200.0
2022-04-05,20220405,Apr-22,SET359,,XL,1.0,1200.0,1200.0
2022-04-05,20220405,Apr-22,SET359,,XS,1.0,1200.0,1200.0
2022-04-05,20220405,Apr-22,SET359,,XXL,1.0,1200.0,1200.0
2022-04-05,20220405,Apr-22,SET359,,XXXL,1.0,1200.0,1200.0
2022-04-05,20220405,Apr-22,SET377,,L,1.0,1425.0,1425.0
2022-04-05,20220405,Apr-22,SET377,,M,1.0,1425.0,1425.0
2022-04-05,20220405,Apr-22,SET377,,S,1.0,1425.0,1425.0
2022-04-05,20220405,Apr-22,SET377,,XL,1.0,1425.0,1425.0
2022-04-05,20220405,Apr-22,SET377,,XS,1.0,1425.0,1425.0
2022-04-05,20220405,Apr-22,SET377,,XXL,1.0,1425.0,1425.0
2022-04-05,20220405,Apr-22,SET377,,XXXL,1.0,1425.0,1425.0
2022-04-05,20220405,Apr-22,SET395,,L,1.0,1275.0,1275.0
2022-04-05,20220405,Apr-22,SET395,,M,1.0,1275.0,1275.0
2022-04-05,20220405,Apr-22,SET395,,S,1.0,1275.0,1275.0
2022-04-05,20220405,Apr-22,SET395,,XL,1.0,1275.0,1275.0
2022-04-05,20220405,Apr-22,SET395,,XS,1.0,1275.0,1275.0
2022-04-05,20220405,Apr-22,SET395,,XXL,1.0,1275.0,1275.0
2022-04-05,20220405,Apr-22,SET395,,XXXL,1.0,1275.0,1275.0
2022-04-05,20220405,Apr-22,JAN8618,,S TO XXL,5.0,974.0,4870.0
2022-04-05,20220405,Apr-22,JAN8661,,S TO XXL,5.0,1424.0,7120.0
2022-04-06,20220406,Apr-22,SET388,,L,2.0,1450.0,2900.0
2022-04-06,20220406,Apr-22,SET388,,XL,2.0,1450.0,2900.0
2022-04-06,20220406,Apr-22,SET388,,XXL,2.0,1450.0,2900.0
2022-04-06,20220406,Apr-22,SET394,,L,1.0,1475.0,1475.0
2022-04-06,20220406,Apr-22,SET394,,XL,1.0,1475.0,1475.0
2022-04-06,20220406,Apr-22,SET394,,XXL,1.0,1475.0,1475.0
2022-04-06,20220406,Apr-22,JNE3813,,M,1.0,650.0,650.0
2022-04-06,20220406,Apr-22,JNE3813,,L,1.0,650.0,650.0
2022-04-06,20220406,Apr-22,SET350,,M,1.0,1512.5,1512.5
2022-04-06,20220406,Apr-22,SET350,,L,1.0,1512.5,1512.5
2022-04-06,20220406,Apr-22,SET350,,XXL,1.0,1512.5,1512.5
2022-04-06,20220406,Apr-22,SET355,,L,1.0,1625.0,1625.0
2022-04-06,20220406,Apr-22,SET355,,XL,1.0,1625.0,1625.0
2022-04-06,20220406,Apr-22,SET355,,XXL,1.0,1625.0,1625.0
2022-04-06,20220406,Apr-22,SET366,,L,1.0,1312.5,1312.5
2022-04-06,20220406,Apr-22,SET327,,XL,1.0,1000.0,1000.0
2022-04-06,20220406,Apr-22,SET360,,M,1.0,1287.5,1287.5
2022-04-06,20220406,Apr-22,SET360,,XXL,1.0,1287.5,1287.5
2022-04-06,20220406,Apr-22,JNE3672,,M,1.0,500.0,500.0
2022-04-06,20220406,Apr-22,JNE3672,,L,1.0,500.0,500.0
2022-04-06,20220406,Apr-22,JNE3672,,XL,1.0,500.0,500.0
2022-04-06,20220406,Apr-22,JNE3672,,XXL,1.0,500.0,500.0
2022-04-06,20220406,Apr-22,JNE3672,,XXXL,1.0,500.0,500.0
2022-04-06,20220406,Apr-22,JNE3865,,S,1.0,537.5,537.5
2022-04-06,20220406,Apr-22,JNE3865,,M,1.0,537.5,537.5
2022-04-06,20220406,Apr-22,JNE3865,,L,1.0,537.5,537.5
2022-04-06,20220406,Apr-22,JNE3673,,XXXL,1.0,537.5,537.5
2022-04-06,20220406,Apr-22,SET278,,M,1.0,1775.0,1775.0
2022-04-06,20220406,Apr-22,SET278,,L,1.0,1775.0,1775.0
2022-04-06,20220406,Apr-22,SET278,,XL,1.0,1775.0,1775.0
2022-04-06,20220406,Apr-22,JNE3688,,S,1.0,537.5,537.5
2022-04-06,20220406,Apr-22,JNE3688,,M,1.0,537.5,537.5
2022-04-06,20220406,Apr-22,JNE3688,,L,1.0,537.5,537.5
2022-04-06,20220406,Apr-22,JNE3688,,XL,1.0,537.5,537.5
2022-04-06,20220406,Apr-22,J0201,,XXL,1.0,562.5,562.5
2022-04-06,20220406,Apr-22,JNE3673,,S,1.0,537.5,537.5
2022-04-06,20220406,Apr-22,JNE3673,,M,1.0,537.5,537.5
2022-04-06,20220406,Apr-22,JNE3673,,L,1.0,537.5,537.5
2022-04-06,20220406,Apr-22,SET380,,L,1.0,1125.0,1125.0
2022-04-06,20220406,Apr-22,SET380,,XL,1.0,1125.0,1125.0
2022-04-06,20220406,Apr-22,SET380,,XXL,1.0,1125.0,1125.0
2022-04-06,20220406,Apr-22,JNE3861,,S,1.0,775.0,775.0
2022-04-06,20220406,Apr-22,JNE3861,,M,1.0,775.0,775.0
2022-04-06,20220406,Apr-22,JNE3861,,L,1.0,775.0,775.0
2022-04-06,20220406,Apr-22,SET341,,L,1.0,1087.5,1087.5
2022-04-06,20220406,Apr-22,SET341,,XL,1.0,1087.5,1087.5
2022-04-06,20220406,Apr-22,SET401,,XL,1.0,1350.0,1350.0
2022-04-06,20220406,Apr-22,SET401,,XXL,1.0,1350.0,1350.0
2022-04-06,20220406,Apr-22,JAN8641,,S TO XXL,5.0,1124.0,5620.0
2022-04-06,20220406,Apr-22,JAN8660,,S TO XXL,5.0,1724.0,8620.0
2022-04-06,20220406,Apr-22,J0402,,S,3.0,812.5,2437.5
2022-04-06,20220406,Apr-22,J0402,,M,3.0,812.5,2437.5
2022-04-06,20220406,Apr-22,J0402,,L,3.0,812.5,2437.5
2022-04-06,20220406,Apr-22,J0328,,M,2.0,1037.5,2075.0
2022-04-06,20220406,Apr-22,J0328,,L,3.0,1037.5,3112.5
2022-04-06,20220406,Apr-22,J0328,,XL,3.0,1037.5,3112.5
2022-04-06,20220406,Apr-22,J0291,,S,3.0,850.0,2550.0
2022-04-06,20220406,Apr-22,J0291,,M,3.0,850.0,2550.0
2022-04-06,20220406,Apr-22,J0291,,L,3.0,850.0,2550.0
2022-04-06,20220406,Apr-22,J0414,,S,3.0,887.5,2662.5
2022-04-06,20220406,Apr-22,J0414,,M,3.0,887.5,2662.5
2022-04-06,20220406,Apr-22,J0414,,L,3.0,887.5,2662.5
2022-04-06,20220406,Apr-22,J0204,,S,3.0,737.5,2212.5
2022-04-06,20220406,Apr-22,J0204,,M,3.0,737.5,2212.5
2022-04-07,20220407,Apr-22,J0242,,XXL,1.0,1050.0,1050.0
2022-04-07,20220407,Apr-22,J0242,,XL,1.0,1050.0,1050.0
2022-04-07,20220407,Apr-22,J0242,,M,1.0,1050.0,1050.0
2022-04-07,20220407,Apr-22,J0002,,XXXL,1.0,1080.0,1080.0
2022-04-07,20220407,Apr-22,J0002,,M,1.0,1080.0,1080.0
2022-04-07,20220407,Apr-22,J0239,,XXL,1.0,1210.0,1210.0
2022-04-07,20220407,Apr-22,J0241,,XL,1.0,1240.0,1240.0
2022-04-07,20220407,Apr-22,J0241,,XXL,1.0,1240.0,1240.0
2022-04-07,20220407,Apr-22,J0241,,M,1.0,1240.0,1240.0
2022-04-07,20220407,Apr-22,SET278,,XXL,1.0,1420.0,1420.0
2022-04-07,20220407,Apr-22,SET278,,XXXL,1.0,1420.0,1420.0
2022-04-07,20220407,Apr-22,SET291,,S,1.0,490.0,490.0
2022-04-07,20220407,Apr-22,SET291,,M,1.0,490.0,490.0
2022-04-07,20220407,Apr-22,SET291,,XL,1.0,490.0,490.0
2022-04-07,20220407,Apr-22,SET348,,S,1.0,870.0,870.0
2022-04-07,20220407,Apr-22,SET348,,M,1.0,870.0,870.0
2022-04-07,20220407,Apr-22,SET348,,XL,1.0,870.0,870.0
2022-04-07,20220407,Apr-22,SET290,,XXXL,1.0,650.0,650.0
2022-04-07,20220407,Apr-22,SET290,,M,1.0,650.0,650.0
2022-04-07,20220407,Apr-22,SET395,,S,1.0,1020.0,1020.0
2022-04-07,20220407,Apr-22,SET395,,M,1.0,1020.0,1020.0
2022-04-07,20220407,Apr-22,JNE3636,,XXL,1.0,390.0,390.0
2022-04-07,20220407,Apr-22,JNE3636,,M,1.0,390.0,390.0
2022-04-07,20220407,Apr-22,SET360,,XXXL,1.0,1030.0,1030.0
2022-04-07,20220407,Apr-22,SET358,,XL,1.0,1030.0,1030.0
2022-04-07,20220407,Apr-22,SET358,,M,1.0,1030.0,1030.0
2022-04-07,20220407,Apr-22,SET369,,XXXL,1.0,1030.0,1030.0
2022-04-07,20220407,Apr-22,SET316,,M,1.0,1050.0,1050.0
2022-04-07,20220407,Apr-22,SET316,,L,1.0,1050.0,1050.0
2022-04-07,20220407,Apr-22,SET316,,XL,1.0,1050.0,1050.0
2022-04-07,20220407,Apr-22,SET377,,XL,1.0,1140.0,1140.0
2022-04-07,20220407,Apr-22,SET377,,XXL,1.0,1140.0,1140.0
2022-04-07,20220407,Apr-22,SET377,,M,1.0,1140.0,1140.0
2022-04-07,20220407,Apr-22,SET404,,XL,1.0,1110.0,1110.0
2022-04-07,20220407,Apr-22,SET404,,M,1.0,1110.0,1110.0
2022-04-07,20220407,Apr-22,J0005,,L,1.0,740.0,740.0
2022-04-07,20220407,Apr-22,J0005,,S,1.0,740.0,740.0
2022-04-07,20220407,Apr-22,J0207,,M,1.0,710.0,710.0
2022-04-07,20220407,Apr-22,JNE3489,,M,1.0,310.0,310.0
2022-04-07,20220407,Apr-22,JNE3547,,S,1.0,400.0,400.0
2022-04-07,20220407,Apr-22,JNE3547,,M,1.0,400.0,400.0
2022-04-07,20220407,Apr-22,JNE3548,,S,1.0,400.0,400.0
2022-04-07,20220407,Apr-22,J0395,,M,1.0,680.0,680.0
2022-04-07,20220407,Apr-22,JNE3861,,XL,1.0,620.0,620.0
2022-04-07,20220407,Apr-22,SET405,,L,1.0,650.0,650.0
2022-04-07,20220407,Apr-22,JNE3870,,XS,1.0,550.0,550.0
2022-04-07,20220407,Apr-22,SET317,,L,1.0,1080.0,1080.0
2022-04-07,20220407,Apr-22,SET395,,L,1.0,1020.0,1020.0
2022-04-07,20220407,Apr-22,SET380,,L,1.0,900.0,900.0
2022-04-07,20220407,Apr-22,J0401,,XL,1.0,710.0,710.0
2022-04-07,20220407,Apr-22,J0402,,M,1.0,650.0,650.0
2022-04-07,20220407,Apr-22,J0399,,M,1.0,620.0,620.0
2022-04-07,20220407,Apr-22,SET397,,L,1.0,1080.0,1080.0
2022-04-07,20220407,Apr-22,JNE3870,,XXXL,1.0,550.0,550.0
2022-04-07,20220407,Apr-22,JNE3861,,M,1.0,620.0,620.0
2022-04-07,20220407,Apr-22,J0400,,S,1.0,680.0,680.0
2022-04-08,20220408,Apr-22,SET322,,M,1.0,1237.5,1237.5
2022-04-08,20220408,Apr-22,SET325,,M,1.0,687.5,687.5
2022-04-08,20220408,Apr-22,SET350,,L,1.0,1512.5,1512.5
2022-04-08,20220408,Apr-22,JNE3880,,L,1.0,650.0,650.0
2022-04-08,20220408,Apr-22,SET355,,XS,1.0,1625.0,1625.0
2022-04-08,20220408,Apr-22,SET305,,S,1.0,1037.5,1037.5
2022-04-08,20220408,Apr-22,J0396,,M,1.0,850.0,850.0
2022-04-08,20220408,Apr-22,J0339,,XXXL,1.0,775.0,775.0
2022-04-08,20220408,Apr-22,J0395,,XXXL,1.0,850.0,850.0
2022-04-08,20220408,Apr-22,J0400,,XXXL,1.0,850.0,850.0
2022-04-08,20220408,Apr-22,JNE3880,,XXL,1.0,650.0,650.0
2022-04-08,20220408,Apr-22,J0416,,M,1.0,812.5,812.5
2022-04-08,20220408,Apr-22,JNE3880,,XL,1.0,650.0,650.0
2022-04-08,20220408,Apr-22,JNE3800,,M,1.0,975.0,975.0
2022-04-08,20220408,Apr-22,SET319,,L,1.0,975.0,975.0
2022-04-08,20220408,Apr-22,J0416,,S,1.0,812.5,812.5
2022-04-08,20220408,Apr-22,J0396,,S,1.0,850.0,850.0
2022-04-08,20220408,Apr-22,J0414,,S,1.0,887.5,887.5
2022-04-08,20220408,Apr-22,JNE3797,,S,1.0,975.0,975.0
2022-04-08,20220408,Apr-22,J0395,,XS,1.0,850.0,850.0
2022-04-08,20220408,Apr-22,J0396,,XS,1.0,850.0,850.0
2022-04-08,20220408,Apr-22,J0339,,S,1.0,775.0,775.0
2022-04-08,20220408,Apr-22,JNE3797,,M,1.0,975.0,975.0
2022-04-08,20220408,Apr-22,J0398,,M,1.0,887.5,887.5
2022-04-08,20220408,Apr-22,J0395,,M,1.0,850.0,850.0
2022-04-08,20220408,Apr-22,J0339,,M,1.0,775.0,775.0
2022-04-08,20220408,Apr-22,J0395,,L,1.0,850.0,850.0
2022-04-08,20220408,Apr-22,JNE3880,,M,1.0,650.0,650.0
2022-04-08,20220408,Apr-22,JNE3798,,M,1.0,975.0,975.0
2022-04-08,20220408,Apr-22,J0398,,XS,1.0,887.5,887.5
2022-04-08,20220408,Apr-22,JNE3881,,M,1.0,812.5,812.5
2022-04-08,20220408,Apr-22,JNE3881,,XS,1.0,812.5,812.5
2022-04-08,20220408,Apr-22,J0414,,XS,1.0,887.5,887.5
2022-04-08,20220408,Apr-22,JNE3441,,L,1.0,425.0,425.0
2022-04-08,20220408,Apr-22,JNE3881,,L,1.0,812.5,812.5
2022-04-08,20220408,Apr-22,SET330,,L,1.0,687.5,687.5
2022-04-08,20220408,Apr-22,JNE3880,,S,1.0,650.0,650.0
2022-04-08,20220408,Apr-22,JNE3797,,XXXL,1.0,975.0,975.0
2022-04-08,20220408,Apr-22,JNE3880,,XS,1.0,650.0,650.0
2022-04-08,20220408,Apr-22,J0339,,XS,1.0,775.0,775.0
2022-04-08,20220408,Apr-22,J0012,,S,1.0,1387.5,1387.5
2022-04-08,20220408,Apr-22,JNE3800,,L,1.0,975.0,975.0
2022-04-08,20220408,Apr-22,J0242,,S,1.0,1350.0,1350.0
2022-04-08,20220408,Apr-22,J0242,,XL,1.0,1350.0,1350.0
2022-04-08,20220408,Apr-22,J0400,,S,1.0,850.0,850.0
2022-04-08,20220408,Apr-22,JNE3879,,S,1.0,775.0,775.0
2022-04-08,20220408,Apr-22,JNE3881,,S,1.0,812.5,812.5
2022-04-08,20220408,Apr-22,J0245,,XXXL,1.0,1312.5,1312.5
2022-04-08,20220408,Apr-22,J0242,,XS,1.0,1350.0,1350.0
2022-04-08,20220408,Apr-22,J0252,,XS,1.0,1037.5,1037.5
2022-04-08,20220408,Apr-22,J0252,,S,1.0,1037.5,1037.5
2022-04-08,20220408,Apr-22,J0248,,S,1.0,1125.0,1125.0
2022-04-08,20220408,Apr-22,J0398,,XS,2.0,887.5,1775.0
2022-04-08,20220408,Apr-22,JNE3800,,XS,1.0,975.0,975.0
2022-04-08,20220408,Apr-22,JNE3800,,XL,1.0,975.0,975.0
2022-04-08,20220408,Apr-22,J0395,,XL,1.0,850.0,850.0
2022-04-08,20220408,Apr-22,J0414,,XL,1.0,887.5,887.5
2022-04-08,20220408,Apr-22,JNE3893,,XXL,1.0,687.5,687.5
2022-04-08,20220408,Apr-22,JNE3895,,XXL,1.0,737.5,737.5
2022-04-12,20220412,Apr-22,sEt329,,XL,1.0,687.5,687.5
2022-04-12,20220412,Apr-22,pJNE2100,,4XL,1.0,500.0,500.0
2022-04-12,20220412,Apr-22,sEt276,,XXL,1.0,1425.0,1425.0
2022-04-12,20220412,Apr-22,sEt325,,XL,1.0,687.5,687.5
2022-04-12,20220412,Apr-22,sEt339,,XXXL,1.0,737.5,737.5
2022-04-12,20220412,Apr-22,sEt353,,M,1.0,975.0,975.0
2022-04-12,20220412,Apr-22,sEt316,,L,1.0,1312.5,1312.5
2022-04-12,20220412,Apr-22,JNE3864,,XS,1.0,537.5,537.5
2022-04-12,20220412,Apr-22,JNE3744,,S,1.0,612.5,612.5
2022-04-12,20220412,Apr-22,pJNE3404,,6XL,1.0,500.0,500.0
2022-04-12,20220412,Apr-22,J0004,,L,1.0,1350.0,1350.0
2022-04-12,20220412,Apr-22,JNE3895,,L,1.0,737.5,737.5
2022-04-12,20220412,Apr-22,JNE3668,,XS,1.0,425.0,425.0
2022-04-12,20220412,Apr-22,JNE3769,,XXL,1.0,500.0,500.0
2022-04-14,20220414,Apr-22,BTM026,,S,1.0,425.0,425.0
2022-04-14,20220414,Apr-22,BTM005,,S,2.0,425.0,850.0
2022-04-14,20220414,Apr-22,BTM005,,M,2.0,425.0,850.0
2022-04-14,20220414,Apr-22,PJNE3373,,5XL,1.0,625.0,625.0
2022-04-14,20220414,Apr-22,PSET058,,4XL,1.0,1037.5,1037.5
2022-04-14,20220414,Apr-22,PJNE2199,,4XL,1.0,487.5,487.5
2022-04-14,20220414,Apr-22,J0242,,M,2.0,1312.5,2625.0
2022-04-14,20220414,Apr-22,SET303,,S,1.0,975.0,975.0
2022-04-14,20220414,Apr-22,SET303,,M,1.0,975.0,975.0
2022-04-14,20220414,Apr-22,SET193,,M,1.0,812.5,812.5
2022-04-14,20220414,Apr-22,JNE3554,,S,1.0,500.0,500.0
2022-04-14,20220414,Apr-22,JNE3554,,M,1.0,500.0,500.0
2022-04-14,20220414,Apr-22,JNE3554,,L,1.0,500.0,500.0
2022-04-14,20220414,Apr-22,JNE3811,,M,1.0,562.5,562.5
2022-04-14,20220414,Apr-22,JNE3811,,L,1.0,562.5,562.5
2022-04-14,20220414,Apr-22,JNE3779,,S,1.0,450.0,450.0
2022-04-14,20220414,Apr-22,JNE3779,,M,1.0,450.0,450.0
2022-04-14,20220414,Apr-22,JNE3779,,L,1.0,450.0,450.0
2022-04-14,20220414,Apr-22,JNE3798,,S,1.0,812.5,812.5
2022-04-14,20220414,Apr-22,JNE3798,,L,1.0,812.5,812.5
2022-04-14,20220414,Apr-22,JNE3461,,M,1.0,400.0,400.0
2022-04-14,20220414,Apr-22,JNE3461,,L,1.0,400.0,400.0
2022-04-14,20220414,Apr-22,SET290,,M,1.0,812.5,812.5
2022-04-14,20220414,Apr-22,SET392,,M,1.0,850.0,850.0
2022-04-14,20220414,Apr-22,SET303,,L,1.0,975.0,975.0
2022-04-14,20220414,Apr-22,JNE3789,,S,1.0,400.0,400.0
2022-04-14,20220414,Apr-22,JNE3789,,L,1.0,400.0,400.0
2022-04-14,20220414,Apr-22,SET199,,S,1.0,737.5,737.5
2022-04-14,20220414,Apr-22,SET199,,L,1.0,737.5,737.5
2022-04-14,20220414,Apr-22,JNE2171,,XL,1.0,400.0,400.0
2022-04-14,20220414,Apr-22,JNE3384,,L,1.0,270.0,270.0
2022-04-14,20220414,Apr-22,JNE3439,,XL,1.0,310.0,310.0
2022-04-14,20220414,Apr-22,JNE3443,,XL,1.0,370.0,370.0
2022-04-14,20220414,Apr-22,JNE3489,,XL,1.0,310.0,310.0
2022-04-14,20220414,Apr-22,JNE3553,,XL,1.0,370.0,370.0
2022-04-14,20220414,Apr-22,JNE3555,,XL,1.0,370.0,370.0
2022-04-14,20220414,Apr-22,JNE3559,,XL,1.0,370.0,370.0
2022-04-14,20220414,Apr-22,JNE3560,,XL,1.0,370.0,370.0
2022-04-14,20220414,Apr-22,JNE3561,,XL,1.0,370.0,370.0
2022-04-14,20220414,Apr-22,JNE3567,,L,1.0,290.0,290.0
2022-04-14,20220414,Apr-22,JNE3575,,XL,1.0,330.0,330.0
2022-04-14,20220414,Apr-22,JNE3605,,XL,1.0,370.0,370.0
2022-04-14,20220414,Apr-22,JNE3624,,XL,1.0,370.0,370.0
2022-04-14,20220414,Apr-22,SET183,,M,1.0,710.0,710.0
2022-04-14,20220414,Apr-22,SET186,,M,1.0,660.0,660.0
2022-04-14,20220414,Apr-22,SET248,,L,1.0,550.0,550.0
2022-04-14,20220414,Apr-22,SET273,,M,1.0,550.0,550.0
2022-04-14,20220414,Apr-22,SET290,,XL,1.0,650.0,650.0
2022-04-14,20220414,Apr-22,SET329,,L,1.0,550.0,550.0
2022-04-14,20220414,Apr-22,JNE3535,,XL,1.0,310.0,310.0
2022-04-14,20220414,Apr-22,JNE3576,,M,1.0,340.0,340.0
2022-04-14,20220414,Apr-22,JNE3440,,XL,1.0,310.0,310.0
2022-04-14,20220414,Apr-22,SET252,,M,1.0,887.5,887.5
2022-04-14,20220414,Apr-22,SET252,,S,1.0,887.5,887.5
2022-04-14,20220414,Apr-22,SET252,,L,1.0,887.5,887.5
2022-04-14,20220414,Apr-22,SET251,,M,1.0,787.5,787.5
2022-04-14,20220414,Apr-22,JNE3714,,XL,1.0,562.5,562.5
2022-04-14,20220414,Apr-22,J0012,,XS,1.0,1387.5,1387.5
2022-04-14,20220414,Apr-22,SET273,,XS,1.0,687.5,687.5
2022-04-14,20220414,Apr-22,SET098,,XS,1.0,750.0,750.0
2022-04-14,20220414,Apr-22,SET098,,M,1.0,750.0,750.0
2022-04-14,20220414,Apr-22,JNE3548,,XS,1.0,462.5,462.5
2022-04-14,20220414,Apr-22,J0005,,M,1.0,925.0,925.0
2022-04-14,20220414,Apr-22,J0328,,S,1.0,1038.0,1038.0
2022-04-14,20220414,Apr-22,SET333,,S,1.0,1075.0,1075.0
2022-04-14,20220414,Apr-22,SET329,,XXXL,1.0,688.0,688.0
2022-04-14,20220414,Apr-22,SET334,,XXXL,1.0,688.0,688.0
2022-04-14,20220414,Apr-22,JNE3799,,XS,1.0,838.0,838.0
2022-04-14,20220414,Apr-22,J0414,,XXXL,1.0,888.0,888.0
2022-04-14,20220414,Apr-22,JNE3749,,S,1.0,594.0,594.0
2022-04-14,20220414,Apr-22,JNE3798,,L,1.0,975.0,975.0
2022-04-14,20220414,Apr-22,JNE3616,,XS,1.0,356.0,356.0
2022-04-14,20220414,Apr-22,JNE3616,,XL,1.0,356.0,356.0
2022-04-16,20220416,Apr-22,J0239,,M,1.0,1210.0,1210.0
2022-04-16,20220416,Apr-22,J0239,,S,1.0,1210.0,1210.0
2022-04-16,20220416,Apr-22,J0239,,XXL,1.0,1210.0,1210.0
2022-04-16,20220416,Apr-22,J0239,,L,1.0,1210.0,1210.0
2022-04-16,20220416,Apr-22,J0239,,XL,1.0,1210.0,1210.0
2022-04-16,20220416,Apr-22,J0239,,XXXL,1.0,1210.0,1210.0
2022-04-16,20220416,Apr-22,J0239,,XS,1.0,1210.0,1210.0
2022-04-16,20220416,Apr-22,J0242,,L,1.0,1050.0,1050.0
2022-04-16,20220416,Apr-22,J0242,,XL,1.0,1050.0,1050.0
2022-04-16,20220416,Apr-22,J0242,,M,1.0,1050.0,1050.0
2022-04-16,20220416,Apr-22,J0242,,XXXL,1.0,1050.0,1050.0
2022-04-16,20220416,Apr-22,J0242,,XS,1.0,1050.0,1050.0
2022-04-16,20220416,Apr-22,J0242,,XXL,1.0,1050.0,1050.0
2022-04-16,20220416,Apr-22,J0242,,S,1.0,1050.0,1050.0
2022-04-16,20220416,Apr-22,J0245,,XXL,1.0,1050.0,1050.0
2022-04-16,20220416,Apr-22,J0245,,XL,1.0,1050.0,1050.0
2022-04-16,20220416,Apr-22,J0245,,L,1.0,1050.0,1050.0
2022-04-16,20220416,Apr-22,J0245,,M,1.0,1050.0,1050.0
2022-04-16,20220416,Apr-22,J0245,,S,1.0,1050.0,1050.0
2022-04-16,20220416,Apr-22,J0245,,XS,1.0,1050.0,1050.0
2022-04-16,20220416,Apr-22,J0245,,XXXL,1.0,1050.0,1050.0
2022-04-16,20220416,Apr-22,J0285,,M,1.0,1420.0,1420.0
2022-04-16,20220416,Apr-22,J0285,,L,1.0,1420.0,1420.0
2022-04-16,20220416,Apr-22,J0285,,XXXL,1.0,1420.0,1420.0
2022-04-16,20220416,Apr-22,J0285,,S,1.0,1420.0,1420.0
2022-04-16,20220416,Apr-22,J0285,,XXL,1.0,1420.0,1420.0
2022-04-16,20220416,Apr-22,J0285,,XS,1.0,1420.0,1420.0
2022-04-16,20220416,Apr-22,SET339,,M,1.0,590.0,590.0
2022-04-16,20220416,Apr-22,SET339,,XL,1.0,590.0,590.0
2022-04-16,20220416,Apr-22,SET339,,L,1.0,590.0,590.0
2022-04-16,20220416,Apr-22,SET339,,XS,1.0,590.0,590.0
2022-04-16,20220416,Apr-22,SET339,,XXXL,1.0,590.0,590.0
2022-04-16,20220416,Apr-22,SET339,,XXL,1.0,590.0,590.0
2022-04-16,20220416,Apr-22,SET339,,S,1.0,590.0,590.0
2022-04-16,20220416,Apr-22,SET361,,XXXL,1.0,1030.0,1030.0
2022-04-16,20220416,Apr-22,SET361,,S,1.0,1030.0,1030.0
2022-04-16,20220416,Apr-22,SET361,,XS,1.0,1030.0,1030.0
2022-04-16,20220416,Apr-22,SET396,,XS,1.0,1050.0,1050.0
2022-04-16,20220416,Apr-22,SET396,,L,1.0,1050.0,1050.0
2022-04-16,20220416,Apr-22,SET396,,XXXL,1.0,1050.0,1050.0
2022-04-16,20220416,Apr-22,SET396,,XL,1.0,1050.0,1050.0
2022-04-16,20220416,Apr-22,SET396,,M,1.0,1050.0,1050.0
2022-04-16,20220416,Apr-22,SET396,,XXL,1.0,1050.0,1050.0
2022-04-16,20220416,Apr-22,SET396,,S,1.0,1050.0,1050.0
2022-04-16,20220416,Apr-22,SET356,,XS,1.0,1000.0,1000.0
2022-04-16,20220416,Apr-22,SET356,,S,1.0,1000.0,1000.0
2022-04-16,20220416,Apr-22,SET356,,M,1.0,1000.0,1000.0
2022-04-16,20220416,Apr-22,SET356,,L,1.0,1000.0,1000.0
2022-04-16,20220416,Apr-22,SET356,,XL,1.0,1000.0,1000.0
2022-04-16,20220416,Apr-22,SET356,,XXL,1.0,1000.0,1000.0
2022-04-16,20220416,Apr-22,SET356,,XXXL,1.0,1000.0,1000.0
2022-04-18,20220418,Apr-22,SET273,,S,1.0,687.5,687.5
2022-04-18,20220418,Apr-22,SET187,,S,1.0,687.5,687.5
2022-04-18,20220418,Apr-22,SET272,,M,1.0,887.5,887.5
2022-04-18,20220418,Apr-22,SET263,,M,1.0,775.0,775.0
2022-04-18,20220418,Apr-22,SET172,,M,1.0,1312.5,1312.5
2022-04-18,20220418,Apr-22,SET372,,M,1.0,850.0,850.0
2022-04-18,20220418,Apr-22,SET282,,S,1.0,1237.5,1237.5
2022-04-18,20220418,Apr-22,SET197,,S,1.0,887.5,887.5
2022-04-18,20220418,Apr-22,JNE3065,,M,1.0,456.25,456.25
2022-04-18,20220418,Apr-22,SET204,,S,1.0,587.5,587.5
2022-04-18,20220418,Apr-22,J0371,,L,1.0,990.0,990.0
2022-04-18,20220418,Apr-22,SET297,,M,1.0,650.0,650.0
2022-04-18,20220418,Apr-22,SET297,,L,1.0,650.0,650.0
2022-04-18,20220418,Apr-22,SET297,,XL,1.0,650.0,650.0
2022-04-18,20220418,Apr-22,SET297,,XXL,1.0,650.0,650.0
2022-04-18,20220418,Apr-22,SET299,,S,1.0,810.0,810.0
2022-04-18,20220418,Apr-22,SET299,,M,1.0,810.0,810.0
2022-04-18,20220418,Apr-22,SET299,,L,1.0,810.0,810.0
2022-04-18,20220418,Apr-22,SET299,,XL,1.0,810.0,810.0
2022-04-18,20220418,Apr-22,SET299,,XXL,1.0,810.0,810.0
2022-04-18,20220418,Apr-22,SET300,,S,1.0,930.0,930.0
2022-04-18,20220418,Apr-22,SET300,,M,1.0,930.0,930.0
2022-04-18,20220418,Apr-22,SET300,,L,1.0,930.0,930.0
2022-04-18,20220418,Apr-22,SET300,,XL,1.0,930.0,930.0
2022-04-18,20220418,Apr-22,SET300,,XXL,1.0,930.0,930.0
2022-04-18,20220418,Apr-22,J0306,,XL,1.0,650.0,650.0
2022-04-18,20220418,Apr-22,J0157,,L,2.0,562.5,1125.0
2022-04-18,20220418,Apr-22,SET279,,L,1.0,975.0,975.0
2022-04-18,20220418,Apr-22,JNE3399,,M,1.0,587.5,587.5
2022-04-18,20220418,Apr-22,JNE3399,,L,1.0,587.5,587.5
2022-04-18,20220418,Apr-22,SET183,,XL,1.0,887.5,887.5
2022-04-18,20220418,Apr-22,SET373,,XXXL,1.0,1000.0,1000.0
2022-04-18,20220418,Apr-22,SET359,,XXXL,1.0,1200.0,1200.0
2022-04-18,20220418,Apr-22,SET366,,L,1.0,1337.5,1337.5
2022-04-18,20220418,Apr-22,J0230,,XL,1.0,1212.5,1212.5
2022-04-20,20220420,Apr-22,JNE3620,,S,1.0,450.0,450.0
2022-04-20,20220420,Apr-22,JNE3620,,M,1.0,450.0,450.0
2022-04-20,20220420,Apr-22,JNE3620,,L,1.0,450.0,450.0
2022-04-20,20220420,Apr-22,JNE3620,,XL,1.0,450.0,450.0
2022-04-20,20220420,Apr-22,JNE3620,,XXL,1.0,450.0,450.0
2022-04-20,20220420,Apr-22,JNE3620,,XXXL,1.0,450.0,450.0
2022-04-20,20220420,Apr-22,JNE3624,,S,1.0,463.0,463.0
2022-04-20,20220420,Apr-22,JNE3624,,M,1.0,463.0,463.0
2022-04-20,20220420,Apr-22,JNE3624,,L,1.0,463.0,463.0
2022-04-20,20220420,Apr-22,JNE3624,,XL,1.0,463.0,463.0
2022-04-20,20220420,Apr-22,J0230,,S,1.0,1425.0,1425.0
2022-04-20,20220420,Apr-22,J0230,,M,1.0,1425.0,1425.0
2022-04-20,20220420,Apr-22,J0230,,L,1.0,1425.0,1425.0
2022-04-20,20220420,Apr-22,J0230,,XL,1.0,1425.0,1425.0
2022-04-20,20220420,Apr-22,J0230,,XXL,1.0,1425.0,1425.0
2022-04-20,20220420,Apr-22,J0291,,S,1.0,850.0,850.0
2022-04-20,20220420,Apr-22,J0291,,M,1.0,850.0,850.0
2022-04-20,20220420,Apr-22,J0291,,L,1.0,850.0,850.0
2022-04-20,20220420,Apr-22,J0291,,XL,1.0,850.0,850.0
2022-04-20,20220420,Apr-22,J0291,,XXL,1.0,850.0,850.0
2022-04-20,20220420,Apr-22,J0291,,XXXL,1.0,850.0,850.0
2022-04-20,20220420,Apr-22,J0212,,S,1.0,775.0,775.0
2022-04-20,20220420,Apr-22,J0212,,M,1.0,775.0,775.0
2022-04-20,20220420,Apr-22,J0212,,L,1.0,775.0,775.0
2022-04-20,20220420,Apr-22,J0212,,XL,1.0,775.0,775.0
2022-04-20,20220420,Apr-22,J0212,,XXL,1.0,775.0,775.0
2022-04-20,20220420,Apr-22,J0212,,XXXL,1.0,775.0,775.0
2022-04-20,20220420,Apr-22,JNE3564,,S,1.0,425.0,425.0
2022-04-20,20220420,Apr-22,JNE3564,,M,1.0,425.0,425.0
2022-04-20,20220420,Apr-22,JNE3564,,L,1.0,425.0,425.0
2022-04-20,20220420,Apr-22,JNE3564,,XL,1.0,425.0,425.0
2022-04-20,20220420,Apr-22,JNE3564,,XXL,1.0,425.0,425.0
2022-04-20,20220420,Apr-22,SET252,,S,1.0,888.0,888.0
2022-04-21,20220421,Apr-22,JNE3797,,XL,1.0,812.5,812.5
2022-04-21,20220421,Apr-22,JNE3797,,XXL,1.0,812.5,812.5
2022-04-21,20220421,Apr-22,JNE3798,,S,1.0,812.5,812.5
2022-04-21,20220421,Apr-22,JNE3800,,XXL,1.0,812.5,812.5
2022-04-21,20220421,Apr-22,JNE3800,,S,1.0,812.5,812.5
2022-04-21,20220421,Apr-22,J0396,,XXL,1.0,850.0,850.0
2022-04-21,20220421,Apr-22,JNE3665,,S,1.0,387.5,387.5
2022-04-21,20220421,Apr-22,J0213,,S,1.0,537.5,537.5
2022-04-21,20220421,Apr-22,JNE3744,,S,1.0,612.5,612.5
2022-04-21,20220421,Apr-22,J0396,,S,1.0,850.0,850.0
2022-04-21,20220421,Apr-22,SET433,,XS,1.0,687.5,687.5
2022-04-21,20220421,Apr-22,SET433,,S,1.0,687.5,687.5
2022-04-21,20220421,Apr-22,SET433,,M,1.0,687.5,687.5
2022-04-21,20220421,Apr-22,SET413,,L,1.0,925.0,925.0
2022-04-21,20220421,Apr-22,SET413,,XXL,1.0,925.0,925.0
2022-04-21,20220421,Apr-22,SET394,,M,1.0,1475.0,1475.0
2022-04-21,20220421,Apr-22,SET394,,XL,1.0,1475.0,1475.0
2022-04-21,20220421,Apr-22,SET350,,XS,1.0,1512.5,1512.5
2022-04-21,20220421,Apr-22,SET350,,L,1.0,1512.5,1512.5
2022-04-21,20220421,Apr-22,J0371,,XS,1.0,1237.5,1237.5
2022-04-21,20220421,Apr-22,SET333,,XL,1.0,1075.0,1075.0
2022-04-21,20220421,Apr-22,SET333,,XXL,1.0,1075.0,1075.0
2022-04-21,20220421,Apr-22,SET321,,S,1.0,1037.5,1037.5
2022-04-21,20220421,Apr-22,SET321,,M,1.0,1037.5,1037.5
2022-04-21,20220421,Apr-22,SET321,,XXL,1.0,1037.5,1037.5
2022-04-21,20220421,Apr-22,SET345,,S,1.0,687.5,687.5
2022-04-21,20220421,Apr-22,SET345,,L,1.0,687.5,687.5
2022-04-21,20220421,Apr-22,SET372,,L,1.0,838.0,838.0
2022-04-21,20220421,Apr-22,SET372,,M,1.0,838.0,838.0
2022-04-21,20220421,Apr-22,SET300,,L,1.0,1162.5,1162.5
2022-04-21,20220421,Apr-22,JNE3710,,M,1.0,650.0,650.0
2022-04-21,20220421,Apr-22,J0335,,S,1.0,850.0,850.0
2022-04-21,20220421,Apr-22,J0335,,M,1.0,850.0,850.0
2022-04-21,20220421,Apr-22,SET317,,L,1.0,1350.0,1350.0
2022-04-21,20220421,Apr-22,SET317,,M,1.0,1350.0,1350.0
2022-04-21,20220421,Apr-22,JNE3813,,M,2.0,650.0,1300.0
2022-04-21,20220421,Apr-22,J0398,,M,1.0,887.5,887.5
2022-04-21,20220421,Apr-22,J0374,,M,1.0,775.0,775.0
2022-04-21,20220421,Apr-22,JNE3732,,L,1.0,500.0,500.0
2022-04-21,20220421,Apr-22,JNE3732,,XL,1.0,500.0,500.0
2022-04-21,20220421,Apr-22,JNE3732,,M,1.0,500.0,500.0
2022-04-21,20220421,Apr-22,JNE3810,,XL,1.0,737.5,737.5
2022-04-21,20220421,Apr-22,JNE3810,,L,1.0,737.5,737.5
2022-04-21,20220421,Apr-22,JNE3810,,M,1.0,737.5,737.5
2022-04-21,20220421,Apr-22,JNE3668,,M,2.0,425.0,850.0
2022-04-21,20220421,Apr-22,JNE3668,,S,1.0,425.0,425.0
2022-04-21,20220421,Apr-22,J0340,,M,1.0,537.5,537.5
2022-04-21,20220421,Apr-22,J0340,,L,1.0,537.5,537.5
2022-04-21,20220421,Apr-22,JNE3864,,XL,1.0,537.5,537.5
2022-04-21,20220421,Apr-22,JNE3864,,M,1.0,537.5,537.5
2022-04-21,20220421,Apr-22,SET413,,L,1.0,925.0,925.0
2022-04-21,20220421,Apr-22,SET413,,M,1.0,925.0,925.0
2022-04-21,20220421,Apr-22,SET276,,L,1.0,1425.0,1425.0
2022-04-21,20220421,Apr-22,SET276,,M,1.0,1425.0,1425.0
2022-04-21,20220421,Apr-22,SET355,,XL,1.0,1625.0,1625.0
2022-04-21,20220421,Apr-22,SET355,,M,1.0,1625.0,1625.0
2022-04-23,20220423,Apr-22,JNE3555,,XXL,1.0,462.5,462.5
2022-04-23,20220423,Apr-22,JNE3547,,XXL,1.0,500.0,500.0
2022-04-23,20220423,Apr-22,JNE3855,,XXL,1.0,299.0,299.0
2022-04-23,20220423,Apr-22,SET413,,L,1.0,925.0,925.0
2022-04-23,20220423,Apr-22,SET364,,XXL,1.0,1287.5,1287.5
2022-04-23,20220423,Apr-22,SET405,,XL,1.0,812.5,812.5
2022-04-23,20220423,Apr-22,SET377,,XL,1.0,1425.0,1425.0
2022-04-23,20220423,Apr-22,JNE3891,,S,1.0,687.5,687.5
2022-04-23,20220423,Apr-22,JNE3892,,S,1.0,737.5,737.5
2022-04-23,20220423,Apr-22,JNE3894,,S,1.0,737.5,737.5
2022-04-23,20220423,Apr-22,SET360,,XXL,1.0,1287.5,1287.5
2022-04-23,20220423,Apr-22,J0281,,S,1.0,1700.0,1700.0
2022-04-23,20220423,Apr-22,SET098,,XS,5.0,750.0,3750.0
2022-04-23,20220423,Apr-22,SET098,,S,5.0,750.0,3750.0
2022-04-23,20220423,Apr-22,SET098,,M,2.0,750.0,1500.0
2022-04-23,20220423,Apr-22,SET098,,L,1.0,750.0,750.0
2022-04-23,20220423,Apr-22,SET098,,XXL,1.0,750.0,750.0
2022-04-25,20220425,Apr-22,JNE3461,,S,1.0,387.5,387.5
2022-04-25,20220425,Apr-22,JNE3461,,M,1.0,387.5,387.5
2022-04-25,20220425,Apr-22,JNE3461,,L,1.0,387.5,387.5
2022-04-25,20220425,Apr-22,JNE3461,,XL,1.0,387.5,387.5
2022-04-25,20220425,Apr-22,JNE3461,,XXL,1.0,387.5,387.5
2022-04-25,20220425,Apr-22,JNE3797,,S,1.0,812.5,812.5
2022-04-25,20220425,Apr-22,JNE3797,,M,1.0,812.5,812.5
2022-04-25,20220425,Apr-22,JNE3797,,L,1.0,812.5,812.5
2022-04-25,20220425,Apr-22,JNE3797,,XL,1.0,812.5,812.5
2022-04-25,20220425,Apr-22,JNE3797,,XXL,1.0,812.5,812.5
2022-04-25,20220425,Apr-22,J0207,,S,1.0,887.5,887.5
2022-04-25,20220425,Apr-22,J0207,,M,1.0,887.5,887.5
2022-04-25,20220425,Apr-22,J0207,,L,1.0,887.5,887.5
2022-04-25,20220425,Apr-22,J0207,,XXL,1.0,887.5,887.5
2022-04-25,20220425,Apr-22,SET304,,S,1.0,1350.0,1350.0
2022-04-25,20220425,Apr-22,SET304,,M,1.0,1350.0,1350.0
2022-04-25,20220425,Apr-22,SET304,,L,1.0,1350.0,1350.0
2022-04-25,20220425,Apr-22,SET304,,XL,1.0,1350.0,1350.0
2022-04-25,20220425,Apr-22,SET304,,XXL,1.0,1350.0,1350.0
2022-04-25,20220425,Apr-22,JNE3791,,S,1.0,562.5,562.5
2022-04-25,20220425,Apr-22,JNE3791,,M,1.0,562.5,562.5
2022-04-25,20220425,Apr-22,JNE3791,,L,1.0,562.5,562.5
2022-04-25,20220425,Apr-22,JNE3791,,XL,1.0,562.5,562.5
2022-04-25,20220425,Apr-22,JNE3791,,XXL,1.0,562.5,562.5
2022-04-25,20220425,Apr-22,JNE3869,,S,1.0,687.5,687.5
2022-04-25,20220425,Apr-22,JNE3869,,L,1.0,687.5,687.5
2022-04-25,20220425,Apr-22,JNE3869,,XL,1.0,687.5,687.5
2022-04-25,20220425,Apr-22,JNE3869,,XXL,1.0,687.5,687.5
2022-04-25,20220425,Apr-22,J0157,,S,1.0,562.5,562.5
2022-04-25,20220425,Apr-22,J0157,,M,1.0,562.5,562.5
2022-04-25,20220425,Apr-22,PJNE2100,,4XL,1.0,500.0,500.0
2022-04-25,20220425,Apr-22,PJNE2100,,5XL,1.0,500.0,500.0
2022-04-25,20220425,Apr-22,PJNE2100,,6XL,1.0,500.0,500.0
2022-04-25,20220425,Apr-22,PJNE3363,,4XL,1.0,500.0,500.0
2022-04-25,20220425,Apr-22,PJNE3363,,5XL,1.0,500.0,500.0
2022-04-25,20220425,Apr-22,PJNE3363,,6XL,1.0,500.0,500.0
2022-04-25,20220425,Apr-22,PJNE3364,,4XL,1.0,500.0,500.0
2022-04-25,20220425,Apr-22,PJNE3364,,5XL,1.0,500.0,500.0
2022-04-25,20220425,Apr-22,PJNE3364,,6XL,1.0,500.0,500.0
2022-04-25,20220425,Apr-22,PJNE3440,,4XL,1.0,562.5,562.5
2022-04-25,20220425,Apr-22,PJNE3440,,5XL,1.0,562.5,562.5
2022-04-25,20220425,Apr-22,PJNE3440,,6XL,1.0,562.5,562.5
2022-04-25,20220425,Apr-22,PJNE3607,,4XL,1.0,600.0,600.0
2022-04-25,20220425,Apr-22,PJNE3607,,5XL,1.0,600.0,600.0
2022-04-25,20220425,Apr-22,PJNE3607,,6XL,1.0,600.0,600.0
2022-04-25,20220425,Apr-22,PJNE2199,,4XL,1.0,487.5,487.5
2022-04-25,20220425,Apr-22,PJNE2199,,5XL,1.0,487.5,487.5
2022-04-25,20220425,Apr-22,PJNE2199,,6XL,1.0,487.5,487.5
2022-04-25,20220425,Apr-22,PJNE3068,,4XL,1.0,775.0,775.0
2022-04-25,20220425,Apr-22,PJNE3068,,5XL,1.0,775.0,775.0
2022-04-25,20220425,Apr-22,PJNE3068,,6XL,1.0,775.0,775.0
2022-04-25,20220425,Apr-22,J0239,,L,1.0,1512.5,1512.5
2022-04-25,20220425,Apr-22,J0239,,XXL,1.0,1512.5,1512.5
2022-04-25,20220425,Apr-22,J0244,,L,1.0,1475.0,1475.0
2022-04-25,20220425,Apr-22,J0244,,XL,1.0,1475.0,1475.0
2022-04-25,20220425,Apr-22,J0243,,M,1.0,1125.0,1125.0
2022-04-25,20220425,Apr-22,J0243,,L,1.0,1125.0,1125.0
2022-04-25,20220425,Apr-22,J0243,,XL,1.0,1125.0,1125.0
2022-04-25,20220425,Apr-22,JNE3510,,M,1.0,462.5,462.5
2022-04-25,20220425,Apr-22,JNE3510,,L,1.0,462.5,462.5
2022-04-25,20220425,Apr-22,JNE3510,,XL,1.0,462.5,462.5
2022-04-25,20220425,Apr-22,JNE3764,,M,1.0,500.0,500.0
2022-04-25,20220425,Apr-22,JNE3764,,L,1.0,500.0,500.0
2022-04-25,20220425,Apr-22,JNE3764,,XL,1.0,500.0,500.0
2022-04-25,20220425,Apr-22,JNE3778,,M,1.0,487.5,487.5
2022-04-25,20220425,Apr-22,JNE3778,,L,1.0,487.5,487.5
2022-04-25,20220425,Apr-22,JNE3778,,XL,1.0,487.5,487.5
2022-04-25,20220425,Apr-22,JNE3791,,M,1.0,562.5,562.5
2022-04-25,20220425,Apr-22,JNE3791,,L,1.0,562.5,562.5
2022-04-25,20220425,Apr-22,JNE3791,,XL,1.0,562.5,562.5
2022-04-25,20220425,Apr-22,JNE3518,,M,1.0,500.0,500.0
2022-04-25,20220425,Apr-22,JNE3518,,L,1.0,500.0,500.0
2022-04-25,20220425,Apr-22,JNE3518,,XL,1.0,500.0,500.0
2022-04-25,20220425,Apr-22,JNE3756,,M,1.0,500.0,500.0
2022-04-25,20220425,Apr-22,JNE3756,,L,1.0,500.0,500.0
2022-04-25,20220425,Apr-22,JNE3756,,XL,1.0,500.0,500.0
2022-04-25,20220425,Apr-22,JNE3638,,M,1.0,562.5,562.5
2022-04-25,20220425,Apr-22,JNE3638,,L,1.0,562.5,562.5
2022-04-25,20220425,Apr-22,JNE3638,,XL,1.0,562.5,562.5
2022-04-25,20220425,Apr-22,JNE3801,,M,1.0,812.5,812.5
2022-04-25,20220425,Apr-22,JNE3801,,XL,1.0,812.5,812.5
2022-04-25,20220425,Apr-22,JNE3800,,M,1.0,812.5,812.5
2022-04-25,20220425,Apr-22,JNE3800,,L,1.0,812.5,812.5
2022-04-25,20220425,Apr-22,JNE3800,,XL,1.0,812.5,812.5
2022-04-25,20220425,Apr-22,JNE3800,,XXL,1.0,812.5,812.5
2022-04-25,20220425,Apr-22,JNE3798,,XL,1.0,812.5,812.5
2022-04-25,20220425,Apr-22,JNE3797,,XL,1.0,812.5,812.5
2022-04-25,20220425,Apr-22,JNE3797,,XXL,1.0,812.5,812.5
2022-04-25,20220425,Apr-22,JNE3578,,L,1.0,612.5,612.5
2022-04-25,20220425,Apr-22,JNE3578,,XL,1.0,612.5,612.5
2022-04-25,20220425,Apr-22,JNE3578,,XXL,1.0,612.5,612.5
2022-04-25,20220425,Apr-22,JNE3577,,M,1.0,737.5,737.5
2022-04-25,20220425,Apr-22,JNE3577,,L,1.0,737.5,737.5
2022-04-25,20220425,Apr-22,JNE3577,,XL,1.0,737.5,737.5
2022-04-25,20220425,Apr-22,JNE3577,,XXL,1.0,737.5,737.5
2022-04-25,20220425,Apr-22,JNE3725,,M,1.0,425.0,425.0
2022-04-25,20220425,Apr-22,JNE3725,,L,1.0,425.0,425.0
2022-04-25,20220425,Apr-22,JNE3725,,XL,1.0,425.0,425.0
2022-04-25,20220425,Apr-22,JNE3725,,XXL,1.0,425.0,425.0
2022-04-25,20220425,Apr-22,JNE3566,,M,1.0,387.5,387.5
2022-04-25,20220425,Apr-22,JNE3566,,L,1.0,387.5,387.5
2022-04-25,20220425,Apr-22,JNE3566,,XL,1.0,387.5,387.5
2022-04-25,20220425,Apr-22,JNE3566,,XXL,1.0,387.5,387.5
2022-04-25,20220425,Apr-22,JNE3556,,XXL,1.0,500.0,500.0
2022-04-25,20220425,Apr-22,JNE3548,,M,1.0,500.0,500.0
2022-04-25,20220425,Apr-22,JNE3548,,L,1.0,500.0,500.0
2022-04-25,20220425,Apr-22,JNE3548,,XL,1.0,500.0,500.0
2022-04-25,20220425,Apr-22,JNE3548,,XXL,1.0,500.0,500.0
2022-04-25,20220425,Apr-22,JNE3547,,M,1.0,500.0,500.0
2022-04-25,20220425,Apr-22,JNE3547,,XXL,1.0,500.0,500.0
2022-04-25,20220425,Apr-22,JNE3554,,M,1.0,500.0,500.0
2022-04-25,20220425,Apr-22,JNE3554,,L,1.0,500.0,500.0
2022-04-25,20220425,Apr-22,JNE3555,,M,1.0,462.5,462.5
2022-04-25,20220425,Apr-22,JNE3555,,L,1.0,462.5,462.5
2022-04-25,20220425,Apr-22,JNE3555,,XL,1.0,462.5,462.5
2022-04-25,20220425,Apr-22,JNE3555,,XXL,1.0,462.5,462.5
2022-04-25,20220425,Apr-22,JNE3489,,M,1.0,462.5,462.5
2022-04-25,20220425,Apr-22,JNE3489,,L,1.0,462.5,462.5
2022-04-25,20220425,Apr-22,JNE3489,,XL,1.0,462.5,462.5
2022-04-25,20220425,Apr-22,JNE3489,,XXL,1.0,462.5,462.5
2022-04-25,20220425,Apr-22,SET380,,M,1.0,1137.5,1137.5
2022-04-25,20220425,Apr-22,SET380,,XXL,1.0,1137.5,1137.5
2022-04-25,20220425,Apr-22,SET349,,XXL,1.0,1112.5,1112.5
2022-04-25,20220425,Apr-22,SET348,,M,1.0,1112.5,1112.5
2022-04-25,20220425,Apr-22,SET348,,L,1.0,1112.5,1112.5
2022-04-25,20220425,Apr-22,SET348,,XL,1.0,1112.5,1112.5
2022-04-25,20220425,Apr-22,SET348,,XXL,1.0,1112.5,1112.5
2022-04-25,20220425,Apr-22,SET322,,M,1.0,1237.5,1237.5
2022-04-25,20220425,Apr-22,SET322,,XL,1.0,1237.5,1237.5
2022-04-25,20220425,Apr-22,SET322,,XXL,1.0,1237.5,1237.5
2022-04-25,20220425,Apr-22,SET344,,M,1.0,1112.5,1112.5
2022-04-25,20220425,Apr-22,SET344,,L,1.0,1112.5,1112.5
2022-04-25,20220425,Apr-22,SET344,,XL,1.0,1112.5,1112.5
2022-04-25,20220425,Apr-22,SET344,,XXL,1.0,1112.5,1112.5
2022-04-25,20220425,Apr-22,J0338,,XXL,1.0,620.0,620.0
2022-04-25,20220425,Apr-22,JNE3797,,XXXL,1.0,650.0,650.0
2022-04-25,20220425,Apr-22,J0243,,XL,1.0,900.0,900.0
2022-04-25,20220425,Apr-22,JNE3547,,XL,1.0,400.0,400.0
2022-04-25,20220425,Apr-22,J0401,,XXL,1.0,710.0,710.0
2022-04-25,20220425,Apr-22,JNE3798,,XXL,1.0,650.0,650.0
2022-04-25,20220425,Apr-22,SET277,,XL,1.0,1240.0,1240.0
2022-04-25,20220425,Apr-22,SET295,,XL,1.0,680.0,680.0
2022-04-25,20220425,Apr-22,SET392,,L,1.0,680.0,680.0
2022-04-25,20220425,Apr-22,J0382,,M,1.0,1050.0,1050.0
2022-04-25,20220425,Apr-22,J0248,,XXXL,1.0,900.0,900.0
2022-04-25,20220425,Apr-22,PJNE2171,,4XL,1.0,620.0,620.0
2022-04-25,20220425,Apr-22,SET282,,XXL,1.0,990.0,990.0
2022-04-25,20220425,Apr-22,J0397,,XL,1.0,860.0,860.0
2022-04-25,20220425,Apr-22,J0396,,XL,1.0,680.0,680.0
2022-04-25,20220425,Apr-22,J0399,,XL,1.0,620.0,620.0
2022-04-25,20220425,Apr-22,JNE3879,,XL,1.0,620.0,620.0
2022-04-25,20220425,Apr-22,JNE3813,,XXL,1.0,520.0,520.0
2022-04-25,20220425,Apr-22,J0374,,S,1.0,620.0,620.0
2022-04-25,20220425,Apr-22,PJNE3363,,5XL,1.0,400.0,400.0
2022-04-25,20220425,Apr-22,J0400,,XL,1.0,680.0,680.0
2022-04-25,20220425,Apr-22,J0402,,XL,1.0,650.0,650.0
2022-04-25,20220425,Apr-22,J0401,,XL,1.0,710.0,710.0
2022-04-25,20220425,Apr-22,J0398,,XL,1.0,710.0,710.0
2022-04-25,20220425,Apr-22,PJNE2199,,4XL,1.0,390.0,390.0
2022-04-25,20220425,Apr-22,PJNE3607,,4XL,1.0,480.0,480.0
2022-04-25,20220425,Apr-22,JNE3811,,M,1.0,450.0,450.0
2022-04-25,20220425,Apr-22,JNE3813,,XXXL,1.0,520.0,520.0
2022-04-25,20220425,Apr-22,JNE3734,,XXXL,1.0,400.0,400.0
2022-04-25,20220425,Apr-22,JNE3798,,XL,1.0,650.0,650.0
2022-04-26,20220426,Apr-22,J0014,,XXXL,1.0,1312.5,1312.5
2022-04-26,20220426,Apr-22,J0201,,XS,1.0,562.5,562.5
2022-04-26,20220426,Apr-22,J0277,,XXXL,1.0,1812.5,1812.5
2022-04-26,20220426,Apr-22,JNE3518,,XS,1.0,500.0,500.0
2022-04-26,20220426,Apr-22,JNE3813,,M,1.0,650.0,650.0
2022-04-26,20220426,Apr-22,JNE3892,,XXXL,1.0,737.5,737.5
2022-04-26,20220426,Apr-22,PJNE2014,,5XL,1.0,562.5,562.5
2022-04-26,20220426,Apr-22,SET303,,XXL,1.0,975.0,975.0
2022-04-26,20220426,Apr-22,SET304,,XXXL,1.0,1350.0,1350.0
2022-04-26,20220426,Apr-22,SET307,,XXL,1.0,775.0,775.0
2022-04-26,20220426,Apr-22,SET326,,XXL,1.0,687.5,687.5
2022-04-26,20220426,Apr-22,SET330,,XS,1.0,687.5,687.5
2022-04-26,20220426,Apr-22,SET353,,XXXL,1.0,975.0,975.0
2022-04-26,20220426,Apr-22,SET356,,XXL,1.0,1250.0,1250.0
2022-04-26,20220426,Apr-22,SET397,,XXXL,1.0,1350.0,1350.0
2022-04-27,20220427,Apr-22,J0277,,M,1.0,1450.0,1450.0
2022-04-27,20220427,Apr-22,SET363,,XL,1.0,1240.0,1240.0
2022-04-27,20220427,Apr-22,SET395,,XL,1.0,1020.0,1020.0
2022-04-27,20220427,Apr-22,J0002,,XXXL,1.0,1080.0,1080.0
2022-04-27,20220427,Apr-22,SET276,,XXXL,1.0,1140.0,1140.0
2022-04-27,20220427,Apr-22,J0007,,XXXL,1.0,1020.0,1020.0
2022-04-27,20220427,Apr-22,SET395,,XXXL,1.0,1020.0,1020.0
2022-04-27,20220427,Apr-22,J0224,,XXXL,1.0,1490.0,1490.0
2022-04-27,20220427,Apr-22,J0012,,XXL,1.0,1110.0,1110.0
2022-04-28,20220428,Apr-22,set345,,s,5.0,687.5,3437.5
2022-04-28,20220428,Apr-22,set345,,m,5.0,687.5,3437.5
2022-04-28,20220428,Apr-22,set345,,l,5.0,687.5,3437.5
2022-04-28,20220428,Apr-22,set345,,xl,5.0,687.5,3437.5
2022-04-28,20220428,Apr-22,set345,,xxl,5.0,687.5,3437.5
2022-04-28,20220428,Apr-22,set345,,xxxl,5.0,687.5,3437.5
2022-04-28,20220428,Apr-22,jne3548,,s,5.0,500.0,2500.0
2022-04-28,20220428,Apr-22,jne3548,,m,5.0,500.0,2500.0
2022-04-28,20220428,Apr-22,jne3548,,l,5.0,500.0,2500.0
2022-04-28,20220428,Apr-22,jne3548,,xl,5.0,500.0,2500.0
2022-04-28,20220428,Apr-22,jne3548,,xxl,5.0,500.0,2500.0
2022-04-28,20220428,Apr-22,jne3548,,xxxl,5.0,500.0,2500.0
2022-04-29,20220429,Apr-22,btm002,,s,1.0,425.0,425.0
2022-04-29,20220429,Apr-22,set345,,s,5.0,687.5,3437.5
2022-04-29,20220429,Apr-22,set345,,m,5.0,687.5,3437.5
2022-04-29,20220429,Apr-22,set345,,l,5.0,687.5,3437.5
2022-04-29,20220429,Apr-22,set345,,xl,5.0,687.5,3437.5
2022-04-29,20220429,Apr-22,set345,,xxl,5.0,687.5,3437.5
2022-04-29,20220429,Apr-22,set345,,xxxl,5.0,687.5,3437.5
2022-04-29,20220429,Apr-22,jne3548,,s,5.0,500.0,2500.0
2022-04-29,20220429,Apr-22,jne3548,,m,5.0,500.0,2500.0
2022-04-29,20220429,Apr-22,jne3548,,l,5.0,500.0,2500.0
2022-04-29,20220429,Apr-22,jne3548,,xl,5.0,500.0,2500.0
2022-04-29,20220429,Apr-22,jne3548,,xxl,5.0,500.0,2500.0
2022-04-29,20220429,Apr-22,jne3548,,xxxl,5.0,500.0,2500.0
2022-04-29,20220429,Apr-22,PJNE3445,,4XL,1.0,562.5,562.5
2022-04-29,20220429,Apr-22,PJNE3445,,5XL,1.0,562.5,562.5
2022-04-29,20220429,Apr-22,PJNE3445,,6XL,1.0,562.5,562.5
2022-04-29,20220429,Apr-22,PJNE3440,,4XL,1.0,562.5,562.5
2022-04-29,20220429,Apr-22,PJNE3440,,5XL,1.0,562.5,562.5
2022-04-29,20220429,Apr-22,PJNE3440,,6XL,1.0,562.5,562.5
2022-04-29,20220429,Apr-22,PJNE3068,,4XL,1.0,775.0,775.0
2022-04-29,20220429,Apr-22,PJNE3068,,5XL,1.0,775.0,775.0
2022-04-29,20220429,Apr-22,PJNE3068,,6XL,1.0,775.0,775.0
2022-04-29,20220429,Apr-22,JNE3547,,XS,1.0,500.0,500.0
2022-04-29,20220429,Apr-22,JNE3547,,S,1.0,500.0,500.0
2022-04-29,20220429,Apr-22,JNE3547,,M,1.0,500.0,500.0
2022-04-29,20220429,Apr-22,JNE3547,,L,1.0,500.0,500.0
2022-04-29,20220429,Apr-22,JNE3547,,XL,1.0,500.0,500.0
2022-04-29,20220429,Apr-22,JNE3547,,XXL,1.0,500.0,500.0
2022-04-29,20220429,Apr-22,JNE3547,,XXXL,1.0,500.0,500.0
2022-04-29,20220429,Apr-22,JNE3555,,XS,1.0,462.5,462.5
2022-04-29,20220429,Apr-22,JNE3555,,S,1.0,462.5,462.5
2022-04-29,20220429,Apr-22,JNE3555,,M,1.0,462.5,462.5
2022-04-29,20220429,Apr-22,JNE3555,,L,1.0,462.5,462.5
2022-04-29,20220429,Apr-22,JNE3555,,XL,1.0,462.5,462.5
2022-04-29,20220429,Apr-22,JNE3555,,XXL,1.0,462.5,462.5
2022-04-29,20220429,Apr-22,JNE3546,,XS,1.0,462.5,462.5
2022-04-29,20220429,Apr-22,JNE3546,,S,1.0,462.5,462.5
2022-04-29,20220429,Apr-22,JNE3546,,L,1.0,462.5,462.5
2022-04-29,20220429,Apr-22,JNE3546,,XXL,1.0,462.5,462.5
2022-04-29,20220429,Apr-22,JNE3546,,XXXL,1.0,462.5,462.5
2022-04-29,20220429,Apr-22,JNE3813,,XS,1.0,650.0,650.0
2022-04-29,20220429,Apr-22,JNE3813,,S,1.0,650.0,650.0
2022-04-29,20220429,Apr-22,JNE3813,,M,1.0,650.0,650.0
2022-04-29,20220429,Apr-22,JNE3813,,L,1.0,650.0,650.0
2022-04-29,20220429,Apr-22,JNE3813,,XL,1.0,650.0,650.0
2022-04-29,20220429,Apr-22,JNE3813,,XXL,1.0,650.0,650.0
2022-04-29,20220429,Apr-22,JNE3813,,XXXL,1.0,650.0,650.0
2022-04-29,20220429,Apr-22,JNE3866,,XS,1.0,975.0,975.0
2022-04-29,20220429,Apr-22,JNE3866,,S,1.0,975.0,975.0
2022-04-29,20220429,Apr-22,JNE3866,,M,1.0,975.0,975.0
2022-04-29,20220429,Apr-22,JNE3866,,L,1.0,975.0,975.0
2022-04-29,20220429,Apr-22,JNE3866,,XL,1.0,975.0,975.0
2022-04-29,20220429,Apr-22,JNE3866,,XXL,1.0,975.0,975.0
2022-04-29,20220429,Apr-22,JNE3866,,XXXL,1.0,975.0,975.0
2022-04-29,20220429,Apr-22,JNE3767,,XS,1.0,500.0,500.0
2022-04-29,20220429,Apr-22,JNE3767,,S,1.0,500.0,500.0
2022-04-29,20220429,Apr-22,JNE3767,,M,1.0,500.0,500.0
2022-04-29,20220429,Apr-22,JNE3767,,L,1.0,500.0,500.0
2022-04-29,20220429,Apr-22,JNE3767,,XL,1.0,500.0,500.0
2022-04-29,20220429,Apr-22,JNE3767,,XXL,1.0,500.0,500.0
2022-04-29,20220429,Apr-22,JNE3767,,XXXL,1.0,500.0,500.0
2022-04-30,20220430,Apr-22,J0008,,M,1.0,1275.0,1275.0
2022-04-30,20220430,Apr-22,JNE3801,,M,1.0,812.5,812.5
2022-04-30,20220430,Apr-22,J0328,,M,1.0,1037.5,1037.5
2022-04-30,20220430,Apr-22,J0352,,M,1.0,650.0,650.0
2022-04-30,20220430,Apr-22,BTM029,,XL,1.0,425.0,425.0
2022-04-30,20220430,Apr-22,J0195,,M,1.0,612.5,612.5
2022-04-30,20220430,Apr-22,JNE3548,,XXL,1.0,500.0,500.0
2022-04-30,20220430,Apr-22,J0249,,M,1.0,1037.5,1037.5
2022-04-30,20220430,Apr-22,SET413,,M,1.0,925.0,925.0
2022-04-30,20220430,Apr-22,SET339,,XL,1.0,737.5,737.5
2022-05-06,20220506,May-22,J0371,,XS,1.0,990.0,990.0
2022-05-06,20220506,May-22,J0371,,S,1.0,990.0,990.0
2022-05-06,20220506,May-22,J0371,,M,1.0,990.0,990.0
2022-05-06,20220506,May-22,J0371,,XL,1.0,990.0,990.0
2022-05-06,20220506,May-22,J0371,,XXL,1.0,990.0,990.0
2022-05-06,20220506,May-22,J0371,,XXXL,1.0,990.0,990.0
2022-05-06,20220506,May-22,J0283,,XS,1.0,960.0,960.0
2022-05-06,20220506,May-22,J0283,,S,1.0,960.0,960.0
2022-05-06,20220506,May-22,J0283,,M,1.0,960.0,960.0
2022-05-06,20220506,May-22,J0283,,L,1.0,960.0,960.0
2022-05-06,20220506,May-22,J0283,,XL,1.0,960.0,960.0
2022-05-06,20220506,May-22,J0283,,XXL,1.0,960.0,960.0
2022-05-06,20220506,May-22,J0283,,XXXL,1.0,960.0,960.0
2022-05-06,20220506,May-22,J0279,,XS,1.0,990.0,990.0
2022-05-06,20220506,May-22,J0279,,S,1.0,990.0,990.0
2022-05-06,20220506,May-22,J0279,,M,1.0,990.0,990.0
2022-05-06,20220506,May-22,J0279,,L,1.0,990.0,990.0
2022-05-06,20220506,May-22,J0279,,XL,1.0,990.0,990.0
2022-05-06,20220506,May-22,J0279,,XXL,1.0,990.0,990.0
2022-05-06,20220506,May-22,J0279,,XXXL,1.0,990.0,990.0
2022-05-06,20220506,May-22,J0252,,XS,1.0,830.0,830.0
2022-05-06,20220506,May-22,J0252,,S,1.0,830.0,830.0
2022-05-06,20220506,May-22,J0252,,M,1.0,830.0,830.0
2022-05-06,20220506,May-22,J0252,,L,1.0,830.0,830.0
2022-05-06,20220506,May-22,J0252,,XL,1.0,830.0,830.0
2022-05-06,20220506,May-22,J0252,,XXL,1.0,830.0,830.0
2022-05-06,20220506,May-22,J0252,,XXXL,1.0,830.0,830.0
2022-05-06,20220506,May-22,J0249,,XS,1.0,830.0,830.0
2022-05-06,20220506,May-22,J0249,,S,1.0,830.0,830.0
2022-05-06,20220506,May-22,J0249,,M,1.0,830.0,830.0
2022-05-06,20220506,May-22,J0249,,L,1.0,830.0,830.0
2022-05-06,20220506,May-22,J0249,,XL,1.0,830.0,830.0
2022-05-06,20220506,May-22,J0249,,XXL,1.0,830.0,830.0
2022-05-06,20220506,May-22,J0249,,XXXL,1.0,830.0,830.0
2022-05-06,20220506,May-22,J0013,,XS,1.0,960.0,960.0
2022-05-06,20220506,May-22,J0013,,S,1.0,960.0,960.0
2022-05-06,20220506,May-22,J0013,,M,1.0,960.0,960.0
2022-05-06,20220506,May-22,J0013,,L,1.0,960.0,960.0
2022-05-06,20220506,May-22,J0013,,XL,1.0,960.0,960.0
2022-05-06,20220506,May-22,J0013,,XXL,1.0,960.0,960.0
2022-05-06,20220506,May-22,J0013,,XXXL,1.0,960.0,960.0
2022-05-06,20220506,May-22,J0012,,XS,1.0,1110.0,1110.0
2022-05-06,20220506,May-22,J0012,,S,1.0,1110.0,1110.0
2022-05-06,20220506,May-22,J0012,,M,1.0,1110.0,1110.0
2022-05-06,20220506,May-22,J0012,,L,1.0,1110.0,1110.0
2022-05-06,20220506,May-22,J0012,,XL,1.0,1110.0,1110.0
2022-05-06,20220506,May-22,J0012,,XXL,1.0,1110.0,1110.0
2022-05-06,20220506,May-22,J0012,,XXXL,1.0,1110.0,1110.0
2022-05-06,20220506,May-22,J0009,,XS,1.0,900.0,900.0
2022-05-06,20220506,May-22,J0009,,S,1.0,900.0,900.0
2022-05-06,20220506,May-22,J0009,,M,1.0,900.0,900.0
2022-05-06,20220506,May-22,J0009,,L,1.0,900.0,900.0
2022-05-06,20220506,May-22,J0009,,XL,1.0,900.0,900.0
2022-05-06,20220506,May-22,J0009,,XXL,1.0,900.0,900.0
2022-05-06,20220506,May-22,J0009,,XXXL,1.0,900.0,900.0
2022-05-06,20220506,May-22,SET353,,S,1.0,780.0,780.0
2022-05-06,20220506,May-22,SET353,,M,1.0,780.0,780.0
2022-05-06,20220506,May-22,SET353,,L,1.0,780.0,780.0
2022-05-06,20220506,May-22,SET353,,XL,1.0,780.0,780.0
2022-05-06,20220506,May-22,SET353,,XXL,1.0,780.0,780.0
2022-05-06,20220506,May-22,SET353,,XXXL,1.0,780.0,780.0
2022-05-06,20220506,May-22,SET331,,S,1.0,520.0,520.0
2022-05-06,20220506,May-22,SET331,,M,1.0,520.0,520.0
2022-05-06,20220506,May-22,SET331,,L,1.0,520.0,520.0
2022-05-06,20220506,May-22,SET331,,XL,1.0,520.0,520.0
2022-05-06,20220506,May-22,SET331,,XXL,1.0,520.0,520.0
2022-05-06,20220506,May-22,SET331,,XXXL,1.0,520.0,520.0
2022-05-06,20220506,May-22,SET330,,S,1.0,550.0,550.0
2022-05-06,20220506,May-22,SET330,,M,1.0,550.0,550.0
2022-05-06,20220506,May-22,SET330,,L,1.0,550.0,550.0
2022-05-06,20220506,May-22,SET330,,XL,1.0,550.0,550.0
2022-05-06,20220506,May-22,SET330,,XXL,1.0,550.0,550.0
2022-05-06,20220506,May-22,SET330,,XXXL,1.0,550.0,550.0
2022-05-06,20220506,May-22,SET307,,S,1.0,620.0,620.0
2022-05-06,20220506,May-22,SET307,,M,1.0,620.0,620.0
2022-05-06,20220506,May-22,SET307,,L,1.0,620.0,620.0
2022-05-06,20220506,May-22,SET307,,XL,1.0,620.0,620.0
2022-05-06,20220506,May-22,SET307,,XXL,1.0,620.0,620.0
2022-05-06,20220506,May-22,SET307,,XXXL,1.0,620.0,620.0
2022-05-06,20220506,May-22,SET291,,S,1.0,490.0,490.0
2022-05-06,20220506,May-22,SET291,,M,1.0,490.0,490.0
2022-05-06,20220506,May-22,SET291,,L,1.0,490.0,490.0
2022-05-06,20220506,May-22,SET291,,XL,1.0,490.0,490.0
2022-05-06,20220506,May-22,SET291,,XXXL,1.0,490.0,490.0
2022-05-06,20220506,May-22,sEt268,,XL,1.0,680.0,680.0
2022-05-06,20220506,May-22,sEt303,,L,1.0,804.0,804.0
2022-05-06,20220506,May-22,sEt220,,M,1.0,969.0,969.0
2022-05-06,20220506,May-22,J0011,,XL,1.0,1113.0,1113.0
2022-05-06,20220506,May-22,sEt279,,XL,1.0,804.0,804.0
2022-05-06,20220506,May-22,J0238,,L,1.0,1783.0,1783.0
2022-05-06,20220506,May-22,J0242,,XL,1.0,1020.0,1020.0
2022-05-06,20220506,May-22,J0381,,XL,1.0,1169.1,1169.1
2022-05-06,20220506,May-22,JNE3869,,XL,1.0,567.0,567.0
2022-05-06,20220506,May-22,J0106,,M,1.0,927.0,927.0
2022-05-06,20220506,May-22,btm008,,XXXL,1.0,350.0,350.0
2022-05-06,20220506,May-22,JNE3680,,XXXL,1.0,412.0,412.0
2022-05-06,20220506,May-22,J0242,,XXL,1.0,1020.0,1020.0
2022-05-06,20220506,May-22,J0369,,L,1.0,1020.0,1020.0
2022-05-06,20220506,May-22,sEt303,,M,1.0,804.0,804.0
2022-05-06,20220506,May-22,sEt334,,L,1.0,567.0,567.0
2022-05-06,20220506,May-22,sEt264,,XXXL,1.0,711.0,711.0
2022-05-06,20220506,May-22,sEt300,,XXXL,1.0,886.0,886.0
2022-05-06,20220506,May-22,sEt334,,XXXL,1.0,567.0,567.0
2022-05-06,20220506,May-22,sEt353,,XXXL,1.0,762.0,762.0
2022-05-06,20220506,May-22,J0243,,L,1.0,927.0,927.0
2022-05-06,20220506,May-22,sEt264,,L,1.0,711.0,711.0
2022-05-06,20220506,May-22,sEt291,,XXXL,1.0,505.0,505.0
2022-05-06,20220506,May-22,sEt286,,XXL,1.0,567.0,567.0
2022-05-07,20220507,May-22,BTM027,,XL,1.0,425.0,425.0
2022-05-07,20220507,May-22,BTM021,,XL,1.0,425.0,425.0
2022-05-07,20220507,May-22,J0213,,L,1.0,537.5,537.5
2022-05-07,20220507,May-22,JNE3894,,L,1.0,737.5,737.5
2022-05-07,20220507,May-22,J0198,,S,1.0,562.5,562.5
2022-05-07,20220507,May-22,JNE3902,,XL,1.0,612.5,612.5
2022-05-07,20220507,May-22,J0339,,M,1.0,775.0,775.0
2022-05-07,20220507,May-22,J0096,,XL,1.0,441.18,441.18
2022-05-07,20220507,May-22,JNE3862,,L,1.0,537.5,537.5
2022-05-07,20220507,May-22,JNE3865,,M,1.0,537.5,537.5
2022-05-07,20220507,May-22,J0398,,S,1.0,887.5,887.5
2022-05-07,20220507,May-22,J0413,,S,1.0,887.5,887.5
2022-05-07,20220507,May-22,JNE3864,,S,1.0,537.5,537.5
2022-05-07,20220507,May-22,JNE3668,,S,1.0,425.0,425.0
2022-05-07,20220507,May-22,J0207,,L,1.0,887.5,887.5
2022-05-07,20220507,May-22,J0005,,L,1.0,925.0,925.0
2022-05-07,20220507,May-22,JNE3864,,M,1.0,537.5,537.5
2022-05-07,20220507,May-22,J0419,,S,1.0,775.0,775.0
2022-05-07,20220507,May-22,JNE3030,,L,1.0,588.24,588.24
2022-05-07,20220507,May-22,JNE3648,,L,1.0,323.53,323.53
2022-05-07,20220507,May-22,JNE3668,,L,1.0,425.0,425.0
2022-05-07,20220507,May-22,SET350,,L,1.0,1512.5,1512.5
2022-05-07,20220507,May-22,JNE3576,,XS,1.0,462.5,462.5
2022-05-07,20220507,May-22,J0041,,L,1.0,652.5,652.5
2022-05-07,20220507,May-22,SET058,,XS,1.0,900.0,900.0
2022-05-07,20220507,May-22,SET187,,XS,1.0,625.0,625.0
2022-05-07,20220507,May-22,SET252,,XS,2.0,787.5,1575.0
2022-05-07,20220507,May-22,SET252,,S,1.0,787.5,787.5
2022-05-07,20220507,May-22,SET098,,M,2.0,750.0,1500.0
2022-05-07,20220507,May-22,SET098,,XS,1.0,750.0,750.0
2022-05-07,20220507,May-22,SET098,,L,1.0,750.0,750.0
2022-05-07,20220507,May-22,SET098,,XXL,1.0,750.0,750.0
2022-05-07,20220507,May-22,SET098,,S,2.0,750.0,1500.0
2022-05-09,20220509,May-22,J0399,,XS,1.0,775.0,775.0
2022-05-09,20220509,May-22,J0399,,S,1.0,775.0,775.0
2022-05-09,20220509,May-22,J0399,,M,1.0,775.0,775.0
2022-05-09,20220509,May-22,J0399,,XXXL,1.0,775.0,775.0
2022-05-09,20220509,May-22,SET306,,S,1.0,687.5,687.5
2022-05-09,20220509,May-22,J0400,,S,1.0,850.0,850.0
2022-05-09,20220509,May-22,J0012,,S,1.0,1281.43,1281.43
2022-05-09,20220509,May-22,SET350,,S,1.0,1199.46,1199.46
2022-05-09,20220509,May-22,J0414,,L,1.0,887.5,887.5
2022-05-09,20220509,May-22,J0041,,XS,1.0,653.0,653.0
2022-05-09,20220509,May-22,JNE3764,,M,1.0,500.0,500.0
2022-05-09,20220509,May-22,JNE3764,,S,1.0,500.0,500.0
2022-05-09,20220509,May-22,SET276,,S,1.0,1425.0,1425.0
2022-05-09,20220509,May-22,SET317,,S,1.0,1350.0,1350.0
2022-05-09,20220509,May-22,SET330,,M,1.0,687.5,687.5
2022-05-09,20220509,May-22,SET330,,S,1.0,687.5,687.5
2022-05-09,20220509,May-22,J0004,,S,1.0,1350.0,1350.0
2022-05-09,20220509,May-22,J0009,,S,1.0,1125.0,1125.0
2022-05-09,20220509,May-22,SET339,,M,1.0,737.5,737.5
2022-05-09,20220509,May-22,SET339,,S,1.0,737.5,737.5
2022-05-09,20220509,May-22,J0372,,M,1.0,1237.5,1237.5
2022-05-09,20220509,May-22,J0372,,S,1.0,1237.5,1237.5
2022-05-09,20220509,May-22,SET405,,M,1.0,812.5,812.5
2022-05-09,20220509,May-22,SET405,,S,1.0,812.5,812.5
2022-05-09,20220509,May-22,J0246,,S,1.0,1312.5,1312.5
2022-05-09,20220509,May-22,SET326,,M,1.0,687.5,687.5
2022-05-09,20220509,May-22,SET326,,S,1.0,687.5,687.5
2022-05-09,20220509,May-22,SET299,,M,1.0,1012.5,1012.5
2022-05-09,20220509,May-22,SET299,,S,1.0,1012.5,1012.5
2022-05-09,20220509,May-22,SET345,,M,1.0,687.5,687.5
2022-05-09,20220509,May-22,SET345,,S,1.0,687.5,687.5
2022-05-09,20220509,May-22,J0279,,M,1.0,1237.5,1237.5
2022-05-09,20220509,May-22,J0279,,S,2.0,1237.5,2475.0
2022-05-09,20220509,May-22,SET331,,M,1.0,650.0,650.0
2022-05-09,20220509,May-22,SET331,,S,1.0,650.0,650.0
2022-05-09,20220509,May-22,SET372,,M,1.0,837.0,837.0
2022-05-09,20220509,May-22,SET372,,S,1.0,837.0,837.0
2022-05-09,20220509,May-22,SET291,,M,1.0,612.5,612.5
2022-05-09,20220509,May-22,SET291,,S,1.0,612.5,612.5
2022-05-10,20220510,May-22,J0396,,XL,1.0,850.0,850.0
2022-05-10,20220510,May-22,sEt197,,L,1.0,787.5,787.5
2022-05-10,20220510,May-22,J0341,,XXL,1.0,775.0,775.0
2022-05-10,20220510,May-22,J0399,,L,1.0,775.0,775.0
2022-05-10,20220510,May-22,JNE3798,,L,1.0,812.5,812.5
2022-05-10,20220510,May-22,JNE3798,,XXL,1.0,812.5,812.5
2022-05-10,20220510,May-22,J0308,,L,1.0,612.5,612.5
2022-05-10,20220510,May-22,J0395,,L,1.0,850.0,850.0
2022-05-10,20220510,May-22,J0395,,XXL,1.0,850.0,850.0
2022-05-10,20220510,May-22,J0295,,L,1.0,850.0,850.0
2022-05-10,20220510,May-22,JNE3881,,L,1.0,812.5,812.5
2022-05-10,20220510,May-22,MEN5017,,S,1.0,606.25,606.25
2022-05-10,20220510,May-22,MEN5017,,M,1.0,606.25,606.25
2022-05-10,20220510,May-22,MEN5017,,L,1.0,606.25,606.25
2022-05-10,20220510,May-22,MEN5017,,XL,1.0,606.25,606.25
2022-05-10,20220510,May-22,MEN5017,,XXL,1.0,606.25,606.25
2022-05-10,20220510,May-22,MEN5017,,XXXL,1.0,606.25,606.25
2022-05-10,20220510,May-22,MEN5032,,M,1.0,637.5,637.5
2022-05-10,20220510,May-22,MEN5032,,L,1.0,637.5,637.5
2022-05-10,20220510,May-22,MEN5032,,XL,1.0,637.5,637.5
2022-05-10,20220510,May-22,MEN5032,,XXL,1.0,637.5,637.5
2022-05-10,20220510,May-22,MEN5032,,XXXL,1.0,637.5,637.5
2022-05-10,20220510,May-22,MEN5022,,S,1.0,605.0,605.0
2022-05-10,20220510,May-22,MEN5022,,M,1.0,605.0,605.0
2022-05-10,20220510,May-22,MEN5022,,L,1.0,605.0,605.0
2022-05-10,20220510,May-22,MEN5022,,XL,1.0,605.0,605.0
2022-05-10,20220510,May-22,MEN5022,,XXL,1.0,605.0,605.0
2022-05-10,20220510,May-22,MEN5022,,XXXL,1.0,605.0,605.0
2022-05-10,20220510,May-22,MEN5024,,S,2.0,515.0,1030.0
2022-05-10,20220510,May-22,MEN5024,,M,2.0,515.0,1030.0
2022-05-10,20220510,May-22,MEN5024,,L,2.0,515.0,1030.0
2022-05-10,20220510,May-22,MEN5024,,XL,2.0,515.0,1030.0
2022-05-10,20220510,May-22,MEN5024,,XXL,2.0,515.0,1030.0
2022-05-10,20220510,May-22,MEN5024,,XXXL,2.0,515.0,1030.0
2022-05-10,20220510,May-22,MEN5002,,S,1.0,541.25,541.25
2022-05-10,20220510,May-22,MEN5002,,M,1.0,541.25,541.25
2022-05-10,20220510,May-22,MEN5002,,L,1.0,541.25,541.25
2022-05-10,20220510,May-22,MEN5002,,XL,1.0,541.25,541.25
2022-05-10,20220510,May-22,MEN5002,,XXL,1.0,541.25,541.25
2022-05-10,20220510,May-22,MEN5002,,XXXL,1.0,541.25,541.25
2022-05-10,20220510,May-22,MEN5025,,S,1.0,605.0,605.0
2022-05-10,20220510,May-22,MEN5025,,M,1.0,605.0,605.0
2022-05-10,20220510,May-22,MEN5025,,L,1.0,605.0,605.0
2022-05-10,20220510,May-22,MEN5025,,XL,1.0,605.0,605.0
2022-05-10,20220510,May-22,MEN5025,,XXL,1.0,605.0,605.0
2022-05-10,20220510,May-22,MEN5025,,XXXL,1.0,605.0,605.0
2022-05-10,20220510,May-22,MEN5023,,S,1.0,605.0,605.0
2022-05-10,20220510,May-22,MEN5023,,M,1.0,605.0,605.0
2022-05-10,20220510,May-22,MEN5023,,L,1.0,605.0,605.0
2022-05-10,20220510,May-22,MEN5023,,XL,1.0,605.0,605.0
2022-05-10,20220510,May-22,MEN5023,,XXL,1.0,605.0,605.0
2022-05-10,20220510,May-22,MEN5023,,XXXL,1.0,605.0,605.0
2022-05-11,20220511,May-22,JNE3905,,M,1.0,562.5,562.5
2022-05-11,20220511,May-22,JNE3905,,L,1.0,562.5,562.5
2022-05-11,20220511,May-22,JNE3905,,XL,1.0,562.5,562.5
2022-05-11,20220511,May-22,JNE3905,,XXL,1.0,562.5,562.5
2022-05-11,20220511,May-22,JNE3870,,M,1.0,687.5,687.5
2022-05-11,20220511,May-22,JNE3870,,L,1.0,687.5,687.5
2022-05-11,20220511,May-22,JNE3870,,XL,1.0,687.5,687.5
2022-05-11,20220511,May-22,JNE3870,,XXL,1.0,687.5,687.5
2022-05-11,20220511,May-22,JNE3861,,M,1.0,775.0,775.0
2022-05-11,20220511,May-22,JNE3861,,L,1.0,775.0,775.0
2022-05-11,20220511,May-22,JNE3861,,XL,1.0,775.0,775.0
2022-05-11,20220511,May-22,JNE3861,,XXL,1.0,775.0,775.0
2022-05-11,20220511,May-22,J0106,,M,1.0,1125.0,1125.0
2022-05-11,20220511,May-22,J0106,,L,1.0,1125.0,1125.0
2022-05-11,20220511,May-22,J0106,,XL,1.0,1125.0,1125.0
2022-05-11,20220511,May-22,J0106,,XXL,1.0,1125.0,1125.0
2022-05-11,20220511,May-22,J0105,,M,1.0,1125.0,1125.0
2022-05-11,20220511,May-22,J0105,,L,1.0,1125.0,1125.0
2022-05-11,20220511,May-22,J0105,,XL,1.0,1125.0,1125.0
2022-05-11,20220511,May-22,J0105,,XXL,1.0,1125.0,1125.0
2022-05-11,20220511,May-22,JAN8623,,S,1.0,1124.0,1124.0
2022-05-11,20220511,May-22,JAN8623,,M,1.0,1124.0,1124.0
2022-05-11,20220511,May-22,JAN8623,,L,1.0,1124.0,1124.0
2022-05-11,20220511,May-22,JAN8623,,XL,1.0,1124.0,1124.0
2022-05-11,20220511,May-22,JAN8623,,XXL,1.0,1124.0,1124.0
2022-05-11,20220511,May-22,J0196,,M,1.0,423.75,423.75
2022-05-11,20220511,May-22,J0196,,L,1.0,423.75,423.75
2022-05-11,20220511,May-22,J0196,,XL,1.0,423.75,423.75
2022-05-11,20220511,May-22,J0196,,XXL,1.0,423.75,423.75
2022-05-11,20220511,May-22,J0336,,M,1.0,612.5,612.5
2022-05-11,20220511,May-22,J0336,,L,1.0,612.5,612.5
2022-05-11,20220511,May-22,J0336,,XL,1.0,612.5,612.5
2022-05-11,20220511,May-22,J0336,,XXL,1.0,612.5,612.5
2022-05-11,20220511,May-22,J0213,,M,1.0,537.5,537.5
2022-05-11,20220511,May-22,J0213,,L,1.0,537.5,537.5
2022-05-11,20220511,May-22,J0213,,XL,1.0,537.5,537.5
2022-05-11,20220511,May-22,J0213,,XXL,1.0,537.5,537.5
2022-05-11,20220511,May-22,J0172,,M,1.0,425.0,425.0
2022-05-11,20220511,May-22,J0172,,L,1.0,425.0,425.0
2022-05-11,20220511,May-22,J0172,,XL,1.0,425.0,425.0
2022-05-11,20220511,May-22,J0172,,XXL,1.0,425.0,425.0
2022-05-11,20220511,May-22,J0391,,M,1.0,650.0,650.0
2022-05-11,20220511,May-22,J0391,,L,1.0,650.0,650.0
2022-05-11,20220511,May-22,J0391,,XL,1.0,650.0,650.0
2022-05-11,20220511,May-22,J0391,,XXL,1.0,650.0,650.0
2022-05-11,20220511,May-22,J0390,,M,1.0,562.5,562.5
2022-05-11,20220511,May-22,J0390,,L,1.0,562.5,562.5
2022-05-11,20220511,May-22,J0390,,XL,1.0,562.5,562.5
2022-05-11,20220511,May-22,J0390,,XXL,1.0,562.5,562.5
2022-05-11,20220511,May-22,JNE3676,,M,1.0,333.75,333.75
2022-05-11,20220511,May-22,JNE3676,,L,1.0,333.75,333.75
2022-05-11,20220511,May-22,JNE3676,,XL,1.0,333.75,333.75
2022-05-11,20220511,May-22,JNE3676,,XXL,1.0,333.75,333.75
2022-04-25,20220425,Apr-22,JNE3518,,S,1.0,500.0,500.0
2022-04-25,20220425,Apr-22,JNE3518,,M,1.0,500.0,500.0
2022-04-25,20220425,Apr-22,JNE3518,,L,1.0,500.0,500.0
2022-04-25,20220425,Apr-22,JNE3518,,XL,1.0,500.0,500.0
2022-04-25,20220425,Apr-22,JNE3518,,XXL,1.0,500.0,500.0
2022-04-25,20220425,Apr-22,JNE3739,,S,1.0,487.5,487.5
2022-04-25,20220425,Apr-22,JNE3739,,M,1.0,487.5,487.5
2022-04-25,20220425,Apr-22,JNE3739,,L,1.0,487.5,487.5
2022-04-25,20220425,Apr-22,JNE3739,,XL,1.0,487.5,487.5
2022-04-25,20220425,Apr-22,JNE3739,,XXL,1.0,487.5,487.5
2022-04-25,20220425,Apr-22,JNE3779,,S,1.0,450.0,450.0
2022-04-25,20220425,Apr-22,JNE3779,,M,1.0,450.0,450.0
2022-04-25,20220425,Apr-22,JNE3779,,L,1.0,450.0,450.0
2022-04-25,20220425,Apr-22,JNE3779,,XL,1.0,450.0,450.0
2022-04-25,20220425,Apr-22,JNE3870,,S,1.0,687.5,687.5
2022-04-25,20220425,Apr-22,J0397,,S,1.0,1075.0,1075.0
2022-04-25,20220425,Apr-22,JNE3861,,XXL,1.0,775.0,775.0
2022-04-25,20220425,Apr-22,J0400,,XXL,1.0,850.0,850.0
2022-04-25,20220425,Apr-22,JNE3674,,XXL,1.0,500.0,500.0
2022-04-25,20220425,Apr-22,JNE3548,,XXL,1.0,500.0,500.0
2022-04-25,20220425,Apr-22,J0239,,XL,1.0,1512.5,1512.5
2022-04-25,20220425,Apr-22,JNE3548,,S,1.0,500.0,500.0
2022-04-25,20220425,Apr-22,JNE3548,,M,1.0,500.0,500.0
2022-04-25,20220425,Apr-22,JNE3548,,XL,1.0,500.0,500.0
2022-04-25,20220425,Apr-22,JNE3673,,XXL,1.0,537.5,537.5
2022-04-25,20220425,Apr-22,JNE3862,,XXL,1.0,537.5,537.5
2022-04-25,20220425,Apr-22,JNE3547,,M,1.0,500.0,500.0
2022-04-25,20220425,Apr-22,JNE3547,,L,1.0,500.0,500.0
2022-04-25,20220425,Apr-22,JNE3547,,XL,1.0,500.0,500.0
2022-04-25,20220425,Apr-22,JNE3547,,XXL,1.0,500.0,500.0
2022-04-30,20220430,Apr-22,J0230,,S,3.0,1244.0,3732.0
2022-04-30,20220430,Apr-22,J0230,,M,4.0,1244.0,4976.0
2022-04-30,20220430,Apr-22,J0230,,L,2.0,1244.0,2488.0
2022-04-30,20220430,Apr-22,J0230,,XL,1.0,1244.0,1244.0
2022-04-30,20220430,Apr-22,J0004,,M,1.0,1350.0,1350.0
2022-04-30,20220430,Apr-22,SET322,,L,1.0,1237.5,1237.5
2022-04-30,20220430,Apr-22,J0246,,S,2.0,1312.5,2625.0
2022-04-30,20220430,Apr-22,J0281,,S,1.0,1700.0,1700.0
2022-04-30,20220430,Apr-22,J0008,,S,1.0,1275.0,1275.0
2022-04-30,20220430,Apr-22,J0008,,M,1.0,1275.0,1275.0
2022-04-30,20220430,Apr-22,J0008,,L,1.0,1275.0,1275.0
2022-04-30,20220430,Apr-22,J0280,,S,1.0,1812.5,1812.5
2022-04-30,20220430,Apr-22,SET350,,M,1.0,1512.5,1512.5
2022-04-30,20220430,Apr-22,SET350,,L,1.0,1512.5,1512.5
2022-04-30,20220430,Apr-22,J0242,,XXXL,1.0,1312.5,1312.5
2022-04-30,20220430,Apr-22,SET043,,XXXL,1.0,1020.0,1020.0
